2026-08-20 20:04:18,164 [INFO] __main__: ============================================================
2026-08-20 20:04:18,166 [INFO] __main__: Table6: Sink Intervention (TABLE VI)
2026-08-20 20:04:18,167 [INFO] __main__:   Model: qwen3-4b | Budget: 80%
2026-08-20 20:04:18,168 [INFO] __main__:   Tasks: ['qmsum', 'gov_report'] | Samples: 30
2026-08-20 20:04:18,169 [INFO] __main__:   Methods: 30개 설정 (5방법 x 6 sink크기)
2026-08-20 20:04:18,170 [INFO] __main__:   Key-norm direction: CORRECTED | Results dir: results/v3_verified | Log dir: logs/v3_verified
2026-08-20 20:04:18,170 [INFO] __main__: ============================================================
2026-08-20 20:04:18,172 [INFO] core.model_loader: Loading tokenizer: Qwen/Qwen3-4B
2026-08-20 20:04:18,349 [INFO] httpx: HTTP Request: HEAD https://huggingface.co/Qwen/Qwen3-4B/resolve/main/config.json "HTTP/1.1 307 Temporary Redirect"
2026-08-20 20:04:18,375 [INFO] httpx: HTTP Request: HEAD https://huggingface.co/api/resolve-cache/models/Qwen/Qwen3-4B/1cfa9a7208912126459214e8b04321603b3df60c/config.json "HTTP/1.1 200 OK"
2026-08-20 20:04:18,508 [INFO] httpx: HTTP Request: HEAD https://huggingface.co/Qwen/Qwen3-4B/resolve/main/tokenizer_config.json "HTTP/1.1 307 Temporary Redirect"
2026-08-20 20:04:18,532 [INFO] httpx: HTTP Request: HEAD https://huggingface.co/api/resolve-cache/models/Qwen/Qwen3-4B/1cfa9a7208912126459214e8b04321603b3df60c/tokenizer_config.json "HTTP/1.1 200 OK"
2026-08-20 20:04:18,619 [INFO] httpx: HTTP Request: GET https://huggingface.co/api/models/Qwen/Qwen3-4B/tree/main/additional_chat_templates?recursive=false&expand=false "HTTP/1.1 404 Not Found"
2026-08-20 20:04:18,734 [INFO] httpx: HTTP Request: GET https://huggingface.co/api/models/Qwen/Qwen3-4B/tree/main?recursive=true&expand=false "HTTP/1.1 200 OK"
2026-08-20 20:04:20,089 [INFO] httpx: HTTP Request: GET https://huggingface.co/api/models/Qwen/Qwen3-4B "HTTP/1.1 200 OK"
2026-08-20 20:04:20,093 [INFO] core.model_loader: Loading model: Qwen/Qwen3-4B in torch.float16
2026-08-20 20:04:20,160 [INFO] httpx: HTTP Request: HEAD https://huggingface.co/Qwen/Qwen3-4B/resolve/main/config.json "HTTP/1.1 307 Temporary Redirect"
2026-08-20 20:04:20,167 [INFO] httpx: HTTP Request: HEAD https://huggingface.co/api/resolve-cache/models/Qwen/Qwen3-4B/1cfa9a7208912126459214e8b04321603b3df60c/config.json "HTTP/1.1 200 OK"
2026-08-20 20:04:55,233 [INFO] httpx: HTTP Request: HEAD https://huggingface.co/Qwen/Qwen3-4B/resolve/main/generation_config.json "HTTP/1.1 307 Temporary Redirect"
2026-08-20 20:04:55,245 [INFO] httpx: HTTP Request: HEAD https://huggingface.co/api/resolve-cache/models/Qwen/Qwen3-4B/1cfa9a7208912126459214e8b04321603b3df60c/generation_config.json "HTTP/1.1 200 OK"
2026-08-20 20:04:55,384 [INFO] httpx: HTTP Request: HEAD https://huggingface.co/Qwen/Qwen3-4B/resolve/main/custom_generate/generate.py "HTTP/1.1 404 Not Found"
2026-08-20 20:04:55,462 [INFO] core.model_loader: Model loaded: layers=36, num_heads=32, num_kv_heads=8
2026-08-20 20:04:55,479 [INFO] __main__: 
────────────────────────────────────────────────────────────
2026-08-20 20:04:55,480 [INFO] __main__: Method: SalienceKV_m0 | Budget: 80% | kwargs={'sink_size': 0, 'invert_norm': True}
2026-08-20 20:04:55,481 [INFO] __main__: ────────────────────────────────────────────────────────────
2026-08-20 20:04:55,483 [INFO] __main__: 
  Task: qmsum
2026-08-20 20:04:55,485 [INFO] core.dataset_loader: Loading LongBench/qmsum ...
2026-08-20 20:04:55,532 [INFO] httpx: HTTP Request: GET https://huggingface.co/api/datasets/THUDM/LongBench/revision/5e628be450b7e67fb7ae6e201bd6d8f7056f7672 "HTTP/1.1 307 Temporary Redirect"
2026-08-20 20:04:55,575 [INFO] httpx: HTTP Request: GET https://huggingface.co/api/datasets/zai-org/LongBench/revision/5e628be450b7e67fb7ae6e201bd6d8f7056f7672 "HTTP/1.1 200 OK"
2026-08-20 20:04:55,768 [INFO] httpx: HTTP Request: GET https://huggingface.co/api/datasets/THUDM/LongBench/revision/5e628be450b7e67fb7ae6e201bd6d8f7056f7672 "HTTP/1.1 307 Temporary Redirect"
2026-08-20 20:04:55,802 [INFO] httpx: HTTP Request: GET https://huggingface.co/api/datasets/zai-org/LongBench/revision/5e628be450b7e67fb7ae6e201bd6d8f7056f7672 "HTTP/1.1 200 OK"
2026-08-20 20:04:55,874 [INFO] httpx: HTTP Request: GET https://huggingface.co/api/datasets/THUDM/LongBench/tree/5e628be450b7e67fb7ae6e201bd6d8f7056f7672?recursive=false&expand=false "HTTP/1.1 307 Temporary Redirect"
2026-08-20 20:04:55,915 [INFO] httpx: HTTP Request: GET https://huggingface.co/api/datasets/zai-org/LongBench/tree/5e628be450b7e67fb7ae6e201bd6d8f7056f7672?recursive=false&expand=false "HTTP/1.1 200 OK"
2026-08-20 20:04:56,470 [INFO] core.dataset_loader: Loaded 30 samples from qmsum
2026-08-20 20:04:56,472 [INFO] core.evaluator_v2: [ours] qmsum (30샘플, budget=80%, kwargs={'sink_size': 0, 'invert_norm': True})
2026-08-20 20:05:03,839 [INFO] core.evaluator_v2: [ours] pred='The document describes a project meeting where the team discusses the design of a new remote control for a television. K'
2026-08-20 20:05:14,236 [INFO] core.evaluator_v2: [ours] pred='The document is a meeting transcript between a Project Manager, Industrial Designer, User Interface specialist, and Mark'
2026-08-20 20:05:27,174 [INFO] core.evaluator_v2: [ours] pred='The document is a meeting transcript discussing progress and challenges in a research project involving the SmartKom sys'
2026-08-20 20:05:35,579 [INFO] core.evaluator_v2: [ours] pred='The document is a detailed audio transcript of a team meeting discussing the development of a new remote control device.'
2026-08-20 20:05:41,466 [INFO] core.evaluator_v2: [ours] pred='The document is a conceptual design meeting for a remote control device. Key decisions include using a titanium-like mat'
2026-08-20 20:05:41,469 [INFO] core.evaluator_v2:   [5/30] avg=10.50
2026-08-20 20:05:41,716 [WARNING] core.model_loader: Input length 18386 > max 16000, truncating...
2026-08-20 20:05:51,906 [INFO] core.evaluator_v2: [ours] pred='The document is a conversation between professors and PhD students discussing their research on speech recognition, focu'
2026-08-20 20:05:52,467 [WARNING] core.model_loader: Input length 18553 > max 16000, truncating...
2026-08-20 20:06:02,242 [INFO] core.evaluator_v2: [ours] pred='The document is a conversation among graduate students and professors discussing a research project focused on understan'
2026-08-20 20:06:02,737 [WARNING] core.model_loader: Input length 16224 > max 16000, truncating...
2026-08-20 20:06:18,071 [INFO] core.evaluator_v2: [ours] pred="The document details a committee meeting where the Welsh Government's Minister for Children and Social Care, Huw Irranca"
2026-08-20 20:06:18,384 [WARNING] core.model_loader: Input length 16924 > max 16000, truncating...
2026-08-20 20:06:29,362 [INFO] core.evaluator_v2: [ours] pred='The document is a meeting transcript discussing various technical and logistical issues related to a research project. K'
2026-08-20 20:06:34,453 [INFO] core.evaluator_v2: [ours] pred='The document is a kick-off meeting for the design of a new remote control. Key points include:\n\n- The remote must be use'
2026-08-20 20:06:34,456 [INFO] core.evaluator_v2:   [10/30] avg=8.54
2026-08-20 20:06:36,172 [WARNING] core.model_loader: Input length 16844 > max 16000, truncating...
2026-08-20 20:06:49,930 [INFO] core.evaluator_v2: [ours] pred='The document is a meeting transcript involving researchers discussing various aspects of speech recognition, data collec'
2026-08-20 20:06:50,185 [WARNING] core.model_loader: Input length 16224 > max 16000, truncating...
2026-08-20 20:07:04,742 [INFO] core.evaluator_v2: [ours] pred="The document details a committee meeting where the Welsh Government's Minister for Children and Social Care, Huw Irranca"
2026-08-20 20:07:16,004 [INFO] core.evaluator_v2: [ours] pred='The document details a virtual meeting of the Children, Young People and Education Committee in Wales, focusing on the i'
2026-08-20 20:07:25,059 [INFO] core.evaluator_v2: [ours] pred='The document is a meeting transcript where a team discusses the final design of a remote control shaped like a banana. K'
2026-08-20 20:07:36,722 [INFO] core.evaluator_v2: [ours] pred='The document outlines a project meeting where team members discuss the design of a remote control. Key points include:\n\n'
2026-08-20 20:07:36,730 [INFO] core.evaluator_v2:   [15/30] avg=8.71
2026-08-20 20:07:43,666 [INFO] core.evaluator_v2: [ours] pred='The document is a transcript of a meeting between a Project Manager, Marketing, Industrial Designer, and User Interface '
2026-08-20 20:07:48,957 [INFO] core.evaluator_v2: [ours] pred='The document is a kick-off meeting for the design of a new remote control. Key points include:\n\n- The remote must be use'
2026-08-20 20:07:49,132 [WARNING] core.model_loader: Input length 16844 > max 16000, truncating...
2026-08-20 20:08:01,517 [INFO] core.evaluator_v2: [ours] pred='The document is a meeting transcript involving researchers discussing various aspects of speech recognition, data collec'
2026-08-20 20:08:11,174 [INFO] core.evaluator_v2: [ours] pred='The document is a meeting transcript where the team discusses the design and development of a new remote control device.'
2026-08-20 20:08:11,408 [WARNING] core.model_loader: Input length 16224 > max 16000, truncating...
2026-08-20 20:08:25,774 [INFO] core.evaluator_v2: [ours] pred="The document details a committee meeting where the Welsh Government's Minister for Children and Social Care, Huw Irranca"
2026-08-20 20:08:25,780 [INFO] core.evaluator_v2:   [20/30] avg=8.98
2026-08-20 20:08:37,753 [INFO] core.evaluator_v2: [ours] pred='The document is a detailed meeting transcript where a team discusses the design and evaluation of a new remote control d'
2026-08-20 20:08:38,089 [WARNING] core.model_loader: Input length 25564 > max 16000, truncating...
2026-08-20 20:08:48,954 [INFO] core.evaluator_v2: [ours] pred='The document details the 12th meeting of the House of Commons Special Committee on the COVID-19 Pandemic. The meeting wa'
2026-08-20 20:08:49,251 [WARNING] core.model_loader: Input length 18386 > max 16000, truncating...
2026-08-20 20:08:57,600 [INFO] core.evaluator_v2: [ours] pred='The document is a conversation between professors and PhD students discussing their research on speech recognition, focu'
2026-08-20 20:09:06,061 [INFO] core.evaluator_v2: [ours] pred='The document is a detailed audio transcript of a team meeting discussing the development of a new remote control device.'
2026-08-20 20:09:18,897 [INFO] core.evaluator_v2: [ours] pred='The document is a conversation among project team members discussing a new remote control product. Key points include:\n\n'
2026-08-20 20:09:18,901 [INFO] core.evaluator_v2:   [25/30] avg=9.05
2026-08-20 20:09:31,836 [INFO] core.evaluator_v2: [ours] pred='The project team discusses the design of a new television remote control. Key points include:\n\n- The remote must be tele'
2026-08-20 20:09:41,291 [INFO] core.evaluator_v2: [ours] pred='The document is a detailed meeting transcript where a team discusses the design and evaluation of a new remote control d'
2026-08-20 20:09:41,658 [WARNING] core.model_loader: Input length 18553 > max 16000, truncating...
2026-08-20 20:09:51,066 [INFO] core.evaluator_v2: [ours] pred='The document is a conversation among graduate students and professors discussing a research project focused on understan'
2026-08-20 20:09:59,071 [INFO] core.evaluator_v2: [ours] pred='The document is a meeting transcript where the Project Manager and team members discuss the design of a remote control. '
2026-08-20 20:10:05,031 [INFO] core.evaluator_v2: [ours] pred='The document is a kick-off meeting for the design of a new remote control. Key points include:\n\n- The remote must be use'
2026-08-20 20:10:05,041 [INFO] core.evaluator_v2:   [30/30] avg=9.25
2026-08-20 20:10:05,042 [INFO] __main__:   → score=9.25, collapse=0/30 (0.0%), mem_red=20.0%
2026-08-20 20:10:05,042 [INFO] __main__: 
  Task: gov_report
2026-08-20 20:10:05,044 [INFO] core.dataset_loader: Loading LongBench/gov_report ...
2026-08-20 20:10:05,136 [INFO] httpx: HTTP Request: GET https://huggingface.co/api/datasets/THUDM/LongBench/revision/5e628be450b7e67fb7ae6e201bd6d8f7056f7672 "HTTP/1.1 307 Temporary Redirect"
2026-08-20 20:10:05,172 [INFO] httpx: HTTP Request: GET https://huggingface.co/api/datasets/zai-org/LongBench/revision/5e628be450b7e67fb7ae6e201bd6d8f7056f7672 "HTTP/1.1 200 OK"
2026-08-20 20:10:05,911 [INFO] core.dataset_loader: Loaded 30 samples from gov_report
2026-08-20 20:10:05,933 [INFO] core.evaluator_v2: [ours] gov_report (30샘플, budget=80%, kwargs={'sink_size': 0, 'invert_norm': True})
2026-08-20 20:10:16,428 [INFO] core.evaluator_v2: [ours] pred="The document outlines NSF's use of two programs—IPA (Individual Participation Agreement) and VSEE (Visiting Scientists a"
2026-08-20 20:10:27,661 [INFO] core.evaluator_v2: [ours] pred='The document outlines the challenges and opportunities in managing federal IT acquisitions and operations, emphasizing t'
2026-08-20 20:10:28,107 [WARNING] core.model_loader: Input length 51949 > max 16000, truncating...
2026-08-20 20:10:44,593 [INFO] core.evaluator_v2: [ours] pred="**Summary:**\n\nThis report provides a comprehensive overview of China's actions in the South China Sea (SCS) and East Chi"
2026-08-20 20:10:44,908 [WARNING] core.model_loader: Input length 28135 > max 16000, truncating...
2026-08-20 20:10:58,674 [INFO] core.evaluator_v2: [ours] pred='The Clean Water Act (CWA) authorizes federal assistance for municipal wastewater treatment plant construction and relate'
2026-08-20 20:11:17,249 [INFO] core.evaluator_v2: [ours] pred='**Summary:**\n\nThe Department of Homeland Security (DHS) has faced significant challenges in modernizing its financial ma'
2026-08-20 20:11:17,300 [INFO] core.evaluator_v2:   [5/30] avg=17.82
2026-08-20 20:11:31,897 [INFO] core.evaluator_v2: [ours] pred='**Summary:**\n\nCybersecurity threats continue to impact federal agencies and the information they manage. According to OM'
2026-08-20 20:11:49,340 [INFO] core.evaluator_v2: [ours] pred="The document outlines the U.S. government's efforts to support small businesses through various programs and policies. K"
2026-08-20 20:11:49,985 [WARNING] core.model_loader: Input length 19434 > max 16000, truncating...
2026-08-20 20:12:06,555 [INFO] core.evaluator_v2: [ours] pred='The Department of Defense (DOD) uses "Other Transactions" (OTs) to fund goods and services, including research and devel'
2026-08-20 20:12:19,338 [INFO] core.evaluator_v2: [ours] pred='The document discusses the evolving role of cash in the U.S. payment system, highlighting how technological advancements'
2026-08-20 20:12:19,707 [WARNING] core.model_loader: Input length 41630 > max 16000, truncating...
2026-08-20 20:12:37,370 [INFO] core.evaluator_v2: [ours] pred='The Department of Homeland Security (DHS) manages its major acquisition programs through established policies and proces'
2026-08-20 20:12:37,399 [INFO] core.evaluator_v2:   [10/30] avg=16.63
2026-08-20 20:12:43,826 [INFO] core.evaluator_v2: [ours] pred='This report analyzes the Department of Homeland Security (DHS) appropriations for FY2019, comparing the Trump Administra'
2026-08-20 20:12:56,779 [INFO] core.evaluator_v2: [ours] pred='The U.S. federal government manages approximately 640 million acres, predominantly in the western states, through four m'
2026-08-20 20:13:03,720 [INFO] core.evaluator_v2: [ours] pred='The document outlines the financial structure and challenges of the Black Lung Disability Trust Fund (Trust Fund). It de'
2026-08-20 20:13:22,708 [INFO] core.evaluator_v2: [ours] pred='The document provides a comprehensive overview of U.S. foreign aid, detailing its role, objectives, funding sources, and'
2026-08-20 20:13:35,125 [INFO] core.evaluator_v2: [ours] pred='**Summary:**\n\nIn 2016, coal accounted for 17% of U.S. energy production and 30% of electricity generation. Approximately'
2026-08-20 20:13:35,186 [INFO] core.evaluator_v2:   [15/30] avg=16.43
2026-08-20 20:13:42,668 [INFO] core.evaluator_v2: [ours] pred="The Public Safety Officers' Benefits (PSOB) program provides financial assistance to the families of public safety offic"
2026-08-20 20:13:53,938 [INFO] core.evaluator_v2: [ours] pred='The document discusses the challenges faced by the FBI and GSA in addressing the strategic and operational needs of the '
2026-08-20 20:14:01,321 [INFO] core.evaluator_v2: [ours] pred='The document discusses challenges faced by the VA in aligning its medical facilities and services to meet the needs of v'
2026-08-20 20:14:10,320 [INFO] core.evaluator_v2: [ours] pred='The document provides an overview of the FY2019 budget and appropriations for the International Trade Administration (IT'
2026-08-20 20:14:18,521 [INFO] core.evaluator_v2: [ours] pred="The document outlines the federal government's role in providing benefits to coal miners affected by black lung disease "
2026-08-20 20:14:18,542 [INFO] core.evaluator_v2:   [20/30] avg=17.01
2026-08-20 20:14:32,953 [INFO] core.evaluator_v2: [ours] pred='**Summary:**\n\nThis document provides an in-depth analysis of the technology workforce in the United States, focusing on '
2026-08-20 20:14:44,358 [INFO] core.evaluator_v2: [ours] pred='**Summary:**\n\nThe document outlines the current state of Internet privacy in the United States, highlighting the lack of'
2026-08-20 20:14:58,026 [INFO] core.evaluator_v2: [ours] pred='**Summary:**\n\nOver the past three decades, there has been a shift from defined benefit (DB) to defined contribution (DC)'
2026-08-20 20:15:07,836 [INFO] core.evaluator_v2: [ours] pred='The Social Security Administration (SSA) delivers social security services to the public. It manages three key programs:'
2026-08-20 20:15:18,699 [INFO] core.evaluator_v2: [ours] pred='The document outlines the financial challenges facing the Federal Employees Health Benefits Program (FEHBP) for postal r'
2026-08-20 20:15:18,753 [INFO] core.evaluator_v2:   [25/30] avg=17.18
2026-08-20 20:15:26,807 [INFO] core.evaluator_v2: [ours] pred='The 116th Congress is likely to address a range of housing-related issues, including assisted housing programs, housing '
2026-08-20 20:15:38,415 [INFO] core.evaluator_v2: [ours] pred='The National Popular Vote (NPV) initiative seeks to replace the current electoral college system with a direct popular e'
2026-08-20 20:15:47,225 [INFO] core.evaluator_v2: [ours] pred='The document outlines the funding and budgetary details for the Energy and Water Development Appropriations Act, focusin'
2026-08-20 20:16:06,218 [INFO] core.evaluator_v2: [ours] pred="The document outlines the federal government's efforts to manage and reduce its real property footprint, including offic"
2026-08-20 20:16:16,383 [INFO] core.evaluator_v2: [ours] pred='The National Cemeteries Act of 1973 established the modern veterans’ cemetery system, with the National Cemeteries Admin'
2026-08-20 20:16:16,403 [INFO] core.evaluator_v2:   [30/30] avg=17.06
2026-08-20 20:16:16,428 [INFO] __main__:   → score=17.06, collapse=0/30 (0.0%), mem_red=20.0%
2026-08-20 20:16:16,441 [INFO] core.results_manager: Results saved to results/v3_verified/exp6_sink_intervention_qwen3-4b_budget80_20260820_200418.csv
2026-08-20 20:16:16,462 [INFO] core.results_manager: JSON saved to results/v3_verified/exp6_sink_intervention_qwen3-4b_budget80_20260820_200418.json
2026-08-20 20:16:16,464 [INFO] __main__:   [중간 저장 완료] 1/30 설정
2026-08-20 20:16:16,465 [INFO] __main__: 
────────────────────────────────────────────────────────────
2026-08-20 20:16:16,466 [INFO] __main__: Method: SalienceKV_m1 | Budget: 80% | kwargs={'sink_size': 1, 'invert_norm': True}
2026-08-20 20:16:16,468 [INFO] __main__: ────────────────────────────────────────────────────────────
2026-08-20 20:16:16,473 [INFO] __main__: 
  Task: qmsum
2026-08-20 20:16:16,474 [INFO] core.dataset_loader: Loading LongBench/qmsum ...
2026-08-20 20:16:16,558 [INFO] httpx: HTTP Request: GET https://huggingface.co/api/datasets/THUDM/LongBench/revision/5e628be450b7e67fb7ae6e201bd6d8f7056f7672 "HTTP/1.1 307 Temporary Redirect"
2026-08-20 20:16:16,592 [INFO] httpx: HTTP Request: GET https://huggingface.co/api/datasets/zai-org/LongBench/revision/5e628be450b7e67fb7ae6e201bd6d8f7056f7672 "HTTP/1.1 200 OK"
2026-08-20 20:16:17,112 [INFO] core.dataset_loader: Loaded 30 samples from qmsum
2026-08-20 20:16:17,132 [INFO] core.evaluator_v2: [ours] qmsum (30샘플, budget=80%, kwargs={'sink_size': 1, 'invert_norm': True})
2026-08-20 20:16:24,224 [INFO] core.evaluator_v2: [ours] pred='The document is a transcript of a project meeting where team members introduce themselves, discuss the project goals, an'
2026-08-20 20:16:34,083 [INFO] core.evaluator_v2: [ours] pred='The document is a meeting transcript between a project team discussing the design of a new remote control. Key points in'
2026-08-20 20:16:44,398 [INFO] core.evaluator_v2: [ours] pred='The document is a meeting transcript discussing progress and discussions related to a research project involving the Sma'
2026-08-20 20:16:51,108 [INFO] core.evaluator_v2: [ours] pred='The document is a detailed audio transcript of a team meeting discussing the development of a new remote control device.'
2026-08-20 20:17:00,636 [INFO] core.evaluator_v2: [ours] pred='The document is a meeting transcript discussing the conceptual design of a new remote control device. Key points include'
2026-08-20 20:17:00,638 [INFO] core.evaluator_v2:   [5/30] avg=8.76
2026-08-20 20:17:00,841 [WARNING] core.model_loader: Input length 18386 > max 16000, truncating...
2026-08-20 20:17:10,482 [INFO] core.evaluator_v2: [ours] pred='The document is a conversation among researchers discussing their work on speech recognition, focusing on noise robustne'
2026-08-20 20:17:10,867 [WARNING] core.model_loader: Input length 18553 > max 16000, truncating...
2026-08-20 20:17:20,008 [INFO] core.evaluator_v2: [ours] pred='The document is a conversation among graduate students and professors discussing a research project focused on understan'
2026-08-20 20:17:20,600 [WARNING] core.model_loader: Input length 16224 > max 16000, truncating...
2026-08-20 20:17:30,447 [INFO] core.evaluator_v2: [ours] pred="The document details a committee meeting where the Welsh Government's Minister for Children and Social Care, Huw Irranca"
2026-08-20 20:17:30,674 [WARNING] core.model_loader: Input length 16924 > max 16000, truncating...
2026-08-20 20:17:43,172 [INFO] core.evaluator_v2: [ours] pred='The meeting discussed several key issues related to the Meeting Recorder project. Key points included:\n\n1. **Transcripti'
2026-08-20 20:17:48,584 [INFO] core.evaluator_v2: [ours] pred='The document is a transcript of a kick-off meeting for a new remote control project. Key points include:\n\n- The team dis'
2026-08-20 20:17:48,586 [INFO] core.evaluator_v2:   [10/30] avg=7.74
2026-08-20 20:17:49,780 [WARNING] core.model_loader: Input length 16844 > max 16000, truncating...
2026-08-20 20:18:02,980 [INFO] core.evaluator_v2: [ours] pred='The document is a meeting transcript discussing a speech recognition project. Key points include:\n\n- **Microphone Setup '
2026-08-20 20:18:03,205 [WARNING] core.model_loader: Input length 16224 > max 16000, truncating...
2026-08-20 20:18:12,392 [INFO] core.evaluator_v2: [ours] pred="The document details a committee meeting where the Welsh Government's Minister for Children and Social Care, Huw Irranca"
2026-08-20 20:18:18,956 [INFO] core.evaluator_v2: [ours] pred='The meeting of the Children, Young People and Education Committee addressed the impact of the coronavirus pandemic on ch'
2026-08-20 20:18:26,505 [INFO] core.evaluator_v2: [ours] pred='The document is a meeting transcript where the team reviews the design and development of a new remote control shaped li'
2026-08-20 20:18:36,075 [INFO] core.evaluator_v2: [ours] pred='The meeting discusses the design of a new remote control. Key points include:\n\n- The team will review the agenda and dis'
2026-08-20 20:18:36,085 [INFO] core.evaluator_v2:   [15/30] avg=8.08
2026-08-20 20:18:43,610 [INFO] core.evaluator_v2: [ours] pred='The document is a transcript of a meeting between a Project Manager, Marketing, Industrial Designer, and User Interface '
2026-08-20 20:18:49,108 [INFO] core.evaluator_v2: [ours] pred='The document is a transcript of a kick-off meeting for a new remote control project. Key points include:\n\n- The team dis'
2026-08-20 20:18:49,339 [WARNING] core.model_loader: Input length 16844 > max 16000, truncating...
2026-08-20 20:19:02,094 [INFO] core.evaluator_v2: [ours] pred='The document is a meeting transcript discussing a speech recognition project. Key points include:\n\n- **Microphone Setup '
2026-08-20 20:19:11,706 [INFO] core.evaluator_v2: [ours] pred='The document is a transcript of a meeting between team members discussing the design and development of a new remote con'
2026-08-20 20:19:14,107 [WARNING] core.model_loader: Input length 16224 > max 16000, truncating...
2026-08-20 20:19:24,187 [INFO] core.evaluator_v2: [ours] pred="The document details a committee meeting where the Welsh Government's Minister for Children and Social Care, Huw Irranca"
2026-08-20 20:19:24,190 [INFO] core.evaluator_v2:   [20/30] avg=8.81
2026-08-20 20:19:34,946 [INFO] core.evaluator_v2: [ours] pred='The document is a transcript of a project meeting where the team discusses the progress and evaluation of a new remote c'
2026-08-20 20:19:35,233 [WARNING] core.model_loader: Input length 25564 > max 16000, truncating...
2026-08-20 20:19:46,226 [INFO] core.evaluator_v2: [ours] pred='The document details the 12th meeting of the House of Commons Special Committee on the COVID-19 Pandemic. The meeting wa'
2026-08-20 20:19:46,478 [WARNING] core.model_loader: Input length 18386 > max 16000, truncating...
2026-08-20 20:19:55,638 [INFO] core.evaluator_v2: [ours] pred='The document is a conversation among researchers discussing their work on speech recognition, focusing on noise robustne'
2026-08-20 20:20:03,011 [INFO] core.evaluator_v2: [ours] pred='The document is a detailed audio transcript of a team meeting discussing the development of a new remote control device.'
2026-08-20 20:20:10,444 [INFO] core.evaluator_v2: [ours] pred='The document is a conversation among team members (Project Manager, Industrial Designer, User Interface, and Marketing) '
2026-08-20 20:20:10,455 [INFO] core.evaluator_v2:   [25/30] avg=9.00
2026-08-20 20:20:18,802 [INFO] core.evaluator_v2: [ours] pred='The project team discusses the design of a new television remote control. Key points include:\n\n- The remote must be tele'
2026-08-20 20:20:28,398 [INFO] core.evaluator_v2: [ours] pred='The document is a transcript of a project meeting where the team discusses the progress and evaluation of a new remote c'
2026-08-20 20:20:28,900 [WARNING] core.model_loader: Input length 18553 > max 16000, truncating...
2026-08-20 20:20:37,598 [INFO] core.evaluator_v2: [ours] pred='The document is a conversation among graduate students and professors discussing a research project focused on understan'
2026-08-20 20:20:47,694 [INFO] core.evaluator_v2: [ours] pred='The document is a transcript of a project meeting where team members discuss the design and functionality of a new remot'
2026-08-20 20:20:52,990 [INFO] core.evaluator_v2: [ours] pred='The document is a transcript of a kick-off meeting for a new remote control project. Key points include:\n\n- The team dis'
2026-08-20 20:20:52,994 [INFO] core.evaluator_v2:   [30/30] avg=9.13
2026-08-20 20:20:52,994 [INFO] __main__:   → score=9.13, collapse=0/30 (0.0%), mem_red=20.0%
2026-08-20 20:20:52,995 [INFO] __main__: 
  Task: gov_report
2026-08-20 20:20:52,996 [INFO] core.dataset_loader: Loading LongBench/gov_report ...
2026-08-20 20:20:53,099 [INFO] httpx: HTTP Request: GET https://huggingface.co/api/datasets/THUDM/LongBench/revision/5e628be450b7e67fb7ae6e201bd6d8f7056f7672 "HTTP/1.1 307 Temporary Redirect"
2026-08-20 20:20:53,135 [INFO] httpx: HTTP Request: GET https://huggingface.co/api/datasets/zai-org/LongBench/revision/5e628be450b7e67fb7ae6e201bd6d8f7056f7672 "HTTP/1.1 200 OK"
2026-08-20 20:20:53,641 [INFO] core.dataset_loader: Loaded 30 samples from gov_report
2026-08-20 20:20:53,644 [INFO] core.evaluator_v2: [ours] gov_report (30샘플, budget=80%, kwargs={'sink_size': 1, 'invert_norm': True})
2026-08-20 20:21:04,641 [INFO] core.evaluator_v2: [ours] pred='The National Science Foundation (NSF) uses two programs, IPA and VSEE, to bring in temporary staff (rotators) to support'
2026-08-20 20:21:13,040 [INFO] core.evaluator_v2: [ours] pred='The document outlines the challenges and efforts in managing federal IT acquisitions and operations, as well as ensuring'
2026-08-20 20:21:13,530 [WARNING] core.model_loader: Input length 51949 > max 16000, truncating...
2026-08-20 20:21:32,526 [INFO] core.evaluator_v2: [ours] pred="**Summary:**\n\nThis report provides a comprehensive overview of China's actions in the South China Sea (SCS) and East Chi"
2026-08-20 20:21:32,913 [WARNING] core.model_loader: Input length 28135 > max 16000, truncating...
2026-08-20 20:21:46,459 [INFO] core.evaluator_v2: [ours] pred='The Clean Water Act (CWA) authorizes federal assistance for wastewater treatment infrastructure, initially established i'
2026-08-20 20:22:05,910 [INFO] core.evaluator_v2: [ours] pred='**Summary:**\n\nThe Department of Homeland Security (DHS) faced significant internal control and financial management defi'
2026-08-20 20:22:06,024 [INFO] core.evaluator_v2:   [5/30] avg=16.57
2026-08-20 20:22:18,606 [INFO] core.evaluator_v2: [ours] pred='**Summary:**\n\nThe document outlines the ongoing challenges and efforts related to cybersecurity in the U.S. federal gove'
2026-08-20 20:22:27,514 [INFO] core.evaluator_v2: [ours] pred="The document outlines the U.S. government's efforts to support small businesses through various programs and policies. I"
2026-08-20 20:22:27,789 [WARNING] core.model_loader: Input length 19434 > max 16000, truncating...
2026-08-20 20:22:39,878 [INFO] core.evaluator_v2: [ours] pred='The Department of Defense (DOD) uses "Other Transactions" (OTs) to fund research, development, and procurement, allowing'
2026-08-20 20:22:52,372 [INFO] core.evaluator_v2: [ours] pred='The document discusses the evolving role of cash in the U.S. payment system, highlighting the increasing adoption of ele'
2026-08-20 20:22:52,750 [WARNING] core.model_loader: Input length 41630 > max 16000, truncating...
2026-08-20 20:23:10,468 [INFO] core.evaluator_v2: [ours] pred='The Department of Homeland Security (DHS) manages its major acquisition programs through established policies and proces'
2026-08-20 20:23:10,503 [INFO] core.evaluator_v2:   [10/30] avg=15.19
2026-08-20 20:23:18,298 [INFO] core.evaluator_v2: [ours] pred='This report provides a detailed analysis of the Department of Homeland Security (DHS) budget for FY2019, comparing the T'
2026-08-20 20:23:32,593 [INFO] core.evaluator_v2: [ours] pred='The U.S. federal government manages approximately 640 million acres, primarily in the western states, through four main '
2026-08-20 20:23:51,362 [INFO] core.evaluator_v2: [ours] pred='The document outlines the financial and operational aspects of the Black Lung Disability Trust Fund (BLTF), which provid'
2026-08-20 20:24:10,318 [INFO] core.evaluator_v2: [ours] pred='The document provides a comprehensive overview of U.S. foreign aid, detailing its role, structure, and evolution over ti'
2026-08-20 20:24:21,586 [INFO] core.evaluator_v2: [ours] pred='**Summary:**\n\nIn 2016, coal accounted for 17% of U.S. energy production, with approximately 730 million tons mined. The '
2026-08-20 20:24:21,605 [INFO] core.evaluator_v2:   [15/30] avg=15.83
2026-08-20 20:24:30,202 [INFO] core.evaluator_v2: [ours] pred="The Public Safety Officers' Benefits (PSOB) and Education Assistance (PSOEA) programs provide financial support to the f"
2026-08-20 20:24:35,151 [INFO] core.evaluator_v2: [ours] pred="The document outlines the FBI's challenges with its headquarters at the Hoover Building, including insufficient space, o"
2026-08-20 20:24:44,445 [INFO] core.evaluator_v2: [ours] pred='The document discusses challenges faced by the Department of Veterans Affairs (VA) in aligning its medical facilities an'
2026-08-20 20:24:53,144 [INFO] core.evaluator_v2: [ours] pred='The document provides an overview of the FY2019 budget and appropriations for the International Trade Administration (IT'
2026-08-20 20:25:00,321 [INFO] core.evaluator_v2: [ours] pred="The document outlines the federal government's program for compensating coal miners affected by coal workers' pneumoconi"
2026-08-20 20:25:00,336 [INFO] core.evaluator_v2:   [20/30] avg=16.38
2026-08-20 20:25:15,458 [INFO] core.evaluator_v2: [ours] pred='**Summary:**\n\nThis document provides an in-depth analysis of the technology workforce in the United States, focusing on '
2026-08-20 20:25:31,848 [INFO] core.evaluator_v2: [ours] pred='**Summary:**\n\nThe document outlines the current state of Internet privacy in the United States, highlighting the lack of'
2026-08-20 20:25:46,966 [INFO] core.evaluator_v2: [ours] pred='**Summary:**\n\nOver the past three decades, there has been a significant shift in U.S. retirement savings from defined be'
2026-08-20 20:25:55,594 [INFO] core.evaluator_v2: [ours] pred='The Social Security Administration (SSA) is responsible for delivering Social Security benefits to millions of Americans'
2026-08-20 20:26:10,314 [INFO] core.evaluator_v2: [ours] pred='The document outlines the financial challenges facing the Federal Employees Health Benefits Program (FEHBP) for postal r'
2026-08-20 20:26:10,361 [INFO] core.evaluator_v2:   [25/30] avg=16.49
2026-08-20 20:26:23,196 [INFO] core.evaluator_v2: [ours] pred='The 116th Congress is likely to address a range of housing-related issues, including housing finance, program oversight,'
2026-08-20 20:26:36,434 [INFO] core.evaluator_v2: [ours] pred='The National Popular Vote (NPV) initiative seeks to reform the U.S. presidential election system by creating an intersta'
2026-08-20 20:26:45,781 [INFO] core.evaluator_v2: [ours] pred='The document outlines the key components and funding details of the Energy and Water Development appropriations bill for'
2026-08-20 20:27:01,090 [INFO] core.evaluator_v2: [ours] pred="The document outlines the federal government's efforts to manage and reduce its real property footprint through the Redu"
2026-08-20 20:27:11,510 [INFO] core.evaluator_v2: [ours] pred="The National Cemeteries Act of 1973 established the modern veterans' cemetery system, with the National Cemeteries Admin"
2026-08-20 20:27:11,537 [INFO] core.evaluator_v2:   [30/30] avg=16.49
2026-08-20 20:27:11,539 [INFO] __main__:   → score=16.49, collapse=0/30 (0.0%), mem_red=20.0%
2026-08-20 20:27:11,556 [INFO] core.results_manager: Results saved to results/v3_verified/exp6_sink_intervention_qwen3-4b_budget80_20260820_200418.csv
2026-08-20 20:27:11,576 [INFO] core.results_manager: JSON saved to results/v3_verified/exp6_sink_intervention_qwen3-4b_budget80_20260820_200418.json
2026-08-20 20:27:11,577 [INFO] __main__:   [중간 저장 완료] 2/30 설정
2026-08-20 20:27:11,578 [INFO] __main__: 
────────────────────────────────────────────────────────────
2026-08-20 20:27:11,578 [INFO] __main__: Method: SalienceKV_m2 | Budget: 80% | kwargs={'sink_size': 2, 'invert_norm': True}
2026-08-20 20:27:11,585 [INFO] __main__: ────────────────────────────────────────────────────────────
2026-08-20 20:27:11,593 [INFO] __main__: 
  Task: qmsum
2026-08-20 20:27:11,596 [INFO] core.dataset_loader: Loading LongBench/qmsum ...
2026-08-20 20:27:11,725 [INFO] httpx: HTTP Request: GET https://huggingface.co/api/datasets/THUDM/LongBench/revision/5e628be450b7e67fb7ae6e201bd6d8f7056f7672 "HTTP/1.1 307 Temporary Redirect"
2026-08-20 20:27:11,775 [INFO] httpx: HTTP Request: GET https://huggingface.co/api/datasets/zai-org/LongBench/revision/5e628be450b7e67fb7ae6e201bd6d8f7056f7672 "HTTP/1.1 200 OK"
2026-08-20 20:27:12,308 [INFO] core.dataset_loader: Loaded 30 samples from qmsum
2026-08-20 20:27:12,324 [INFO] core.evaluator_v2: [ours] qmsum (30샘플, budget=80%, kwargs={'sink_size': 2, 'invert_norm': True})
2026-08-20 20:27:20,129 [INFO] core.evaluator_v2: [ours] pred='The document is a transcript of a project meeting where team members introduce themselves, discuss the project goals, an'
2026-08-20 20:27:30,008 [INFO] core.evaluator_v2: [ours] pred='The document is a meeting transcript between a project team discussing the design of a new remote control. Key points in'
2026-08-20 20:27:40,746 [INFO] core.evaluator_v2: [ours] pred='The document is a meeting transcript discussing progress and discussions related to a research project involving the Sma'
2026-08-20 20:27:47,509 [INFO] core.evaluator_v2: [ours] pred='The document is a detailed audio transcript of a team meeting discussing the development of a new remote control device.'
2026-08-20 20:27:56,619 [INFO] core.evaluator_v2: [ours] pred='The document is a meeting transcript discussing the conceptual design of a new remote control device. Key points include'
2026-08-20 20:27:56,664 [INFO] core.evaluator_v2:   [5/30] avg=8.76
2026-08-20 20:27:56,858 [WARNING] core.model_loader: Input length 18386 > max 16000, truncating...
2026-08-20 20:28:05,794 [INFO] core.evaluator_v2: [ours] pred='The document is a conversation among researchers discussing their work on speech recognition, focusing on noise robustne'
2026-08-20 20:28:06,126 [WARNING] core.model_loader: Input length 18553 > max 16000, truncating...
2026-08-20 20:28:15,987 [INFO] core.evaluator_v2: [ours] pred='The document is a conversation among graduate students and professors discussing a research project focused on understan'
2026-08-20 20:28:16,291 [WARNING] core.model_loader: Input length 16224 > max 16000, truncating...
2026-08-20 20:28:25,113 [INFO] core.evaluator_v2: [ours] pred="The document details a committee meeting where the Welsh Government's Minister for Children and Social Care, Huw Irranca"
2026-08-20 20:28:25,336 [WARNING] core.model_loader: Input length 16924 > max 16000, truncating...
2026-08-20 20:28:37,370 [INFO] core.evaluator_v2: [ours] pred='The meeting discussed several key issues related to the Meeting Recorder project. Key points included:\n\n1. **Transcripti'
2026-08-20 20:28:42,824 [INFO] core.evaluator_v2: [ours] pred='The document is a transcript of a kick-off meeting for a new remote control project. Key points include:\n\n- The team dis'
2026-08-20 20:28:42,830 [INFO] core.evaluator_v2:   [10/30] avg=7.79
2026-08-20 20:28:43,026 [WARNING] core.model_loader: Input length 16844 > max 16000, truncating...
2026-08-20 20:28:55,730 [INFO] core.evaluator_v2: [ours] pred='The document is a meeting transcript discussing a speech recognition project. Key points include:\n\n- **Microphone Setup '
2026-08-20 20:28:56,177 [WARNING] core.model_loader: Input length 16224 > max 16000, truncating...
2026-08-20 20:29:05,474 [INFO] core.evaluator_v2: [ours] pred="The document details a committee meeting where the Welsh Government's Minister for Children and Social Care, Huw Irranca"
2026-08-20 20:29:15,636 [INFO] core.evaluator_v2: [ours] pred='The meeting of the Children, Young People and Education Committee addressed the impact of the coronavirus pandemic on ch'
2026-08-20 20:29:23,246 [INFO] core.evaluator_v2: [ours] pred='The document is a meeting transcript where the team reviews the design and development of a new remote control shaped li'
2026-08-20 20:29:32,132 [INFO] core.evaluator_v2: [ours] pred='The meeting discusses the design of a new remote control. Key points include:\n\n- The team will review the agenda and dis'
2026-08-20 20:29:32,136 [INFO] core.evaluator_v2:   [15/30] avg=8.19
2026-08-20 20:29:39,110 [INFO] core.evaluator_v2: [ours] pred='The document is a transcript of a meeting between a Project Manager, Marketing, Industrial Designer, and User Interface '
2026-08-20 20:29:44,384 [INFO] core.evaluator_v2: [ours] pred='The document is a transcript of a kick-off meeting for a new remote control project. Key points include:\n\n- The team dis'
2026-08-20 20:29:44,555 [WARNING] core.model_loader: Input length 16844 > max 16000, truncating...
2026-08-20 20:29:56,050 [INFO] core.evaluator_v2: [ours] pred='The document is a meeting transcript discussing a speech recognition project. Key points include:\n\n- **Microphone Setup '
2026-08-20 20:30:05,617 [INFO] core.evaluator_v2: [ours] pred='The document is a transcript of a meeting between team members discussing the design and development of a new remote con'
2026-08-20 20:30:06,916 [WARNING] core.model_loader: Input length 16224 > max 16000, truncating...
2026-08-20 20:30:16,968 [INFO] core.evaluator_v2: [ours] pred="The document details a committee meeting where the Welsh Government's Minister for Children and Social Care, Huw Irranca"
2026-08-20 20:30:16,972 [INFO] core.evaluator_v2:   [20/30] avg=9.03
2026-08-20 20:30:28,533 [INFO] core.evaluator_v2: [ours] pred='The document is a transcript of a project meeting where the team discusses the development of a new remote control devic'
2026-08-20 20:30:28,800 [WARNING] core.model_loader: Input length 25564 > max 16000, truncating...
2026-08-20 20:30:39,893 [INFO] core.evaluator_v2: [ours] pred='The document details the 12th meeting of the House of Commons Special Committee on the COVID-19 Pandemic. The meeting wa'
2026-08-20 20:30:40,291 [WARNING] core.model_loader: Input length 18386 > max 16000, truncating...
2026-08-20 20:30:50,551 [INFO] core.evaluator_v2: [ours] pred='The document is a conversation among researchers discussing their work on speech recognition, focusing on noise robustne'
2026-08-20 20:30:57,334 [INFO] core.evaluator_v2: [ours] pred='The document is a detailed audio transcript of a team meeting discussing the development of a new remote control device.'
2026-08-20 20:31:05,518 [INFO] core.evaluator_v2: [ours] pred='The document is a conversation among team members (Project Manager, Industrial Designer, User Interface, and Marketing) '
2026-08-20 20:31:05,534 [INFO] core.evaluator_v2:   [25/30] avg=9.06
2026-08-20 20:31:14,520 [INFO] core.evaluator_v2: [ours] pred='The project team discusses the design of a new television remote control. Key points include:\n\n- The remote must be tele'
2026-08-20 20:31:25,752 [INFO] core.evaluator_v2: [ours] pred='The document is a transcript of a project meeting where the team discusses the development of a new remote control devic'
2026-08-20 20:31:26,214 [WARNING] core.model_loader: Input length 18553 > max 16000, truncating...
2026-08-20 20:31:37,809 [INFO] core.evaluator_v2: [ours] pred='The document is a conversation among graduate students and professors discussing a research project focused on understan'
2026-08-20 20:32:00,027 [INFO] core.evaluator_v2: [ours] pred='The document is a transcript of a project meeting where team members discuss the design and functionality of a new remot'
2026-08-20 20:32:05,447 [INFO] core.evaluator_v2: [ours] pred='The document is a transcript of a kick-off meeting for a new remote control project. Key points include:\n\n- The team dis'
2026-08-20 20:32:05,452 [INFO] core.evaluator_v2:   [30/30] avg=9.14
2026-08-20 20:32:05,453 [INFO] __main__:   → score=9.14, collapse=0/30 (0.0%), mem_red=20.0%
2026-08-20 20:32:05,454 [INFO] __main__: 
  Task: gov_report
2026-08-20 20:32:05,455 [INFO] core.dataset_loader: Loading LongBench/gov_report ...
2026-08-20 20:32:05,516 [INFO] httpx: HTTP Request: GET https://huggingface.co/api/datasets/THUDM/LongBench/revision/5e628be450b7e67fb7ae6e201bd6d8f7056f7672 "HTTP/1.1 307 Temporary Redirect"
2026-08-20 20:32:05,563 [INFO] httpx: HTTP Request: GET https://huggingface.co/api/datasets/zai-org/LongBench/revision/5e628be450b7e67fb7ae6e201bd6d8f7056f7672 "HTTP/1.1 200 OK"
2026-08-20 20:32:06,214 [INFO] core.dataset_loader: Loaded 30 samples from gov_report
2026-08-20 20:32:06,254 [INFO] core.evaluator_v2: [ours] gov_report (30샘플, budget=80%, kwargs={'sink_size': 2, 'invert_norm': True})
2026-08-20 20:32:16,521 [INFO] core.evaluator_v2: [ours] pred='The National Science Foundation (NSF) uses two programs, IPA and VSEE, to bring in temporary staff (rotators) to support'
2026-08-20 20:32:25,181 [INFO] core.evaluator_v2: [ours] pred='The document outlines the challenges and efforts in managing federal IT acquisitions and operations, as well as ensuring'
2026-08-20 20:32:32,278 [WARNING] core.model_loader: Input length 51949 > max 16000, truncating...
2026-08-20 20:32:53,020 [INFO] core.evaluator_v2: [ours] pred="**Summary:**\n\nThis report provides a comprehensive overview of China's actions in the South China Sea (SCS) and East Chi"
2026-08-20 20:32:53,334 [WARNING] core.model_loader: Input length 28135 > max 16000, truncating...
2026-08-20 20:33:05,858 [INFO] core.evaluator_v2: [ours] pred='The Clean Water Act (CWA) authorizes federal assistance for wastewater treatment infrastructure, initially established i'
2026-08-20 20:33:24,092 [INFO] core.evaluator_v2: [ours] pred='**Summary:**\n\nThe Department of Homeland Security (DHS) faced significant internal control and financial management defi'
2026-08-20 20:33:24,142 [INFO] core.evaluator_v2:   [5/30] avg=16.62
2026-08-20 20:33:36,849 [INFO] core.evaluator_v2: [ours] pred='**Summary:**\n\nThe document outlines the ongoing challenges and efforts related to cybersecurity in the U.S. federal gove'
2026-08-20 20:33:44,663 [INFO] core.evaluator_v2: [ours] pred="The document outlines the U.S. government's efforts to support small businesses through various programs and policies. I"
2026-08-20 20:33:44,963 [WARNING] core.model_loader: Input length 19434 > max 16000, truncating...
2026-08-20 20:33:56,418 [INFO] core.evaluator_v2: [ours] pred='The Department of Defense (DOD) uses "Other Transactions" (OTs) to fund research, development, and procurement, allowing'
2026-08-20 20:34:08,419 [INFO] core.evaluator_v2: [ours] pred='The document discusses the evolving role of cash in the U.S. payment system, highlighting the increasing adoption of ele'
2026-08-20 20:34:08,755 [WARNING] core.model_loader: Input length 41630 > max 16000, truncating...
2026-08-20 20:34:25,317 [INFO] core.evaluator_v2: [ours] pred='The Department of Homeland Security (DHS) manages its major acquisition programs through established policies and proces'
2026-08-20 20:34:25,356 [INFO] core.evaluator_v2:   [10/30] avg=15.22
2026-08-20 20:34:32,865 [INFO] core.evaluator_v2: [ours] pred='This report provides a detailed analysis of the Department of Homeland Security (DHS) budget for FY2019, comparing the T'
2026-08-20 20:34:47,542 [INFO] core.evaluator_v2: [ours] pred='The U.S. federal government manages approximately 640 million acres, primarily in the western states, through four main '
2026-08-20 20:35:00,813 [INFO] core.evaluator_v2: [ours] pred='The document outlines the financial and operational aspects of the Black Lung Disability Trust Fund (BLTF), which provid'
2026-08-20 20:35:20,044 [INFO] core.evaluator_v2: [ours] pred='The document provides a comprehensive overview of U.S. foreign aid, detailing its role, structure, and evolution over ti'
2026-08-20 20:35:32,763 [INFO] core.evaluator_v2: [ours] pred='**Summary:**\n\nIn 2016, coal accounted for 17% of U.S. energy production, with approximately 730 million tons mined. The '
2026-08-20 20:35:32,790 [INFO] core.evaluator_v2:   [15/30] avg=15.87
2026-08-20 20:35:41,337 [INFO] core.evaluator_v2: [ours] pred="The Public Safety Officers' Benefits (PSOB) and Education Assistance (PSOEA) programs provide financial support to the f"
2026-08-20 20:35:48,330 [INFO] core.evaluator_v2: [ours] pred="The document outlines the FBI's challenges with its headquarters at the Hoover Building, including insufficient space, o"
2026-08-20 20:35:58,372 [INFO] core.evaluator_v2: [ours] pred='The document discusses challenges faced by the Department of Veterans Affairs (VA) in aligning its medical facilities an'
2026-08-20 20:36:08,641 [INFO] core.evaluator_v2: [ours] pred='The document provides an overview of the FY2019 budget and appropriations for the International Trade Administration (IT'
2026-08-20 20:36:17,286 [INFO] core.evaluator_v2: [ours] pred="The document outlines the federal government's program for compensating coal miners affected by coal workers' pneumoconi"
2026-08-20 20:36:17,297 [INFO] core.evaluator_v2:   [20/30] avg=16.41
2026-08-20 20:36:36,798 [INFO] core.evaluator_v2: [ours] pred='**Summary:**\n\nThis document provides an in-depth analysis of the technology workforce in the United States, focusing on '
2026-08-20 20:36:55,318 [INFO] core.evaluator_v2: [ours] pred='**Summary:**\n\nThe document outlines the current state of Internet privacy in the United States, highlighting the lack of'
2026-08-20 20:37:17,041 [INFO] core.evaluator_v2: [ours] pred='**Summary:**\n\nOver the past three decades, there has been a significant shift in U.S. retirement savings from defined be'
2026-08-20 20:37:31,177 [INFO] core.evaluator_v2: [ours] pred='The Social Security Administration (SSA) is responsible for delivering Social Security benefits to millions of Americans'
2026-08-20 20:37:48,644 [INFO] core.evaluator_v2: [ours] pred='The document outlines the financial challenges facing the Federal Employees Health Benefits Program (FEHBP) for postal r'
2026-08-20 20:37:48,709 [INFO] core.evaluator_v2:   [25/30] avg=16.51
2026-08-20 20:38:02,660 [INFO] core.evaluator_v2: [ours] pred='The 116th Congress is likely to address a range of housing-related issues, including housing finance, program oversight,'
2026-08-20 20:38:15,679 [INFO] core.evaluator_v2: [ours] pred='The National Popular Vote (NPV) initiative seeks to reform the U.S. presidential election system by creating an intersta'
2026-08-20 20:38:24,808 [INFO] core.evaluator_v2: [ours] pred='The document outlines the key components and funding details of the Energy and Water Development appropriations bill for'
2026-08-20 20:38:39,580 [INFO] core.evaluator_v2: [ours] pred="The document outlines the federal government's efforts to manage and reduce its real property footprint through the Redu"
2026-08-20 20:38:50,926 [INFO] core.evaluator_v2: [ours] pred="The National Cemeteries Act of 1973 established the modern veterans' cemetery system, with the National Cemeteries Admin"
2026-08-20 20:38:50,945 [INFO] core.evaluator_v2:   [30/30] avg=16.52
2026-08-20 20:38:50,971 [INFO] __main__:   → score=16.52, collapse=0/30 (0.0%), mem_red=20.0%
2026-08-20 20:38:50,993 [INFO] core.results_manager: Results saved to results/v3_verified/exp6_sink_intervention_qwen3-4b_budget80_20260820_200418.csv
2026-08-20 20:38:51,052 [INFO] core.results_manager: JSON saved to results/v3_verified/exp6_sink_intervention_qwen3-4b_budget80_20260820_200418.json
2026-08-20 20:38:51,054 [INFO] __main__:   [중간 저장 완료] 3/30 설정
2026-08-20 20:38:51,056 [INFO] __main__: 
────────────────────────────────────────────────────────────
2026-08-20 20:38:51,058 [INFO] __main__: Method: SalienceKV_m4 | Budget: 80% | kwargs={'sink_size': 4, 'invert_norm': True}
2026-08-20 20:38:51,060 [INFO] __main__: ────────────────────────────────────────────────────────────
2026-08-20 20:38:51,061 [INFO] __main__: 
  Task: qmsum
2026-08-20 20:38:51,065 [INFO] core.dataset_loader: Loading LongBench/qmsum ...
2026-08-20 20:38:51,153 [INFO] httpx: HTTP Request: GET https://huggingface.co/api/datasets/THUDM/LongBench/revision/5e628be450b7e67fb7ae6e201bd6d8f7056f7672 "HTTP/1.1 307 Temporary Redirect"
2026-08-20 20:38:51,182 [INFO] httpx: HTTP Request: GET https://huggingface.co/api/datasets/zai-org/LongBench/revision/5e628be450b7e67fb7ae6e201bd6d8f7056f7672 "HTTP/1.1 200 OK"
2026-08-20 20:38:51,780 [INFO] core.dataset_loader: Loaded 30 samples from qmsum
2026-08-20 20:38:51,782 [INFO] core.evaluator_v2: [ours] qmsum (30샘플, budget=80%, kwargs={'sink_size': 4, 'invert_norm': True})
2026-08-20 20:38:59,695 [INFO] core.evaluator_v2: [ours] pred='The document is a transcript of a project meeting where team members introduce themselves, discuss the project goals, an'
2026-08-20 20:39:10,856 [INFO] core.evaluator_v2: [ours] pred='The document is a meeting transcript between a project team discussing the design of a new remote control. Key points in'
2026-08-20 20:39:22,176 [INFO] core.evaluator_v2: [ours] pred='The document is a meeting transcript discussing progress and discussions related to a research project involving the Sma'
2026-08-20 20:39:29,789 [INFO] core.evaluator_v2: [ours] pred='The document is a detailed audio transcript of a team meeting discussing the development of a new remote control device.'
2026-08-20 20:39:38,465 [INFO] core.evaluator_v2: [ours] pred='The document is a meeting transcript discussing the conceptual design of a new remote control device. Key points include'
2026-08-20 20:39:38,468 [INFO] core.evaluator_v2:   [5/30] avg=8.57
2026-08-20 20:39:38,678 [WARNING] core.model_loader: Input length 18386 > max 16000, truncating...
2026-08-20 20:39:47,564 [INFO] core.evaluator_v2: [ours] pred='The document is a conversation between academic researchers discussing their work on speech recognition and machine lear'
2026-08-20 20:39:48,169 [WARNING] core.model_loader: Input length 18553 > max 16000, truncating...
2026-08-20 20:39:59,485 [INFO] core.evaluator_v2: [ours] pred='The document is a conversation among graduate students and professors discussing a research project focused on understan'
2026-08-20 20:39:59,711 [WARNING] core.model_loader: Input length 16224 > max 16000, truncating...
2026-08-20 20:40:09,488 [INFO] core.evaluator_v2: [ours] pred="The document details a committee meeting where the Welsh Government's Minister for Children and Social Care, Huw Irranca"
2026-08-20 20:40:10,379 [WARNING] core.model_loader: Input length 16924 > max 16000, truncating...
2026-08-20 20:40:23,860 [INFO] core.evaluator_v2: [ours] pred='The meeting discussed several key issues related to the Meeting Recorder project. Key points included:\n\n1. **Transcripti'
2026-08-20 20:40:33,694 [INFO] core.evaluator_v2: [ours] pred='The document is a transcript of a kick-off meeting for a new remote control project. Key points include:\n\n- The team dis'
2026-08-20 20:40:33,701 [INFO] core.evaluator_v2:   [10/30] avg=7.63
2026-08-20 20:40:33,935 [WARNING] core.model_loader: Input length 16844 > max 16000, truncating...
2026-08-20 20:40:48,928 [INFO] core.evaluator_v2: [ours] pred='The document is a meeting transcript discussing a speech recognition project. Key points include:\n\n- **Microphone Setup '
2026-08-20 20:40:49,210 [WARNING] core.model_loader: Input length 16224 > max 16000, truncating...
2026-08-20 20:40:59,174 [INFO] core.evaluator_v2: [ours] pred="The document details a committee meeting where the Welsh Government's Minister for Children and Social Care, Huw Irranca"
2026-08-20 20:41:08,111 [INFO] core.evaluator_v2: [ours] pred='The meeting of the Children, Young People and Education Committee addressed the impact of the coronavirus pandemic on ch'
2026-08-20 20:41:15,688 [INFO] core.evaluator_v2: [ours] pred='The document is a meeting transcript where the team reviews the design and development of a new remote control shaped li'
2026-08-20 20:41:24,944 [INFO] core.evaluator_v2: [ours] pred='The meeting discusses the design of a new remote control. Key points include:\n\n- The team will review the agenda and dis'
2026-08-20 20:41:24,961 [INFO] core.evaluator_v2:   [15/30] avg=7.91
2026-08-20 20:41:32,453 [INFO] core.evaluator_v2: [ours] pred='The document is a transcript of a meeting between a Project Manager, Marketing, Industrial Designer, and User Interface '
2026-08-20 20:41:38,944 [INFO] core.evaluator_v2: [ours] pred='The document is a transcript of a kick-off meeting for a new remote control project. Key points include:\n\n- The team dis'
2026-08-20 20:41:39,128 [WARNING] core.model_loader: Input length 16844 > max 16000, truncating...
2026-08-20 20:41:51,878 [INFO] core.evaluator_v2: [ours] pred='The document is a meeting transcript discussing a speech recognition project. Key points include:\n\n- **Microphone Setup '
2026-08-20 20:42:00,290 [INFO] core.evaluator_v2: [ours] pred='The document is a transcript of a meeting between team members discussing the design and development of a new remote con'
2026-08-20 20:42:00,489 [WARNING] core.model_loader: Input length 16224 > max 16000, truncating...
2026-08-20 20:42:09,658 [INFO] core.evaluator_v2: [ours] pred="The document details a committee meeting where the Welsh Government's Minister for Children and Social Care, Huw Irranca"
2026-08-20 20:42:09,661 [INFO] core.evaluator_v2:   [20/30] avg=8.69
2026-08-20 20:42:19,658 [INFO] core.evaluator_v2: [ours] pred='The document is a transcript of a project meeting where the team discusses the development of a new remote control devic'
2026-08-20 20:42:23,044 [WARNING] core.model_loader: Input length 25564 > max 16000, truncating...
2026-08-20 20:42:37,746 [INFO] core.evaluator_v2: [ours] pred='The document details the 12th meeting of the House of Commons Special Committee on the COVID-19 Pandemic. The meeting wa'
2026-08-20 20:42:37,993 [WARNING] core.model_loader: Input length 18386 > max 16000, truncating...
2026-08-20 20:42:46,658 [INFO] core.evaluator_v2: [ours] pred='The document is a conversation between academic researchers discussing their work on speech recognition and machine lear'
2026-08-20 20:42:53,561 [INFO] core.evaluator_v2: [ours] pred='The document is a detailed audio transcript of a team meeting discussing the development of a new remote control device.'
2026-08-20 20:43:01,817 [INFO] core.evaluator_v2: [ours] pred='The document is a conversation among team members (Project Manager, Industrial Designer, User Interface, and Marketing) '
2026-08-20 20:43:01,829 [INFO] core.evaluator_v2:   [25/30] avg=8.80
2026-08-20 20:43:10,505 [INFO] core.evaluator_v2: [ours] pred='The project team discusses the design of a new television remote control. Key points include:\n\n- The remote must be tele'
2026-08-20 20:43:20,969 [INFO] core.evaluator_v2: [ours] pred='The document is a transcript of a project meeting where the team discusses the development of a new remote control devic'
2026-08-20 20:43:21,298 [WARNING] core.model_loader: Input length 18553 > max 16000, truncating...
2026-08-20 20:43:35,945 [INFO] core.evaluator_v2: [ours] pred='The document is a conversation among graduate students and professors discussing a research project focused on understan'
2026-08-20 20:43:47,342 [INFO] core.evaluator_v2: [ours] pred='The document is a transcript of a project meeting where team members discuss the design and functionality of a new remot'
2026-08-20 20:43:53,983 [INFO] core.evaluator_v2: [ours] pred='The document is a transcript of a kick-off meeting for a new remote control project. Key points include:\n\n- The team dis'
2026-08-20 20:43:53,988 [INFO] core.evaluator_v2:   [30/30] avg=8.92
2026-08-20 20:43:53,990 [INFO] __main__:   → score=8.92, collapse=0/30 (0.0%), mem_red=20.0%
2026-08-20 20:43:53,991 [INFO] __main__: 
  Task: gov_report
2026-08-20 20:43:53,996 [INFO] core.dataset_loader: Loading LongBench/gov_report ...
2026-08-20 20:43:54,112 [INFO] httpx: HTTP Request: GET https://huggingface.co/api/datasets/THUDM/LongBench/revision/5e628be450b7e67fb7ae6e201bd6d8f7056f7672 "HTTP/1.1 307 Temporary Redirect"
2026-08-20 20:43:54,163 [INFO] httpx: HTTP Request: GET https://huggingface.co/api/datasets/zai-org/LongBench/revision/5e628be450b7e67fb7ae6e201bd6d8f7056f7672 "HTTP/1.1 200 OK"
2026-08-20 20:43:54,788 [INFO] core.dataset_loader: Loaded 30 samples from gov_report
2026-08-20 20:43:54,799 [INFO] core.evaluator_v2: [ours] gov_report (30샘플, budget=80%, kwargs={'sink_size': 4, 'invert_norm': True})
2026-08-20 20:44:06,798 [INFO] core.evaluator_v2: [ours] pred='The National Science Foundation (NSF) uses two programs, IPA and VSEE, to bring in temporary staff (rotators) to support'
2026-08-20 20:44:14,745 [INFO] core.evaluator_v2: [ours] pred='The document outlines the challenges and efforts in managing federal IT acquisitions and operations, as well as ensuring'
2026-08-20 20:44:15,102 [WARNING] core.model_loader: Input length 51949 > max 16000, truncating...
2026-08-20 20:44:35,089 [INFO] core.evaluator_v2: [ours] pred="**Summary:**\n\nThis report provides a comprehensive overview of China's actions in the South China Sea (SCS) and East Chi"
2026-08-20 20:44:35,451 [WARNING] core.model_loader: Input length 28135 > max 16000, truncating...
2026-08-20 20:44:49,810 [INFO] core.evaluator_v2: [ours] pred='The Clean Water Act (CWA) authorizes federal assistance for wastewater treatment infrastructure, initially established i'
2026-08-20 20:45:09,266 [INFO] core.evaluator_v2: [ours] pred='**Summary:**\n\nThe Department of Homeland Security (DHS) faced significant internal control and financial management defi'
2026-08-20 20:45:09,327 [INFO] core.evaluator_v2:   [5/30] avg=16.80
2026-08-20 20:45:23,847 [INFO] core.evaluator_v2: [ours] pred='**Summary:**\n\nThe document outlines the ongoing challenges and efforts related to cybersecurity in the U.S. federal gove'
2026-08-20 20:45:33,058 [INFO] core.evaluator_v2: [ours] pred="The document outlines the U.S. government's efforts to support small businesses through various programs and policies. I"
2026-08-20 20:45:33,515 [WARNING] core.model_loader: Input length 19434 > max 16000, truncating...
2026-08-20 20:45:45,660 [INFO] core.evaluator_v2: [ours] pred='The Department of Defense (DOD) uses "Other Transactions" (OTs) to fund research, development, and procurement, allowing'
2026-08-20 20:46:04,028 [INFO] core.evaluator_v2: [ours] pred='The document discusses the evolving role of cash in the U.S. payment system, highlighting the increasing adoption of ele'
2026-08-20 20:46:04,374 [WARNING] core.model_loader: Input length 41630 > max 16000, truncating...
2026-08-20 20:46:20,514 [INFO] core.evaluator_v2: [ours] pred='The Department of Homeland Security (DHS) manages its major acquisition programs through established policies and proces'
2026-08-20 20:46:20,551 [INFO] core.evaluator_v2:   [10/30] avg=15.31
2026-08-20 20:46:35,686 [INFO] core.evaluator_v2: [ours] pred='This report provides a detailed analysis of the Department of Homeland Security (DHS) budget for FY2019, comparing the T'
2026-08-20 20:46:50,104 [INFO] core.evaluator_v2: [ours] pred='The U.S. federal government manages approximately 640 million acres, primarily in the western states, through four main '
2026-08-20 20:47:02,734 [INFO] core.evaluator_v2: [ours] pred='The document outlines the financial and operational aspects of the Black Lung Disability Trust Fund (BLTF), which provid'
2026-08-20 20:47:22,642 [INFO] core.evaluator_v2: [ours] pred='The document provides a comprehensive overview of U.S. foreign aid, detailing its role, structure, and evolution over ti'
2026-08-20 20:47:34,315 [INFO] core.evaluator_v2: [ours] pred='**Summary:**\n\nIn 2016, coal accounted for 17% of U.S. energy production, with approximately 730 million tons mined. The '
2026-08-20 20:47:34,337 [INFO] core.evaluator_v2:   [15/30] avg=15.97
2026-08-20 20:47:42,877 [INFO] core.evaluator_v2: [ours] pred="The Public Safety Officers' Benefits (PSOB) and Education Assistance (PSOEA) programs provide financial support to the f"
2026-08-20 20:47:48,896 [INFO] core.evaluator_v2: [ours] pred="The document outlines the FBI's challenges with its headquarters at the Hoover Building, including insufficient space, o"
2026-08-20 20:48:04,320 [INFO] core.evaluator_v2: [ours] pred='The document discusses challenges faced by the Department of Veterans Affairs (VA) in aligning its medical facilities an'
2026-08-20 20:48:14,275 [INFO] core.evaluator_v2: [ours] pred='The document provides an overview of the FY2019 budget and appropriations for the International Trade Administration (IT'
2026-08-20 20:48:21,594 [INFO] core.evaluator_v2: [ours] pred="The document outlines the federal government's program for compensating coal miners affected by coal workers' pneumoconi"
2026-08-20 20:48:21,605 [INFO] core.evaluator_v2:   [20/30] avg=16.49
2026-08-20 20:48:41,724 [INFO] core.evaluator_v2: [ours] pred='**Summary:**\n\nThis document provides an in-depth analysis of the technology workforce in the United States, focusing on '
2026-08-20 20:48:58,714 [INFO] core.evaluator_v2: [ours] pred='**Summary:**\n\nThe document outlines the current state of Internet privacy in the United States, highlighting the lack of'
2026-08-20 20:49:14,877 [INFO] core.evaluator_v2: [ours] pred='**Summary:**\n\nOver the past three decades, there has been a significant shift in U.S. retirement savings from defined be'
2026-08-20 20:49:23,601 [INFO] core.evaluator_v2: [ours] pred='The Social Security Administration (SSA) is responsible for delivering Social Security benefits to millions of Americans'
2026-08-20 20:49:45,264 [INFO] core.evaluator_v2: [ours] pred='The document outlines the financial challenges facing the Federal Employees Health Benefits Program (FEHBP) for postal r'
2026-08-20 20:49:45,300 [INFO] core.evaluator_v2:   [25/30] avg=16.57
2026-08-20 20:49:59,025 [INFO] core.evaluator_v2: [ours] pred='The 116th Congress is likely to address a range of housing-related issues, including housing finance, program oversight,'
2026-08-20 20:50:11,484 [INFO] core.evaluator_v2: [ours] pred='The National Popular Vote (NPV) initiative seeks to reform the U.S. presidential election system by creating an intersta'
2026-08-20 20:50:20,871 [INFO] core.evaluator_v2: [ours] pred='The document outlines the key components and funding details of the Energy and Water Development appropriations bill for'
2026-08-20 20:50:34,192 [INFO] core.evaluator_v2: [ours] pred="The document outlines the federal government's efforts to manage and reduce its real property footprint through the Redu"
2026-08-20 20:50:43,365 [INFO] core.evaluator_v2: [ours] pred="The National Cemeteries Act of 1973 established the modern veterans' cemetery system, with the National Cemeteries Admin"
2026-08-20 20:50:43,379 [INFO] core.evaluator_v2:   [30/30] avg=16.57
2026-08-20 20:50:43,380 [INFO] __main__:   → score=16.57, collapse=0/30 (0.0%), mem_red=20.0%
2026-08-20 20:50:43,392 [INFO] core.results_manager: Results saved to results/v3_verified/exp6_sink_intervention_qwen3-4b_budget80_20260820_200418.csv
2026-08-20 20:50:43,434 [INFO] core.results_manager: JSON saved to results/v3_verified/exp6_sink_intervention_qwen3-4b_budget80_20260820_200418.json
2026-08-20 20:50:43,435 [INFO] __main__:   [중간 저장 완료] 4/30 설정
2026-08-20 20:50:43,437 [INFO] __main__: 
────────────────────────────────────────────────────────────
2026-08-20 20:50:43,438 [INFO] __main__: Method: SalienceKV_m8 | Budget: 80% | kwargs={'sink_size': 8, 'invert_norm': True}
2026-08-20 20:50:43,439 [INFO] __main__: ────────────────────────────────────────────────────────────
2026-08-20 20:50:43,440 [INFO] __main__: 
  Task: qmsum
2026-08-20 20:50:43,441 [INFO] core.dataset_loader: Loading LongBench/qmsum ...
2026-08-20 20:50:43,525 [INFO] httpx: HTTP Request: GET https://huggingface.co/api/datasets/THUDM/LongBench/revision/5e628be450b7e67fb7ae6e201bd6d8f7056f7672 "HTTP/1.1 307 Temporary Redirect"
2026-08-20 20:50:43,557 [INFO] httpx: HTTP Request: GET https://huggingface.co/api/datasets/zai-org/LongBench/revision/5e628be450b7e67fb7ae6e201bd6d8f7056f7672 "HTTP/1.1 200 OK"
2026-08-20 20:50:44,143 [INFO] core.dataset_loader: Loaded 30 samples from qmsum
2026-08-20 20:50:44,145 [INFO] core.evaluator_v2: [ours] qmsum (30샘플, budget=80%, kwargs={'sink_size': 8, 'invert_norm': True})
2026-08-20 20:50:51,932 [INFO] core.evaluator_v2: [ours] pred='The document is a transcript of a project meeting where team members introduce themselves, discuss the project goals, an'
2026-08-20 20:51:06,087 [INFO] core.evaluator_v2: [ours] pred='The document is a meeting transcript between a project team discussing the design of a new remote control. Key points in'
2026-08-20 20:51:18,809 [INFO] core.evaluator_v2: [ours] pred='The document is a meeting transcript discussing progress and discussions related to a research project involving the Sma'
2026-08-20 20:51:25,902 [INFO] core.evaluator_v2: [ours] pred='The document is a detailed audio transcript of a team meeting discussing the development of a new remote control device.'
2026-08-20 20:51:36,053 [INFO] core.evaluator_v2: [ours] pred='The document is a transcript of a meeting among team members discussing the design of a new remote control device. Key p'
2026-08-20 20:51:36,057 [INFO] core.evaluator_v2:   [5/30] avg=8.40
2026-08-20 20:51:36,307 [WARNING] core.model_loader: Input length 18386 > max 16000, truncating...
2026-08-20 20:51:45,460 [INFO] core.evaluator_v2: [ours] pred='The document is a conversation among researchers discussing their work on speech recognition, focusing on noise robustne'
2026-08-20 20:51:45,768 [WARNING] core.model_loader: Input length 18553 > max 16000, truncating...
2026-08-20 20:51:55,871 [INFO] core.evaluator_v2: [ours] pred='The document is a conversation among graduate students and professors discussing a research project focused on understan'
2026-08-20 20:51:58,605 [WARNING] core.model_loader: Input length 16224 > max 16000, truncating...
2026-08-20 20:52:09,130 [INFO] core.evaluator_v2: [ours] pred="The document details a committee meeting where the Welsh Government's Minister for Children and Social Care, Huw Irranca"
2026-08-20 20:52:09,660 [WARNING] core.model_loader: Input length 16924 > max 16000, truncating...
2026-08-20 20:52:21,742 [INFO] core.evaluator_v2: [ours] pred='The meeting discussed several key issues related to the Meeting Recorder project. Key points included:\n\n1. **Transcripti'
2026-08-20 20:52:27,823 [INFO] core.evaluator_v2: [ours] pred='The document is a transcript of a kick-off meeting for a new remote control project. Key points include:\n\n- The team dis'
2026-08-20 20:52:27,827 [INFO] core.evaluator_v2:   [10/30] avg=7.50
2026-08-20 20:52:28,218 [WARNING] core.model_loader: Input length 16844 > max 16000, truncating...
2026-08-20 20:52:42,281 [INFO] core.evaluator_v2: [ours] pred='The document is a meeting transcript discussing a speech recognition project. Key points include:\n\n- **Microphone Setup '
2026-08-20 20:52:43,077 [WARNING] core.model_loader: Input length 16224 > max 16000, truncating...
2026-08-20 20:52:52,815 [INFO] core.evaluator_v2: [ours] pred="The document details a committee meeting where the Welsh Government's Minister for Children and Social Care, Huw Irranca"
2026-08-20 20:53:10,352 [INFO] core.evaluator_v2: [ours] pred='The meeting of the Children, Young People and Education Committee addressed the impact of the coronavirus pandemic on ch'
2026-08-20 20:53:19,319 [INFO] core.evaluator_v2: [ours] pred='The document is a meeting transcript where a team discusses the final design and evaluation of a new remote control shap'
2026-08-20 20:53:28,834 [INFO] core.evaluator_v2: [ours] pred='The meeting discusses the design of a new remote control. Key points include:\n\n- The team will review the agenda and dis'
2026-08-20 20:53:28,842 [INFO] core.evaluator_v2:   [15/30] avg=8.03
2026-08-20 20:53:36,089 [INFO] core.evaluator_v2: [ours] pred='The document is a transcript of a meeting between a Project Manager, Marketing, Industrial Designer, and User Interface '
2026-08-20 20:53:41,880 [INFO] core.evaluator_v2: [ours] pred='The document is a transcript of a kick-off meeting for a new remote control project. Key points include:\n\n- The team dis'
2026-08-20 20:53:42,095 [WARNING] core.model_loader: Input length 16844 > max 16000, truncating...
2026-08-20 20:53:55,060 [INFO] core.evaluator_v2: [ours] pred='The document is a meeting transcript discussing a speech recognition project. Key points include:\n\n- **Microphone Setup '
2026-08-20 20:54:07,316 [INFO] core.evaluator_v2: [ours] pred='The document is a transcript of a meeting between team members discussing the design and development of a new remote con'
2026-08-20 20:54:07,589 [WARNING] core.model_loader: Input length 16224 > max 16000, truncating...
2026-08-20 20:54:16,971 [INFO] core.evaluator_v2: [ours] pred="The document details a committee meeting where the Welsh Government's Minister for Children and Social Care, Huw Irranca"
2026-08-20 20:54:16,982 [INFO] core.evaluator_v2:   [20/30] avg=8.70
2026-08-20 20:54:28,167 [INFO] core.evaluator_v2: [ours] pred='The document is a transcript of a project meeting where the team discusses the development of a new remote control devic'
2026-08-20 20:54:28,449 [WARNING] core.model_loader: Input length 25564 > max 16000, truncating...
2026-08-20 20:54:40,308 [INFO] core.evaluator_v2: [ours] pred='The document details the 12th meeting of the House of Commons Special Committee on the COVID-19 Pandemic. The meeting wa'
2026-08-20 20:54:40,584 [WARNING] core.model_loader: Input length 18386 > max 16000, truncating...
2026-08-20 20:54:48,610 [INFO] core.evaluator_v2: [ours] pred='The document is a conversation among researchers discussing their work on speech recognition, focusing on noise robustne'
2026-08-20 20:54:55,487 [INFO] core.evaluator_v2: [ours] pred='The document is a detailed audio transcript of a team meeting discussing the development of a new remote control device.'
2026-08-20 20:55:02,101 [INFO] core.evaluator_v2: [ours] pred='The document is a conversation among team members (Project Manager, Industrial Designer, User Interface, and Marketing) '
2026-08-20 20:55:02,132 [INFO] core.evaluator_v2:   [25/30] avg=8.89
2026-08-20 20:55:08,777 [INFO] core.evaluator_v2: [ours] pred='The project team discusses the design of a new television remote control. Key points include:\n\n- The remote must be tele'
2026-08-20 20:55:19,354 [INFO] core.evaluator_v2: [ours] pred='The document is a transcript of a project meeting where the team discusses the development of a new remote control devic'
2026-08-20 20:55:21,890 [WARNING] core.model_loader: Input length 18553 > max 16000, truncating...
2026-08-20 20:55:33,225 [INFO] core.evaluator_v2: [ours] pred='The document is a conversation among graduate students and professors discussing a research project focused on understan'
2026-08-20 20:55:44,441 [INFO] core.evaluator_v2: [ours] pred='The document is a transcript of a project meeting where team members discuss the design and functionality of a new remot'
2026-08-20 20:55:51,651 [INFO] core.evaluator_v2: [ours] pred='The document is a transcript of a kick-off meeting for a new remote control project. Key points include:\n\n- The team dis'
2026-08-20 20:55:51,662 [INFO] core.evaluator_v2:   [30/30] avg=9.08
2026-08-20 20:55:51,667 [INFO] __main__:   → score=9.08, collapse=0/30 (0.0%), mem_red=20.0%
2026-08-20 20:55:51,669 [INFO] __main__: 
  Task: gov_report
2026-08-20 20:55:51,671 [INFO] core.dataset_loader: Loading LongBench/gov_report ...
2026-08-20 20:55:51,754 [INFO] httpx: HTTP Request: GET https://huggingface.co/api/datasets/THUDM/LongBench/revision/5e628be450b7e67fb7ae6e201bd6d8f7056f7672 "HTTP/1.1 307 Temporary Redirect"
2026-08-20 20:55:51,794 [INFO] httpx: HTTP Request: GET https://huggingface.co/api/datasets/zai-org/LongBench/revision/5e628be450b7e67fb7ae6e201bd6d8f7056f7672 "HTTP/1.1 200 OK"
2026-08-20 20:55:52,516 [INFO] core.dataset_loader: Loaded 30 samples from gov_report
2026-08-20 20:55:52,530 [INFO] core.evaluator_v2: [ours] gov_report (30샘플, budget=80%, kwargs={'sink_size': 8, 'invert_norm': True})
2026-08-20 20:56:03,173 [INFO] core.evaluator_v2: [ours] pred='The National Science Foundation (NSF) uses two programs, IPA and VSEE, to bring in temporary staff (rotators) to support'
2026-08-20 20:56:11,102 [INFO] core.evaluator_v2: [ours] pred='The document outlines the challenges and efforts in managing federal IT acquisitions and operations, as well as ensuring'
2026-08-20 20:56:11,802 [WARNING] core.model_loader: Input length 51949 > max 16000, truncating...
2026-08-20 20:56:30,981 [INFO] core.evaluator_v2: [ours] pred="**Summary:**\n\nThis report provides an in-depth analysis of China's actions in the South China Sea (SCS) and East China S"
2026-08-20 20:56:31,538 [WARNING] core.model_loader: Input length 28135 > max 16000, truncating...
2026-08-20 20:56:46,105 [INFO] core.evaluator_v2: [ours] pred='The Clean Water Act (CWA) authorizes federal assistance for wastewater treatment infrastructure, initially established i'
2026-08-20 20:57:04,170 [INFO] core.evaluator_v2: [ours] pred='**Summary:**\n\nThe Department of Homeland Security (DHS) faced significant internal control and financial management defi'
2026-08-20 20:57:04,230 [INFO] core.evaluator_v2:   [5/30] avg=16.81
2026-08-20 20:57:17,802 [INFO] core.evaluator_v2: [ours] pred='**Summary:**\n\nThe document outlines the ongoing challenges and efforts in securing federal information systems in the Un'
2026-08-20 20:57:29,060 [INFO] core.evaluator_v2: [ours] pred="The document outlines the U.S. government's efforts to support small businesses through various programs and policies. I"
2026-08-20 20:57:33,857 [WARNING] core.model_loader: Input length 19434 > max 16000, truncating...
2026-08-20 20:57:45,826 [INFO] core.evaluator_v2: [ours] pred='The Department of Defense (DOD) uses "Other Transactions" (OTs) to fund research, development, and procurement, allowing'
2026-08-20 20:57:58,787 [INFO] core.evaluator_v2: [ours] pred='The document discusses the evolving role of cash in the U.S. payment system, highlighting the increasing adoption of ele'
2026-08-20 20:58:01,619 [WARNING] core.model_loader: Input length 41630 > max 16000, truncating...
2026-08-20 20:58:16,312 [INFO] core.evaluator_v2: [ours] pred='The Department of Homeland Security (DHS) manages its major acquisition programs through established policies and proces'
2026-08-20 20:58:16,351 [INFO] core.evaluator_v2:   [10/30] avg=15.58
2026-08-20 20:58:27,458 [INFO] core.evaluator_v2: [ours] pred='This report provides a detailed analysis of the Department of Homeland Security (DHS) budget for FY2019, comparing the T'
2026-08-20 20:58:43,102 [INFO] core.evaluator_v2: [ours] pred='The U.S. federal government manages approximately 640 million acres, primarily in the western states, through four main '
2026-08-20 20:58:55,674 [INFO] core.evaluator_v2: [ours] pred='The document outlines the financial and operational aspects of the Black Lung Disability Trust Fund (BLTF), which provid'
2026-08-20 20:59:14,457 [INFO] core.evaluator_v2: [ours] pred='The document provides a comprehensive overview of U.S. foreign aid, detailing its role, structure, and evolution over ti'
2026-08-20 20:59:24,548 [INFO] core.evaluator_v2: [ours] pred='**Summary:**\n\nIn 2016, coal accounted for 17% of U.S. energy production, with approximately 730 million tons mined. The '
2026-08-20 20:59:24,567 [INFO] core.evaluator_v2:   [15/30] avg=16.11
2026-08-20 20:59:32,654 [INFO] core.evaluator_v2: [ours] pred="The Public Safety Officers' Benefits (PSOB) and Education Assistance (PSOEA) programs provide financial support to the f"
2026-08-20 20:59:39,104 [INFO] core.evaluator_v2: [ours] pred="The document outlines the FBI's challenges with its headquarters at the Hoover Building, including insufficient space, o"
2026-08-20 20:59:47,978 [INFO] core.evaluator_v2: [ours] pred='The document discusses challenges faced by the Department of Veterans Affairs (VA) in aligning its medical facilities an'
2026-08-20 20:59:57,900 [INFO] core.evaluator_v2: [ours] pred='The document provides an overview of the FY2019 budget and appropriations for the International Trade Administration (IT'
2026-08-20 21:00:05,521 [INFO] core.evaluator_v2: [ours] pred="The document outlines the federal government's program for compensating coal miners affected by coal workers' pneumoconi"
2026-08-20 21:00:05,533 [INFO] core.evaluator_v2:   [20/30] avg=16.73
2026-08-20 21:00:22,728 [INFO] core.evaluator_v2: [ours] pred='**Summary:**\n\nThis document provides an in-depth analysis of the technology workforce in the United States, focusing on '
2026-08-20 21:00:41,590 [INFO] core.evaluator_v2: [ours] pred='**Summary:**\n\nThe document outlines the current state of Internet privacy in the United States, highlighting the lack of'
2026-08-20 21:00:56,571 [INFO] core.evaluator_v2: [ours] pred='**Summary:**\n\nOver the past three decades, there has been a significant shift in U.S. retirement savings from defined be'
2026-08-20 21:01:09,168 [INFO] core.evaluator_v2: [ours] pred='The Social Security Administration (SSA) is responsible for delivering Social Security benefits to millions of Americans'
2026-08-20 21:01:21,613 [INFO] core.evaluator_v2: [ours] pred='The document outlines the financial challenges facing the Federal Employees Health Benefits Program (FEHBP) for postal r'
2026-08-20 21:01:21,655 [INFO] core.evaluator_v2:   [25/30] avg=16.76
2026-08-20 21:01:30,320 [INFO] core.evaluator_v2: [ours] pred='The 116th Congress is likely to address a range of housing-related issues, including housing finance, program oversight,'
2026-08-20 21:01:42,420 [INFO] core.evaluator_v2: [ours] pred='The National Popular Vote (NPV) initiative seeks to reform the U.S. presidential election system by creating an intersta'
2026-08-20 21:01:50,328 [INFO] core.evaluator_v2: [ours] pred='The document outlines the key components and funding details of the Energy and Water Development appropriations bill for'
2026-08-20 21:02:03,339 [INFO] core.evaluator_v2: [ours] pred="The document outlines the federal government's efforts to manage and reduce its real property footprint through the Redu"
2026-08-20 21:02:14,058 [INFO] core.evaluator_v2: [ours] pred="The National Cemeteries Act of 1973 established the modern veterans' cemetery system, with the National Cemeteries Admin"
2026-08-20 21:02:14,075 [INFO] core.evaluator_v2:   [30/30] avg=16.57
2026-08-20 21:02:14,076 [INFO] __main__:   → score=16.57, collapse=0/30 (0.0%), mem_red=20.0%
2026-08-20 21:02:14,094 [INFO] core.results_manager: Results saved to results/v3_verified/exp6_sink_intervention_qwen3-4b_budget80_20260820_200418.csv
2026-08-20 21:02:14,140 [INFO] core.results_manager: JSON saved to results/v3_verified/exp6_sink_intervention_qwen3-4b_budget80_20260820_200418.json
2026-08-20 21:02:14,141 [INFO] __main__:   [중간 저장 완료] 5/30 설정
2026-08-20 21:02:14,143 [INFO] __main__: 
────────────────────────────────────────────────────────────
2026-08-20 21:02:14,145 [INFO] __main__: Method: SalienceKV_m16 | Budget: 80% | kwargs={'sink_size': 16, 'invert_norm': True}
2026-08-20 21:02:14,146 [INFO] __main__: ────────────────────────────────────────────────────────────
2026-08-20 21:02:14,148 [INFO] __main__: 
  Task: qmsum
2026-08-20 21:02:14,149 [INFO] core.dataset_loader: Loading LongBench/qmsum ...
2026-08-20 21:02:14,239 [INFO] httpx: HTTP Request: GET https://huggingface.co/api/datasets/THUDM/LongBench/revision/5e628be450b7e67fb7ae6e201bd6d8f7056f7672 "HTTP/1.1 307 Temporary Redirect"
2026-08-20 21:02:14,272 [INFO] httpx: HTTP Request: GET https://huggingface.co/api/datasets/zai-org/LongBench/revision/5e628be450b7e67fb7ae6e201bd6d8f7056f7672 "HTTP/1.1 200 OK"
2026-08-20 21:02:14,802 [INFO] core.dataset_loader: Loaded 30 samples from qmsum
2026-08-20 21:02:14,824 [INFO] core.evaluator_v2: [ours] qmsum (30샘플, budget=80%, kwargs={'sink_size': 16, 'invert_norm': True})
2026-08-20 21:02:22,134 [INFO] core.evaluator_v2: [ours] pred='The document is a transcript of a project meeting where team members introduce themselves, discuss the project goals, an'
2026-08-20 21:02:42,952 [INFO] core.evaluator_v2: [ours] pred='The document is a meeting transcript between a project team discussing the design of a new remote control. Key points in'
2026-08-20 21:02:52,700 [INFO] core.evaluator_v2: [ours] pred='The document is a meeting transcript discussing progress and discussions related to a research project involving the Sma'
2026-08-20 21:03:00,255 [INFO] core.evaluator_v2: [ours] pred='The document is a detailed audio transcript of a team meeting discussing the development of a new remote control device.'
2026-08-20 21:03:11,395 [INFO] core.evaluator_v2: [ours] pred='The document is a transcript of a meeting among team members discussing the design of a new remote control device. Key p'
2026-08-20 21:03:11,400 [INFO] core.evaluator_v2:   [5/30] avg=8.07
2026-08-20 21:03:11,640 [WARNING] core.model_loader: Input length 18386 > max 16000, truncating...
2026-08-20 21:03:21,865 [INFO] core.evaluator_v2: [ours] pred='The document is a conversation among researchers discussing their work on speech recognition, focusing on noise robustne'
2026-08-20 21:03:22,161 [WARNING] core.model_loader: Input length 18553 > max 16000, truncating...
2026-08-20 21:03:32,300 [INFO] core.evaluator_v2: [ours] pred='The document is a conversation among graduate students and professors discussing a research project focused on understan'
2026-08-20 21:03:32,719 [WARNING] core.model_loader: Input length 16224 > max 16000, truncating...
2026-08-20 21:03:42,098 [INFO] core.evaluator_v2: [ours] pred="The document is a transcript of a committee meeting in Wales discussing the Welsh Government's childcare policy. Key poi"
2026-08-20 21:03:42,359 [WARNING] core.model_loader: Input length 16924 > max 16000, truncating...
2026-08-20 21:03:54,856 [INFO] core.evaluator_v2: [ours] pred='The meeting discussed several key issues related to the Meeting Recorder project. Key points included:\n\n1. **Transcripti'
2026-08-20 21:04:01,135 [INFO] core.evaluator_v2: [ours] pred='The document is a transcript of a kick-off meeting for a new remote control project. Key points include:\n\n- The team dis'
2026-08-20 21:04:01,138 [INFO] core.evaluator_v2:   [10/30] avg=7.25
2026-08-20 21:04:02,424 [WARNING] core.model_loader: Input length 16844 > max 16000, truncating...
2026-08-20 21:04:15,200 [INFO] core.evaluator_v2: [ours] pred='The document is a meeting transcript discussing a speech recognition project. Key points include:\n\n- **Microphone Setup '
2026-08-20 21:04:15,689 [WARNING] core.model_loader: Input length 16224 > max 16000, truncating...
2026-08-20 21:04:24,859 [INFO] core.evaluator_v2: [ours] pred="The document is a transcript of a committee meeting in Wales discussing the Welsh Government's childcare policy. Key poi"
2026-08-20 21:04:31,482 [INFO] core.evaluator_v2: [ours] pred='The meeting of the Children, Young People and Education Committee addressed the impact of the coronavirus pandemic on ch'
2026-08-20 21:04:40,678 [INFO] core.evaluator_v2: [ours] pred='The document is a meeting transcript where a team discusses the final design and evaluation of a new remote control shap'
2026-08-20 21:04:47,441 [INFO] core.evaluator_v2: [ours] pred='The meeting discusses the design of a new remote control. The Industrial Designer explains the internal structure, batte'
2026-08-20 21:04:47,454 [INFO] core.evaluator_v2:   [15/30] avg=7.90
2026-08-20 21:05:04,642 [INFO] core.evaluator_v2: [ours] pred='The document is a transcript of a meeting between a Project Manager, Marketing, Industrial Designer, and User Interface '
2026-08-20 21:05:11,705 [INFO] core.evaluator_v2: [ours] pred='The document is a transcript of a kick-off meeting for a new remote control project. Key points include:\n\n- The team dis'
2026-08-20 21:05:12,129 [WARNING] core.model_loader: Input length 16844 > max 16000, truncating...
2026-08-20 21:05:23,470 [INFO] core.evaluator_v2: [ours] pred='The document is a meeting transcript discussing a speech recognition project. Key points include:\n\n- **Microphone Setup '
2026-08-20 21:05:31,995 [INFO] core.evaluator_v2: [ours] pred='The document is a transcript of a meeting between a Project Manager, Industrial Designer, User Interface specialist, and'
2026-08-20 21:05:39,898 [WARNING] core.model_loader: Input length 16224 > max 16000, truncating...
2026-08-20 21:05:48,826 [INFO] core.evaluator_v2: [ours] pred="The document is a transcript of a committee meeting in Wales discussing the Welsh Government's childcare policy. Key poi"
2026-08-20 21:05:48,831 [INFO] core.evaluator_v2:   [20/30] avg=8.66
2026-08-20 21:05:59,796 [INFO] core.evaluator_v2: [ours] pred='The document is a transcript of a project meeting where the team discusses the progress and evaluation of a new remote c'
2026-08-20 21:06:00,103 [WARNING] core.model_loader: Input length 25564 > max 16000, truncating...
2026-08-20 21:06:07,174 [INFO] core.evaluator_v2: [ours] pred='The document is a transcript of a meeting of the House of Commons Special Committee on the COVID-19 Pandemic. The meetin'
2026-08-20 21:06:10,858 [WARNING] core.model_loader: Input length 18386 > max 16000, truncating...
2026-08-20 21:06:19,892 [INFO] core.evaluator_v2: [ours] pred='The document is a conversation among researchers discussing their work on speech recognition, focusing on noise robustne'
2026-08-20 21:06:30,354 [INFO] core.evaluator_v2: [ours] pred='The document is a detailed audio transcript of a team meeting discussing the development of a new remote control device.'
2026-08-20 21:06:36,804 [INFO] core.evaluator_v2: [ours] pred='The document is a conversation among team members (Project Manager, Industrial Designer, User Interface, and Marketing) '
2026-08-20 21:06:36,823 [INFO] core.evaluator_v2:   [25/30] avg=8.93
2026-08-20 21:06:44,384 [INFO] core.evaluator_v2: [ours] pred='The project team discusses the design of a new television remote control. Key points include:\n\n- The remote must be tele'
2026-08-20 21:06:57,762 [INFO] core.evaluator_v2: [ours] pred='The document is a transcript of a project meeting where the team discusses the progress and evaluation of a new remote c'
2026-08-20 21:06:58,179 [WARNING] core.model_loader: Input length 18553 > max 16000, truncating...
2026-08-20 21:07:08,344 [INFO] core.evaluator_v2: [ours] pred='The document is a conversation among graduate students and professors discussing a research project focused on understan'
2026-08-20 21:07:19,326 [INFO] core.evaluator_v2: [ours] pred='The document is a transcript of a project meeting where the team discusses the functional design of a new remote control'
2026-08-20 21:07:26,079 [INFO] core.evaluator_v2: [ours] pred='The document is a transcript of a kick-off meeting for a new remote control project. Key points include:\n\n- The team dis'
2026-08-20 21:07:26,083 [INFO] core.evaluator_v2:   [30/30] avg=9.11
2026-08-20 21:07:26,084 [INFO] __main__:   → score=9.11, collapse=0/30 (0.0%), mem_red=20.0%
2026-08-20 21:07:26,085 [INFO] __main__: 
  Task: gov_report
2026-08-20 21:07:26,085 [INFO] core.dataset_loader: Loading LongBench/gov_report ...
2026-08-20 21:07:26,235 [INFO] httpx: HTTP Request: GET https://huggingface.co/api/datasets/THUDM/LongBench/revision/5e628be450b7e67fb7ae6e201bd6d8f7056f7672 "HTTP/1.1 307 Temporary Redirect"
2026-08-20 21:07:26,285 [INFO] httpx: HTTP Request: GET https://huggingface.co/api/datasets/zai-org/LongBench/revision/5e628be450b7e67fb7ae6e201bd6d8f7056f7672 "HTTP/1.1 200 OK"
2026-08-20 21:07:26,757 [INFO] core.dataset_loader: Loaded 30 samples from gov_report
2026-08-20 21:07:26,759 [INFO] core.evaluator_v2: [ours] gov_report (30샘플, budget=80%, kwargs={'sink_size': 16, 'invert_norm': True})
2026-08-20 21:07:37,544 [INFO] core.evaluator_v2: [ours] pred='The National Science Foundation (NSF) uses two programs, IPA and VSEE, to bring in temporary staff (rotators) to support'
2026-08-20 21:07:45,201 [INFO] core.evaluator_v2: [ours] pred='The document outlines the challenges and efforts in managing federal IT acquisitions and operations, as well as ensuring'
2026-08-20 21:07:45,522 [WARNING] core.model_loader: Input length 51949 > max 16000, truncating...
2026-08-20 21:08:04,914 [INFO] core.evaluator_v2: [ours] pred="**Summary:**\n\nThis report provides a comprehensive overview of U.S. strategic and policy considerations regarding China'"
2026-08-20 21:08:05,312 [WARNING] core.model_loader: Input length 28135 > max 16000, truncating...
2026-08-20 21:08:20,446 [INFO] core.evaluator_v2: [ours] pred='The Clean Water Act (CWA) authorizes federal assistance for wastewater treatment infrastructure, initially established i'
2026-08-20 21:08:39,441 [INFO] core.evaluator_v2: [ours] pred='**Summary:**\n\nThe Department of Homeland Security (DHS) faced significant internal control and financial management defi'
2026-08-20 21:08:39,493 [INFO] core.evaluator_v2:   [5/30] avg=16.67
2026-08-20 21:08:48,224 [INFO] core.evaluator_v2: [ours] pred='**Summary:**\n\nCybersecurity threats continue to significantly impact federal agencies and the information they manage. T'
2026-08-20 21:08:57,755 [INFO] core.evaluator_v2: [ours] pred="The document outlines the U.S. government's efforts to support small businesses through various programs and policies. I"
2026-08-20 21:08:58,005 [WARNING] core.model_loader: Input length 19434 > max 16000, truncating...
2026-08-20 21:09:13,244 [INFO] core.evaluator_v2: [ours] pred='The Department of Defense (DOD) uses "Other Transactions" (OTs) to fund research, development, and prototyping, allowing'
2026-08-20 21:09:25,644 [INFO] core.evaluator_v2: [ours] pred='The document discusses the evolving role of cash in the U.S. payment system, highlighting the increasing adoption of ele'
2026-08-20 21:09:25,989 [WARNING] core.model_loader: Input length 41630 > max 16000, truncating...
2026-08-20 21:09:40,126 [INFO] core.evaluator_v2: [ours] pred='The Department of Homeland Security (DHS) manages its major acquisition programs through established policies and proces'
2026-08-20 21:09:40,196 [INFO] core.evaluator_v2:   [10/30] avg=15.31
2026-08-20 21:09:51,476 [INFO] core.evaluator_v2: [ours] pred='This report provides a detailed analysis of the Department of Homeland Security (DHS) budget for FY2019, comparing the T'
2026-08-20 21:10:05,384 [INFO] core.evaluator_v2: [ours] pred='The U.S. federal government manages approximately 640 million acres, primarily in the western states, through four main '
2026-08-20 21:10:18,891 [INFO] core.evaluator_v2: [ours] pred='The document outlines the financial and operational aspects of the Black Lung Disability Trust Fund (BLTF), which provid'
2026-08-20 21:10:39,468 [INFO] core.evaluator_v2: [ours] pred='The document provides a comprehensive overview of U.S. foreign aid, detailing its role, structure, and evolution over ti'
2026-08-20 21:10:49,078 [INFO] core.evaluator_v2: [ours] pred='**Summary:**\n\nIn 2016, coal accounted for 17% of U.S. energy production, with approximately 730 million tons mined. The '
2026-08-20 21:10:49,093 [INFO] core.evaluator_v2:   [15/30] avg=16.09
2026-08-20 21:10:56,267 [INFO] core.evaluator_v2: [ours] pred="The Public Safety Officers' Benefits (PSOB) and Education Assistance (PSOEA) programs provide financial support to the f"
2026-08-20 21:11:00,810 [INFO] core.evaluator_v2: [ours] pred="The document outlines the FBI's challenges with its headquarters at the Hoover Building, including insufficient space, o"
2026-08-20 21:11:09,247 [INFO] core.evaluator_v2: [ours] pred='The document discusses challenges faced by the Department of Veterans Affairs (VA) in aligning its medical facilities an'
2026-08-20 21:11:18,593 [INFO] core.evaluator_v2: [ours] pred='The document provides an overview of the FY2019 budget and appropriations for the International Trade Administration (IT'
2026-08-20 21:11:25,798 [INFO] core.evaluator_v2: [ours] pred="The document outlines the federal government's program for compensating coal miners affected by coal workers' pneumoconi"
2026-08-20 21:11:25,808 [INFO] core.evaluator_v2:   [20/30] avg=16.66
2026-08-20 21:11:41,635 [INFO] core.evaluator_v2: [ours] pred='**Summary:**\n\nThis document provides an in-depth analysis of the technology workforce in the United States, focusing on '
2026-08-20 21:11:57,913 [INFO] core.evaluator_v2: [ours] pred='**Summary:**\n\nThe document outlines the current state of Internet privacy in the United States, highlighting the lack of'
2026-08-20 21:12:15,726 [INFO] core.evaluator_v2: [ours] pred='**Summary:**\n\nOver the past three decades, there has been a significant shift in U.S. retirement savings from defined be'
2026-08-20 21:12:24,742 [INFO] core.evaluator_v2: [ours] pred='The Social Security Administration (SSA) is responsible for delivering Social Security benefits to millions of Americans'
2026-08-20 21:12:37,937 [INFO] core.evaluator_v2: [ours] pred='The document outlines the financial challenges facing the Federal Employees Health Benefits Program (FEHBP) for postal r'
2026-08-20 21:12:37,978 [INFO] core.evaluator_v2:   [25/30] avg=16.68
2026-08-20 21:12:45,252 [INFO] core.evaluator_v2: [ours] pred='The 116th Congress is likely to address a range of housing-related issues, including housing finance, program oversight,'
2026-08-20 21:13:01,851 [INFO] core.evaluator_v2: [ours] pred='The National Popular Vote (NPV) initiative seeks to reform the U.S. presidential election system by creating an intersta'
2026-08-20 21:13:10,682 [INFO] core.evaluator_v2: [ours] pred='The document outlines the key components and funding details of the Energy and Water Development appropriations bill for'
2026-08-20 21:13:25,403 [INFO] core.evaluator_v2: [ours] pred="The document outlines the federal government's efforts to manage and reduce its real property footprint through the Redu"
2026-08-20 21:13:34,755 [INFO] core.evaluator_v2: [ours] pred="The National Cemeteries Act of 1973 established the modern veterans' cemetery system, with the National Cemeteries Admin"
2026-08-20 21:13:34,772 [INFO] core.evaluator_v2:   [30/30] avg=16.49
2026-08-20 21:13:34,773 [INFO] __main__:   → score=16.49, collapse=0/30 (0.0%), mem_red=20.0%
2026-08-20 21:13:34,785 [INFO] core.results_manager: Results saved to results/v3_verified/exp6_sink_intervention_qwen3-4b_budget80_20260820_200418.csv
2026-08-20 21:13:34,821 [INFO] core.results_manager: JSON saved to results/v3_verified/exp6_sink_intervention_qwen3-4b_budget80_20260820_200418.json
2026-08-20 21:13:34,823 [INFO] __main__:   [중간 저장 완료] 6/30 설정
2026-08-20 21:13:34,824 [INFO] __main__: 
────────────────────────────────────────────────────────────
2026-08-20 21:13:34,824 [INFO] __main__: Method: AdaKV-adapted_m0 | Budget: 80% | kwargs={'sink_size': 0, 'invert_norm': True}
2026-08-20 21:13:34,825 [INFO] __main__: ────────────────────────────────────────────────────────────
2026-08-20 21:13:34,826 [INFO] __main__: 
  Task: qmsum
2026-08-20 21:13:34,826 [INFO] core.dataset_loader: Loading LongBench/qmsum ...
2026-08-20 21:13:34,914 [INFO] httpx: HTTP Request: GET https://huggingface.co/api/datasets/THUDM/LongBench/revision/5e628be450b7e67fb7ae6e201bd6d8f7056f7672 "HTTP/1.1 307 Temporary Redirect"
2026-08-20 21:13:34,954 [INFO] httpx: HTTP Request: GET https://huggingface.co/api/datasets/zai-org/LongBench/revision/5e628be450b7e67fb7ae6e201bd6d8f7056f7672 "HTTP/1.1 200 OK"
2026-08-20 21:13:35,490 [INFO] core.dataset_loader: Loaded 30 samples from qmsum
2026-08-20 21:13:35,493 [INFO] core.evaluator_v2: [adakv] qmsum (30샘플, budget=80%, kwargs={'sink_size': 0, 'invert_norm': True})
2026-08-20 21:13:44,916 [INFO] core.evaluator_v2: [adakv] pred='The document describes a meeting where the project team introduces a new TV remote control project. The main goals are t'
2026-08-20 21:13:54,166 [INFO] core.evaluator_v2: [adakv] pred='The document is a meeting transcript between a Project Manager, Industrial Designer, User Interface designer, and Market'
2026-08-20 21:14:04,941 [INFO] core.evaluator_v2: [adakv] pred='The document is a meeting transcript discussing progress on a research project involving a speech system called SmartKom'
2026-08-20 21:14:14,626 [INFO] core.evaluator_v2: [adakv] pred='The document is a meeting transcript involving a project team, including a Project Manager, Industrial Designer, User In'
2026-08-20 21:14:24,197 [INFO] core.evaluator_v2: [adakv] pred='The document is a meeting transcript where team members discuss the design of a remote control. Key points include:\n\n- *'
2026-08-20 21:14:24,233 [INFO] core.evaluator_v2:   [5/30] avg=8.62
2026-08-20 21:14:25,804 [WARNING] core.model_loader: Input length 18386 > max 16000, truncating...
2026-08-20 21:14:35,558 [INFO] core.evaluator_v2: [adakv] pred='The document is a conversation between professors and PhD students discussing their research on noise robustness in spee'
2026-08-20 21:14:41,199 [WARNING] core.model_loader: Input length 18553 > max 16000, truncating...
2026-08-20 21:14:54,760 [INFO] core.evaluator_v2: [adakv] pred='The document is a conversation among graduate students and professors discussing a research project focused on understan'
2026-08-20 21:14:55,089 [WARNING] core.model_loader: Input length 16224 > max 16000, truncating...
2026-08-20 21:15:04,604 [INFO] core.evaluator_v2: [adakv] pred="The document details a meeting of the Welsh Government's Children, Young People and Education Committee, where Minister "
2026-08-20 21:15:05,124 [WARNING] core.model_loader: Input length 16924 > max 16000, truncating...
2026-08-20 21:15:16,249 [INFO] core.evaluator_v2: [adakv] pred='The document is a meeting transcript where participants discuss various technical and logistical issues related to a res'
2026-08-20 21:15:21,231 [INFO] core.evaluator_v2: [adakv] pred='The document describes a project kick-off meeting for designing a new remote control. Key points include: the remote mus'
2026-08-20 21:15:21,235 [INFO] core.evaluator_v2:   [10/30] avg=7.89
2026-08-20 21:15:21,540 [WARNING] core.model_loader: Input length 16844 > max 16000, truncating...
2026-08-20 21:15:32,242 [INFO] core.evaluator_v2: [adakv] pred='The document is a meeting transcript involving researchers discussing various aspects of speech recognition, data collec'
2026-08-20 21:15:32,610 [WARNING] core.model_loader: Input length 16224 > max 16000, truncating...
2026-08-20 21:15:41,624 [INFO] core.evaluator_v2: [adakv] pred="The document details a meeting of the Welsh Government's Children, Young People and Education Committee, where Minister "
2026-08-20 21:15:49,297 [INFO] core.evaluator_v2: [adakv] pred='The document is a meeting summary of the Children, Young People and Education Committee discussing the impact of the cor'
2026-08-20 21:15:59,432 [INFO] core.evaluator_v2: [adakv] pred='The document is a meeting summary involving an Industrial Designer, User Interface designer, and Project Manager discuss'
2026-08-20 21:16:12,036 [INFO] core.evaluator_v2: [adakv] pred='The document outlines a project meeting where the team discusses the design of a remote control. Key points include:\n\n- '
2026-08-20 21:16:12,043 [INFO] core.evaluator_v2:   [15/30] avg=8.71
2026-08-20 21:16:25,736 [INFO] core.evaluator_v2: [adakv] pred='The document is a conversation from a project meeting involving a Project Manager, Marketing, Industrial Designer, and U'
2026-08-20 21:16:30,427 [INFO] core.evaluator_v2: [adakv] pred='The document describes a project kick-off meeting for designing a new remote control. Key points include: the remote mus'
2026-08-20 21:16:30,613 [WARNING] core.model_loader: Input length 16844 > max 16000, truncating...
2026-08-20 21:16:41,833 [INFO] core.evaluator_v2: [adakv] pred='The document is a meeting transcript involving researchers discussing various aspects of speech recognition, data collec'
2026-08-20 21:16:50,394 [INFO] core.evaluator_v2: [adakv] pred='The document is a meeting transcript between a Project Manager, Industrial Designer, User Interface specialist, and Mark'
2026-08-20 21:16:50,650 [WARNING] core.model_loader: Input length 16224 > max 16000, truncating...
2026-08-20 21:16:59,110 [INFO] core.evaluator_v2: [adakv] pred="The document details a meeting of the Welsh Government's Children, Young People and Education Committee, where Minister "
2026-08-20 21:16:59,133 [INFO] core.evaluator_v2:   [20/30] avg=9.23
2026-08-20 21:17:08,158 [INFO] core.evaluator_v2: [adakv] pred='The document is a detailed meeting transcript involving a project manager, marketing, user interface, and industrial des'
2026-08-20 21:17:10,734 [WARNING] core.model_loader: Input length 25564 > max 16000, truncating...
2026-08-20 21:17:24,883 [INFO] core.evaluator_v2: [adakv] pred='The document details the 12th meeting of the House of Commons Special Committee on the COVID-19 Pandemic, held in a hybr'
2026-08-20 21:17:32,503 [WARNING] core.model_loader: Input length 18386 > max 16000, truncating...
2026-08-20 21:17:41,646 [INFO] core.evaluator_v2: [adakv] pred='The document is a conversation between professors and PhD students discussing their research on noise robustness in spee'
2026-08-20 21:17:49,693 [INFO] core.evaluator_v2: [adakv] pred='The document is a meeting transcript involving a project team, including a Project Manager, Industrial Designer, User In'
2026-08-20 21:17:57,243 [INFO] core.evaluator_v2: [adakv] pred='The document is a conversation among project team members discussing a product prototype for a remote control. Key point'
2026-08-20 21:17:57,259 [INFO] core.evaluator_v2:   [25/30] avg=9.05
2026-08-20 21:18:04,053 [INFO] core.evaluator_v2: [adakv] pred='The project team discussed the design of a new television remote. Key points include:\n\n- The remote must be television-o'
2026-08-20 21:18:12,474 [INFO] core.evaluator_v2: [adakv] pred='The document is a detailed meeting transcript involving a project manager, marketing, user interface, and industrial des'
2026-08-20 21:18:12,805 [WARNING] core.model_loader: Input length 18553 > max 16000, truncating...
2026-08-20 21:18:22,085 [INFO] core.evaluator_v2: [adakv] pred='The document is a conversation among graduate students and professors discussing a research project focused on understan'
2026-08-20 21:18:37,157 [INFO] core.evaluator_v2: [adakv] pred='The document is a meeting transcript between a Project Manager, User Interface, and Industrial Designer discussing the f'
2026-08-20 21:18:41,997 [INFO] core.evaluator_v2: [adakv] pred='The document describes a project kick-off meeting for designing a new remote control. Key points include: the remote mus'
2026-08-20 21:18:42,000 [INFO] core.evaluator_v2:   [30/30] avg=9.36
2026-08-20 21:18:42,001 [INFO] __main__:   → score=9.36, collapse=0/30 (0.0%), mem_red=20.0%
2026-08-20 21:18:42,025 [INFO] __main__: 
  Task: gov_report
2026-08-20 21:18:42,028 [INFO] core.dataset_loader: Loading LongBench/gov_report ...
2026-08-20 21:18:42,111 [INFO] httpx: HTTP Request: GET https://huggingface.co/api/datasets/THUDM/LongBench/revision/5e628be450b7e67fb7ae6e201bd6d8f7056f7672 "HTTP/1.1 307 Temporary Redirect"
2026-08-20 21:18:42,166 [INFO] httpx: HTTP Request: GET https://huggingface.co/api/datasets/zai-org/LongBench/revision/5e628be450b7e67fb7ae6e201bd6d8f7056f7672 "HTTP/1.1 200 OK"
2026-08-20 21:18:42,619 [INFO] core.dataset_loader: Loaded 30 samples from gov_report
2026-08-20 21:18:42,622 [INFO] core.evaluator_v2: [adakv] gov_report (30샘플, budget=80%, kwargs={'sink_size': 0, 'invert_norm': True})
2026-08-20 21:18:49,228 [INFO] core.evaluator_v2: [adakv] pred="The GAO report outlines NSF's use of two rotator programs—IPA and VSEE—to bring in temporary staff for science and engin"
2026-08-20 21:19:01,743 [INFO] core.evaluator_v2: [adakv] pred='The document outlines the challenges and efforts related to federal IT management. Despite a $96 billion budget for IT i'
2026-08-20 21:19:02,103 [WARNING] core.model_loader: Input length 51949 > max 16000, truncating...
2026-08-20 21:19:15,616 [INFO] core.evaluator_v2: [adakv] pred="**Summary:**\n\nThis document provides a comprehensive overview of China's actions in the South China Sea (SCS) and East C"
2026-08-20 21:19:15,942 [WARNING] core.model_loader: Input length 28135 > max 16000, truncating...
2026-08-20 21:19:35,327 [INFO] core.evaluator_v2: [adakv] pred='The Clean Water Act (CWA) authorizes federal grants for municipal wastewater treatment plant construction and related ac'
2026-08-20 21:19:53,940 [INFO] core.evaluator_v2: [adakv] pred='**Summary:**\n\nThe Department of Homeland Security (DHS) has faced significant internal control and financial management '
2026-08-20 21:19:54,003 [INFO] core.evaluator_v2:   [5/30] avg=15.79
2026-08-20 21:20:05,049 [INFO] core.evaluator_v2: [adakv] pred='**Summary:**\n\nCybersecurity threats continue to impact federal agencies, with numerous incidents reported in recent year'
2026-08-20 21:20:18,999 [INFO] core.evaluator_v2: [adakv] pred='The document outlines the historical and current framework for supporting small businesses in the United States, particu'
2026-08-20 21:20:19,918 [WARNING] core.model_loader: Input length 19434 > max 16000, truncating...
2026-08-20 21:20:31,115 [INFO] core.evaluator_v2: [adakv] pred='The Department of Defense (DOD) uses over $300 billion annually for goods and services, governed by statutes and regulat'
2026-08-20 21:20:45,125 [INFO] core.evaluator_v2: [adakv] pred='The document discusses the increasing role of electronic payment systems in modern society, driven by technological adva'
2026-08-20 21:20:45,667 [WARNING] core.model_loader: Input length 41630 > max 16000, truncating...
2026-08-20 21:21:04,776 [INFO] core.evaluator_v2: [adakv] pred='The Department of Homeland Security (DHS) has established policies and processes to manage its large-scale acquisitions,'
2026-08-20 21:21:04,811 [INFO] core.evaluator_v2:   [10/30] avg=15.54
2026-08-20 21:21:11,969 [INFO] core.evaluator_v2: [adakv] pred='This report analyzes the Department of Homeland Security (DHS) annual appropriations for FY2019, comparing the enacted F'
2026-08-20 21:21:22,728 [INFO] core.evaluator_v2: [adakv] pred='The U.S. federal government owns about 640 million acres, mostly in 12 western states, managed by four agencies: the Nat'
2026-08-20 21:21:36,725 [INFO] core.evaluator_v2: [adakv] pred='The document outlines the financial structure and challenges of the Black Lung Disability Trust Fund. Key points include'
2026-08-20 21:21:50,749 [INFO] core.evaluator_v2: [adakv] pred='The U.S. foreign aid program is a major component of the international affairs budget, with significant historical and p'
2026-08-20 21:22:05,223 [INFO] core.evaluator_v2: [adakv] pred='**Summary:**\n\nIn 2016, coal accounted for 17% of U.S. energy production and 30% of electricity generation, with approxim'
2026-08-20 21:22:05,248 [INFO] core.evaluator_v2:   [15/30] avg=16.25
2026-08-20 21:22:18,596 [INFO] core.evaluator_v2: [adakv] pred="The Public Safety Officers' Benefits (PSOB) and Public Safety Officers' Educational Assistance (PSOEA) programs provide "
2026-08-20 21:22:25,493 [INFO] core.evaluator_v2: [adakv] pred='The document discusses the strategic and operational challenges faced by the FBI due to the suboptimal condition of its '
2026-08-20 21:22:34,172 [INFO] core.evaluator_v2: [adakv] pred='The document discusses challenges faced by the VA in aligning its health care delivery and real property to meet the nee'
2026-08-20 21:22:45,787 [INFO] core.evaluator_v2: [adakv] pred='The document provides an overview of the FY2019 budget and appropriations for the International Trade Administration (IT'
2026-08-20 21:22:51,977 [INFO] core.evaluator_v2: [adakv] pred='The federal government provides benefits to coal miners affected by black lung disease (CWP) when responsible mine opera'
2026-08-20 21:22:51,987 [INFO] core.evaluator_v2:   [20/30] avg=17.03
2026-08-20 21:23:04,985 [INFO] core.evaluator_v2: [adakv] pred='**Summary:**\n\nThis document provides a comprehensive overview of the technology sector in the United States, focusing on'
2026-08-20 21:23:16,516 [INFO] core.evaluator_v2: [adakv] pred='**Summary:**\n\nThe document outlines the current state of Internet privacy in the United States, emphasizing the lack of '
2026-08-20 21:23:32,917 [INFO] core.evaluator_v2: [adakv] pred='**Summary:**\n\nOver the past 30 years, employers have shifted from sponsoring defined benefit (DB) plans to defined contr'
2026-08-20 21:23:39,090 [INFO] core.evaluator_v2: [adakv] pred='The Social Security Administration (SSA) delivers critical benefits to millions of Americans, including retirees, disabl'
2026-08-20 21:23:51,949 [INFO] core.evaluator_v2: [adakv] pred='The Federal Employees Health Benefits Program (FEHBP) provides health insurance for federal employees and retirees, incl'
2026-08-20 21:23:51,985 [INFO] core.evaluator_v2:   [25/30] avg=16.74
2026-08-20 21:24:01,153 [INFO] core.evaluator_v2: [adakv] pred="The 116th Congress may consider various housing-related issues, including reforming the nation's housing finance system,"
2026-08-20 21:24:13,649 [INFO] core.evaluator_v2: [adakv] pred='The National Popular Vote (NPV) initiative seeks to establish direct popular election of the President and Vice Presiden'
2026-08-20 21:24:21,893 [INFO] core.evaluator_v2: [adakv] pred='The Energy and Water Development Appropriations Bill includes funding for various federal agencies, such as the U.S. Arm'
2026-08-20 21:24:35,153 [INFO] core.evaluator_v2: [adakv] pred='The U.S. federal government owns and leases hundreds of thousands of buildings, costing billions annually to operate. To'
2026-08-20 21:24:44,519 [INFO] core.evaluator_v2: [adakv] pred='The National Cemeteries Act of 1973 established the modern veterans’ cemetery system, managed by the VA’s National Cemet'
2026-08-20 21:24:44,561 [INFO] core.evaluator_v2:   [30/30] avg=16.72
2026-08-20 21:24:44,561 [INFO] __main__:   → score=16.72, collapse=0/30 (0.0%), mem_red=20.0%
2026-08-20 21:24:44,573 [INFO] core.results_manager: Results saved to results/v3_verified/exp6_sink_intervention_qwen3-4b_budget80_20260820_200418.csv
2026-08-20 21:24:44,597 [INFO] core.results_manager: JSON saved to results/v3_verified/exp6_sink_intervention_qwen3-4b_budget80_20260820_200418.json
2026-08-20 21:24:44,598 [INFO] __main__:   [중간 저장 완료] 7/30 설정
2026-08-20 21:24:44,598 [INFO] __main__: 
────────────────────────────────────────────────────────────
2026-08-20 21:24:44,599 [INFO] __main__: Method: AdaKV-adapted_m1 | Budget: 80% | kwargs={'sink_size': 1, 'invert_norm': True}
2026-08-20 21:24:44,600 [INFO] __main__: ────────────────────────────────────────────────────────────
2026-08-20 21:24:44,601 [INFO] __main__: 
  Task: qmsum
2026-08-20 21:24:44,601 [INFO] core.dataset_loader: Loading LongBench/qmsum ...
2026-08-20 21:24:44,695 [INFO] httpx: HTTP Request: GET https://huggingface.co/api/datasets/THUDM/LongBench/revision/5e628be450b7e67fb7ae6e201bd6d8f7056f7672 "HTTP/1.1 307 Temporary Redirect"
2026-08-20 21:24:44,728 [INFO] httpx: HTTP Request: GET https://huggingface.co/api/datasets/zai-org/LongBench/revision/5e628be450b7e67fb7ae6e201bd6d8f7056f7672 "HTTP/1.1 200 OK"
2026-08-20 21:24:45,266 [INFO] core.dataset_loader: Loaded 30 samples from qmsum
2026-08-20 21:24:45,268 [INFO] core.evaluator_v2: [adakv] qmsum (30샘플, budget=80%, kwargs={'sink_size': 1, 'invert_norm': True})
2026-08-20 21:24:52,706 [INFO] core.evaluator_v2: [adakv] pred='The document is a transcript of a project meeting where the team discusses the goals and structure of a design project t'
2026-08-20 21:25:02,914 [INFO] core.evaluator_v2: [adakv] pred='The document is a meeting transcript between a project manager, industrial designer, user interface designer, and market'
2026-08-20 21:25:14,906 [INFO] core.evaluator_v2: [adakv] pred='The document is a meeting transcript discussing progress and discussions related to a research project involving the Sma'
2026-08-20 21:25:23,385 [INFO] core.evaluator_v2: [adakv] pred='The document is a detailed audio transcript of a team meeting discussing the development of a new remote control device.'
2026-08-20 21:25:32,556 [INFO] core.evaluator_v2: [adakv] pred='The document is a transcript of a meeting among team members discussing the conceptual design of a new remote control de'
2026-08-20 21:25:32,560 [INFO] core.evaluator_v2:   [5/30] avg=8.69
2026-08-20 21:25:32,980 [WARNING] core.model_loader: Input length 18386 > max 16000, truncating...
2026-08-20 21:25:40,822 [INFO] core.evaluator_v2: [adakv] pred='The document is a conversation among researchers discussing their work on improving speech recognition systems, focusing'
2026-08-20 21:25:41,495 [WARNING] core.model_loader: Input length 18553 > max 16000, truncating...
2026-08-20 21:25:52,330 [INFO] core.evaluator_v2: [adakv] pred='The document is a conversation among graduate students and professors discussing a research project focused on understan'
2026-08-20 21:25:56,925 [WARNING] core.model_loader: Input length 16224 > max 16000, truncating...
2026-08-20 21:26:05,838 [INFO] core.evaluator_v2: [adakv] pred="The Welsh Government's childcare initiative, outlined in the Childcare (Wales) Bill, aims to provide affordable, accessi"
2026-08-20 21:26:17,330 [WARNING] core.model_loader: Input length 16924 > max 16000, truncating...
2026-08-20 21:26:26,477 [INFO] core.evaluator_v2: [adakv] pred='The document is a meeting transcript discussing various project-related topics, including transcription status, particip'
2026-08-20 21:26:32,681 [INFO] core.evaluator_v2: [adakv] pred='The document is a transcript of a kick-off meeting for the design of a new remote control. The project manager, Christa '
2026-08-20 21:26:32,684 [INFO] core.evaluator_v2:   [10/30] avg=7.42
2026-08-20 21:26:32,942 [WARNING] core.model_loader: Input length 16844 > max 16000, truncating...
2026-08-20 21:26:44,810 [INFO] core.evaluator_v2: [adakv] pred='The document is a meeting transcript discussing various aspects of a speech recognition project. Key points include:\n\n- '
2026-08-20 21:26:45,155 [WARNING] core.model_loader: Input length 16224 > max 16000, truncating...
2026-08-20 21:26:54,244 [INFO] core.evaluator_v2: [adakv] pred="The Welsh Government's childcare initiative, outlined in the Childcare (Wales) Bill, aims to provide affordable, accessi"
2026-08-20 21:27:01,340 [INFO] core.evaluator_v2: [adakv] pred='The meeting of the Children, Young People and Education Committee addressed the impact of the coronavirus pandemic on ch'
2026-08-20 21:27:12,830 [INFO] core.evaluator_v2: [adakv] pred='The document is a meeting transcript where the team reviews the design of a new remote control shaped like a banana. Key'
2026-08-20 21:27:26,608 [INFO] core.evaluator_v2: [adakv] pred='The document outlines a project meeting where the team discusses the design of a new remote control. Key points include:'
2026-08-20 21:27:26,625 [INFO] core.evaluator_v2:   [15/30] avg=7.82
2026-08-20 21:27:35,143 [INFO] core.evaluator_v2: [adakv] pred='The document is a transcript of a meeting between a Project Manager, Marketing, Industrial Designer, and User Interface '
2026-08-20 21:27:47,056 [INFO] core.evaluator_v2: [adakv] pred='The document is a transcript of a kick-off meeting for the design of a new remote control. The project manager, Christa '
2026-08-20 21:27:47,320 [WARNING] core.model_loader: Input length 16844 > max 16000, truncating...
2026-08-20 21:27:58,996 [INFO] core.evaluator_v2: [adakv] pred='The document is a meeting transcript discussing various aspects of a speech recognition project. Key points include:\n\n- '
2026-08-20 21:28:07,041 [INFO] core.evaluator_v2: [adakv] pred='The document is a transcript of a meeting between a Project Manager, Industrial Designer, User Interface specialist, and'
2026-08-20 21:28:07,392 [WARNING] core.model_loader: Input length 16224 > max 16000, truncating...
2026-08-20 21:28:17,852 [INFO] core.evaluator_v2: [adakv] pred="The Welsh Government's childcare initiative, outlined in the Childcare (Wales) Bill, aims to provide affordable, accessi"
2026-08-20 21:28:17,856 [INFO] core.evaluator_v2:   [20/30] avg=8.72
2026-08-20 21:28:27,067 [INFO] core.evaluator_v2: [adakv] pred='The document is a transcript of a project meeting where the team discusses the development of a new remote control devic'
2026-08-20 21:28:27,375 [WARNING] core.model_loader: Input length 25564 > max 16000, truncating...
2026-08-20 21:28:35,943 [INFO] core.evaluator_v2: [adakv] pred='The document details the 12th meeting of the House of Commons Special Committee on the COVID-19 Pandemic, which was held'
2026-08-20 21:28:36,339 [WARNING] core.model_loader: Input length 18386 > max 16000, truncating...
2026-08-20 21:28:44,206 [INFO] core.evaluator_v2: [adakv] pred='The document is a conversation among researchers discussing their work on improving speech recognition systems, focusing'
2026-08-20 21:28:52,770 [INFO] core.evaluator_v2: [adakv] pred='The document is a detailed audio transcript of a team meeting discussing the development of a new remote control device.'
2026-08-20 21:28:59,617 [INFO] core.evaluator_v2: [adakv] pred='The document is a conversation among a Project Manager, Industrial Designer, User Interface specialist, and Marketing re'
2026-08-20 21:28:59,622 [INFO] core.evaluator_v2:   [25/30] avg=8.84
2026-08-20 21:29:10,962 [INFO] core.evaluator_v2: [adakv] pred='The project team discusses the design of a new television remote control. Key points include:\n\n- The remote must be tele'
2026-08-20 21:29:19,813 [INFO] core.evaluator_v2: [adakv] pred='The document is a transcript of a project meeting where the team discusses the development of a new remote control devic'
2026-08-20 21:29:20,078 [WARNING] core.model_loader: Input length 18553 > max 16000, truncating...
2026-08-20 21:29:30,377 [INFO] core.evaluator_v2: [adakv] pred='The document is a conversation among graduate students and professors discussing a research project focused on understan'
2026-08-20 21:29:42,619 [INFO] core.evaluator_v2: [adakv] pred='The document is a transcript of a functional design meeting where team members discuss the development of a new remote c'
2026-08-20 21:29:49,252 [INFO] core.evaluator_v2: [adakv] pred='The document is a transcript of a kick-off meeting for the design of a new remote control. The project manager, Christa '
2026-08-20 21:29:49,255 [INFO] core.evaluator_v2:   [30/30] avg=9.09
2026-08-20 21:29:49,256 [INFO] __main__:   → score=9.09, collapse=0/30 (0.0%), mem_red=20.0%
2026-08-20 21:29:49,257 [INFO] __main__: 
  Task: gov_report
2026-08-20 21:29:49,258 [INFO] core.dataset_loader: Loading LongBench/gov_report ...
2026-08-20 21:29:49,330 [INFO] httpx: HTTP Request: GET https://huggingface.co/api/datasets/THUDM/LongBench/revision/5e628be450b7e67fb7ae6e201bd6d8f7056f7672 "HTTP/1.1 307 Temporary Redirect"
2026-08-20 21:29:49,364 [INFO] httpx: HTTP Request: GET https://huggingface.co/api/datasets/zai-org/LongBench/revision/5e628be450b7e67fb7ae6e201bd6d8f7056f7672 "HTTP/1.1 200 OK"
2026-08-20 21:29:49,850 [INFO] core.dataset_loader: Loaded 30 samples from gov_report
2026-08-20 21:29:49,854 [INFO] core.evaluator_v2: [adakv] gov_report (30샘플, budget=80%, kwargs={'sink_size': 1, 'invert_norm': True})
2026-08-20 21:30:00,461 [INFO] core.evaluator_v2: [adakv] pred='The National Science Foundation (NSF) uses two programs, the IPA and VSEE, to bring in rotators. IPA rotators are employ'
2026-08-20 21:30:08,935 [INFO] core.evaluator_v2: [adakv] pred='The document outlines the challenges and efforts in federal IT management and cybersecurity. Despite a $96 billion budge'
2026-08-20 21:30:10,410 [WARNING] core.model_loader: Input length 51949 > max 16000, truncating...
2026-08-20 21:30:26,288 [INFO] core.evaluator_v2: [adakv] pred="**Summary:**\n\nThis report provides a comprehensive overview of China's actions in the South China Sea (SCS) and East Chi"
2026-08-20 21:30:26,722 [WARNING] core.model_loader: Input length 28135 > max 16000, truncating...
2026-08-20 21:30:41,485 [INFO] core.evaluator_v2: [adakv] pred='The Clean Water Act (CWA) authorizes federal grants for wastewater treatment plant construction and related activities, '
2026-08-20 21:30:56,314 [INFO] core.evaluator_v2: [adakv] pred='**Summary:**\n\nThe Department of Homeland Security (DHS) has faced significant internal control and financial management '
2026-08-20 21:30:56,352 [INFO] core.evaluator_v2:   [5/30] avg=16.46
2026-08-20 21:31:11,661 [INFO] core.evaluator_v2: [adakv] pred='**Summary:**\n\nThe document outlines the ongoing challenges and efforts in securing federal information systems in the Un'
2026-08-20 21:31:20,232 [INFO] core.evaluator_v2: [adakv] pred='The document outlines the historical context, legal framework, and key programs established by Congress to support small'
2026-08-20 21:31:20,835 [WARNING] core.model_loader: Input length 19434 > max 16000, truncating...
2026-08-20 21:31:35,217 [INFO] core.evaluator_v2: [adakv] pred='The Department of Defense (DOD) uses "Other Transaction" (OT) authorities to acquire goods and services, including resea'
2026-08-20 21:31:43,984 [INFO] core.evaluator_v2: [adakv] pred='The document discusses the evolving role of cash in the U.S. payment system, highlighting the increasing adoption of ele'
2026-08-20 21:31:44,325 [WARNING] core.model_loader: Input length 41630 > max 16000, truncating...
2026-08-20 21:32:06,954 [INFO] core.evaluator_v2: [adakv] pred='The Department of Homeland Security (DHS) has established policies and processes to manage its large-scale acquisitions,'
2026-08-20 21:32:06,987 [INFO] core.evaluator_v2:   [10/30] avg=14.88
2026-08-20 21:32:14,184 [INFO] core.evaluator_v2: [adakv] pred='This report provides a detailed analysis of the Department of Homeland Security (DHS) annual appropriations for FY2019, '
2026-08-20 21:32:24,400 [INFO] core.evaluator_v2: [adakv] pred="The U.S. federal government owns approximately 640 million acres, or a quarter of the nation's land, primarily in the we"
2026-08-20 21:32:37,167 [INFO] core.evaluator_v2: [adakv] pred='The document outlines the financial and operational aspects of the Black Lung Disability Trust Fund (BLTF), which provid'
2026-08-20 21:32:52,063 [INFO] core.evaluator_v2: [adakv] pred='The document provides a comprehensive overview of the U.S. foreign aid program, detailing its historical evolution, obje'
2026-08-20 21:33:04,281 [INFO] core.evaluator_v2: [adakv] pred='**Summary:**\n\nIn 2016, coal accounted for 17% of U.S. energy production and 30% of electricity generation, with about 73'
2026-08-20 21:33:04,300 [INFO] core.evaluator_v2:   [15/30] avg=15.72
2026-08-20 21:33:11,207 [INFO] core.evaluator_v2: [adakv] pred="The Public Safety Officers' Benefits (PSOB) and Educational Assistance (PSOEA) programs provide financial support to the"
2026-08-20 21:33:16,308 [INFO] core.evaluator_v2: [adakv] pred="The document outlines the FBI's challenges with its Hoover Building headquarters since 2011, including security concerns"
2026-08-20 21:33:24,752 [INFO] core.evaluator_v2: [adakv] pred='The document discusses challenges the Department of Veterans Affairs (VA) faces in aligning its healthcare services and '
2026-08-20 21:33:39,829 [INFO] core.evaluator_v2: [adakv] pred='The document provides an overview of the FY2019 budget request and appropriations for the International Trade Administra'
2026-08-20 21:33:51,682 [INFO] core.evaluator_v2: [adakv] pred='The document outlines the federal Black Lung Disability Trust Fund, which provides benefits to coal miners affected by b'
2026-08-20 21:33:51,700 [INFO] core.evaluator_v2:   [20/30] avg=16.58
2026-08-20 21:34:08,055 [INFO] core.evaluator_v2: [adakv] pred='**Summary:**\n\nThe document provides an in-depth analysis of the technology sector in the United States, focusing on empl'
2026-08-20 21:34:23,204 [INFO] core.evaluator_v2: [adakv] pred='**Summary:**\n\nThe document outlines the current state of Internet privacy in the United States, highlighting the lack of'
2026-08-20 21:34:37,418 [INFO] core.evaluator_v2: [adakv] pred='**Summary:**\n\nOver the past 30 years, there has been a shift from defined benefit (DB) to defined contribution (DC) reti'
2026-08-20 21:34:50,463 [INFO] core.evaluator_v2: [adakv] pred='The Social Security Administration (SSA) is responsible for administering three major programs: Old-Age and Survivors In'
2026-08-20 21:35:04,497 [INFO] core.evaluator_v2: [adakv] pred='The document outlines the financial challenges facing the Federal Employees Health Benefits Program (FEHBP) for postal r'
2026-08-20 21:35:04,527 [INFO] core.evaluator_v2:   [25/30] avg=16.38
2026-08-20 21:35:14,550 [INFO] core.evaluator_v2: [adakv] pred="The 116th Congress is likely to address various housing-related issues, including reforming the nation's housing finance"
2026-08-20 21:35:29,865 [INFO] core.evaluator_v2: [adakv] pred='The National Popular Vote (NPV) initiative seeks to establish direct popular election of the President and Vice Presiden'
2026-08-20 21:35:40,012 [INFO] core.evaluator_v2: [adakv] pred='The Energy and Water Development appropriations bill outlines funding for various federal agencies, including the U.S. A'
2026-08-20 21:35:48,257 [INFO] core.evaluator_v2: [adakv] pred='The federal government manages hundreds of thousands of buildings, costing billions annually. To improve efficiency and '
2026-08-20 21:35:59,758 [INFO] core.evaluator_v2: [adakv] pred='The National Cemeteries Act of 1973 established the modern veterans’ cemetery system, managed by the VA’s National Cemet'
2026-08-20 21:35:59,779 [INFO] core.evaluator_v2:   [30/30] avg=16.39
2026-08-20 21:35:59,781 [INFO] __main__:   → score=16.39, collapse=0/30 (0.0%), mem_red=20.0%
2026-08-20 21:35:59,794 [INFO] core.results_manager: Results saved to results/v3_verified/exp6_sink_intervention_qwen3-4b_budget80_20260820_200418.csv
2026-08-20 21:35:59,830 [INFO] core.results_manager: JSON saved to results/v3_verified/exp6_sink_intervention_qwen3-4b_budget80_20260820_200418.json
2026-08-20 21:35:59,831 [INFO] __main__:   [중간 저장 완료] 8/30 설정
2026-08-20 21:35:59,833 [INFO] __main__: 
────────────────────────────────────────────────────────────
2026-08-20 21:35:59,834 [INFO] __main__: Method: AdaKV-adapted_m2 | Budget: 80% | kwargs={'sink_size': 2, 'invert_norm': True}
2026-08-20 21:35:59,835 [INFO] __main__: ────────────────────────────────────────────────────────────
2026-08-20 21:35:59,835 [INFO] __main__: 
  Task: qmsum
2026-08-20 21:35:59,836 [INFO] core.dataset_loader: Loading LongBench/qmsum ...
2026-08-20 21:35:59,911 [INFO] httpx: HTTP Request: GET https://huggingface.co/api/datasets/THUDM/LongBench/revision/5e628be450b7e67fb7ae6e201bd6d8f7056f7672 "HTTP/1.1 307 Temporary Redirect"
2026-08-20 21:35:59,946 [INFO] httpx: HTTP Request: GET https://huggingface.co/api/datasets/zai-org/LongBench/revision/5e628be450b7e67fb7ae6e201bd6d8f7056f7672 "HTTP/1.1 200 OK"
2026-08-20 21:36:00,451 [INFO] core.dataset_loader: Loaded 30 samples from qmsum
2026-08-20 21:36:00,453 [INFO] core.evaluator_v2: [adakv] qmsum (30샘플, budget=80%, kwargs={'sink_size': 2, 'invert_norm': True})
2026-08-20 21:36:08,179 [INFO] core.evaluator_v2: [adakv] pred='The document is a transcript of a project meeting where the team discusses the goals and structure of a design project t'
2026-08-20 21:36:18,029 [INFO] core.evaluator_v2: [adakv] pred='The document is a meeting transcript between a project manager, industrial designer, user interface designer, and market'
2026-08-20 21:36:28,826 [INFO] core.evaluator_v2: [adakv] pred='The document is a meeting transcript discussing progress and discussions related to a research project involving the Sma'
2026-08-20 21:36:37,103 [INFO] core.evaluator_v2: [adakv] pred='The document is a detailed audio transcript of a team meeting discussing the development of a new remote control device.'
2026-08-20 21:36:45,723 [INFO] core.evaluator_v2: [adakv] pred='The document is a transcript of a meeting among team members discussing the conceptual design of a new remote control de'
2026-08-20 21:36:45,726 [INFO] core.evaluator_v2:   [5/30] avg=8.69
2026-08-20 21:36:45,927 [WARNING] core.model_loader: Input length 18386 > max 16000, truncating...
2026-08-20 21:36:53,869 [INFO] core.evaluator_v2: [adakv] pred='The document is a conversation among researchers discussing their work on improving speech recognition systems, focusing'
2026-08-20 21:36:54,260 [WARNING] core.model_loader: Input length 18553 > max 16000, truncating...
2026-08-20 21:37:05,729 [INFO] core.evaluator_v2: [adakv] pred='The document is a conversation among graduate students and professors discussing a research project focused on understan'
2026-08-20 21:37:06,011 [WARNING] core.model_loader: Input length 16224 > max 16000, truncating...
2026-08-20 21:37:14,521 [INFO] core.evaluator_v2: [adakv] pred="The Welsh Government's childcare initiative, outlined in the Childcare (Wales) Bill, aims to provide accessible, high-qu"
2026-08-20 21:37:14,772 [WARNING] core.model_loader: Input length 16924 > max 16000, truncating...
2026-08-20 21:37:23,933 [INFO] core.evaluator_v2: [adakv] pred='The document is a meeting transcript discussing various project-related topics, including transcription status, particip'
2026-08-20 21:37:30,739 [INFO] core.evaluator_v2: [adakv] pred='The document is a transcript of a kick-off meeting for the design of a new remote control. The project manager, Christa '
2026-08-20 21:37:30,743 [INFO] core.evaluator_v2:   [10/30] avg=7.60
2026-08-20 21:37:31,026 [WARNING] core.model_loader: Input length 16844 > max 16000, truncating...
2026-08-20 21:37:42,718 [INFO] core.evaluator_v2: [adakv] pred='The document is a meeting transcript discussing various aspects of a speech recognition project. Key points include:\n\n- '
2026-08-20 21:37:42,993 [WARNING] core.model_loader: Input length 16224 > max 16000, truncating...
2026-08-20 21:37:51,089 [INFO] core.evaluator_v2: [adakv] pred="The Welsh Government's childcare initiative, outlined in the Childcare (Wales) Bill, aims to provide accessible, high-qu"
2026-08-20 21:37:57,597 [INFO] core.evaluator_v2: [adakv] pred='The meeting of the Children, Young People and Education Committee addressed the impact of the coronavirus pandemic on ch'
2026-08-20 21:38:08,356 [INFO] core.evaluator_v2: [adakv] pred='The document is a meeting transcript where the team reviews the design of a new remote control shaped like a banana. Key'
2026-08-20 21:38:21,247 [INFO] core.evaluator_v2: [adakv] pred='The document outlines a project meeting where the team discusses the design of a new remote control. Key points include:'
2026-08-20 21:38:21,253 [INFO] core.evaluator_v2:   [15/30] avg=8.03
2026-08-20 21:38:28,559 [INFO] core.evaluator_v2: [adakv] pred='The document is a transcript of a meeting between a Project Manager, Marketing, Industrial Designer, and User Interface '
2026-08-20 21:38:36,210 [INFO] core.evaluator_v2: [adakv] pred='The document is a transcript of a kick-off meeting for the design of a new remote control. The project manager, Christa '
2026-08-20 21:38:36,924 [WARNING] core.model_loader: Input length 16844 > max 16000, truncating...
2026-08-20 21:38:48,658 [INFO] core.evaluator_v2: [adakv] pred='The document is a meeting transcript discussing various aspects of a speech recognition project. Key points include:\n\n- '
2026-08-20 21:38:57,790 [INFO] core.evaluator_v2: [adakv] pred='The document is a transcript of a project meeting discussing the design and development of a new remote control device. '
2026-08-20 21:38:58,050 [WARNING] core.model_loader: Input length 16224 > max 16000, truncating...
2026-08-20 21:39:06,833 [INFO] core.evaluator_v2: [adakv] pred="The Welsh Government's childcare initiative, outlined in the Childcare (Wales) Bill, aims to provide accessible, high-qu"
2026-08-20 21:39:06,838 [INFO] core.evaluator_v2:   [20/30] avg=8.76
2026-08-20 21:39:15,913 [INFO] core.evaluator_v2: [adakv] pred='The document is a transcript of a project meeting where the team discusses the development of a new remote control devic'
2026-08-20 21:39:16,240 [WARNING] core.model_loader: Input length 25564 > max 16000, truncating...
2026-08-20 21:39:24,678 [INFO] core.evaluator_v2: [adakv] pred='The document details the 12th meeting of the House of Commons Special Committee on the COVID-19 Pandemic, which was held'
2026-08-20 21:39:24,978 [WARNING] core.model_loader: Input length 18386 > max 16000, truncating...
2026-08-20 21:39:33,450 [INFO] core.evaluator_v2: [adakv] pred='The document is a conversation among researchers discussing their work on improving speech recognition systems, focusing'
2026-08-20 21:39:42,273 [INFO] core.evaluator_v2: [adakv] pred='The document is a detailed audio transcript of a team meeting discussing the development of a new remote control device.'
2026-08-20 21:39:49,313 [INFO] core.evaluator_v2: [adakv] pred='The document is a conversation among a Project Manager, Industrial Designer, User Interface specialist, and Marketing re'
2026-08-20 21:39:49,321 [INFO] core.evaluator_v2:   [25/30] avg=8.87
2026-08-20 21:39:56,770 [INFO] core.evaluator_v2: [adakv] pred='The project team discusses the design of a new television remote control. Key points include:\n\n- The remote must be tele'
2026-08-20 21:40:06,422 [INFO] core.evaluator_v2: [adakv] pred='The document is a transcript of a project meeting where the team discusses the development of a new remote control devic'
2026-08-20 21:40:08,512 [WARNING] core.model_loader: Input length 18553 > max 16000, truncating...
2026-08-20 21:40:20,777 [INFO] core.evaluator_v2: [adakv] pred='The document is a conversation among graduate students and professors discussing a research project focused on understan'
2026-08-20 21:40:37,371 [INFO] core.evaluator_v2: [adakv] pred='The document is a transcript of a functional design meeting where team members discuss the development of a new remote c'
2026-08-20 21:40:43,807 [INFO] core.evaluator_v2: [adakv] pred='The document is a transcript of a kick-off meeting for the design of a new remote control. The project manager, Christa '
2026-08-20 21:40:43,821 [INFO] core.evaluator_v2:   [30/30] avg=9.13
2026-08-20 21:40:43,821 [INFO] __main__:   → score=9.13, collapse=0/30 (0.0%), mem_red=20.0%
2026-08-20 21:40:43,822 [INFO] __main__: 
  Task: gov_report
2026-08-20 21:40:43,823 [INFO] core.dataset_loader: Loading LongBench/gov_report ...
2026-08-20 21:40:43,886 [INFO] httpx: HTTP Request: GET https://huggingface.co/api/datasets/THUDM/LongBench/revision/5e628be450b7e67fb7ae6e201bd6d8f7056f7672 "HTTP/1.1 307 Temporary Redirect"
2026-08-20 21:40:43,917 [INFO] httpx: HTTP Request: GET https://huggingface.co/api/datasets/zai-org/LongBench/revision/5e628be450b7e67fb7ae6e201bd6d8f7056f7672 "HTTP/1.1 200 OK"
2026-08-20 21:40:44,432 [INFO] core.dataset_loader: Loaded 30 samples from gov_report
2026-08-20 21:40:44,434 [INFO] core.evaluator_v2: [adakv] gov_report (30샘플, budget=80%, kwargs={'sink_size': 2, 'invert_norm': True})
2026-08-20 21:40:54,669 [INFO] core.evaluator_v2: [adakv] pred='The National Science Foundation (NSF) uses two programs, the IPA and VSEE, to bring in rotators. IPA rotators are employ'
2026-08-20 21:41:03,416 [INFO] core.evaluator_v2: [adakv] pred='The document outlines the challenges and efforts in federal IT management and cybersecurity. Despite a $96 billion budge'
2026-08-20 21:41:04,887 [WARNING] core.model_loader: Input length 51949 > max 16000, truncating...
2026-08-20 21:41:20,419 [INFO] core.evaluator_v2: [adakv] pred="**Summary:**\n\nThis report provides a comprehensive overview of China's actions in the South China Sea (SCS) and East Chi"
2026-08-20 21:41:20,776 [WARNING] core.model_loader: Input length 28135 > max 16000, truncating...
2026-08-20 21:41:36,273 [INFO] core.evaluator_v2: [adakv] pred='The Clean Water Act (CWA) authorizes federal grants for wastewater treatment plant construction and related activities, '
2026-08-20 21:41:50,881 [INFO] core.evaluator_v2: [adakv] pred='**Summary:**\n\nThe Department of Homeland Security (DHS) has faced significant internal control and financial management '
2026-08-20 21:41:50,912 [INFO] core.evaluator_v2:   [5/30] avg=16.46
2026-08-20 21:42:05,986 [INFO] core.evaluator_v2: [adakv] pred='**Summary:**\n\nThe document outlines the ongoing challenges and efforts in securing federal information systems in the Un'
2026-08-20 21:42:15,440 [INFO] core.evaluator_v2: [adakv] pred='The document outlines the historical context, legal framework, and key programs established by Congress to support small'
2026-08-20 21:42:15,704 [WARNING] core.model_loader: Input length 19434 > max 16000, truncating...
2026-08-20 21:42:30,657 [INFO] core.evaluator_v2: [adakv] pred='The Department of Defense (DOD) uses "Other Transaction" (OT) authorities to acquire goods and services, including resea'
2026-08-20 21:42:39,183 [INFO] core.evaluator_v2: [adakv] pred='The document discusses the evolving role of cash in the U.S. payment system, highlighting the increasing adoption of ele'
2026-08-20 21:42:44,385 [WARNING] core.model_loader: Input length 41630 > max 16000, truncating...
2026-08-20 21:43:04,190 [INFO] core.evaluator_v2: [adakv] pred='The Department of Homeland Security (DHS) has established policies and processes to manage its large-scale acquisitions,'
2026-08-20 21:43:04,223 [INFO] core.evaluator_v2:   [10/30] avg=14.88
2026-08-20 21:43:11,743 [INFO] core.evaluator_v2: [adakv] pred='This report provides a detailed analysis of the Department of Homeland Security (DHS) annual appropriations for FY2019, '
2026-08-20 21:43:22,231 [INFO] core.evaluator_v2: [adakv] pred="The U.S. federal government owns approximately 640 million acres, or a quarter of the nation's land, primarily in the we"
2026-08-20 21:43:35,176 [INFO] core.evaluator_v2: [adakv] pred='The document outlines the financial and operational aspects of the Black Lung Disability Trust Fund (BLTF), which provid'
2026-08-20 21:43:50,131 [INFO] core.evaluator_v2: [adakv] pred='The document provides a comprehensive overview of the U.S. foreign aid program, detailing its historical evolution, obje'
2026-08-20 21:44:01,221 [INFO] core.evaluator_v2: [adakv] pred='**Summary:**\n\nIn 2016, coal accounted for 17% of U.S. energy production and 30% of electricity generation, with about 73'
2026-08-20 21:44:01,239 [INFO] core.evaluator_v2:   [15/30] avg=15.67
2026-08-20 21:44:08,274 [INFO] core.evaluator_v2: [adakv] pred="The Public Safety Officers' Benefits (PSOB) and Educational Assistance (PSOEA) programs provide financial support to the"
2026-08-20 21:44:12,991 [INFO] core.evaluator_v2: [adakv] pred="The document outlines the FBI's challenges with its Hoover Building headquarters since 2011, including security concerns"
2026-08-20 21:44:20,309 [INFO] core.evaluator_v2: [adakv] pred='The document discusses challenges the Department of Veterans Affairs (VA) faces in aligning its healthcare services and '
2026-08-20 21:44:33,942 [INFO] core.evaluator_v2: [adakv] pred='The document provides an overview of the FY2019 budget request and appropriations for the International Trade Administra'
2026-08-20 21:44:42,987 [INFO] core.evaluator_v2: [adakv] pred='The document outlines the federal Black Lung Disability Trust Fund, which provides benefits to coal miners affected by b'
2026-08-20 21:44:43,001 [INFO] core.evaluator_v2:   [20/30] avg=16.58
2026-08-20 21:44:59,722 [INFO] core.evaluator_v2: [adakv] pred='**Summary:**\n\nThe document provides an in-depth analysis of the technology sector in the United States, focusing on empl'
2026-08-20 21:45:13,815 [INFO] core.evaluator_v2: [adakv] pred='**Summary:**\n\nThe document outlines the current state of Internet privacy in the United States, highlighting the lack of'
2026-08-20 21:45:29,674 [INFO] core.evaluator_v2: [adakv] pred='**Summary:**\n\nOver the past 30 years, there has been a shift from defined benefit (DB) to defined contribution (DC) reti'
2026-08-20 21:45:39,482 [INFO] core.evaluator_v2: [adakv] pred='The Social Security Administration (SSA) is responsible for administering three major programs: Old-Age and Survivors In'
2026-08-20 21:45:52,419 [INFO] core.evaluator_v2: [adakv] pred='The document outlines the financial challenges facing the Federal Employees Health Benefits Program (FEHBP) for postal r'
2026-08-20 21:45:52,450 [INFO] core.evaluator_v2:   [25/30] avg=16.38
2026-08-20 21:46:01,814 [INFO] core.evaluator_v2: [adakv] pred="The 116th Congress is likely to address various housing-related issues, including reforming the nation's housing finance"
2026-08-20 21:46:16,160 [INFO] core.evaluator_v2: [adakv] pred='The National Popular Vote (NPV) initiative seeks to establish direct popular election of the President and Vice Presiden'
2026-08-20 21:46:26,357 [INFO] core.evaluator_v2: [adakv] pred='The Energy and Water Development appropriations bill outlines funding for various federal agencies, including the U.S. A'
2026-08-20 21:46:34,641 [INFO] core.evaluator_v2: [adakv] pred='The federal government manages hundreds of thousands of buildings, costing billions annually. To improve efficiency and '
2026-08-20 21:46:45,100 [INFO] core.evaluator_v2: [adakv] pred='The National Cemeteries Act of 1973 established the modern veterans’ cemetery system, managed by the VA’s National Cemet'
2026-08-20 21:46:45,117 [INFO] core.evaluator_v2:   [30/30] avg=16.36
2026-08-20 21:46:45,118 [INFO] __main__:   → score=16.36, collapse=0/30 (0.0%), mem_red=20.0%
2026-08-20 21:46:45,132 [INFO] core.results_manager: Results saved to results/v3_verified/exp6_sink_intervention_qwen3-4b_budget80_20260820_200418.csv
2026-08-20 21:46:45,168 [INFO] core.results_manager: JSON saved to results/v3_verified/exp6_sink_intervention_qwen3-4b_budget80_20260820_200418.json
2026-08-20 21:46:45,170 [INFO] __main__:   [중간 저장 완료] 9/30 설정
2026-08-20 21:46:45,171 [INFO] __main__: 
────────────────────────────────────────────────────────────
2026-08-20 21:46:45,171 [INFO] __main__: Method: AdaKV-adapted_m4 | Budget: 80% | kwargs={'sink_size': 4, 'invert_norm': True}
2026-08-20 21:46:45,173 [INFO] __main__: ────────────────────────────────────────────────────────────
2026-08-20 21:46:45,173 [INFO] __main__: 
  Task: qmsum
2026-08-20 21:46:45,174 [INFO] core.dataset_loader: Loading LongBench/qmsum ...
2026-08-20 21:46:45,252 [INFO] httpx: HTTP Request: GET https://huggingface.co/api/datasets/THUDM/LongBench/revision/5e628be450b7e67fb7ae6e201bd6d8f7056f7672 "HTTP/1.1 307 Temporary Redirect"
2026-08-20 21:46:45,287 [INFO] httpx: HTTP Request: GET https://huggingface.co/api/datasets/zai-org/LongBench/revision/5e628be450b7e67fb7ae6e201bd6d8f7056f7672 "HTTP/1.1 200 OK"
2026-08-20 21:46:45,805 [INFO] core.dataset_loader: Loaded 30 samples from qmsum
2026-08-20 21:46:45,819 [INFO] core.evaluator_v2: [adakv] qmsum (30샘플, budget=80%, kwargs={'sink_size': 4, 'invert_norm': True})
2026-08-20 21:46:54,487 [INFO] core.evaluator_v2: [adakv] pred='The document is a transcript of a project meeting where the team discusses the goals and structure of a design project t'
2026-08-20 21:47:04,420 [INFO] core.evaluator_v2: [adakv] pred='The document is a meeting transcript between a project manager, industrial designer, user interface designer, and market'
2026-08-20 21:47:16,307 [INFO] core.evaluator_v2: [adakv] pred='The document is a meeting transcript discussing progress and plans related to a research project involving the SmartKom '
2026-08-20 21:47:25,399 [INFO] core.evaluator_v2: [adakv] pred='The document is a detailed audio transcript of a team meeting discussing the development of a new remote control device.'
2026-08-20 21:47:34,276 [INFO] core.evaluator_v2: [adakv] pred='The document is a transcript of a meeting among team members discussing the conceptual design of a new remote control de'
2026-08-20 21:47:34,279 [INFO] core.evaluator_v2:   [5/30] avg=8.75
2026-08-20 21:47:37,255 [WARNING] core.model_loader: Input length 18386 > max 16000, truncating...
2026-08-20 21:47:45,973 [INFO] core.evaluator_v2: [adakv] pred='The document is a conversation among researchers discussing their work on improving speech recognition systems, focusing'
2026-08-20 21:47:46,311 [WARNING] core.model_loader: Input length 18553 > max 16000, truncating...
2026-08-20 21:47:56,947 [INFO] core.evaluator_v2: [adakv] pred='The document is a conversation among graduate students and professors discussing a research project focused on understan'
2026-08-20 21:47:57,303 [WARNING] core.model_loader: Input length 16224 > max 16000, truncating...
2026-08-20 21:48:06,208 [INFO] core.evaluator_v2: [adakv] pred="The Welsh Government's childcare initiative, outlined in the Childcare (Wales) Bill, aims to provide affordable, accessi"
2026-08-20 21:48:06,709 [WARNING] core.model_loader: Input length 16924 > max 16000, truncating...
2026-08-20 21:48:16,288 [INFO] core.evaluator_v2: [adakv] pred='The document is a meeting transcript discussing various project-related topics, including transcription status, particip'
2026-08-20 21:48:24,172 [INFO] core.evaluator_v2: [adakv] pred='The document is a transcript of a kick-off meeting for the design of a new remote control. The project manager, Christa '
2026-08-20 21:48:24,175 [INFO] core.evaluator_v2:   [10/30] avg=7.44
2026-08-20 21:48:24,358 [WARNING] core.model_loader: Input length 16844 > max 16000, truncating...
2026-08-20 21:48:36,182 [INFO] core.evaluator_v2: [adakv] pred='The document is a meeting transcript discussing various aspects of a speech recognition project. Key points include:\n\n- '
2026-08-20 21:48:36,426 [WARNING] core.model_loader: Input length 16224 > max 16000, truncating...
2026-08-20 21:48:45,531 [INFO] core.evaluator_v2: [adakv] pred="The Welsh Government's childcare initiative, outlined in the Childcare (Wales) Bill, aims to provide affordable, accessi"
2026-08-20 21:48:52,116 [INFO] core.evaluator_v2: [adakv] pred='The meeting of the Children, Young People and Education Committee addressed the impact of the coronavirus pandemic on ch'
2026-08-20 21:49:01,659 [INFO] core.evaluator_v2: [adakv] pred='The document is a meeting transcript where the team reviews the design of a new remote control shaped like a banana. Key'
2026-08-20 21:49:17,167 [INFO] core.evaluator_v2: [adakv] pred='The document outlines a project meeting where the team discusses the design of a new remote control. Key points include:'
2026-08-20 21:49:17,175 [INFO] core.evaluator_v2:   [15/30] avg=7.84
2026-08-20 21:49:25,482 [INFO] core.evaluator_v2: [adakv] pred='The document is a transcript of a meeting between a Project Manager, Marketing, Industrial Designer, and User Interface '
2026-08-20 21:49:32,717 [INFO] core.evaluator_v2: [adakv] pred='The document is a transcript of a kick-off meeting for the design of a new remote control. The project manager, Christa '
2026-08-20 21:49:32,930 [WARNING] core.model_loader: Input length 16844 > max 16000, truncating...
2026-08-20 21:49:45,932 [INFO] core.evaluator_v2: [adakv] pred='The document is a meeting transcript discussing various aspects of a speech recognition project. Key points include:\n\n- '
2026-08-20 21:49:56,072 [INFO] core.evaluator_v2: [adakv] pred='The document is a transcript of a meeting between a Project Manager, Industrial Designer, User Interface specialist, and'
2026-08-20 21:50:00,616 [WARNING] core.model_loader: Input length 16224 > max 16000, truncating...
2026-08-20 21:50:09,746 [INFO] core.evaluator_v2: [adakv] pred="The Welsh Government's childcare initiative, outlined in the Childcare (Wales) Bill, aims to provide affordable, accessi"
2026-08-20 21:50:09,751 [INFO] core.evaluator_v2:   [20/30] avg=8.81
2026-08-20 21:50:24,198 [INFO] core.evaluator_v2: [adakv] pred='The document is a transcript of a project meeting where the team discusses the development of a new remote control devic'
2026-08-20 21:50:24,618 [WARNING] core.model_loader: Input length 25564 > max 16000, truncating...
2026-08-20 21:50:33,032 [INFO] core.evaluator_v2: [adakv] pred='The document details the 12th meeting of the House of Commons Special Committee on the COVID-19 Pandemic, which was held'
2026-08-20 21:50:33,640 [WARNING] core.model_loader: Input length 18386 > max 16000, truncating...
2026-08-20 21:50:42,449 [INFO] core.evaluator_v2: [adakv] pred='The document is a conversation among researchers discussing their work on improving speech recognition systems, focusing'
2026-08-20 21:50:52,103 [INFO] core.evaluator_v2: [adakv] pred='The document is a detailed audio transcript of a team meeting discussing the development of a new remote control device.'
2026-08-20 21:51:00,025 [INFO] core.evaluator_v2: [adakv] pred='The document is a conversation among a Project Manager, Industrial Designer, User Interface specialist, and Marketing re'
2026-08-20 21:51:00,031 [INFO] core.evaluator_v2:   [25/30] avg=8.93
2026-08-20 21:51:08,402 [INFO] core.evaluator_v2: [adakv] pred='The project team discusses the design of a new television remote control. Key points include:\n\n- The remote must be tele'
2026-08-20 21:51:21,612 [INFO] core.evaluator_v2: [adakv] pred='The document is a transcript of a project meeting where the team discusses the development of a new remote control devic'
2026-08-20 21:51:21,859 [WARNING] core.model_loader: Input length 18553 > max 16000, truncating...
2026-08-20 21:51:32,650 [INFO] core.evaluator_v2: [adakv] pred='The document is a conversation among graduate students and professors discussing a research project focused on understan'
2026-08-20 21:51:46,196 [INFO] core.evaluator_v2: [adakv] pred='The document is a transcript of a functional design meeting where team members discuss the development of a new remote c'
2026-08-20 21:51:54,546 [INFO] core.evaluator_v2: [adakv] pred='The document is a transcript of a kick-off meeting for the design of a new remote control. The project manager, Christa '
2026-08-20 21:51:54,551 [INFO] core.evaluator_v2:   [30/30] avg=9.18
2026-08-20 21:51:54,553 [INFO] __main__:   → score=9.18, collapse=0/30 (0.0%), mem_red=20.0%
2026-08-20 21:51:54,555 [INFO] __main__: 
  Task: gov_report
2026-08-20 21:51:54,557 [INFO] core.dataset_loader: Loading LongBench/gov_report ...
2026-08-20 21:51:54,639 [INFO] httpx: HTTP Request: GET https://huggingface.co/api/datasets/THUDM/LongBench/revision/5e628be450b7e67fb7ae6e201bd6d8f7056f7672 "HTTP/1.1 307 Temporary Redirect"
2026-08-20 21:51:54,674 [INFO] httpx: HTTP Request: GET https://huggingface.co/api/datasets/zai-org/LongBench/revision/5e628be450b7e67fb7ae6e201bd6d8f7056f7672 "HTTP/1.1 200 OK"
2026-08-20 21:51:55,247 [INFO] core.dataset_loader: Loaded 30 samples from gov_report
2026-08-20 21:51:55,249 [INFO] core.evaluator_v2: [adakv] gov_report (30샘플, budget=80%, kwargs={'sink_size': 4, 'invert_norm': True})
2026-08-20 21:52:05,784 [INFO] core.evaluator_v2: [adakv] pred='The National Science Foundation (NSF) uses two programs, the IPA and VSEE, to bring in rotators. IPA rotators are employ'
2026-08-20 21:52:14,347 [INFO] core.evaluator_v2: [adakv] pred='The document outlines the challenges and efforts in federal IT management and cybersecurity. Despite a $96 billion budge'
2026-08-20 21:52:14,782 [WARNING] core.model_loader: Input length 51949 > max 16000, truncating...
2026-08-20 21:52:30,587 [INFO] core.evaluator_v2: [adakv] pred="**Summary:**\n\nThis report provides a comprehensive overview of China's actions in the South China Sea (SCS) and East Chi"
2026-08-20 21:52:32,302 [WARNING] core.model_loader: Input length 28135 > max 16000, truncating...
2026-08-20 21:52:47,693 [INFO] core.evaluator_v2: [adakv] pred='The Clean Water Act (CWA) authorizes federal grants for wastewater treatment plant construction and related activities, '
2026-08-20 21:53:01,683 [INFO] core.evaluator_v2: [adakv] pred='**Summary:**\n\nThe Department of Homeland Security (DHS) has faced significant internal control and financial management '
2026-08-20 21:53:01,715 [INFO] core.evaluator_v2:   [5/30] avg=16.46
2026-08-20 21:53:16,624 [INFO] core.evaluator_v2: [adakv] pred='**Summary:**\n\nThe document outlines the ongoing challenges and efforts in securing federal information systems in the Un'
2026-08-20 21:53:33,466 [INFO] core.evaluator_v2: [adakv] pred='The document outlines the historical context, legal framework, and key programs established by Congress to support small'
2026-08-20 21:53:33,889 [WARNING] core.model_loader: Input length 19434 > max 16000, truncating...
2026-08-20 21:53:50,483 [INFO] core.evaluator_v2: [adakv] pred='The Department of Defense (DOD) uses "Other Transaction" (OT) authorities to acquire goods and services, including resea'
2026-08-20 21:54:00,259 [INFO] core.evaluator_v2: [adakv] pred='The document discusses the evolving role of cash in the U.S. payment system, highlighting the increasing adoption of ele'
2026-08-20 21:54:03,052 [WARNING] core.model_loader: Input length 41630 > max 16000, truncating...
2026-08-20 21:54:16,118 [INFO] core.evaluator_v2: [adakv] pred='The Department of Homeland Security (DHS) has established policies and processes to manage its large-scale acquisitions,'
2026-08-20 21:54:16,181 [INFO] core.evaluator_v2:   [10/30] avg=14.89
2026-08-20 21:54:22,895 [INFO] core.evaluator_v2: [adakv] pred='This report provides a detailed analysis of the Department of Homeland Security (DHS) annual appropriations for FY2019, '
2026-08-20 21:54:37,260 [INFO] core.evaluator_v2: [adakv] pred="The U.S. federal government owns approximately 640 million acres, or a quarter of the nation's land, primarily in the we"
2026-08-20 21:54:50,871 [INFO] core.evaluator_v2: [adakv] pred='The document outlines the financial and operational aspects of the Black Lung Disability Trust Fund (BLTF), which provid'
2026-08-20 21:55:07,023 [INFO] core.evaluator_v2: [adakv] pred='The document provides a comprehensive overview of the U.S. foreign aid program, detailing its historical evolution, obje'
2026-08-20 21:55:18,556 [INFO] core.evaluator_v2: [adakv] pred='**Summary:**\n\nIn 2016, coal accounted for 17% of U.S. energy production and 30% of electricity generation, with about 73'
2026-08-20 21:55:18,573 [INFO] core.evaluator_v2:   [15/30] avg=15.67
2026-08-20 21:55:26,544 [INFO] core.evaluator_v2: [adakv] pred="The Public Safety Officers' Benefits (PSOB) and Educational Assistance (PSOEA) programs provide financial support to the"
2026-08-20 21:55:31,721 [INFO] core.evaluator_v2: [adakv] pred="The document outlines the FBI's challenges with its Hoover Building headquarters since 2011, including security concerns"
2026-08-20 21:55:39,548 [INFO] core.evaluator_v2: [adakv] pred='The document discusses challenges the Department of Veterans Affairs (VA) faces in aligning its healthcare services and '
2026-08-20 21:55:51,052 [INFO] core.evaluator_v2: [adakv] pred='The document provides an overview of the FY2019 budget request and appropriations for the International Trade Administra'
2026-08-20 21:55:59,706 [INFO] core.evaluator_v2: [adakv] pred='The document outlines the federal Black Lung Disability Trust Fund, which provides benefits to coal miners affected by b'
2026-08-20 21:55:59,738 [INFO] core.evaluator_v2:   [20/30] avg=16.60
2026-08-20 21:56:19,935 [INFO] core.evaluator_v2: [adakv] pred='**Summary:**\n\nThe document provides an in-depth analysis of the technology sector in the United States, focusing on empl'
2026-08-20 21:56:33,747 [INFO] core.evaluator_v2: [adakv] pred='**Summary:**\n\nThe document outlines the current state of Internet privacy in the United States, highlighting the lack of'
2026-08-20 21:56:49,370 [INFO] core.evaluator_v2: [adakv] pred='**Summary:**\n\nOver the past 30 years, there has been a shift from defined benefit (DB) to defined contribution (DC) reti'
2026-08-20 21:56:58,469 [INFO] core.evaluator_v2: [adakv] pred='The Social Security Administration (SSA) is responsible for administering three major programs: Old-Age and Survivors In'
2026-08-20 21:57:11,284 [INFO] core.evaluator_v2: [adakv] pred='The document outlines the financial challenges facing the Federal Employees Health Benefits Program (FEHBP) for postal r'
2026-08-20 21:57:11,315 [INFO] core.evaluator_v2:   [25/30] avg=16.39
2026-08-20 21:57:21,746 [INFO] core.evaluator_v2: [adakv] pred="The 116th Congress is likely to address various housing-related issues, including reforming the nation's housing finance"
2026-08-20 21:57:35,558 [INFO] core.evaluator_v2: [adakv] pred='The National Popular Vote (NPV) initiative seeks to establish direct popular election of the President and Vice Presiden'
2026-08-20 21:57:45,950 [INFO] core.evaluator_v2: [adakv] pred='The Energy and Water Development appropriations bill outlines funding for various federal agencies, including the U.S. A'
2026-08-20 21:57:54,499 [INFO] core.evaluator_v2: [adakv] pred='The federal government manages hundreds of thousands of buildings, costing billions annually. To improve efficiency and '
2026-08-20 21:58:05,056 [INFO] core.evaluator_v2: [adakv] pred='The National Cemeteries Act of 1973 established the modern veterans’ cemetery system, managed by the VA’s National Cemet'
2026-08-20 21:58:05,075 [INFO] core.evaluator_v2:   [30/30] avg=16.41
2026-08-20 21:58:05,077 [INFO] __main__:   → score=16.41, collapse=0/30 (0.0%), mem_red=20.0%
2026-08-20 21:58:05,091 [INFO] core.results_manager: Results saved to results/v3_verified/exp6_sink_intervention_qwen3-4b_budget80_20260820_200418.csv
2026-08-20 21:58:05,134 [INFO] core.results_manager: JSON saved to results/v3_verified/exp6_sink_intervention_qwen3-4b_budget80_20260820_200418.json
2026-08-20 21:58:05,135 [INFO] __main__:   [중간 저장 완료] 10/30 설정
2026-08-20 21:58:05,137 [INFO] __main__: 
────────────────────────────────────────────────────────────
2026-08-20 21:58:05,138 [INFO] __main__: Method: AdaKV-adapted_m8 | Budget: 80% | kwargs={'sink_size': 8, 'invert_norm': True}
2026-08-20 21:58:05,139 [INFO] __main__: ────────────────────────────────────────────────────────────
2026-08-20 21:58:05,140 [INFO] __main__: 
  Task: qmsum
2026-08-20 21:58:05,141 [INFO] core.dataset_loader: Loading LongBench/qmsum ...
2026-08-20 21:58:05,236 [INFO] httpx: HTTP Request: GET https://huggingface.co/api/datasets/THUDM/LongBench/revision/5e628be450b7e67fb7ae6e201bd6d8f7056f7672 "HTTP/1.1 307 Temporary Redirect"
2026-08-20 21:58:05,278 [INFO] httpx: HTTP Request: GET https://huggingface.co/api/datasets/zai-org/LongBench/revision/5e628be450b7e67fb7ae6e201bd6d8f7056f7672 "HTTP/1.1 200 OK"
2026-08-20 21:58:05,745 [INFO] core.dataset_loader: Loaded 30 samples from qmsum
2026-08-20 21:58:05,750 [INFO] core.evaluator_v2: [adakv] qmsum (30샘플, budget=80%, kwargs={'sink_size': 8, 'invert_norm': True})
2026-08-20 21:58:13,973 [INFO] core.evaluator_v2: [adakv] pred='The document is a transcript of a project meeting where the team discusses the goals and structure of a design project t'
2026-08-20 21:58:24,145 [INFO] core.evaluator_v2: [adakv] pred='The document is a meeting transcript between a project manager, industrial designer, user interface designer, and market'
2026-08-20 21:58:35,037 [INFO] core.evaluator_v2: [adakv] pred='The document is a meeting transcript discussing progress and discussions related to a research project involving the Sma'
2026-08-20 21:58:44,431 [INFO] core.evaluator_v2: [adakv] pred='The document is a detailed audio transcript of a team meeting discussing the development of a new remote control device.'
2026-08-20 21:58:52,562 [INFO] core.evaluator_v2: [adakv] pred='The document is a transcript of a conceptual design meeting for a new remote control device. Key points include:\n\n- **De'
2026-08-20 21:58:52,570 [INFO] core.evaluator_v2:   [5/30] avg=8.55
2026-08-20 21:58:53,002 [WARNING] core.model_loader: Input length 18386 > max 16000, truncating...
2026-08-20 21:59:01,249 [INFO] core.evaluator_v2: [adakv] pred='The document is a conversation among researchers discussing their work on improving speech recognition systems, focusing'
2026-08-20 21:59:01,954 [WARNING] core.model_loader: Input length 18553 > max 16000, truncating...
2026-08-20 21:59:13,120 [INFO] core.evaluator_v2: [adakv] pred='The document is a conversation among graduate students and professors discussing a research project focused on understan'
2026-08-20 21:59:13,935 [WARNING] core.model_loader: Input length 16224 > max 16000, truncating...
2026-08-20 21:59:21,983 [INFO] core.evaluator_v2: [adakv] pred="The Welsh Government's childcare initiative, outlined in the Childcare (Wales) Bill, aims to provide accessible, high-qu"
2026-08-20 21:59:22,238 [WARNING] core.model_loader: Input length 16924 > max 16000, truncating...
2026-08-20 21:59:33,734 [INFO] core.evaluator_v2: [adakv] pred='The document is a meeting transcript discussing various project-related topics, including transcription status, particip'
2026-08-20 21:59:39,555 [INFO] core.evaluator_v2: [adakv] pred='The document is a transcript of a kick-off meeting for the design of a new remote control. The project manager, Christa '
2026-08-20 21:59:39,559 [INFO] core.evaluator_v2:   [10/30] avg=7.68
2026-08-20 21:59:40,029 [WARNING] core.model_loader: Input length 16844 > max 16000, truncating...
2026-08-20 21:59:51,568 [INFO] core.evaluator_v2: [adakv] pred='The document is a meeting transcript discussing various aspects of a speech recognition project. Key points include:\n\n- '
2026-08-20 21:59:52,278 [WARNING] core.model_loader: Input length 16224 > max 16000, truncating...
2026-08-20 22:00:00,325 [INFO] core.evaluator_v2: [adakv] pred="The Welsh Government's childcare initiative, outlined in the Childcare (Wales) Bill, aims to provide accessible, high-qu"
2026-08-20 22:00:20,896 [INFO] core.evaluator_v2: [adakv] pred='The document is a transcript of a virtual meeting of the Children, Young People and Education Committee in the Welsh Ass'
2026-08-20 22:00:31,365 [INFO] core.evaluator_v2: [adakv] pred='The document is a meeting transcript where the team reviews the design of a new remote control shaped like a banana. Key'
2026-08-20 22:00:44,384 [INFO] core.evaluator_v2: [adakv] pred='The document outlines a project meeting where the team discusses the design of a new remote control. Key points include:'
2026-08-20 22:00:44,389 [INFO] core.evaluator_v2:   [15/30] avg=7.93
2026-08-20 22:00:51,595 [INFO] core.evaluator_v2: [adakv] pred='The document is a transcript of a meeting between a Project Manager, Marketing, Industrial Designer, and User Interface '
2026-08-20 22:00:57,256 [INFO] core.evaluator_v2: [adakv] pred='The document is a transcript of a kick-off meeting for the design of a new remote control. The project manager, Christa '
2026-08-20 22:00:57,574 [WARNING] core.model_loader: Input length 16844 > max 16000, truncating...
2026-08-20 22:01:08,800 [INFO] core.evaluator_v2: [adakv] pred='The document is a meeting transcript discussing various aspects of a speech recognition project. Key points include:\n\n- '
2026-08-20 22:01:19,516 [INFO] core.evaluator_v2: [adakv] pred='The document is a transcript of a meeting between a Project Manager, Industrial Designer, User Interface specialist, and'
2026-08-20 22:01:19,799 [WARNING] core.model_loader: Input length 16224 > max 16000, truncating...
2026-08-20 22:01:28,146 [INFO] core.evaluator_v2: [adakv] pred="The Welsh Government's childcare initiative, outlined in the Childcare (Wales) Bill, aims to provide accessible, high-qu"
2026-08-20 22:01:28,150 [INFO] core.evaluator_v2:   [20/30] avg=8.73
2026-08-20 22:01:37,022 [INFO] core.evaluator_v2: [adakv] pred='The document is a transcript of a project meeting where the team discusses the development of a new remote control devic'
2026-08-20 22:01:38,312 [WARNING] core.model_loader: Input length 25564 > max 16000, truncating...
2026-08-20 22:01:46,712 [INFO] core.evaluator_v2: [adakv] pred='The document details the 12th meeting of the House of Commons Special Committee on the COVID-19 Pandemic, held in a hybr'
2026-08-20 22:01:47,138 [WARNING] core.model_loader: Input length 18386 > max 16000, truncating...
2026-08-20 22:01:55,100 [INFO] core.evaluator_v2: [adakv] pred='The document is a conversation among researchers discussing their work on improving speech recognition systems, focusing'
2026-08-20 22:02:04,655 [INFO] core.evaluator_v2: [adakv] pred='The document is a detailed audio transcript of a team meeting discussing the development of a new remote control device.'
2026-08-20 22:02:10,948 [INFO] core.evaluator_v2: [adakv] pred='The document is a conversation among a Project Manager, Industrial Designer, User Interface specialist, and Marketing re'
2026-08-20 22:02:10,952 [INFO] core.evaluator_v2:   [25/30] avg=8.80
2026-08-20 22:02:18,212 [INFO] core.evaluator_v2: [adakv] pred='The project team discusses the design of a new television remote control. Key points include:\n\n- The remote must be tele'
2026-08-20 22:02:26,933 [INFO] core.evaluator_v2: [adakv] pred='The document is a transcript of a project meeting where the team discusses the development of a new remote control devic'
2026-08-20 22:02:27,151 [WARNING] core.model_loader: Input length 18553 > max 16000, truncating...
2026-08-20 22:02:37,700 [INFO] core.evaluator_v2: [adakv] pred='The document is a conversation among graduate students and professors discussing a research project focused on understan'
2026-08-20 22:02:50,281 [INFO] core.evaluator_v2: [adakv] pred='The document is a transcript of a functional design meeting where team members discuss the development of a new remote c'
2026-08-20 22:02:55,913 [INFO] core.evaluator_v2: [adakv] pred='The document is a transcript of a kick-off meeting for the design of a new remote control. The project manager, Christa '
2026-08-20 22:02:55,924 [INFO] core.evaluator_v2:   [30/30] avg=9.05
2026-08-20 22:02:55,926 [INFO] __main__:   → score=9.05, collapse=0/30 (0.0%), mem_red=20.0%
2026-08-20 22:02:55,926 [INFO] __main__: 
  Task: gov_report
2026-08-20 22:02:55,927 [INFO] core.dataset_loader: Loading LongBench/gov_report ...
2026-08-20 22:02:56,044 [INFO] httpx: HTTP Request: GET https://huggingface.co/api/datasets/THUDM/LongBench/revision/5e628be450b7e67fb7ae6e201bd6d8f7056f7672 "HTTP/1.1 307 Temporary Redirect"
2026-08-20 22:02:56,084 [INFO] httpx: HTTP Request: GET https://huggingface.co/api/datasets/zai-org/LongBench/revision/5e628be450b7e67fb7ae6e201bd6d8f7056f7672 "HTTP/1.1 200 OK"
2026-08-20 22:02:56,677 [INFO] core.dataset_loader: Loaded 30 samples from gov_report
2026-08-20 22:02:56,679 [INFO] core.evaluator_v2: [adakv] gov_report (30샘플, budget=80%, kwargs={'sink_size': 8, 'invert_norm': True})
2026-08-20 22:03:06,521 [INFO] core.evaluator_v2: [adakv] pred='The National Science Foundation (NSF) uses two programs, the IPA and VSEE, to bring in rotators. IPA rotators are employ'
2026-08-20 22:03:14,110 [INFO] core.evaluator_v2: [adakv] pred='The document outlines the challenges and efforts in federal IT management and cybersecurity. Despite a $96 billion budge'
2026-08-20 22:03:14,461 [WARNING] core.model_loader: Input length 51949 > max 16000, truncating...
2026-08-20 22:03:30,200 [INFO] core.evaluator_v2: [adakv] pred="**Summary:**\n\nThis document provides a comprehensive overview of China's actions in the South China Sea (SCS) and East C"
2026-08-20 22:03:30,489 [WARNING] core.model_loader: Input length 28135 > max 16000, truncating...
2026-08-20 22:03:45,025 [INFO] core.evaluator_v2: [adakv] pred='The Clean Water Act (CWA) authorizes federal grants for wastewater treatment plant construction and related activities, '
2026-08-20 22:03:58,640 [INFO] core.evaluator_v2: [adakv] pred='**Summary:**\n\nThe Department of Homeland Security (DHS) has faced significant internal control and financial management '
2026-08-20 22:03:58,675 [INFO] core.evaluator_v2:   [5/30] avg=15.97
2026-08-20 22:04:13,386 [INFO] core.evaluator_v2: [adakv] pred='**Summary:**\n\nThe document outlines the ongoing challenges and efforts in securing federal information systems in the Un'
2026-08-20 22:04:23,388 [INFO] core.evaluator_v2: [adakv] pred='The document outlines the historical context, legal framework, and key programs established by Congress to support small'
2026-08-20 22:04:23,755 [WARNING] core.model_loader: Input length 19434 > max 16000, truncating...
2026-08-20 22:04:38,226 [INFO] core.evaluator_v2: [adakv] pred='The Department of Defense (DOD) uses "Other Transaction" (OT) authorities to acquire goods and services, including resea'
2026-08-20 22:04:51,631 [INFO] core.evaluator_v2: [adakv] pred='The document discusses the evolving role of cash in the U.S. payment system, highlighting the increasing adoption of ele'
2026-08-20 22:04:52,338 [WARNING] core.model_loader: Input length 41630 > max 16000, truncating...
2026-08-20 22:05:05,215 [INFO] core.evaluator_v2: [adakv] pred='The Department of Homeland Security (DHS) has established policies and processes to manage its large-scale acquisitions,'
2026-08-20 22:05:05,246 [INFO] core.evaluator_v2:   [10/30] avg=14.70
2026-08-20 22:05:11,917 [INFO] core.evaluator_v2: [adakv] pred='This report provides a detailed analysis of the Department of Homeland Security (DHS) annual appropriations for FY2019, '
2026-08-20 22:05:21,725 [INFO] core.evaluator_v2: [adakv] pred="The U.S. federal government owns approximately 640 million acres, or a quarter of the nation's land, primarily in the we"
2026-08-20 22:05:35,387 [INFO] core.evaluator_v2: [adakv] pred='The document outlines the financial and operational aspects of the Black Lung Disability Trust Fund (BLTF), which provid'
2026-08-20 22:05:50,204 [INFO] core.evaluator_v2: [adakv] pred='The document provides a comprehensive overview of the U.S. foreign aid program, detailing its historical evolution, obje'
2026-08-20 22:06:01,471 [INFO] core.evaluator_v2: [adakv] pred='**Summary:**\n\nIn 2016, coal accounted for 17% of U.S. energy production and 30% of electricity generation, with about 73'
2026-08-20 22:06:01,569 [INFO] core.evaluator_v2:   [15/30] avg=15.54
2026-08-20 22:06:08,444 [INFO] core.evaluator_v2: [adakv] pred="The Public Safety Officers' Benefits (PSOB) and Educational Assistance (PSOEA) programs provide financial support to the"
2026-08-20 22:06:17,812 [INFO] core.evaluator_v2: [adakv] pred="The document outlines the FBI's challenges with its Hoover Building headquarters since 2011, including security concerns"
2026-08-20 22:06:27,903 [INFO] core.evaluator_v2: [adakv] pred='The document discusses challenges the Department of Veterans Affairs (VA) faces in aligning its healthcare services and '
2026-08-20 22:06:40,562 [INFO] core.evaluator_v2: [adakv] pred='The document provides an overview of the FY2019 budget request and appropriations for the International Trade Administra'
2026-08-20 22:06:50,346 [INFO] core.evaluator_v2: [adakv] pred='The document outlines the federal Black Lung Disability Trust Fund, which provides benefits to coal miners affected by b'
2026-08-20 22:06:50,363 [INFO] core.evaluator_v2:   [20/30] avg=16.54
2026-08-20 22:07:10,279 [INFO] core.evaluator_v2: [adakv] pred='**Summary:**\n\nThe document provides an in-depth analysis of the technology sector in the United States, focusing on empl'
2026-08-20 22:07:26,054 [INFO] core.evaluator_v2: [adakv] pred='**Summary:**\n\nThe document outlines the current state of Internet privacy in the United States, highlighting the lack of'
2026-08-20 22:07:40,909 [INFO] core.evaluator_v2: [adakv] pred='**Summary:**\n\nOver the past 30 years, there has been a shift from defined benefit (DB) to defined contribution (DC) reti'
2026-08-20 22:07:50,159 [INFO] core.evaluator_v2: [adakv] pred='The Social Security Administration (SSA) is responsible for administering three major programs: Old-Age and Survivors In'
2026-08-20 22:08:03,147 [INFO] core.evaluator_v2: [adakv] pred='The document outlines the financial challenges facing the Federal Employees Health Benefits Program (FEHBP) for postal r'
2026-08-20 22:08:03,181 [INFO] core.evaluator_v2:   [25/30] avg=16.29
2026-08-20 22:08:12,775 [INFO] core.evaluator_v2: [adakv] pred="The 116th Congress is likely to address various housing-related issues, including reforming the nation's housing finance"
2026-08-20 22:08:26,374 [INFO] core.evaluator_v2: [adakv] pred='The National Popular Vote (NPV) initiative seeks to establish direct popular election of the President and Vice Presiden'
2026-08-20 22:08:36,918 [INFO] core.evaluator_v2: [adakv] pred='The Energy and Water Development appropriations bill outlines funding for various federal agencies, including the U.S. A'
2026-08-20 22:08:50,239 [INFO] core.evaluator_v2: [adakv] pred='The federal government manages hundreds of thousands of buildings, costing billions annually. To improve efficiency and '
2026-08-20 22:09:02,862 [INFO] core.evaluator_v2: [adakv] pred='The National Cemeteries Act of 1973 established the modern veterans’ cemetery system, managed by the VA’s National Cemet'
2026-08-20 22:09:02,885 [INFO] core.evaluator_v2:   [30/30] avg=16.32
2026-08-20 22:09:02,886 [INFO] __main__:   → score=16.32, collapse=0/30 (0.0%), mem_red=20.0%
2026-08-20 22:09:02,919 [INFO] core.results_manager: Results saved to results/v3_verified/exp6_sink_intervention_qwen3-4b_budget80_20260820_200418.csv
2026-08-20 22:09:02,958 [INFO] core.results_manager: JSON saved to results/v3_verified/exp6_sink_intervention_qwen3-4b_budget80_20260820_200418.json
2026-08-20 22:09:02,959 [INFO] __main__:   [중간 저장 완료] 11/30 설정
2026-08-20 22:09:02,959 [INFO] __main__: 
────────────────────────────────────────────────────────────
2026-08-20 22:09:02,960 [INFO] __main__: Method: AdaKV-adapted_m16 | Budget: 80% | kwargs={'sink_size': 16, 'invert_norm': True}
2026-08-20 22:09:02,960 [INFO] __main__: ────────────────────────────────────────────────────────────
2026-08-20 22:09:02,961 [INFO] __main__: 
  Task: qmsum
2026-08-20 22:09:02,961 [INFO] core.dataset_loader: Loading LongBench/qmsum ...
2026-08-20 22:09:03,036 [INFO] httpx: HTTP Request: GET https://huggingface.co/api/datasets/THUDM/LongBench/revision/5e628be450b7e67fb7ae6e201bd6d8f7056f7672 "HTTP/1.1 307 Temporary Redirect"
2026-08-20 22:09:03,099 [INFO] httpx: HTTP Request: GET https://huggingface.co/api/datasets/zai-org/LongBench/revision/5e628be450b7e67fb7ae6e201bd6d8f7056f7672 "HTTP/1.1 200 OK"
2026-08-20 22:09:03,592 [INFO] core.dataset_loader: Loaded 30 samples from qmsum
2026-08-20 22:09:03,593 [INFO] core.evaluator_v2: [adakv] qmsum (30샘플, budget=80%, kwargs={'sink_size': 16, 'invert_norm': True})
2026-08-20 22:09:12,191 [INFO] core.evaluator_v2: [adakv] pred='The document is a transcript of a project meeting where the team discusses the goals and structure of a design project t'
2026-08-20 22:09:23,316 [INFO] core.evaluator_v2: [adakv] pred='The document is a meeting transcript between a project manager, industrial designer, user interface designer, and market'
2026-08-20 22:09:34,699 [INFO] core.evaluator_v2: [adakv] pred='The document is a meeting transcript discussing progress and discussions related to a research project involving the Sma'
2026-08-20 22:09:43,025 [INFO] core.evaluator_v2: [adakv] pred='The document is a detailed audio transcript of a team meeting discussing the development of a new remote control device.'
2026-08-20 22:09:51,041 [INFO] core.evaluator_v2: [adakv] pred='The document is a transcript of a conceptual design meeting for a new remote control device. Key points include:\n\n- **De'
2026-08-20 22:09:51,043 [INFO] core.evaluator_v2:   [5/30] avg=8.55
2026-08-20 22:09:51,342 [WARNING] core.model_loader: Input length 18386 > max 16000, truncating...
2026-08-20 22:09:59,284 [INFO] core.evaluator_v2: [adakv] pred='The document is a conversation among researchers discussing their work on improving speech recognition systems, focusing'
2026-08-20 22:09:59,849 [WARNING] core.model_loader: Input length 18553 > max 16000, truncating...
2026-08-20 22:10:10,982 [INFO] core.evaluator_v2: [adakv] pred='The document is a conversation among graduate students and professors discussing a research project focused on understan'
2026-08-20 22:10:11,247 [WARNING] core.model_loader: Input length 16224 > max 16000, truncating...
2026-08-20 22:10:19,421 [INFO] core.evaluator_v2: [adakv] pred="The Welsh Government's childcare initiative, outlined in the Childcare (Wales) Bill, aims to provide accessible, high-qu"
2026-08-20 22:10:19,712 [WARNING] core.model_loader: Input length 16924 > max 16000, truncating...
2026-08-20 22:10:29,354 [INFO] core.evaluator_v2: [adakv] pred='The document is a meeting transcript discussing various project-related topics, including transcription status, particip'
2026-08-20 22:10:39,268 [INFO] core.evaluator_v2: [adakv] pred='The document is a transcript of a kick-off meeting for the design of a new remote control. The project manager, Christa '
2026-08-20 22:10:39,273 [INFO] core.evaluator_v2:   [10/30] avg=7.80
2026-08-20 22:10:39,514 [WARNING] core.model_loader: Input length 16844 > max 16000, truncating...
2026-08-20 22:10:52,365 [INFO] core.evaluator_v2: [adakv] pred='The document is a meeting transcript discussing a speech recognition project. Key points include:\n\n- **Setup and Equipme'
2026-08-20 22:10:52,809 [WARNING] core.model_loader: Input length 16224 > max 16000, truncating...
2026-08-20 22:11:01,717 [INFO] core.evaluator_v2: [adakv] pred="The Welsh Government's childcare initiative, outlined in the Childcare (Wales) Bill, aims to provide accessible, high-qu"
2026-08-20 22:11:17,591 [INFO] core.evaluator_v2: [adakv] pred='The document is a transcript of a virtual meeting of the Children, Young People and Education Committee in the Welsh Ass'
2026-08-20 22:11:26,891 [INFO] core.evaluator_v2: [adakv] pred='The document is a meeting transcript where the team reviews the design of a new remote control shaped like a banana. Key'
2026-08-20 22:11:39,523 [INFO] core.evaluator_v2: [adakv] pred='The document outlines a project meeting where the team discusses the design of a new remote control. Key points include:'
2026-08-20 22:11:39,528 [INFO] core.evaluator_v2:   [15/30] avg=7.88
2026-08-20 22:11:46,570 [INFO] core.evaluator_v2: [adakv] pred='The document is a transcript of a meeting between a Project Manager, Marketing, Industrial Designer, and User Interface '
2026-08-20 22:11:55,123 [INFO] core.evaluator_v2: [adakv] pred='The document is a transcript of a kick-off meeting for the design of a new remote control. The project manager, Christa '
2026-08-20 22:11:58,944 [WARNING] core.model_loader: Input length 16844 > max 16000, truncating...
2026-08-20 22:12:14,341 [INFO] core.evaluator_v2: [adakv] pred='The document is a meeting transcript discussing a speech recognition project. Key points include:\n\n- **Setup and Equipme'
2026-08-20 22:12:23,092 [INFO] core.evaluator_v2: [adakv] pred='The document is a transcript of a meeting between a Project Manager, Industrial Designer, User Interface specialist, and'
2026-08-20 22:12:23,338 [WARNING] core.model_loader: Input length 16224 > max 16000, truncating...
2026-08-20 22:12:31,639 [INFO] core.evaluator_v2: [adakv] pred="The Welsh Government's childcare initiative, outlined in the Childcare (Wales) Bill, aims to provide accessible, high-qu"
2026-08-20 22:12:31,643 [INFO] core.evaluator_v2:   [20/30] avg=8.59
2026-08-20 22:12:40,651 [INFO] core.evaluator_v2: [adakv] pred='The document is a transcript of a project meeting where the team discusses the development of a new remote control devic'
2026-08-20 22:12:41,134 [WARNING] core.model_loader: Input length 25564 > max 16000, truncating...
2026-08-20 22:12:49,007 [INFO] core.evaluator_v2: [adakv] pred='The document details the 12th meeting of the House of Commons Special Committee on the COVID-19 Pandemic, held in a hybr'
2026-08-20 22:12:49,426 [WARNING] core.model_loader: Input length 18386 > max 16000, truncating...
2026-08-20 22:12:57,135 [INFO] core.evaluator_v2: [adakv] pred='The document is a conversation among researchers discussing their work on improving speech recognition systems, focusing'
2026-08-20 22:13:07,433 [INFO] core.evaluator_v2: [adakv] pred='The document is a detailed audio transcript of a team meeting discussing the development of a new remote control device.'
2026-08-20 22:13:14,020 [INFO] core.evaluator_v2: [adakv] pred='The document is a conversation among a Project Manager, Industrial Designer, User Interface specialist, and Marketing re'
2026-08-20 22:13:14,030 [INFO] core.evaluator_v2:   [25/30] avg=8.71
2026-08-20 22:13:25,098 [INFO] core.evaluator_v2: [adakv] pred='The project team discusses the design of a new television remote control. Key points include:\n\n- The remote must be tele'
2026-08-20 22:13:33,970 [INFO] core.evaluator_v2: [adakv] pred='The document is a transcript of a project meeting where the team discusses the development of a new remote control devic'
2026-08-20 22:13:34,239 [WARNING] core.model_loader: Input length 18553 > max 16000, truncating...
2026-08-20 22:13:44,622 [INFO] core.evaluator_v2: [adakv] pred='The document is a conversation among graduate students and professors discussing a research project focused on understan'
2026-08-20 22:13:56,122 [INFO] core.evaluator_v2: [adakv] pred='The document is a transcript of a functional design meeting where team members discuss the development of a new remote c'
2026-08-20 22:14:02,557 [INFO] core.evaluator_v2: [adakv] pred='The document is a transcript of a kick-off meeting for the design of a new remote control. The project manager, Christa '
2026-08-20 22:14:02,566 [INFO] core.evaluator_v2:   [30/30] avg=8.97
2026-08-20 22:14:02,567 [INFO] __main__:   → score=8.97, collapse=0/30 (0.0%), mem_red=20.0%
2026-08-20 22:14:02,569 [INFO] __main__: 
  Task: gov_report
2026-08-20 22:14:02,570 [INFO] core.dataset_loader: Loading LongBench/gov_report ...
2026-08-20 22:14:02,646 [INFO] httpx: HTTP Request: GET https://huggingface.co/api/datasets/THUDM/LongBench/revision/5e628be450b7e67fb7ae6e201bd6d8f7056f7672 "HTTP/1.1 307 Temporary Redirect"
2026-08-20 22:14:02,679 [INFO] httpx: HTTP Request: GET https://huggingface.co/api/datasets/zai-org/LongBench/revision/5e628be450b7e67fb7ae6e201bd6d8f7056f7672 "HTTP/1.1 200 OK"
2026-08-20 22:14:03,188 [INFO] core.dataset_loader: Loaded 30 samples from gov_report
2026-08-20 22:14:03,190 [INFO] core.evaluator_v2: [adakv] gov_report (30샘플, budget=80%, kwargs={'sink_size': 16, 'invert_norm': True})
2026-08-20 22:14:13,135 [INFO] core.evaluator_v2: [adakv] pred='The National Science Foundation (NSF) uses two programs, the IPA and VSEE, to bring in rotators. IPA rotators are employ'
2026-08-20 22:14:22,839 [INFO] core.evaluator_v2: [adakv] pred='The document outlines the challenges and efforts in federal IT management and cybersecurity. Despite a $96 billion budge'
2026-08-20 22:14:23,529 [WARNING] core.model_loader: Input length 51949 > max 16000, truncating...
2026-08-20 22:14:40,607 [INFO] core.evaluator_v2: [adakv] pred="**Summary:**\n\nThis report provides a comprehensive overview of China's actions in the South China Sea (SCS) and East Chi"
2026-08-20 22:14:40,931 [WARNING] core.model_loader: Input length 28135 > max 16000, truncating...
2026-08-20 22:14:55,770 [INFO] core.evaluator_v2: [adakv] pred='The Clean Water Act (CWA) authorizes federal grants for wastewater treatment plant construction and related activities, '
2026-08-20 22:15:16,446 [INFO] core.evaluator_v2: [adakv] pred='**Summary:**\n\nThe Department of Homeland Security (DHS) has faced significant internal control and financial management '
2026-08-20 22:15:16,494 [INFO] core.evaluator_v2:   [5/30] avg=16.24
2026-08-20 22:15:33,072 [INFO] core.evaluator_v2: [adakv] pred='**Summary:**\n\nThe document outlines the ongoing challenges and efforts in securing federal information systems in the Un'
2026-08-20 22:15:41,619 [INFO] core.evaluator_v2: [adakv] pred='The document outlines the historical context, legal framework, and key programs established by Congress to support small'
2026-08-20 22:15:41,961 [WARNING] core.model_loader: Input length 19434 > max 16000, truncating...
2026-08-20 22:15:50,814 [INFO] core.evaluator_v2: [adakv] pred='The Department of Defense (DOD) uses "Other Transaction" (OT) authorities to acquire goods and services, particularly fo'
2026-08-20 22:16:06,056 [INFO] core.evaluator_v2: [adakv] pred='The document discusses the evolving role of cash in the U.S. payment system, highlighting the increasing adoption of ele'
2026-08-20 22:16:06,389 [WARNING] core.model_loader: Input length 41630 > max 16000, truncating...
2026-08-20 22:16:18,616 [INFO] core.evaluator_v2: [adakv] pred='The Department of Homeland Security (DHS) has established policies and processes to manage its large-scale acquisitions,'
2026-08-20 22:16:18,650 [INFO] core.evaluator_v2:   [10/30] avg=14.45
2026-08-20 22:16:25,603 [INFO] core.evaluator_v2: [adakv] pred='This report provides a detailed analysis of the Department of Homeland Security (DHS) annual appropriations for FY2019, '
2026-08-20 22:16:36,322 [INFO] core.evaluator_v2: [adakv] pred="The U.S. federal government owns approximately 640 million acres, or a quarter of the nation's land, primarily in the we"
2026-08-20 22:16:49,146 [INFO] core.evaluator_v2: [adakv] pred='The document outlines the financial and operational aspects of the Black Lung Disability Trust Fund (BLTF), which provid'
2026-08-20 22:17:04,114 [INFO] core.evaluator_v2: [adakv] pred='The document provides a comprehensive overview of the U.S. foreign aid program, detailing its historical evolution, obje'
2026-08-20 22:17:16,164 [INFO] core.evaluator_v2: [adakv] pred='**Summary:**\n\nIn 2016, coal accounted for 17% of U.S. energy production and 30% of electricity generation, with about 73'
2026-08-20 22:17:16,188 [INFO] core.evaluator_v2:   [15/30] avg=15.53
2026-08-20 22:17:23,706 [INFO] core.evaluator_v2: [adakv] pred="The Public Safety Officers' Benefits (PSOB) and Educational Assistance (PSOEA) programs provide financial support to the"
2026-08-20 22:17:28,568 [INFO] core.evaluator_v2: [adakv] pred="The document outlines the FBI's challenges with its Hoover Building headquarters since 2011, including security concerns"
2026-08-20 22:17:37,307 [INFO] core.evaluator_v2: [adakv] pred='The document discusses challenges the Department of Veterans Affairs (VA) faces in aligning its healthcare services and '
2026-08-20 22:17:48,948 [INFO] core.evaluator_v2: [adakv] pred='The document provides an overview of the FY2019 budget request and appropriations for the International Trade Administra'
2026-08-20 22:17:57,600 [INFO] core.evaluator_v2: [adakv] pred='The document outlines the federal Black Lung Disability Trust Fund, which provides benefits to coal miners affected by b'
2026-08-20 22:17:57,640 [INFO] core.evaluator_v2:   [20/30] avg=16.54
2026-08-20 22:18:14,513 [INFO] core.evaluator_v2: [adakv] pred='**Summary:**\n\nThe document provides an in-depth analysis of the technology sector in the United States, focusing on empl'
2026-08-20 22:18:30,459 [INFO] core.evaluator_v2: [adakv] pred='**Summary:**\n\nThe document outlines the current state of Internet privacy in the United States, highlighting the lack of'
2026-08-20 22:18:46,017 [INFO] core.evaluator_v2: [adakv] pred='**Summary:**\n\nOver the past 30 years, there has been a shift from defined benefit (DB) to defined contribution (DC) reti'
2026-08-20 22:18:57,627 [INFO] core.evaluator_v2: [adakv] pred='The Social Security Administration (SSA) is responsible for administering three major programs: Old-Age and Survivors In'
2026-08-20 22:19:10,521 [INFO] core.evaluator_v2: [adakv] pred='The document outlines the financial challenges facing the Federal Employees Health Benefits Program (FEHBP) for postal r'
2026-08-20 22:19:10,598 [INFO] core.evaluator_v2:   [25/30] avg=16.36
2026-08-20 22:19:20,913 [INFO] core.evaluator_v2: [adakv] pred="The 116th Congress is likely to address various housing-related issues, including reforming the nation's housing finance"
2026-08-20 22:19:36,576 [INFO] core.evaluator_v2: [adakv] pred='The National Popular Vote (NPV) initiative seeks to establish direct popular election of the President and Vice Presiden'
2026-08-20 22:19:52,410 [INFO] core.evaluator_v2: [adakv] pred='The Energy and Water Development appropriations bill outlines funding for various federal agencies, including the U.S. A'
2026-08-20 22:20:00,520 [INFO] core.evaluator_v2: [adakv] pred='The federal government manages hundreds of thousands of buildings, costing billions annually. To improve efficiency and '
2026-08-20 22:20:11,780 [INFO] core.evaluator_v2: [adakv] pred='The National Cemeteries Act of 1973 established the modern veterans’ cemetery system, managed by the VA’s National Cemet'
2026-08-20 22:20:11,797 [INFO] core.evaluator_v2:   [30/30] avg=16.39
2026-08-20 22:20:11,799 [INFO] __main__:   → score=16.39, collapse=0/30 (0.0%), mem_red=20.0%
2026-08-20 22:20:11,867 [INFO] core.results_manager: Results saved to results/v3_verified/exp6_sink_intervention_qwen3-4b_budget80_20260820_200418.csv
2026-08-20 22:20:11,929 [INFO] core.results_manager: JSON saved to results/v3_verified/exp6_sink_intervention_qwen3-4b_budget80_20260820_200418.json
2026-08-20 22:20:11,934 [INFO] __main__:   [중간 저장 완료] 12/30 설정
2026-08-20 22:20:11,937 [INFO] __main__: 
────────────────────────────────────────────────────────────
2026-08-20 22:20:11,939 [INFO] __main__: Method: PyramidKV-adapted_m0 | Budget: 80% | kwargs={'sink_size': 0, 'invert_norm': True}
2026-08-20 22:20:11,940 [INFO] __main__: ────────────────────────────────────────────────────────────
2026-08-20 22:20:11,942 [INFO] __main__: 
  Task: qmsum
2026-08-20 22:20:11,942 [INFO] core.dataset_loader: Loading LongBench/qmsum ...
2026-08-20 22:20:12,037 [INFO] httpx: HTTP Request: GET https://huggingface.co/api/datasets/THUDM/LongBench/revision/5e628be450b7e67fb7ae6e201bd6d8f7056f7672 "HTTP/1.1 307 Temporary Redirect"
2026-08-20 22:20:12,099 [INFO] httpx: HTTP Request: GET https://huggingface.co/api/datasets/zai-org/LongBench/revision/5e628be450b7e67fb7ae6e201bd6d8f7056f7672 "HTTP/1.1 200 OK"
2026-08-20 22:20:12,642 [INFO] core.dataset_loader: Loaded 30 samples from qmsum
2026-08-20 22:20:12,645 [INFO] core.evaluator_v2: [pyramidkv] qmsum (30샘플, budget=80%, kwargs={'sink_size': 0, 'invert_norm': True})
2026-08-20 22:20:18,540 [INFO] core.evaluator_v2: [pyramidkv] pred='The document describes a meeting where the project team introduces a new TV remote control project. The main goals are t'
2026-08-20 22:20:25,693 [INFO] core.evaluator_v2: [pyramidkv] pred='The document is a meeting transcript between a Project Manager, Industrial Designer, User Interface designer, and Market'
2026-08-20 22:20:35,172 [INFO] core.evaluator_v2: [pyramidkv] pred='The document is a meeting transcript discussing progress on a research project involving a speech system called SmartKom'
2026-08-20 22:20:43,793 [INFO] core.evaluator_v2: [pyramidkv] pred='The document is a meeting transcript involving a project team, including a Project Manager, Industrial Designer, User In'
2026-08-20 22:20:51,493 [INFO] core.evaluator_v2: [pyramidkv] pred='The document is a meeting transcript where team members discuss the design of a remote control. Key points include:\n\n- *'
2026-08-20 22:20:51,496 [INFO] core.evaluator_v2:   [5/30] avg=8.62
2026-08-20 22:20:51,717 [WARNING] core.model_loader: Input length 18386 > max 16000, truncating...
2026-08-20 22:20:59,949 [INFO] core.evaluator_v2: [pyramidkv] pred='The document is a conversation between professors and PhD students discussing their research on noise robustness in spee'
2026-08-20 22:21:00,214 [WARNING] core.model_loader: Input length 18553 > max 16000, truncating...
2026-08-20 22:21:09,626 [INFO] core.evaluator_v2: [pyramidkv] pred='The document is a conversation among graduate students and professors discussing a research project focused on understan'
2026-08-20 22:21:09,968 [WARNING] core.model_loader: Input length 16224 > max 16000, truncating...
2026-08-20 22:21:18,716 [INFO] core.evaluator_v2: [pyramidkv] pred="The document details a meeting of the Welsh Government's Children, Young People and Education Committee, where Minister "
2026-08-20 22:21:19,068 [WARNING] core.model_loader: Input length 16924 > max 16000, truncating...
2026-08-20 22:21:28,754 [INFO] core.evaluator_v2: [pyramidkv] pred='The document is a meeting transcript where participants discuss various technical and logistical issues related to a res'
2026-08-20 22:21:33,657 [INFO] core.evaluator_v2: [pyramidkv] pred='The document describes a project kick-off meeting for designing a new remote control. Key points include: the remote mus'
2026-08-20 22:21:33,661 [INFO] core.evaluator_v2:   [10/30] avg=7.89
2026-08-20 22:21:33,822 [WARNING] core.model_loader: Input length 16844 > max 16000, truncating...
2026-08-20 22:21:44,262 [INFO] core.evaluator_v2: [pyramidkv] pred='The document is a meeting transcript involving researchers discussing various aspects of speech recognition, data collec'
2026-08-20 22:21:44,695 [WARNING] core.model_loader: Input length 16224 > max 16000, truncating...
2026-08-20 22:21:53,199 [INFO] core.evaluator_v2: [pyramidkv] pred="The document details a meeting of the Welsh Government's Children, Young People and Education Committee, where Minister "
2026-08-20 22:22:00,912 [INFO] core.evaluator_v2: [pyramidkv] pred='The document is a meeting summary of the Children, Young People and Education Committee discussing the impact of the cor'
2026-08-20 22:22:08,402 [INFO] core.evaluator_v2: [pyramidkv] pred='The document is a meeting summary involving an Industrial Designer, User Interface designer, and Project Manager discuss'
2026-08-20 22:22:24,438 [INFO] core.evaluator_v2: [pyramidkv] pred='The document outlines a project meeting where the team discusses the design of a remote control. Key points include:\n\n- '
2026-08-20 22:22:24,453 [INFO] core.evaluator_v2:   [15/30] avg=8.71
2026-08-20 22:22:35,624 [INFO] core.evaluator_v2: [pyramidkv] pred='The document is a conversation from a project meeting involving a Project Manager, Marketing, Industrial Designer, and U'
2026-08-20 22:22:40,954 [INFO] core.evaluator_v2: [pyramidkv] pred='The document describes a project kick-off meeting for designing a new remote control. Key points include: the remote mus'
2026-08-20 22:22:43,352 [WARNING] core.model_loader: Input length 16844 > max 16000, truncating...
2026-08-20 22:22:55,297 [INFO] core.evaluator_v2: [pyramidkv] pred='The document is a meeting transcript involving researchers discussing various aspects of speech recognition, data collec'
2026-08-20 22:23:07,295 [INFO] core.evaluator_v2: [pyramidkv] pred='The document is a meeting transcript between a Project Manager, Industrial Designer, User Interface specialist, and Mark'
2026-08-20 22:23:08,726 [WARNING] core.model_loader: Input length 16224 > max 16000, truncating...
2026-08-20 22:23:17,714 [INFO] core.evaluator_v2: [pyramidkv] pred="The document details a meeting of the Welsh Government's Children, Young People and Education Committee, where Minister "
2026-08-20 22:23:17,757 [INFO] core.evaluator_v2:   [20/30] avg=9.23
2026-08-20 22:23:25,860 [INFO] core.evaluator_v2: [pyramidkv] pred='The document is a detailed meeting transcript involving a project manager, marketing, user interface, and industrial des'
2026-08-20 22:23:26,121 [WARNING] core.model_loader: Input length 25564 > max 16000, truncating...
2026-08-20 22:23:39,794 [INFO] core.evaluator_v2: [pyramidkv] pred='The document details the 12th meeting of the House of Commons Special Committee on the COVID-19 Pandemic, held in a hybr'
2026-08-20 22:23:43,815 [WARNING] core.model_loader: Input length 18386 > max 16000, truncating...
2026-08-20 22:23:53,104 [INFO] core.evaluator_v2: [pyramidkv] pred='The document is a conversation between professors and PhD students discussing their research on noise robustness in spee'
2026-08-20 22:24:01,465 [INFO] core.evaluator_v2: [pyramidkv] pred='The document is a meeting transcript involving a project team, including a Project Manager, Industrial Designer, User In'
2026-08-20 22:24:08,678 [INFO] core.evaluator_v2: [pyramidkv] pred='The document is a conversation among project team members discussing a product prototype for a remote control. Key point'
2026-08-20 22:24:08,683 [INFO] core.evaluator_v2:   [25/30] avg=9.05
2026-08-20 22:24:18,463 [INFO] core.evaluator_v2: [pyramidkv] pred='The project team discussed the design of a new television remote. Key points include:\n\n- The remote must be television-o'
2026-08-20 22:24:26,855 [INFO] core.evaluator_v2: [pyramidkv] pred='The document is a detailed meeting transcript involving a project manager, marketing, user interface, and industrial des'
2026-08-20 22:24:27,130 [WARNING] core.model_loader: Input length 18553 > max 16000, truncating...
2026-08-20 22:24:36,052 [INFO] core.evaluator_v2: [pyramidkv] pred='The document is a conversation among graduate students and professors discussing a research project focused on understan'
2026-08-20 22:24:44,718 [INFO] core.evaluator_v2: [pyramidkv] pred='The document is a meeting transcript between a Project Manager, User Interface, and Industrial Designer discussing the f'
2026-08-20 22:24:49,497 [INFO] core.evaluator_v2: [pyramidkv] pred='The document describes a project kick-off meeting for designing a new remote control. Key points include: the remote mus'
2026-08-20 22:24:49,502 [INFO] core.evaluator_v2:   [30/30] avg=9.36
2026-08-20 22:24:49,530 [INFO] __main__:   → score=9.36, collapse=0/30 (0.0%), mem_red=20.0%
2026-08-20 22:24:49,535 [INFO] __main__: 
  Task: gov_report
2026-08-20 22:24:49,537 [INFO] core.dataset_loader: Loading LongBench/gov_report ...
2026-08-20 22:24:49,603 [INFO] httpx: HTTP Request: GET https://huggingface.co/api/datasets/THUDM/LongBench/revision/5e628be450b7e67fb7ae6e201bd6d8f7056f7672 "HTTP/1.1 307 Temporary Redirect"
2026-08-20 22:24:49,661 [INFO] httpx: HTTP Request: GET https://huggingface.co/api/datasets/zai-org/LongBench/revision/5e628be450b7e67fb7ae6e201bd6d8f7056f7672 "HTTP/1.1 200 OK"
2026-08-20 22:24:51,533 [INFO] core.dataset_loader: Loaded 30 samples from gov_report
2026-08-20 22:24:51,537 [INFO] core.evaluator_v2: [pyramidkv] gov_report (30샘플, budget=80%, kwargs={'sink_size': 0, 'invert_norm': True})
2026-08-20 22:24:58,549 [INFO] core.evaluator_v2: [pyramidkv] pred="The GAO report outlines NSF's use of two rotator programs—IPA and VSEE—to bring in temporary staff for science and engin"
2026-08-20 22:25:08,884 [INFO] core.evaluator_v2: [pyramidkv] pred='The document outlines the challenges and efforts related to federal IT management. Despite a $96 billion budget for IT i'
2026-08-20 22:25:09,422 [WARNING] core.model_loader: Input length 51949 > max 16000, truncating...
2026-08-20 22:25:24,099 [INFO] core.evaluator_v2: [pyramidkv] pred="**Summary:**\n\nThis document provides a comprehensive overview of China's actions in the South China Sea (SCS) and East C"
2026-08-20 22:25:24,506 [WARNING] core.model_loader: Input length 28135 > max 16000, truncating...
2026-08-20 22:25:43,957 [INFO] core.evaluator_v2: [pyramidkv] pred='The Clean Water Act (CWA) authorizes federal grants for municipal wastewater treatment plant construction and related ac'
2026-08-20 22:26:04,574 [INFO] core.evaluator_v2: [pyramidkv] pred='**Summary:**\n\nThe Department of Homeland Security (DHS) has faced significant internal control and financial management '
2026-08-20 22:26:04,635 [INFO] core.evaluator_v2:   [5/30] avg=15.79
2026-08-20 22:26:14,750 [INFO] core.evaluator_v2: [pyramidkv] pred='**Summary:**\n\nCybersecurity threats continue to impact federal agencies, with numerous incidents reported in recent year'
2026-08-20 22:26:29,504 [INFO] core.evaluator_v2: [pyramidkv] pred='The document outlines the historical and current framework for supporting small businesses in the United States, particu'
2026-08-20 22:26:29,980 [WARNING] core.model_loader: Input length 19434 > max 16000, truncating...
2026-08-20 22:26:41,979 [INFO] core.evaluator_v2: [pyramidkv] pred='The Department of Defense (DOD) uses over $300 billion annually for goods and services, governed by statutes and regulat'
2026-08-20 22:26:53,635 [INFO] core.evaluator_v2: [pyramidkv] pred='The document discusses the increasing role of electronic payment systems in modern society, driven by technological adva'
2026-08-20 22:26:54,485 [WARNING] core.model_loader: Input length 41630 > max 16000, truncating...
2026-08-20 22:27:16,039 [INFO] core.evaluator_v2: [pyramidkv] pred='The Department of Homeland Security (DHS) has established policies and processes to manage its large-scale acquisitions,'
2026-08-20 22:27:16,077 [INFO] core.evaluator_v2:   [10/30] avg=15.54
2026-08-20 22:27:25,558 [INFO] core.evaluator_v2: [pyramidkv] pred='This report analyzes the Department of Homeland Security (DHS) annual appropriations for FY2019, comparing the enacted F'
2026-08-20 22:27:35,500 [INFO] core.evaluator_v2: [pyramidkv] pred='The U.S. federal government owns about 640 million acres, mostly in 12 western states, managed by four agencies: the Nat'
2026-08-20 22:27:53,840 [INFO] core.evaluator_v2: [pyramidkv] pred='The document outlines the financial structure and challenges of the Black Lung Disability Trust Fund. Key points include'
2026-08-20 22:28:10,431 [INFO] core.evaluator_v2: [pyramidkv] pred='The U.S. foreign aid program is a major component of the international affairs budget, with significant historical and p'
2026-08-20 22:28:26,812 [INFO] core.evaluator_v2: [pyramidkv] pred='**Summary:**\n\nIn 2016, coal accounted for 17% of U.S. energy production and 30% of electricity generation, with approxim'
2026-08-20 22:28:26,845 [INFO] core.evaluator_v2:   [15/30] avg=16.25
2026-08-20 22:28:36,400 [INFO] core.evaluator_v2: [pyramidkv] pred="The Public Safety Officers' Benefits (PSOB) and Public Safety Officers' Educational Assistance (PSOEA) programs provide "
2026-08-20 22:28:45,403 [INFO] core.evaluator_v2: [pyramidkv] pred='The document discusses the strategic and operational challenges faced by the FBI due to the suboptimal condition of its '
2026-08-20 22:28:54,737 [INFO] core.evaluator_v2: [pyramidkv] pred='The document discusses challenges faced by the VA in aligning its health care delivery and real property to meet the nee'
2026-08-20 22:29:05,483 [INFO] core.evaluator_v2: [pyramidkv] pred='The document provides an overview of the FY2019 budget and appropriations for the International Trade Administration (IT'
2026-08-20 22:29:12,134 [INFO] core.evaluator_v2: [pyramidkv] pred='The federal government provides benefits to coal miners affected by black lung disease (CWP) when responsible mine opera'
2026-08-20 22:29:12,143 [INFO] core.evaluator_v2:   [20/30] avg=17.03
2026-08-20 22:29:25,709 [INFO] core.evaluator_v2: [pyramidkv] pred='**Summary:**\n\nThis document provides a comprehensive overview of the technology sector in the United States, focusing on'
2026-08-20 22:29:38,684 [INFO] core.evaluator_v2: [pyramidkv] pred='**Summary:**\n\nThe document outlines the current state of Internet privacy in the United States, emphasizing the lack of '
2026-08-20 22:29:58,308 [INFO] core.evaluator_v2: [pyramidkv] pred='**Summary:**\n\nOver the past 30 years, employers have shifted from sponsoring defined benefit (DB) plans to defined contr'
2026-08-20 22:30:09,014 [INFO] core.evaluator_v2: [pyramidkv] pred='The Social Security Administration (SSA) delivers critical benefits to millions of Americans, including retirees, disabl'
2026-08-20 22:30:24,684 [INFO] core.evaluator_v2: [pyramidkv] pred='The Federal Employees Health Benefits Program (FEHBP) provides health insurance for federal employees and retirees, incl'
2026-08-20 22:30:24,721 [INFO] core.evaluator_v2:   [25/30] avg=16.74
2026-08-20 22:30:35,450 [INFO] core.evaluator_v2: [pyramidkv] pred="The 116th Congress may consider various housing-related issues, including reforming the nation's housing finance system,"
2026-08-20 22:30:50,315 [INFO] core.evaluator_v2: [pyramidkv] pred='The National Popular Vote (NPV) initiative seeks to establish direct popular election of the President and Vice Presiden'
2026-08-20 22:30:59,467 [INFO] core.evaluator_v2: [pyramidkv] pred='The Energy and Water Development Appropriations Bill includes funding for various federal agencies, such as the U.S. Arm'
2026-08-20 22:31:09,872 [INFO] core.evaluator_v2: [pyramidkv] pred='The U.S. federal government owns and leases hundreds of thousands of buildings, costing billions annually to operate. To'
2026-08-20 22:31:21,623 [INFO] core.evaluator_v2: [pyramidkv] pred='The National Cemeteries Act of 1973 established the modern veterans’ cemetery system, managed by the VA’s National Cemet'
2026-08-20 22:31:21,654 [INFO] core.evaluator_v2:   [30/30] avg=16.72
2026-08-20 22:31:21,656 [INFO] __main__:   → score=16.72, collapse=0/30 (0.0%), mem_red=20.0%
2026-08-20 22:31:21,677 [INFO] core.results_manager: Results saved to results/v3_verified/exp6_sink_intervention_qwen3-4b_budget80_20260820_200418.csv
2026-08-20 22:31:21,738 [INFO] core.results_manager: JSON saved to results/v3_verified/exp6_sink_intervention_qwen3-4b_budget80_20260820_200418.json
2026-08-20 22:31:21,740 [INFO] __main__:   [중간 저장 완료] 13/30 설정
2026-08-20 22:31:21,743 [INFO] __main__: 
────────────────────────────────────────────────────────────
2026-08-20 22:31:21,745 [INFO] __main__: Method: PyramidKV-adapted_m1 | Budget: 80% | kwargs={'sink_size': 1, 'invert_norm': True}
2026-08-20 22:31:21,747 [INFO] __main__: ────────────────────────────────────────────────────────────
2026-08-20 22:31:21,752 [INFO] __main__: 
  Task: qmsum
2026-08-20 22:31:21,754 [INFO] core.dataset_loader: Loading LongBench/qmsum ...
2026-08-20 22:31:21,838 [INFO] httpx: HTTP Request: GET https://huggingface.co/api/datasets/THUDM/LongBench/revision/5e628be450b7e67fb7ae6e201bd6d8f7056f7672 "HTTP/1.1 307 Temporary Redirect"
2026-08-20 22:31:21,872 [INFO] httpx: HTTP Request: GET https://huggingface.co/api/datasets/zai-org/LongBench/revision/5e628be450b7e67fb7ae6e201bd6d8f7056f7672 "HTTP/1.1 200 OK"
2026-08-20 22:31:22,489 [INFO] core.dataset_loader: Loaded 30 samples from qmsum
2026-08-20 22:31:22,490 [INFO] core.evaluator_v2: [pyramidkv] qmsum (30샘플, budget=80%, kwargs={'sink_size': 1, 'invert_norm': True})
2026-08-20 22:31:31,224 [INFO] core.evaluator_v2: [pyramidkv] pred='The document is a transcript of a project meeting where the team discusses the goals and structure of a design project t'
2026-08-20 22:31:44,926 [INFO] core.evaluator_v2: [pyramidkv] pred='The document is a meeting transcript between a project manager, industrial designer, user interface designer, and market'
2026-08-20 22:31:56,982 [INFO] core.evaluator_v2: [pyramidkv] pred='The document is a meeting transcript discussing progress and discussions related to a research project involving the Sma'
2026-08-20 22:32:05,873 [INFO] core.evaluator_v2: [pyramidkv] pred='The document is a detailed audio transcript of a team meeting discussing the development of a new remote control device.'
2026-08-20 22:32:19,444 [INFO] core.evaluator_v2: [pyramidkv] pred='The document is a transcript of a meeting among team members discussing the conceptual design of a new remote control de'
2026-08-20 22:32:19,449 [INFO] core.evaluator_v2:   [5/30] avg=8.69
2026-08-20 22:32:19,708 [WARNING] core.model_loader: Input length 18386 > max 16000, truncating...
2026-08-20 22:32:28,910 [INFO] core.evaluator_v2: [pyramidkv] pred='The document is a conversation among researchers discussing their work on improving speech recognition systems, focusing'
2026-08-20 22:32:29,435 [WARNING] core.model_loader: Input length 18553 > max 16000, truncating...
2026-08-20 22:32:41,800 [INFO] core.evaluator_v2: [pyramidkv] pred='The document is a conversation among graduate students and professors discussing a research project focused on understan'
2026-08-20 22:32:42,067 [WARNING] core.model_loader: Input length 16224 > max 16000, truncating...
2026-08-20 22:32:51,995 [INFO] core.evaluator_v2: [pyramidkv] pred="The Welsh Government's childcare initiative, outlined in the Childcare (Wales) Bill, aims to provide affordable, accessi"
2026-08-20 22:32:52,401 [WARNING] core.model_loader: Input length 16924 > max 16000, truncating...
2026-08-20 22:33:01,591 [INFO] core.evaluator_v2: [pyramidkv] pred='The document is a meeting transcript discussing various project-related topics, including transcription status, particip'
2026-08-20 22:33:08,537 [INFO] core.evaluator_v2: [pyramidkv] pred='The document is a transcript of a kick-off meeting for the design of a new remote control. The project manager, Christa '
2026-08-20 22:33:08,540 [INFO] core.evaluator_v2:   [10/30] avg=7.42
2026-08-20 22:33:08,782 [WARNING] core.model_loader: Input length 16844 > max 16000, truncating...
2026-08-20 22:33:21,681 [INFO] core.evaluator_v2: [pyramidkv] pred='The document is a meeting transcript discussing various aspects of a speech recognition project. Key points include:\n\n- '
2026-08-20 22:33:26,317 [WARNING] core.model_loader: Input length 16224 > max 16000, truncating...
2026-08-20 22:33:36,591 [INFO] core.evaluator_v2: [pyramidkv] pred="The Welsh Government's childcare initiative, outlined in the Childcare (Wales) Bill, aims to provide affordable, accessi"
2026-08-20 22:33:43,490 [INFO] core.evaluator_v2: [pyramidkv] pred='The meeting of the Children, Young People and Education Committee addressed the impact of the coronavirus pandemic on ch'
2026-08-20 22:33:55,936 [INFO] core.evaluator_v2: [pyramidkv] pred='The document is a meeting transcript where the team reviews the design of a new remote control shaped like a banana. Key'
2026-08-20 22:34:09,435 [INFO] core.evaluator_v2: [pyramidkv] pred='The document outlines a project meeting where the team discusses the design of a new remote control. Key points include:'
2026-08-20 22:34:09,442 [INFO] core.evaluator_v2:   [15/30] avg=7.82
2026-08-20 22:34:17,290 [INFO] core.evaluator_v2: [pyramidkv] pred='The document is a transcript of a meeting between a Project Manager, Marketing, Industrial Designer, and User Interface '
2026-08-20 22:34:24,398 [INFO] core.evaluator_v2: [pyramidkv] pred='The document is a transcript of a kick-off meeting for the design of a new remote control. The project manager, Christa '
2026-08-20 22:34:24,760 [WARNING] core.model_loader: Input length 16844 > max 16000, truncating...
2026-08-20 22:34:37,998 [INFO] core.evaluator_v2: [pyramidkv] pred='The document is a meeting transcript discussing various aspects of a speech recognition project. Key points include:\n\n- '
2026-08-20 22:34:51,354 [INFO] core.evaluator_v2: [pyramidkv] pred='The document is a transcript of a meeting between a Project Manager, Industrial Designer, User Interface specialist, and'
2026-08-20 22:34:51,763 [WARNING] core.model_loader: Input length 16224 > max 16000, truncating...
2026-08-20 22:35:01,279 [INFO] core.evaluator_v2: [pyramidkv] pred="The Welsh Government's childcare initiative, outlined in the Childcare (Wales) Bill, aims to provide affordable, accessi"
2026-08-20 22:35:01,283 [INFO] core.evaluator_v2:   [20/30] avg=8.72
2026-08-20 22:35:10,902 [INFO] core.evaluator_v2: [pyramidkv] pred='The document is a transcript of a project meeting where the team discusses the development of a new remote control devic'
2026-08-20 22:35:11,497 [WARNING] core.model_loader: Input length 25564 > max 16000, truncating...
2026-08-20 22:35:21,975 [INFO] core.evaluator_v2: [pyramidkv] pred='The document details the 12th meeting of the House of Commons Special Committee on the COVID-19 Pandemic, which was held'
2026-08-20 22:35:22,208 [WARNING] core.model_loader: Input length 18386 > max 16000, truncating...
2026-08-20 22:35:30,819 [INFO] core.evaluator_v2: [pyramidkv] pred='The document is a conversation among researchers discussing their work on improving speech recognition systems, focusing'
2026-08-20 22:35:40,624 [INFO] core.evaluator_v2: [pyramidkv] pred='The document is a detailed audio transcript of a team meeting discussing the development of a new remote control device.'
2026-08-20 22:35:48,429 [INFO] core.evaluator_v2: [pyramidkv] pred='The document is a conversation among a Project Manager, Industrial Designer, User Interface specialist, and Marketing re'
2026-08-20 22:35:48,434 [INFO] core.evaluator_v2:   [25/30] avg=8.84
2026-08-20 22:35:58,397 [INFO] core.evaluator_v2: [pyramidkv] pred='The project team discusses the design of a new television remote control. Key points include:\n\n- The remote must be tele'
2026-08-20 22:36:09,012 [INFO] core.evaluator_v2: [pyramidkv] pred='The document is a transcript of a project meeting where the team discusses the development of a new remote control devic'
2026-08-20 22:36:09,634 [WARNING] core.model_loader: Input length 18553 > max 16000, truncating...
2026-08-20 22:36:22,331 [INFO] core.evaluator_v2: [pyramidkv] pred='The document is a conversation among graduate students and professors discussing a research project focused on understan'
2026-08-20 22:36:35,574 [INFO] core.evaluator_v2: [pyramidkv] pred='The document is a transcript of a functional design meeting where team members discuss the development of a new remote c'
2026-08-20 22:36:42,399 [INFO] core.evaluator_v2: [pyramidkv] pred='The document is a transcript of a kick-off meeting for the design of a new remote control. The project manager, Christa '
2026-08-20 22:36:42,406 [INFO] core.evaluator_v2:   [30/30] avg=9.09
2026-08-20 22:36:42,419 [INFO] __main__:   → score=9.09, collapse=0/30 (0.0%), mem_red=20.0%
2026-08-20 22:36:42,421 [INFO] __main__: 
  Task: gov_report
2026-08-20 22:36:42,423 [INFO] core.dataset_loader: Loading LongBench/gov_report ...
2026-08-20 22:36:42,502 [INFO] httpx: HTTP Request: GET https://huggingface.co/api/datasets/THUDM/LongBench/revision/5e628be450b7e67fb7ae6e201bd6d8f7056f7672 "HTTP/1.1 307 Temporary Redirect"
2026-08-20 22:36:42,548 [INFO] httpx: HTTP Request: GET https://huggingface.co/api/datasets/zai-org/LongBench/revision/5e628be450b7e67fb7ae6e201bd6d8f7056f7672 "HTTP/1.1 200 OK"
2026-08-20 22:36:43,057 [INFO] core.dataset_loader: Loaded 30 samples from gov_report
2026-08-20 22:36:43,059 [INFO] core.evaluator_v2: [pyramidkv] gov_report (30샘플, budget=80%, kwargs={'sink_size': 1, 'invert_norm': True})
2026-08-20 22:36:54,647 [INFO] core.evaluator_v2: [pyramidkv] pred='The National Science Foundation (NSF) uses two programs, the IPA and VSEE, to bring in rotators. IPA rotators are employ'
2026-08-20 22:37:03,091 [INFO] core.evaluator_v2: [pyramidkv] pred='The document outlines the challenges and efforts in federal IT management and cybersecurity. Despite a $96 billion budge'
2026-08-20 22:37:03,507 [WARNING] core.model_loader: Input length 51949 > max 16000, truncating...
2026-08-20 22:37:20,354 [INFO] core.evaluator_v2: [pyramidkv] pred="**Summary:**\n\nThis report provides a comprehensive overview of China's actions in the South China Sea (SCS) and East Chi"
2026-08-20 22:37:20,754 [WARNING] core.model_loader: Input length 28135 > max 16000, truncating...
2026-08-20 22:37:36,518 [INFO] core.evaluator_v2: [pyramidkv] pred='The Clean Water Act (CWA) authorizes federal grants for wastewater treatment plant construction and related activities, '
2026-08-20 22:37:51,914 [INFO] core.evaluator_v2: [pyramidkv] pred='**Summary:**\n\nThe Department of Homeland Security (DHS) has faced significant internal control and financial management '
2026-08-20 22:37:51,983 [INFO] core.evaluator_v2:   [5/30] avg=16.46
2026-08-20 22:38:08,157 [INFO] core.evaluator_v2: [pyramidkv] pred='**Summary:**\n\nThe document outlines the ongoing challenges and efforts in securing federal information systems in the Un'
2026-08-20 22:38:17,323 [INFO] core.evaluator_v2: [pyramidkv] pred='The document outlines the historical context, legal framework, and key programs established by Congress to support small'
2026-08-20 22:38:17,691 [WARNING] core.model_loader: Input length 19434 > max 16000, truncating...
2026-08-20 22:38:33,140 [INFO] core.evaluator_v2: [pyramidkv] pred='The Department of Defense (DOD) uses "Other Transaction" (OT) authorities to acquire goods and services, including resea'
2026-08-20 22:38:42,178 [INFO] core.evaluator_v2: [pyramidkv] pred='The document discusses the evolving role of cash in the U.S. payment system, highlighting the increasing adoption of ele'
2026-08-20 22:38:42,684 [WARNING] core.model_loader: Input length 41630 > max 16000, truncating...
2026-08-20 22:39:04,241 [INFO] core.evaluator_v2: [pyramidkv] pred='The Department of Homeland Security (DHS) has established policies and processes to manage its large-scale acquisitions,'
2026-08-20 22:39:04,281 [INFO] core.evaluator_v2:   [10/30] avg=14.88
2026-08-20 22:39:12,755 [INFO] core.evaluator_v2: [pyramidkv] pred='This report provides a detailed analysis of the Department of Homeland Security (DHS) annual appropriations for FY2019, '
2026-08-20 22:39:24,040 [INFO] core.evaluator_v2: [pyramidkv] pred="The U.S. federal government owns approximately 640 million acres, or a quarter of the nation's land, primarily in the we"
2026-08-20 22:39:37,766 [INFO] core.evaluator_v2: [pyramidkv] pred='The document outlines the financial and operational aspects of the Black Lung Disability Trust Fund (BLTF), which provid'
2026-08-20 22:39:53,557 [INFO] core.evaluator_v2: [pyramidkv] pred='The document provides a comprehensive overview of the U.S. foreign aid program, detailing its historical evolution, obje'
2026-08-20 22:40:07,963 [INFO] core.evaluator_v2: [pyramidkv] pred='**Summary:**\n\nIn 2016, coal accounted for 17% of U.S. energy production and 30% of electricity generation, with about 73'
2026-08-20 22:40:07,988 [INFO] core.evaluator_v2:   [15/30] avg=15.72
2026-08-20 22:40:15,455 [INFO] core.evaluator_v2: [pyramidkv] pred="The Public Safety Officers' Benefits (PSOB) and Educational Assistance (PSOEA) programs provide financial support to the"
2026-08-20 22:40:20,405 [INFO] core.evaluator_v2: [pyramidkv] pred="The document outlines the FBI's challenges with its Hoover Building headquarters since 2011, including security concerns"
2026-08-20 22:40:28,196 [INFO] core.evaluator_v2: [pyramidkv] pred='The document discusses challenges the Department of Veterans Affairs (VA) faces in aligning its healthcare services and '
2026-08-20 22:40:41,427 [INFO] core.evaluator_v2: [pyramidkv] pred='The document provides an overview of the FY2019 budget request and appropriations for the International Trade Administra'
2026-08-20 22:40:50,715 [INFO] core.evaluator_v2: [pyramidkv] pred='The document outlines the federal Black Lung Disability Trust Fund, which provides benefits to coal miners affected by b'
2026-08-20 22:40:50,743 [INFO] core.evaluator_v2:   [20/30] avg=16.58
2026-08-20 22:41:07,193 [INFO] core.evaluator_v2: [pyramidkv] pred='**Summary:**\n\nThe document provides an in-depth analysis of the technology sector in the United States, focusing on empl'
2026-08-20 22:41:21,033 [INFO] core.evaluator_v2: [pyramidkv] pred='**Summary:**\n\nThe document outlines the current state of Internet privacy in the United States, highlighting the lack of'
2026-08-20 22:41:35,359 [INFO] core.evaluator_v2: [pyramidkv] pred='**Summary:**\n\nOver the past 30 years, there has been a shift from defined benefit (DB) to defined contribution (DC) reti'
2026-08-20 22:41:44,535 [INFO] core.evaluator_v2: [pyramidkv] pred='The Social Security Administration (SSA) is responsible for administering three major programs: Old-Age and Survivors In'
2026-08-20 22:41:57,492 [INFO] core.evaluator_v2: [pyramidkv] pred='The document outlines the financial challenges facing the Federal Employees Health Benefits Program (FEHBP) for postal r'
2026-08-20 22:41:57,523 [INFO] core.evaluator_v2:   [25/30] avg=16.38
2026-08-20 22:42:06,933 [INFO] core.evaluator_v2: [pyramidkv] pred="The 116th Congress is likely to address various housing-related issues, including reforming the nation's housing finance"
2026-08-20 22:42:20,006 [INFO] core.evaluator_v2: [pyramidkv] pred='The National Popular Vote (NPV) initiative seeks to establish direct popular election of the President and Vice Presiden'
2026-08-20 22:42:29,884 [INFO] core.evaluator_v2: [pyramidkv] pred='The Energy and Water Development appropriations bill outlines funding for various federal agencies, including the U.S. A'
2026-08-20 22:42:38,150 [INFO] core.evaluator_v2: [pyramidkv] pred='The federal government manages hundreds of thousands of buildings, costing billions annually. To improve efficiency and '
2026-08-20 22:42:49,090 [INFO] core.evaluator_v2: [pyramidkv] pred='The National Cemeteries Act of 1973 established the modern veterans’ cemetery system, managed by the VA’s National Cemet'
2026-08-20 22:42:49,107 [INFO] core.evaluator_v2:   [30/30] avg=16.39
2026-08-20 22:42:49,124 [INFO] __main__:   → score=16.39, collapse=0/30 (0.0%), mem_red=20.0%
2026-08-20 22:42:49,138 [INFO] core.results_manager: Results saved to results/v3_verified/exp6_sink_intervention_qwen3-4b_budget80_20260820_200418.csv
2026-08-20 22:42:49,176 [INFO] core.results_manager: JSON saved to results/v3_verified/exp6_sink_intervention_qwen3-4b_budget80_20260820_200418.json
2026-08-20 22:42:49,178 [INFO] __main__:   [중간 저장 완료] 14/30 설정
2026-08-20 22:42:49,179 [INFO] __main__: 
────────────────────────────────────────────────────────────
2026-08-20 22:42:49,180 [INFO] __main__: Method: PyramidKV-adapted_m2 | Budget: 80% | kwargs={'sink_size': 2, 'invert_norm': True}
2026-08-20 22:42:49,180 [INFO] __main__: ────────────────────────────────────────────────────────────
2026-08-20 22:42:49,180 [INFO] __main__: 
  Task: qmsum
2026-08-20 22:42:49,181 [INFO] core.dataset_loader: Loading LongBench/qmsum ...
2026-08-20 22:42:49,276 [INFO] httpx: HTTP Request: GET https://huggingface.co/api/datasets/THUDM/LongBench/revision/5e628be450b7e67fb7ae6e201bd6d8f7056f7672 "HTTP/1.1 307 Temporary Redirect"
2026-08-20 22:42:49,309 [INFO] httpx: HTTP Request: GET https://huggingface.co/api/datasets/zai-org/LongBench/revision/5e628be450b7e67fb7ae6e201bd6d8f7056f7672 "HTTP/1.1 200 OK"
2026-08-20 22:42:49,709 [INFO] core.dataset_loader: Loaded 30 samples from qmsum
2026-08-20 22:42:49,721 [INFO] core.evaluator_v2: [pyramidkv] qmsum (30샘플, budget=80%, kwargs={'sink_size': 2, 'invert_norm': True})
2026-08-20 22:42:56,663 [INFO] core.evaluator_v2: [pyramidkv] pred='The document is a transcript of a project meeting where the team discusses the goals and structure of a design project t'
2026-08-20 22:43:06,414 [INFO] core.evaluator_v2: [pyramidkv] pred='The document is a meeting transcript between a project manager, industrial designer, user interface designer, and market'
2026-08-20 22:43:17,176 [INFO] core.evaluator_v2: [pyramidkv] pred='The document is a meeting transcript discussing progress and discussions related to a research project involving the Sma'
2026-08-20 22:43:25,540 [INFO] core.evaluator_v2: [pyramidkv] pred='The document is a detailed audio transcript of a team meeting discussing the development of a new remote control device.'
2026-08-20 22:43:34,065 [INFO] core.evaluator_v2: [pyramidkv] pred='The document is a transcript of a meeting among team members discussing the conceptual design of a new remote control de'
2026-08-20 22:43:34,075 [INFO] core.evaluator_v2:   [5/30] avg=8.69
2026-08-20 22:43:34,399 [WARNING] core.model_loader: Input length 18386 > max 16000, truncating...
2026-08-20 22:43:42,051 [INFO] core.evaluator_v2: [pyramidkv] pred='The document is a conversation among researchers discussing their work on improving speech recognition systems, focusing'
2026-08-20 22:43:42,479 [WARNING] core.model_loader: Input length 18553 > max 16000, truncating...
2026-08-20 22:43:52,832 [INFO] core.evaluator_v2: [pyramidkv] pred='The document is a conversation among graduate students and professors discussing a research project focused on understan'
2026-08-20 22:43:53,085 [WARNING] core.model_loader: Input length 16224 > max 16000, truncating...
2026-08-20 22:44:01,055 [INFO] core.evaluator_v2: [pyramidkv] pred="The Welsh Government's childcare initiative, outlined in the Childcare (Wales) Bill, aims to provide accessible, high-qu"
2026-08-20 22:44:01,271 [WARNING] core.model_loader: Input length 16924 > max 16000, truncating...
2026-08-20 22:44:10,054 [INFO] core.evaluator_v2: [pyramidkv] pred='The document is a meeting transcript discussing various project-related topics, including transcription status, particip'
2026-08-20 22:44:16,573 [INFO] core.evaluator_v2: [pyramidkv] pred='The document is a transcript of a kick-off meeting for the design of a new remote control. The project manager, Christa '
2026-08-20 22:44:16,583 [INFO] core.evaluator_v2:   [10/30] avg=7.60
2026-08-20 22:44:17,833 [WARNING] core.model_loader: Input length 16844 > max 16000, truncating...
2026-08-20 22:44:29,656 [INFO] core.evaluator_v2: [pyramidkv] pred='The document is a meeting transcript discussing various aspects of a speech recognition project. Key points include:\n\n- '
2026-08-20 22:44:30,944 [WARNING] core.model_loader: Input length 16224 > max 16000, truncating...
2026-08-20 22:44:39,116 [INFO] core.evaluator_v2: [pyramidkv] pred="The Welsh Government's childcare initiative, outlined in the Childcare (Wales) Bill, aims to provide accessible, high-qu"
2026-08-20 22:44:45,768 [INFO] core.evaluator_v2: [pyramidkv] pred='The meeting of the Children, Young People and Education Committee addressed the impact of the coronavirus pandemic on ch'
2026-08-20 22:44:56,475 [INFO] core.evaluator_v2: [pyramidkv] pred='The document is a meeting transcript where the team reviews the design of a new remote control shaped like a banana. Key'
2026-08-20 22:45:08,702 [INFO] core.evaluator_v2: [pyramidkv] pred='The document outlines a project meeting where the team discusses the design of a new remote control. Key points include:'
2026-08-20 22:45:08,724 [INFO] core.evaluator_v2:   [15/30] avg=8.03
2026-08-20 22:45:17,066 [INFO] core.evaluator_v2: [pyramidkv] pred='The document is a transcript of a meeting between a Project Manager, Marketing, Industrial Designer, and User Interface '
2026-08-20 22:45:23,644 [INFO] core.evaluator_v2: [pyramidkv] pred='The document is a transcript of a kick-off meeting for the design of a new remote control. The project manager, Christa '
2026-08-20 22:45:23,883 [WARNING] core.model_loader: Input length 16844 > max 16000, truncating...
2026-08-20 22:45:34,858 [INFO] core.evaluator_v2: [pyramidkv] pred='The document is a meeting transcript discussing various aspects of a speech recognition project. Key points include:\n\n- '
2026-08-20 22:45:44,067 [INFO] core.evaluator_v2: [pyramidkv] pred='The document is a transcript of a project meeting discussing the design and development of a new remote control device. '
2026-08-20 22:45:46,445 [WARNING] core.model_loader: Input length 16224 > max 16000, truncating...
2026-08-20 22:45:54,365 [INFO] core.evaluator_v2: [pyramidkv] pred="The Welsh Government's childcare initiative, outlined in the Childcare (Wales) Bill, aims to provide accessible, high-qu"
2026-08-20 22:45:54,370 [INFO] core.evaluator_v2:   [20/30] avg=8.76
2026-08-20 22:46:03,347 [INFO] core.evaluator_v2: [pyramidkv] pred='The document is a transcript of a project meeting where the team discusses the development of a new remote control devic'
2026-08-20 22:46:03,641 [WARNING] core.model_loader: Input length 25564 > max 16000, truncating...
2026-08-20 22:46:11,772 [INFO] core.evaluator_v2: [pyramidkv] pred='The document details the 12th meeting of the House of Commons Special Committee on the COVID-19 Pandemic, which was held'
2026-08-20 22:46:12,135 [WARNING] core.model_loader: Input length 18386 > max 16000, truncating...
2026-08-20 22:46:19,961 [INFO] core.evaluator_v2: [pyramidkv] pred='The document is a conversation among researchers discussing their work on improving speech recognition systems, focusing'
2026-08-20 22:46:28,196 [INFO] core.evaluator_v2: [pyramidkv] pred='The document is a detailed audio transcript of a team meeting discussing the development of a new remote control device.'
2026-08-20 22:46:38,693 [INFO] core.evaluator_v2: [pyramidkv] pred='The document is a conversation among a Project Manager, Industrial Designer, User Interface specialist, and Marketing re'
2026-08-20 22:46:38,697 [INFO] core.evaluator_v2:   [25/30] avg=8.87
2026-08-20 22:46:45,904 [INFO] core.evaluator_v2: [pyramidkv] pred='The project team discusses the design of a new television remote control. Key points include:\n\n- The remote must be tele'
2026-08-20 22:46:54,828 [INFO] core.evaluator_v2: [pyramidkv] pred='The document is a transcript of a project meeting where the team discusses the development of a new remote control devic'
2026-08-20 22:46:55,927 [WARNING] core.model_loader: Input length 18553 > max 16000, truncating...
2026-08-20 22:47:07,600 [INFO] core.evaluator_v2: [pyramidkv] pred='The document is a conversation among graduate students and professors discussing a research project focused on understan'
2026-08-20 22:47:20,762 [INFO] core.evaluator_v2: [pyramidkv] pred='The document is a transcript of a functional design meeting where team members discuss the development of a new remote c'
2026-08-20 22:47:27,712 [INFO] core.evaluator_v2: [pyramidkv] pred='The document is a transcript of a kick-off meeting for the design of a new remote control. The project manager, Christa '
2026-08-20 22:47:27,723 [INFO] core.evaluator_v2:   [30/30] avg=9.13
2026-08-20 22:47:27,724 [INFO] __main__:   → score=9.13, collapse=0/30 (0.0%), mem_red=20.0%
2026-08-20 22:47:27,725 [INFO] __main__: 
  Task: gov_report
2026-08-20 22:47:27,725 [INFO] core.dataset_loader: Loading LongBench/gov_report ...
2026-08-20 22:47:27,789 [INFO] httpx: HTTP Request: GET https://huggingface.co/api/datasets/THUDM/LongBench/revision/5e628be450b7e67fb7ae6e201bd6d8f7056f7672 "HTTP/1.1 307 Temporary Redirect"
2026-08-20 22:47:27,824 [INFO] httpx: HTTP Request: GET https://huggingface.co/api/datasets/zai-org/LongBench/revision/5e628be450b7e67fb7ae6e201bd6d8f7056f7672 "HTTP/1.1 200 OK"
2026-08-20 22:47:28,258 [INFO] core.dataset_loader: Loaded 30 samples from gov_report
2026-08-20 22:47:28,260 [INFO] core.evaluator_v2: [pyramidkv] gov_report (30샘플, budget=80%, kwargs={'sink_size': 2, 'invert_norm': True})
2026-08-20 22:47:38,520 [INFO] core.evaluator_v2: [pyramidkv] pred='The National Science Foundation (NSF) uses two programs, the IPA and VSEE, to bring in rotators. IPA rotators are employ'
2026-08-20 22:47:46,156 [INFO] core.evaluator_v2: [pyramidkv] pred='The document outlines the challenges and efforts in federal IT management and cybersecurity. Despite a $96 billion budge'
2026-08-20 22:47:46,797 [WARNING] core.model_loader: Input length 51949 > max 16000, truncating...
2026-08-20 22:48:02,727 [INFO] core.evaluator_v2: [pyramidkv] pred="**Summary:**\n\nThis report provides a comprehensive overview of China's actions in the South China Sea (SCS) and East Chi"
2026-08-20 22:48:06,674 [WARNING] core.model_loader: Input length 28135 > max 16000, truncating...
2026-08-20 22:48:22,715 [INFO] core.evaluator_v2: [pyramidkv] pred='The Clean Water Act (CWA) authorizes federal grants for wastewater treatment plant construction and related activities, '
2026-08-20 22:48:37,596 [INFO] core.evaluator_v2: [pyramidkv] pred='**Summary:**\n\nThe Department of Homeland Security (DHS) has faced significant internal control and financial management '
2026-08-20 22:48:37,630 [INFO] core.evaluator_v2:   [5/30] avg=16.46
2026-08-20 22:48:55,514 [INFO] core.evaluator_v2: [pyramidkv] pred='**Summary:**\n\nThe document outlines the ongoing challenges and efforts in securing federal information systems in the Un'
2026-08-20 22:49:05,206 [INFO] core.evaluator_v2: [pyramidkv] pred='The document outlines the historical context, legal framework, and key programs established by Congress to support small'
2026-08-20 22:49:05,518 [WARNING] core.model_loader: Input length 19434 > max 16000, truncating...
2026-08-20 22:49:20,574 [INFO] core.evaluator_v2: [pyramidkv] pred='The Department of Defense (DOD) uses "Other Transaction" (OT) authorities to acquire goods and services, including resea'
2026-08-20 22:49:29,011 [INFO] core.evaluator_v2: [pyramidkv] pred='The document discusses the evolving role of cash in the U.S. payment system, highlighting the increasing adoption of ele'
2026-08-20 22:49:29,318 [WARNING] core.model_loader: Input length 41630 > max 16000, truncating...
2026-08-20 22:49:49,306 [INFO] core.evaluator_v2: [pyramidkv] pred='The Department of Homeland Security (DHS) has established policies and processes to manage its large-scale acquisitions,'
2026-08-20 22:49:49,350 [INFO] core.evaluator_v2:   [10/30] avg=14.88
2026-08-20 22:49:56,362 [INFO] core.evaluator_v2: [pyramidkv] pred='This report provides a detailed analysis of the Department of Homeland Security (DHS) annual appropriations for FY2019, '
2026-08-20 22:50:08,509 [INFO] core.evaluator_v2: [pyramidkv] pred="The U.S. federal government owns approximately 640 million acres, or a quarter of the nation's land, primarily in the we"
2026-08-20 22:50:30,124 [INFO] core.evaluator_v2: [pyramidkv] pred='The document outlines the financial and operational aspects of the Black Lung Disability Trust Fund (BLTF), which provid'
2026-08-20 22:50:45,345 [INFO] core.evaluator_v2: [pyramidkv] pred='The document provides a comprehensive overview of the U.S. foreign aid program, detailing its historical evolution, obje'
2026-08-20 22:50:57,607 [INFO] core.evaluator_v2: [pyramidkv] pred='**Summary:**\n\nIn 2016, coal accounted for 17% of U.S. energy production and 30% of electricity generation, with about 73'
2026-08-20 22:50:57,641 [INFO] core.evaluator_v2:   [15/30] avg=15.67
2026-08-20 22:51:05,355 [INFO] core.evaluator_v2: [pyramidkv] pred="The Public Safety Officers' Benefits (PSOB) and Educational Assistance (PSOEA) programs provide financial support to the"
2026-08-20 22:51:10,729 [INFO] core.evaluator_v2: [pyramidkv] pred="The document outlines the FBI's challenges with its Hoover Building headquarters since 2011, including security concerns"
2026-08-20 22:51:18,265 [INFO] core.evaluator_v2: [pyramidkv] pred='The document discusses challenges the Department of Veterans Affairs (VA) faces in aligning its healthcare services and '
2026-08-20 22:51:32,419 [INFO] core.evaluator_v2: [pyramidkv] pred='The document provides an overview of the FY2019 budget request and appropriations for the International Trade Administra'
2026-08-20 22:51:42,293 [INFO] core.evaluator_v2: [pyramidkv] pred='The document outlines the federal Black Lung Disability Trust Fund, which provides benefits to coal miners affected by b'
2026-08-20 22:51:42,309 [INFO] core.evaluator_v2:   [20/30] avg=16.58
2026-08-20 22:52:01,653 [INFO] core.evaluator_v2: [pyramidkv] pred='**Summary:**\n\nThe document provides an in-depth analysis of the technology sector in the United States, focusing on empl'
2026-08-20 22:52:21,826 [INFO] core.evaluator_v2: [pyramidkv] pred='**Summary:**\n\nThe document outlines the current state of Internet privacy in the United States, highlighting the lack of'
2026-08-20 22:52:38,749 [INFO] core.evaluator_v2: [pyramidkv] pred='**Summary:**\n\nOver the past 30 years, there has been a shift from defined benefit (DB) to defined contribution (DC) reti'
2026-08-20 22:52:48,230 [INFO] core.evaluator_v2: [pyramidkv] pred='The Social Security Administration (SSA) is responsible for administering three major programs: Old-Age and Survivors In'
2026-08-20 22:53:01,008 [INFO] core.evaluator_v2: [pyramidkv] pred='The document outlines the financial challenges facing the Federal Employees Health Benefits Program (FEHBP) for postal r'
2026-08-20 22:53:01,091 [INFO] core.evaluator_v2:   [25/30] avg=16.38
2026-08-20 22:53:10,611 [INFO] core.evaluator_v2: [pyramidkv] pred="The 116th Congress is likely to address various housing-related issues, including reforming the nation's housing finance"
2026-08-20 22:53:26,078 [INFO] core.evaluator_v2: [pyramidkv] pred='The National Popular Vote (NPV) initiative seeks to establish direct popular election of the President and Vice Presiden'
2026-08-20 22:53:37,268 [INFO] core.evaluator_v2: [pyramidkv] pred='The Energy and Water Development appropriations bill outlines funding for various federal agencies, including the U.S. A'
2026-08-20 22:53:45,425 [INFO] core.evaluator_v2: [pyramidkv] pred='The federal government manages hundreds of thousands of buildings, costing billions annually. To improve efficiency and '
2026-08-20 22:53:55,428 [INFO] core.evaluator_v2: [pyramidkv] pred='The National Cemeteries Act of 1973 established the modern veterans’ cemetery system, managed by the VA’s National Cemet'
2026-08-20 22:53:55,455 [INFO] core.evaluator_v2:   [30/30] avg=16.36
2026-08-20 22:53:55,456 [INFO] __main__:   → score=16.36, collapse=0/30 (0.0%), mem_red=20.0%
2026-08-20 22:53:55,469 [INFO] core.results_manager: Results saved to results/v3_verified/exp6_sink_intervention_qwen3-4b_budget80_20260820_200418.csv
2026-08-20 22:53:55,551 [INFO] core.results_manager: JSON saved to results/v3_verified/exp6_sink_intervention_qwen3-4b_budget80_20260820_200418.json
2026-08-20 22:53:55,555 [INFO] __main__:   [중간 저장 완료] 15/30 설정
2026-08-20 22:53:55,560 [INFO] __main__: 
────────────────────────────────────────────────────────────
2026-08-20 22:53:55,562 [INFO] __main__: Method: PyramidKV-adapted_m4 | Budget: 80% | kwargs={'sink_size': 4, 'invert_norm': True}
2026-08-20 22:53:55,564 [INFO] __main__: ────────────────────────────────────────────────────────────
2026-08-20 22:53:55,565 [INFO] __main__: 
  Task: qmsum
2026-08-20 22:53:55,566 [INFO] core.dataset_loader: Loading LongBench/qmsum ...
2026-08-20 22:53:55,648 [INFO] httpx: HTTP Request: GET https://huggingface.co/api/datasets/THUDM/LongBench/revision/5e628be450b7e67fb7ae6e201bd6d8f7056f7672 "HTTP/1.1 307 Temporary Redirect"
2026-08-20 22:53:55,693 [INFO] httpx: HTTP Request: GET https://huggingface.co/api/datasets/zai-org/LongBench/revision/5e628be450b7e67fb7ae6e201bd6d8f7056f7672 "HTTP/1.1 200 OK"
2026-08-20 22:53:56,387 [INFO] core.dataset_loader: Loaded 30 samples from qmsum
2026-08-20 22:53:56,399 [INFO] core.evaluator_v2: [pyramidkv] qmsum (30샘플, budget=80%, kwargs={'sink_size': 4, 'invert_norm': True})
2026-08-20 22:54:04,178 [INFO] core.evaluator_v2: [pyramidkv] pred='The document is a transcript of a project meeting where the team discusses the goals and structure of a design project t'
2026-08-20 22:54:14,652 [INFO] core.evaluator_v2: [pyramidkv] pred='The document is a meeting transcript between a project manager, industrial designer, user interface designer, and market'
2026-08-20 22:54:31,042 [INFO] core.evaluator_v2: [pyramidkv] pred='The document is a meeting transcript discussing progress and plans related to a research project involving the SmartKom '
2026-08-20 22:54:42,893 [INFO] core.evaluator_v2: [pyramidkv] pred='The document is a detailed audio transcript of a team meeting discussing the development of a new remote control device.'
2026-08-20 22:54:52,941 [INFO] core.evaluator_v2: [pyramidkv] pred='The document is a transcript of a meeting among team members discussing the conceptual design of a new remote control de'
2026-08-20 22:54:52,946 [INFO] core.evaluator_v2:   [5/30] avg=8.75
2026-08-20 22:54:53,317 [WARNING] core.model_loader: Input length 18386 > max 16000, truncating...
2026-08-20 22:55:02,077 [INFO] core.evaluator_v2: [pyramidkv] pred='The document is a conversation among researchers discussing their work on improving speech recognition systems, focusing'
2026-08-20 22:55:02,622 [WARNING] core.model_loader: Input length 18553 > max 16000, truncating...
2026-08-20 22:55:14,112 [INFO] core.evaluator_v2: [pyramidkv] pred='The document is a conversation among graduate students and professors discussing a research project focused on understan'
2026-08-20 22:55:14,450 [WARNING] core.model_loader: Input length 16224 > max 16000, truncating...
2026-08-20 22:55:23,592 [INFO] core.evaluator_v2: [pyramidkv] pred="The Welsh Government's childcare initiative, outlined in the Childcare (Wales) Bill, aims to provide affordable, accessi"
2026-08-20 22:55:26,304 [WARNING] core.model_loader: Input length 16924 > max 16000, truncating...
2026-08-20 22:55:35,655 [INFO] core.evaluator_v2: [pyramidkv] pred='The document is a meeting transcript discussing various project-related topics, including transcription status, particip'
2026-08-20 22:55:42,939 [INFO] core.evaluator_v2: [pyramidkv] pred='The document is a transcript of a kick-off meeting for the design of a new remote control. The project manager, Christa '
2026-08-20 22:55:42,942 [INFO] core.evaluator_v2:   [10/30] avg=7.44
2026-08-20 22:55:43,280 [WARNING] core.model_loader: Input length 16844 > max 16000, truncating...
2026-08-20 22:55:54,481 [INFO] core.evaluator_v2: [pyramidkv] pred='The document is a meeting transcript discussing various aspects of a speech recognition project. Key points include:\n\n- '
2026-08-20 22:55:54,713 [WARNING] core.model_loader: Input length 16224 > max 16000, truncating...
2026-08-20 22:56:03,614 [INFO] core.evaluator_v2: [pyramidkv] pred="The Welsh Government's childcare initiative, outlined in the Childcare (Wales) Bill, aims to provide affordable, accessi"
2026-08-20 22:56:10,067 [INFO] core.evaluator_v2: [pyramidkv] pred='The meeting of the Children, Young People and Education Committee addressed the impact of the coronavirus pandemic on ch'
2026-08-20 22:56:20,138 [INFO] core.evaluator_v2: [pyramidkv] pred='The document is a meeting transcript where the team reviews the design of a new remote control shaped like a banana. Key'
2026-08-20 22:56:34,607 [INFO] core.evaluator_v2: [pyramidkv] pred='The document outlines a project meeting where the team discusses the design of a new remote control. Key points include:'
2026-08-20 22:56:34,632 [INFO] core.evaluator_v2:   [15/30] avg=7.84
2026-08-20 22:56:43,292 [INFO] core.evaluator_v2: [pyramidkv] pred='The document is a transcript of a meeting between a Project Manager, Marketing, Industrial Designer, and User Interface '
2026-08-20 22:57:00,090 [INFO] core.evaluator_v2: [pyramidkv] pred='The document is a transcript of a kick-off meeting for the design of a new remote control. The project manager, Christa '
2026-08-20 22:57:00,413 [WARNING] core.model_loader: Input length 16844 > max 16000, truncating...
2026-08-20 22:57:12,892 [INFO] core.evaluator_v2: [pyramidkv] pred='The document is a meeting transcript discussing various aspects of a speech recognition project. Key points include:\n\n- '
2026-08-20 22:57:21,104 [INFO] core.evaluator_v2: [pyramidkv] pred='The document is a transcript of a meeting between a Project Manager, Industrial Designer, User Interface specialist, and'
2026-08-20 22:57:21,347 [WARNING] core.model_loader: Input length 16224 > max 16000, truncating...
2026-08-20 22:57:30,908 [INFO] core.evaluator_v2: [pyramidkv] pred="The Welsh Government's childcare initiative, outlined in the Childcare (Wales) Bill, aims to provide affordable, accessi"
2026-08-20 22:57:30,924 [INFO] core.evaluator_v2:   [20/30] avg=8.81
2026-08-20 22:57:40,050 [INFO] core.evaluator_v2: [pyramidkv] pred='The document is a transcript of a project meeting where the team discusses the development of a new remote control devic'
2026-08-20 22:57:40,408 [WARNING] core.model_loader: Input length 25564 > max 16000, truncating...
2026-08-20 22:57:49,085 [INFO] core.evaluator_v2: [pyramidkv] pred='The document details the 12th meeting of the House of Commons Special Committee on the COVID-19 Pandemic, which was held'
2026-08-20 22:57:49,574 [WARNING] core.model_loader: Input length 18386 > max 16000, truncating...
2026-08-20 22:57:58,338 [INFO] core.evaluator_v2: [pyramidkv] pred='The document is a conversation among researchers discussing their work on improving speech recognition systems, focusing'
2026-08-20 22:58:07,416 [INFO] core.evaluator_v2: [pyramidkv] pred='The document is a detailed audio transcript of a team meeting discussing the development of a new remote control device.'
2026-08-20 22:58:13,849 [INFO] core.evaluator_v2: [pyramidkv] pred='The document is a conversation among a Project Manager, Industrial Designer, User Interface specialist, and Marketing re'
2026-08-20 22:58:13,852 [INFO] core.evaluator_v2:   [25/30] avg=8.93
2026-08-20 22:58:20,991 [INFO] core.evaluator_v2: [pyramidkv] pred='The project team discusses the design of a new television remote control. Key points include:\n\n- The remote must be tele'
2026-08-20 22:58:31,185 [INFO] core.evaluator_v2: [pyramidkv] pred='The document is a transcript of a project meeting where the team discusses the development of a new remote control devic'
2026-08-20 22:58:31,494 [WARNING] core.model_loader: Input length 18553 > max 16000, truncating...
2026-08-20 22:58:42,045 [INFO] core.evaluator_v2: [pyramidkv] pred='The document is a conversation among graduate students and professors discussing a research project focused on understan'
2026-08-20 22:58:54,052 [INFO] core.evaluator_v2: [pyramidkv] pred='The document is a transcript of a functional design meeting where team members discuss the development of a new remote c'
2026-08-20 22:59:00,925 [INFO] core.evaluator_v2: [pyramidkv] pred='The document is a transcript of a kick-off meeting for the design of a new remote control. The project manager, Christa '
2026-08-20 22:59:00,929 [INFO] core.evaluator_v2:   [30/30] avg=9.18
2026-08-20 22:59:00,952 [INFO] __main__:   → score=9.18, collapse=0/30 (0.0%), mem_red=20.0%
2026-08-20 22:59:00,956 [INFO] __main__: 
  Task: gov_report
2026-08-20 22:59:00,957 [INFO] core.dataset_loader: Loading LongBench/gov_report ...
2026-08-20 22:59:01,030 [INFO] httpx: HTTP Request: GET https://huggingface.co/api/datasets/THUDM/LongBench/revision/5e628be450b7e67fb7ae6e201bd6d8f7056f7672 "HTTP/1.1 307 Temporary Redirect"
2026-08-20 22:59:01,062 [INFO] httpx: HTTP Request: GET https://huggingface.co/api/datasets/zai-org/LongBench/revision/5e628be450b7e67fb7ae6e201bd6d8f7056f7672 "HTTP/1.1 200 OK"
2026-08-20 22:59:01,555 [INFO] core.dataset_loader: Loaded 30 samples from gov_report
2026-08-20 22:59:01,561 [INFO] core.evaluator_v2: [pyramidkv] gov_report (30샘플, budget=80%, kwargs={'sink_size': 4, 'invert_norm': True})
2026-08-20 22:59:11,737 [INFO] core.evaluator_v2: [pyramidkv] pred='The National Science Foundation (NSF) uses two programs, the IPA and VSEE, to bring in rotators. IPA rotators are employ'
2026-08-20 22:59:19,356 [INFO] core.evaluator_v2: [pyramidkv] pred='The document outlines the challenges and efforts in federal IT management and cybersecurity. Despite a $96 billion budge'
2026-08-20 22:59:19,806 [WARNING] core.model_loader: Input length 51949 > max 16000, truncating...
2026-08-20 22:59:34,979 [INFO] core.evaluator_v2: [pyramidkv] pred="**Summary:**\n\nThis report provides a comprehensive overview of China's actions in the South China Sea (SCS) and East Chi"
2026-08-20 22:59:35,291 [WARNING] core.model_loader: Input length 28135 > max 16000, truncating...
2026-08-20 22:59:49,610 [INFO] core.evaluator_v2: [pyramidkv] pred='The Clean Water Act (CWA) authorizes federal grants for wastewater treatment plant construction and related activities, '
2026-08-20 23:00:03,254 [INFO] core.evaluator_v2: [pyramidkv] pred='**Summary:**\n\nThe Department of Homeland Security (DHS) has faced significant internal control and financial management '
2026-08-20 23:00:03,305 [INFO] core.evaluator_v2:   [5/30] avg=16.46
2026-08-20 23:00:22,046 [INFO] core.evaluator_v2: [pyramidkv] pred='**Summary:**\n\nThe document outlines the ongoing challenges and efforts in securing federal information systems in the Un'
2026-08-20 23:00:32,254 [INFO] core.evaluator_v2: [pyramidkv] pred='The document outlines the historical context, legal framework, and key programs established by Congress to support small'
2026-08-20 23:00:32,741 [WARNING] core.model_loader: Input length 19434 > max 16000, truncating...
2026-08-20 23:00:49,283 [INFO] core.evaluator_v2: [pyramidkv] pred='The Department of Defense (DOD) uses "Other Transaction" (OT) authorities to acquire goods and services, including resea'
2026-08-20 23:00:58,936 [INFO] core.evaluator_v2: [pyramidkv] pred='The document discusses the evolving role of cash in the U.S. payment system, highlighting the increasing adoption of ele'
2026-08-20 23:01:05,691 [WARNING] core.model_loader: Input length 41630 > max 16000, truncating...
2026-08-20 23:01:19,150 [INFO] core.evaluator_v2: [pyramidkv] pred='The Department of Homeland Security (DHS) has established policies and processes to manage its large-scale acquisitions,'
2026-08-20 23:01:19,173 [INFO] core.evaluator_v2:   [10/30] avg=14.89
2026-08-20 23:01:25,825 [INFO] core.evaluator_v2: [pyramidkv] pred='This report provides a detailed analysis of the Department of Homeland Security (DHS) annual appropriations for FY2019, '
2026-08-20 23:01:37,344 [INFO] core.evaluator_v2: [pyramidkv] pred="The U.S. federal government owns approximately 640 million acres, or a quarter of the nation's land, primarily in the we"
2026-08-20 23:01:51,594 [INFO] core.evaluator_v2: [pyramidkv] pred='The document outlines the financial and operational aspects of the Black Lung Disability Trust Fund (BLTF), which provid'
2026-08-20 23:02:09,783 [INFO] core.evaluator_v2: [pyramidkv] pred='The document provides a comprehensive overview of the U.S. foreign aid program, detailing its historical evolution, obje'
2026-08-20 23:02:23,436 [INFO] core.evaluator_v2: [pyramidkv] pred='**Summary:**\n\nIn 2016, coal accounted for 17% of U.S. energy production and 30% of electricity generation, with about 73'
2026-08-20 23:02:23,458 [INFO] core.evaluator_v2:   [15/30] avg=15.67
2026-08-20 23:02:30,706 [INFO] core.evaluator_v2: [pyramidkv] pred="The Public Safety Officers' Benefits (PSOB) and Educational Assistance (PSOEA) programs provide financial support to the"
2026-08-20 23:02:35,660 [INFO] core.evaluator_v2: [pyramidkv] pred="The document outlines the FBI's challenges with its Hoover Building headquarters since 2011, including security concerns"
2026-08-20 23:02:43,121 [INFO] core.evaluator_v2: [pyramidkv] pred='The document discusses challenges the Department of Veterans Affairs (VA) faces in aligning its healthcare services and '
2026-08-20 23:02:54,547 [INFO] core.evaluator_v2: [pyramidkv] pred='The document provides an overview of the FY2019 budget request and appropriations for the International Trade Administra'
2026-08-20 23:03:03,290 [INFO] core.evaluator_v2: [pyramidkv] pred='The document outlines the federal Black Lung Disability Trust Fund, which provides benefits to coal miners affected by b'
2026-08-20 23:03:03,304 [INFO] core.evaluator_v2:   [20/30] avg=16.60
2026-08-20 23:03:19,623 [INFO] core.evaluator_v2: [pyramidkv] pred='**Summary:**\n\nThe document provides an in-depth analysis of the technology sector in the United States, focusing on empl'
2026-08-20 23:03:34,097 [INFO] core.evaluator_v2: [pyramidkv] pred='**Summary:**\n\nThe document outlines the current state of Internet privacy in the United States, highlighting the lack of'
2026-08-20 23:03:48,323 [INFO] core.evaluator_v2: [pyramidkv] pred='**Summary:**\n\nOver the past 30 years, there has been a shift from defined benefit (DB) to defined contribution (DC) reti'
2026-08-20 23:03:57,297 [INFO] core.evaluator_v2: [pyramidkv] pred='The Social Security Administration (SSA) is responsible for administering three major programs: Old-Age and Survivors In'
2026-08-20 23:04:10,729 [INFO] core.evaluator_v2: [pyramidkv] pred='The document outlines the financial challenges facing the Federal Employees Health Benefits Program (FEHBP) for postal r'
2026-08-20 23:04:10,757 [INFO] core.evaluator_v2:   [25/30] avg=16.39
2026-08-20 23:04:20,885 [INFO] core.evaluator_v2: [pyramidkv] pred="The 116th Congress is likely to address various housing-related issues, including reforming the nation's housing finance"
2026-08-20 23:04:36,910 [INFO] core.evaluator_v2: [pyramidkv] pred='The National Popular Vote (NPV) initiative seeks to establish direct popular election of the President and Vice Presiden'
2026-08-20 23:04:46,807 [INFO] core.evaluator_v2: [pyramidkv] pred='The Energy and Water Development appropriations bill outlines funding for various federal agencies, including the U.S. A'
2026-08-20 23:04:54,987 [INFO] core.evaluator_v2: [pyramidkv] pred='The federal government manages hundreds of thousands of buildings, costing billions annually. To improve efficiency and '
2026-08-20 23:05:05,794 [INFO] core.evaluator_v2: [pyramidkv] pred='The National Cemeteries Act of 1973 established the modern veterans’ cemetery system, managed by the VA’s National Cemet'
2026-08-20 23:05:05,811 [INFO] core.evaluator_v2:   [30/30] avg=16.41
2026-08-20 23:05:05,818 [INFO] __main__:   → score=16.41, collapse=0/30 (0.0%), mem_red=20.0%
2026-08-20 23:05:05,839 [INFO] core.results_manager: Results saved to results/v3_verified/exp6_sink_intervention_qwen3-4b_budget80_20260820_200418.csv
2026-08-20 23:05:05,936 [INFO] core.results_manager: JSON saved to results/v3_verified/exp6_sink_intervention_qwen3-4b_budget80_20260820_200418.json
2026-08-20 23:05:05,939 [INFO] __main__:   [중간 저장 완료] 16/30 설정
2026-08-20 23:05:05,941 [INFO] __main__: 
────────────────────────────────────────────────────────────
2026-08-20 23:05:05,946 [INFO] __main__: Method: PyramidKV-adapted_m8 | Budget: 80% | kwargs={'sink_size': 8, 'invert_norm': True}
2026-08-20 23:05:05,947 [INFO] __main__: ────────────────────────────────────────────────────────────
2026-08-20 23:05:05,953 [INFO] __main__: 
  Task: qmsum
2026-08-20 23:05:05,963 [INFO] core.dataset_loader: Loading LongBench/qmsum ...
2026-08-20 23:05:06,066 [INFO] httpx: HTTP Request: GET https://huggingface.co/api/datasets/THUDM/LongBench/revision/5e628be450b7e67fb7ae6e201bd6d8f7056f7672 "HTTP/1.1 307 Temporary Redirect"
2026-08-20 23:05:06,103 [INFO] httpx: HTTP Request: GET https://huggingface.co/api/datasets/zai-org/LongBench/revision/5e628be450b7e67fb7ae6e201bd6d8f7056f7672 "HTTP/1.1 200 OK"
2026-08-20 23:05:06,733 [INFO] core.dataset_loader: Loaded 30 samples from qmsum
2026-08-20 23:05:06,736 [INFO] core.evaluator_v2: [pyramidkv] qmsum (30샘플, budget=80%, kwargs={'sink_size': 8, 'invert_norm': True})
2026-08-20 23:05:15,208 [INFO] core.evaluator_v2: [pyramidkv] pred='The document is a transcript of a project meeting where the team discusses the goals and structure of a design project t'
2026-08-20 23:05:26,625 [INFO] core.evaluator_v2: [pyramidkv] pred='The document is a meeting transcript between a project manager, industrial designer, user interface designer, and market'
2026-08-20 23:05:39,401 [INFO] core.evaluator_v2: [pyramidkv] pred='The document is a meeting transcript discussing progress and discussions related to a research project involving the Sma'
2026-08-20 23:05:49,173 [INFO] core.evaluator_v2: [pyramidkv] pred='The document is a detailed audio transcript of a team meeting discussing the development of a new remote control device.'
2026-08-20 23:05:58,728 [INFO] core.evaluator_v2: [pyramidkv] pred='The document is a transcript of a conceptual design meeting for a new remote control device. Key points include:\n\n- **De'
2026-08-20 23:05:58,733 [INFO] core.evaluator_v2:   [5/30] avg=8.55
2026-08-20 23:05:58,977 [WARNING] core.model_loader: Input length 18386 > max 16000, truncating...
2026-08-20 23:06:07,788 [INFO] core.evaluator_v2: [pyramidkv] pred='The document is a conversation among researchers discussing their work on improving speech recognition systems, focusing'
2026-08-20 23:06:08,291 [WARNING] core.model_loader: Input length 18553 > max 16000, truncating...
2026-08-20 23:06:20,212 [INFO] core.evaluator_v2: [pyramidkv] pred='The document is a conversation among graduate students and professors discussing a research project focused on understan'
2026-08-20 23:06:20,502 [WARNING] core.model_loader: Input length 16224 > max 16000, truncating...
2026-08-20 23:06:29,789 [INFO] core.evaluator_v2: [pyramidkv] pred="The Welsh Government's childcare initiative, outlined in the Childcare (Wales) Bill, aims to provide accessible, high-qu"
2026-08-20 23:06:30,167 [WARNING] core.model_loader: Input length 16924 > max 16000, truncating...
2026-08-20 23:06:40,155 [INFO] core.evaluator_v2: [pyramidkv] pred='The document is a meeting transcript discussing various project-related topics, including transcription status, particip'
2026-08-20 23:06:46,611 [INFO] core.evaluator_v2: [pyramidkv] pred='The document is a transcript of a kick-off meeting for the design of a new remote control. The project manager, Christa '
2026-08-20 23:06:46,619 [INFO] core.evaluator_v2:   [10/30] avg=7.68
2026-08-20 23:06:46,830 [WARNING] core.model_loader: Input length 16844 > max 16000, truncating...
2026-08-20 23:06:59,631 [INFO] core.evaluator_v2: [pyramidkv] pred='The document is a meeting transcript discussing various aspects of a speech recognition project. Key points include:\n\n- '
2026-08-20 23:06:59,899 [WARNING] core.model_loader: Input length 16224 > max 16000, truncating...
2026-08-20 23:07:08,986 [INFO] core.evaluator_v2: [pyramidkv] pred="The Welsh Government's childcare initiative, outlined in the Childcare (Wales) Bill, aims to provide accessible, high-qu"
2026-08-20 23:07:26,389 [INFO] core.evaluator_v2: [pyramidkv] pred='The document is a transcript of a virtual meeting of the Children, Young People and Education Committee in the Welsh Ass'
2026-08-20 23:07:38,795 [INFO] core.evaluator_v2: [pyramidkv] pred='The document is a meeting transcript where the team reviews the design of a new remote control shaped like a banana. Key'
2026-08-20 23:07:53,093 [INFO] core.evaluator_v2: [pyramidkv] pred='The document outlines a project meeting where the team discusses the design of a new remote control. Key points include:'
2026-08-20 23:07:53,098 [INFO] core.evaluator_v2:   [15/30] avg=7.93
2026-08-20 23:08:01,154 [INFO] core.evaluator_v2: [pyramidkv] pred='The document is a transcript of a meeting between a Project Manager, Marketing, Industrial Designer, and User Interface '
2026-08-20 23:08:07,236 [INFO] core.evaluator_v2: [pyramidkv] pred='The document is a transcript of a kick-off meeting for the design of a new remote control. The project manager, Christa '
2026-08-20 23:08:07,565 [WARNING] core.model_loader: Input length 16844 > max 16000, truncating...
2026-08-20 23:08:19,302 [INFO] core.evaluator_v2: [pyramidkv] pred='The document is a meeting transcript discussing various aspects of a speech recognition project. Key points include:\n\n- '
2026-08-20 23:08:28,449 [INFO] core.evaluator_v2: [pyramidkv] pred='The document is a transcript of a meeting between a Project Manager, Industrial Designer, User Interface specialist, and'
2026-08-20 23:08:28,778 [WARNING] core.model_loader: Input length 16224 > max 16000, truncating...
2026-08-20 23:08:36,857 [INFO] core.evaluator_v2: [pyramidkv] pred="The Welsh Government's childcare initiative, outlined in the Childcare (Wales) Bill, aims to provide accessible, high-qu"
2026-08-20 23:08:36,860 [INFO] core.evaluator_v2:   [20/30] avg=8.73
2026-08-20 23:08:46,187 [INFO] core.evaluator_v2: [pyramidkv] pred='The document is a transcript of a project meeting where the team discusses the development of a new remote control devic'
2026-08-20 23:08:46,583 [WARNING] core.model_loader: Input length 25564 > max 16000, truncating...
2026-08-20 23:08:54,888 [INFO] core.evaluator_v2: [pyramidkv] pred='The document details the 12th meeting of the House of Commons Special Committee on the COVID-19 Pandemic, held in a hybr'
2026-08-20 23:08:55,146 [WARNING] core.model_loader: Input length 18386 > max 16000, truncating...
2026-08-20 23:09:03,410 [INFO] core.evaluator_v2: [pyramidkv] pred='The document is a conversation among researchers discussing their work on improving speech recognition systems, focusing'
2026-08-20 23:09:13,077 [INFO] core.evaluator_v2: [pyramidkv] pred='The document is a detailed audio transcript of a team meeting discussing the development of a new remote control device.'
2026-08-20 23:09:19,450 [INFO] core.evaluator_v2: [pyramidkv] pred='The document is a conversation among a Project Manager, Industrial Designer, User Interface specialist, and Marketing re'
2026-08-20 23:09:19,453 [INFO] core.evaluator_v2:   [25/30] avg=8.80
2026-08-20 23:09:26,671 [INFO] core.evaluator_v2: [pyramidkv] pred='The project team discusses the design of a new television remote control. Key points include:\n\n- The remote must be tele'
2026-08-20 23:09:39,728 [INFO] core.evaluator_v2: [pyramidkv] pred='The document is a transcript of a project meeting where the team discusses the development of a new remote control devic'
2026-08-20 23:09:39,981 [WARNING] core.model_loader: Input length 18553 > max 16000, truncating...
2026-08-20 23:09:51,579 [INFO] core.evaluator_v2: [pyramidkv] pred='The document is a conversation among graduate students and professors discussing a research project focused on understan'
2026-08-20 23:10:06,367 [INFO] core.evaluator_v2: [pyramidkv] pred='The document is a transcript of a functional design meeting where team members discuss the development of a new remote c'
2026-08-20 23:10:12,057 [INFO] core.evaluator_v2: [pyramidkv] pred='The document is a transcript of a kick-off meeting for the design of a new remote control. The project manager, Christa '
2026-08-20 23:10:12,061 [INFO] core.evaluator_v2:   [30/30] avg=9.05
2026-08-20 23:10:12,062 [INFO] __main__:   → score=9.05, collapse=0/30 (0.0%), mem_red=20.0%
2026-08-20 23:10:12,063 [INFO] __main__: 
  Task: gov_report
2026-08-20 23:10:12,063 [INFO] core.dataset_loader: Loading LongBench/gov_report ...
2026-08-20 23:10:12,158 [INFO] httpx: HTTP Request: GET https://huggingface.co/api/datasets/THUDM/LongBench/revision/5e628be450b7e67fb7ae6e201bd6d8f7056f7672 "HTTP/1.1 307 Temporary Redirect"
2026-08-20 23:10:12,227 [INFO] httpx: HTTP Request: GET https://huggingface.co/api/datasets/zai-org/LongBench/revision/5e628be450b7e67fb7ae6e201bd6d8f7056f7672 "HTTP/1.1 200 OK"
2026-08-20 23:10:12,718 [INFO] core.dataset_loader: Loaded 30 samples from gov_report
2026-08-20 23:10:12,722 [INFO] core.evaluator_v2: [pyramidkv] gov_report (30샘플, budget=80%, kwargs={'sink_size': 8, 'invert_norm': True})
2026-08-20 23:10:25,555 [INFO] core.evaluator_v2: [pyramidkv] pred='The National Science Foundation (NSF) uses two programs, the IPA and VSEE, to bring in rotators. IPA rotators are employ'
2026-08-20 23:10:34,113 [INFO] core.evaluator_v2: [pyramidkv] pred='The document outlines the challenges and efforts in federal IT management and cybersecurity. Despite a $96 billion budge'
2026-08-20 23:10:34,473 [WARNING] core.model_loader: Input length 51949 > max 16000, truncating...
2026-08-20 23:10:49,938 [INFO] core.evaluator_v2: [pyramidkv] pred="**Summary:**\n\nThis document provides a comprehensive overview of China's actions in the South China Sea (SCS) and East C"
2026-08-20 23:10:50,381 [WARNING] core.model_loader: Input length 28135 > max 16000, truncating...
2026-08-20 23:11:05,268 [INFO] core.evaluator_v2: [pyramidkv] pred='The Clean Water Act (CWA) authorizes federal grants for wastewater treatment plant construction and related activities, '
2026-08-20 23:11:19,775 [INFO] core.evaluator_v2: [pyramidkv] pred='**Summary:**\n\nThe Department of Homeland Security (DHS) has faced significant internal control and financial management '
2026-08-20 23:11:19,809 [INFO] core.evaluator_v2:   [5/30] avg=15.97
2026-08-20 23:11:35,764 [INFO] core.evaluator_v2: [pyramidkv] pred='**Summary:**\n\nThe document outlines the ongoing challenges and efforts in securing federal information systems in the Un'
2026-08-20 23:11:45,891 [INFO] core.evaluator_v2: [pyramidkv] pred='The document outlines the historical context, legal framework, and key programs established by Congress to support small'
2026-08-20 23:11:46,189 [WARNING] core.model_loader: Input length 19434 > max 16000, truncating...
2026-08-20 23:12:01,042 [INFO] core.evaluator_v2: [pyramidkv] pred='The Department of Defense (DOD) uses "Other Transaction" (OT) authorities to acquire goods and services, including resea'
2026-08-20 23:12:10,732 [INFO] core.evaluator_v2: [pyramidkv] pred='The document discusses the evolving role of cash in the U.S. payment system, highlighting the increasing adoption of ele'
2026-08-20 23:12:11,209 [WARNING] core.model_loader: Input length 41630 > max 16000, truncating...
2026-08-20 23:12:25,296 [INFO] core.evaluator_v2: [pyramidkv] pred='The Department of Homeland Security (DHS) has established policies and processes to manage its large-scale acquisitions,'
2026-08-20 23:12:25,322 [INFO] core.evaluator_v2:   [10/30] avg=14.70
2026-08-20 23:12:33,286 [INFO] core.evaluator_v2: [pyramidkv] pred='This report provides a detailed analysis of the Department of Homeland Security (DHS) annual appropriations for FY2019, '
2026-08-20 23:12:44,058 [INFO] core.evaluator_v2: [pyramidkv] pred="The U.S. federal government owns approximately 640 million acres, or a quarter of the nation's land, primarily in the we"
2026-08-20 23:12:57,901 [INFO] core.evaluator_v2: [pyramidkv] pred='The document outlines the financial and operational aspects of the Black Lung Disability Trust Fund (BLTF), which provid'
2026-08-20 23:13:13,838 [INFO] core.evaluator_v2: [pyramidkv] pred='The document provides a comprehensive overview of the U.S. foreign aid program, detailing its historical evolution, obje'
2026-08-20 23:13:27,402 [INFO] core.evaluator_v2: [pyramidkv] pred='**Summary:**\n\nIn 2016, coal accounted for 17% of U.S. energy production and 30% of electricity generation, with about 73'
2026-08-20 23:13:27,489 [INFO] core.evaluator_v2:   [15/30] avg=15.54
2026-08-20 23:13:35,732 [INFO] core.evaluator_v2: [pyramidkv] pred="The Public Safety Officers' Benefits (PSOB) and Educational Assistance (PSOEA) programs provide financial support to the"
2026-08-20 23:13:41,461 [INFO] core.evaluator_v2: [pyramidkv] pred="The document outlines the FBI's challenges with its Hoover Building headquarters since 2011, including security concerns"
2026-08-20 23:13:50,334 [INFO] core.evaluator_v2: [pyramidkv] pred='The document discusses challenges the Department of Veterans Affairs (VA) faces in aligning its healthcare services and '
2026-08-20 23:14:03,403 [INFO] core.evaluator_v2: [pyramidkv] pred='The document provides an overview of the FY2019 budget request and appropriations for the International Trade Administra'
2026-08-20 23:14:12,767 [INFO] core.evaluator_v2: [pyramidkv] pred='The document outlines the federal Black Lung Disability Trust Fund, which provides benefits to coal miners affected by b'
2026-08-20 23:14:12,785 [INFO] core.evaluator_v2:   [20/30] avg=16.54
2026-08-20 23:14:29,034 [INFO] core.evaluator_v2: [pyramidkv] pred='**Summary:**\n\nThe document provides an in-depth analysis of the technology sector in the United States, focusing on empl'
2026-08-20 23:14:45,877 [INFO] core.evaluator_v2: [pyramidkv] pred='**Summary:**\n\nThe document outlines the current state of Internet privacy in the United States, highlighting the lack of'
2026-08-20 23:15:02,464 [INFO] core.evaluator_v2: [pyramidkv] pred='**Summary:**\n\nOver the past 30 years, there has been a shift from defined benefit (DB) to defined contribution (DC) reti'
2026-08-20 23:15:13,109 [INFO] core.evaluator_v2: [pyramidkv] pred='The Social Security Administration (SSA) is responsible for administering three major programs: Old-Age and Survivors In'
2026-08-20 23:15:27,034 [INFO] core.evaluator_v2: [pyramidkv] pred='The document outlines the financial challenges facing the Federal Employees Health Benefits Program (FEHBP) for postal r'
2026-08-20 23:15:27,089 [INFO] core.evaluator_v2:   [25/30] avg=16.29
2026-08-20 23:15:37,735 [INFO] core.evaluator_v2: [pyramidkv] pred="The 116th Congress is likely to address various housing-related issues, including reforming the nation's housing finance"
2026-08-20 23:15:51,804 [INFO] core.evaluator_v2: [pyramidkv] pred='The National Popular Vote (NPV) initiative seeks to establish direct popular election of the President and Vice Presiden'
2026-08-20 23:16:03,116 [INFO] core.evaluator_v2: [pyramidkv] pred='The Energy and Water Development appropriations bill outlines funding for various federal agencies, including the U.S. A'
2026-08-20 23:16:12,485 [INFO] core.evaluator_v2: [pyramidkv] pred='The federal government manages hundreds of thousands of buildings, costing billions annually. To improve efficiency and '
2026-08-20 23:16:25,042 [INFO] core.evaluator_v2: [pyramidkv] pred='The National Cemeteries Act of 1973 established the modern veterans’ cemetery system, managed by the VA’s National Cemet'
2026-08-20 23:16:25,063 [INFO] core.evaluator_v2:   [30/30] avg=16.32
2026-08-20 23:16:25,065 [INFO] __main__:   → score=16.32, collapse=0/30 (0.0%), mem_red=20.0%
2026-08-20 23:16:25,083 [INFO] core.results_manager: Results saved to results/v3_verified/exp6_sink_intervention_qwen3-4b_budget80_20260820_200418.csv
2026-08-20 23:16:25,153 [INFO] core.results_manager: JSON saved to results/v3_verified/exp6_sink_intervention_qwen3-4b_budget80_20260820_200418.json
2026-08-20 23:16:25,155 [INFO] __main__:   [중간 저장 완료] 17/30 설정
2026-08-20 23:16:25,157 [INFO] __main__: 
────────────────────────────────────────────────────────────
2026-08-20 23:16:25,160 [INFO] __main__: Method: PyramidKV-adapted_m16 | Budget: 80% | kwargs={'sink_size': 16, 'invert_norm': True}
2026-08-20 23:16:25,163 [INFO] __main__: ────────────────────────────────────────────────────────────
2026-08-20 23:16:25,164 [INFO] __main__: 
  Task: qmsum
2026-08-20 23:16:25,166 [INFO] core.dataset_loader: Loading LongBench/qmsum ...
2026-08-20 23:16:25,269 [INFO] httpx: HTTP Request: GET https://huggingface.co/api/datasets/THUDM/LongBench/revision/5e628be450b7e67fb7ae6e201bd6d8f7056f7672 "HTTP/1.1 307 Temporary Redirect"
2026-08-20 23:16:25,301 [INFO] httpx: HTTP Request: GET https://huggingface.co/api/datasets/zai-org/LongBench/revision/5e628be450b7e67fb7ae6e201bd6d8f7056f7672 "HTTP/1.1 200 OK"
2026-08-20 23:16:25,896 [INFO] core.dataset_loader: Loaded 30 samples from qmsum
2026-08-20 23:16:25,899 [INFO] core.evaluator_v2: [pyramidkv] qmsum (30샘플, budget=80%, kwargs={'sink_size': 16, 'invert_norm': True})
2026-08-20 23:16:36,868 [INFO] core.evaluator_v2: [pyramidkv] pred='The document is a transcript of a project meeting where the team discusses the goals and structure of a design project t'
2026-08-20 23:16:48,262 [INFO] core.evaluator_v2: [pyramidkv] pred='The document is a meeting transcript between a project manager, industrial designer, user interface designer, and market'
2026-08-20 23:17:01,128 [INFO] core.evaluator_v2: [pyramidkv] pred='The document is a meeting transcript discussing progress and discussions related to a research project involving the Sma'
2026-08-20 23:17:10,829 [INFO] core.evaluator_v2: [pyramidkv] pred='The document is a detailed audio transcript of a team meeting discussing the development of a new remote control device.'
2026-08-20 23:17:19,731 [INFO] core.evaluator_v2: [pyramidkv] pred='The document is a transcript of a conceptual design meeting for a new remote control device. Key points include:\n\n- **De'
2026-08-20 23:17:19,735 [INFO] core.evaluator_v2:   [5/30] avg=8.55
2026-08-20 23:17:20,012 [WARNING] core.model_loader: Input length 18386 > max 16000, truncating...
2026-08-20 23:17:28,767 [INFO] core.evaluator_v2: [pyramidkv] pred='The document is a conversation among researchers discussing their work on improving speech recognition systems, focusing'
2026-08-20 23:17:29,045 [WARNING] core.model_loader: Input length 18553 > max 16000, truncating...
2026-08-20 23:17:41,507 [INFO] core.evaluator_v2: [pyramidkv] pred='The document is a conversation among graduate students and professors discussing a research project focused on understan'
2026-08-20 23:17:41,803 [WARNING] core.model_loader: Input length 16224 > max 16000, truncating...
2026-08-20 23:17:50,112 [INFO] core.evaluator_v2: [pyramidkv] pred="The Welsh Government's childcare initiative, outlined in the Childcare (Wales) Bill, aims to provide accessible, high-qu"
2026-08-20 23:17:51,807 [WARNING] core.model_loader: Input length 16924 > max 16000, truncating...
2026-08-20 23:18:02,329 [INFO] core.evaluator_v2: [pyramidkv] pred='The document is a meeting transcript discussing various project-related topics, including transcription status, particip'
2026-08-20 23:18:08,275 [INFO] core.evaluator_v2: [pyramidkv] pred='The document is a transcript of a kick-off meeting for the design of a new remote control. The project manager, Christa '
2026-08-20 23:18:08,281 [INFO] core.evaluator_v2:   [10/30] avg=7.80
2026-08-20 23:18:10,124 [WARNING] core.model_loader: Input length 16844 > max 16000, truncating...
2026-08-20 23:18:24,367 [INFO] core.evaluator_v2: [pyramidkv] pred='The document is a meeting transcript discussing a speech recognition project. Key points include:\n\n- **Setup and Equipme'
2026-08-20 23:18:24,720 [WARNING] core.model_loader: Input length 16224 > max 16000, truncating...
2026-08-20 23:18:33,512 [INFO] core.evaluator_v2: [pyramidkv] pred="The Welsh Government's childcare initiative, outlined in the Childcare (Wales) Bill, aims to provide accessible, high-qu"
2026-08-20 23:18:53,443 [INFO] core.evaluator_v2: [pyramidkv] pred='The document is a transcript of a virtual meeting of the Children, Young People and Education Committee in the Welsh Ass'
2026-08-20 23:19:03,222 [INFO] core.evaluator_v2: [pyramidkv] pred='The document is a meeting transcript where the team reviews the design of a new remote control shaped like a banana. Key'
2026-08-20 23:19:16,777 [INFO] core.evaluator_v2: [pyramidkv] pred='The document outlines a project meeting where the team discusses the design of a new remote control. Key points include:'
2026-08-20 23:19:16,783 [INFO] core.evaluator_v2:   [15/30] avg=7.88
2026-08-20 23:19:24,393 [INFO] core.evaluator_v2: [pyramidkv] pred='The document is a transcript of a meeting between a Project Manager, Marketing, Industrial Designer, and User Interface '
2026-08-20 23:19:30,515 [INFO] core.evaluator_v2: [pyramidkv] pred='The document is a transcript of a kick-off meeting for the design of a new remote control. The project manager, Christa '
2026-08-20 23:19:30,727 [WARNING] core.model_loader: Input length 16844 > max 16000, truncating...
2026-08-20 23:19:45,663 [INFO] core.evaluator_v2: [pyramidkv] pred='The document is a meeting transcript discussing a speech recognition project. Key points include:\n\n- **Setup and Equipme'
2026-08-20 23:19:55,240 [INFO] core.evaluator_v2: [pyramidkv] pred='The document is a transcript of a meeting between a Project Manager, Industrial Designer, User Interface specialist, and'
2026-08-20 23:20:01,548 [WARNING] core.model_loader: Input length 16224 > max 16000, truncating...
2026-08-20 23:20:10,709 [INFO] core.evaluator_v2: [pyramidkv] pred="The Welsh Government's childcare initiative, outlined in the Childcare (Wales) Bill, aims to provide accessible, high-qu"
2026-08-20 23:20:10,720 [INFO] core.evaluator_v2:   [20/30] avg=8.59
2026-08-20 23:20:20,092 [INFO] core.evaluator_v2: [pyramidkv] pred='The document is a transcript of a project meeting where the team discusses the development of a new remote control devic'
2026-08-20 23:20:20,537 [WARNING] core.model_loader: Input length 25564 > max 16000, truncating...
2026-08-20 23:20:28,998 [INFO] core.evaluator_v2: [pyramidkv] pred='The document details the 12th meeting of the House of Commons Special Committee on the COVID-19 Pandemic, held in a hybr'
2026-08-20 23:20:29,226 [WARNING] core.model_loader: Input length 18386 > max 16000, truncating...
2026-08-20 23:20:37,058 [INFO] core.evaluator_v2: [pyramidkv] pred='The document is a conversation among researchers discussing their work on improving speech recognition systems, focusing'
2026-08-20 23:20:46,027 [INFO] core.evaluator_v2: [pyramidkv] pred='The document is a detailed audio transcript of a team meeting discussing the development of a new remote control device.'
2026-08-20 23:20:53,544 [INFO] core.evaluator_v2: [pyramidkv] pred='The document is a conversation among a Project Manager, Industrial Designer, User Interface specialist, and Marketing re'
2026-08-20 23:20:53,551 [INFO] core.evaluator_v2:   [25/30] avg=8.71
2026-08-20 23:21:02,596 [INFO] core.evaluator_v2: [pyramidkv] pred='The project team discusses the design of a new television remote control. Key points include:\n\n- The remote must be tele'
2026-08-20 23:21:13,226 [INFO] core.evaluator_v2: [pyramidkv] pred='The document is a transcript of a project meeting where the team discusses the development of a new remote control devic'
2026-08-20 23:21:13,831 [WARNING] core.model_loader: Input length 18553 > max 16000, truncating...
2026-08-20 23:21:25,934 [INFO] core.evaluator_v2: [pyramidkv] pred='The document is a conversation among graduate students and professors discussing a research project focused on understan'
2026-08-20 23:21:39,033 [INFO] core.evaluator_v2: [pyramidkv] pred='The document is a transcript of a functional design meeting where team members discuss the development of a new remote c'
2026-08-20 23:21:47,914 [INFO] core.evaluator_v2: [pyramidkv] pred='The document is a transcript of a kick-off meeting for the design of a new remote control. The project manager, Christa '
2026-08-20 23:21:47,948 [INFO] core.evaluator_v2:   [30/30] avg=8.97
2026-08-20 23:21:47,951 [INFO] __main__:   → score=8.97, collapse=0/30 (0.0%), mem_red=20.0%
2026-08-20 23:21:47,953 [INFO] __main__: 
  Task: gov_report
2026-08-20 23:21:47,955 [INFO] core.dataset_loader: Loading LongBench/gov_report ...
2026-08-20 23:21:48,051 [INFO] httpx: HTTP Request: GET https://huggingface.co/api/datasets/THUDM/LongBench/revision/5e628be450b7e67fb7ae6e201bd6d8f7056f7672 "HTTP/1.1 307 Temporary Redirect"
2026-08-20 23:21:48,084 [INFO] httpx: HTTP Request: GET https://huggingface.co/api/datasets/zai-org/LongBench/revision/5e628be450b7e67fb7ae6e201bd6d8f7056f7672 "HTTP/1.1 200 OK"
2026-08-20 23:21:48,650 [INFO] core.dataset_loader: Loaded 30 samples from gov_report
2026-08-20 23:21:48,652 [INFO] core.evaluator_v2: [pyramidkv] gov_report (30샘플, budget=80%, kwargs={'sink_size': 16, 'invert_norm': True})
2026-08-20 23:22:02,427 [INFO] core.evaluator_v2: [pyramidkv] pred='The National Science Foundation (NSF) uses two programs, the IPA and VSEE, to bring in rotators. IPA rotators are employ'
2026-08-20 23:22:14,412 [INFO] core.evaluator_v2: [pyramidkv] pred='The document outlines the challenges and efforts in federal IT management and cybersecurity. Despite a $96 billion budge'
2026-08-20 23:22:14,931 [WARNING] core.model_loader: Input length 51949 > max 16000, truncating...
2026-08-20 23:22:35,121 [INFO] core.evaluator_v2: [pyramidkv] pred="**Summary:**\n\nThis report provides a comprehensive overview of China's actions in the South China Sea (SCS) and East Chi"
2026-08-20 23:22:35,436 [WARNING] core.model_loader: Input length 28135 > max 16000, truncating...
2026-08-20 23:22:50,662 [INFO] core.evaluator_v2: [pyramidkv] pred='The Clean Water Act (CWA) authorizes federal grants for wastewater treatment plant construction and related activities, '
2026-08-20 23:23:06,354 [INFO] core.evaluator_v2: [pyramidkv] pred='**Summary:**\n\nThe Department of Homeland Security (DHS) has faced significant internal control and financial management '
2026-08-20 23:23:06,393 [INFO] core.evaluator_v2:   [5/30] avg=16.24
2026-08-20 23:23:22,913 [INFO] core.evaluator_v2: [pyramidkv] pred='**Summary:**\n\nThe document outlines the ongoing challenges and efforts in securing federal information systems in the Un'
2026-08-20 23:23:39,584 [INFO] core.evaluator_v2: [pyramidkv] pred='The document outlines the historical context, legal framework, and key programs established by Congress to support small'
2026-08-20 23:23:40,484 [WARNING] core.model_loader: Input length 19434 > max 16000, truncating...
2026-08-20 23:23:49,902 [INFO] core.evaluator_v2: [pyramidkv] pred='The Department of Defense (DOD) uses "Other Transaction" (OT) authorities to acquire goods and services, particularly fo'
2026-08-20 23:24:02,107 [INFO] core.evaluator_v2: [pyramidkv] pred='The document discusses the evolving role of cash in the U.S. payment system, highlighting the increasing adoption of ele'
2026-08-20 23:24:02,446 [WARNING] core.model_loader: Input length 41630 > max 16000, truncating...
2026-08-20 23:24:15,168 [INFO] core.evaluator_v2: [pyramidkv] pred='The Department of Homeland Security (DHS) has established policies and processes to manage its large-scale acquisitions,'
2026-08-20 23:24:15,196 [INFO] core.evaluator_v2:   [10/30] avg=14.45
2026-08-20 23:24:22,589 [INFO] core.evaluator_v2: [pyramidkv] pred='This report provides a detailed analysis of the Department of Homeland Security (DHS) annual appropriations for FY2019, '
2026-08-20 23:24:33,039 [INFO] core.evaluator_v2: [pyramidkv] pred="The U.S. federal government owns approximately 640 million acres, or a quarter of the nation's land, primarily in the we"
2026-08-20 23:24:46,781 [INFO] core.evaluator_v2: [pyramidkv] pred='The document outlines the financial and operational aspects of the Black Lung Disability Trust Fund (BLTF), which provid'
2026-08-20 23:25:01,875 [INFO] core.evaluator_v2: [pyramidkv] pred='The document provides a comprehensive overview of the U.S. foreign aid program, detailing its historical evolution, obje'
2026-08-20 23:25:21,175 [INFO] core.evaluator_v2: [pyramidkv] pred='**Summary:**\n\nIn 2016, coal accounted for 17% of U.S. energy production and 30% of electricity generation, with about 73'
2026-08-20 23:25:21,195 [INFO] core.evaluator_v2:   [15/30] avg=15.53
2026-08-20 23:25:27,910 [INFO] core.evaluator_v2: [pyramidkv] pred="The Public Safety Officers' Benefits (PSOB) and Educational Assistance (PSOEA) programs provide financial support to the"
2026-08-20 23:25:32,613 [INFO] core.evaluator_v2: [pyramidkv] pred="The document outlines the FBI's challenges with its Hoover Building headquarters since 2011, including security concerns"
2026-08-20 23:25:40,844 [INFO] core.evaluator_v2: [pyramidkv] pred='The document discusses challenges the Department of Veterans Affairs (VA) faces in aligning its healthcare services and '
2026-08-20 23:25:52,399 [INFO] core.evaluator_v2: [pyramidkv] pred='The document provides an overview of the FY2019 budget request and appropriations for the International Trade Administra'
2026-08-20 23:26:01,148 [INFO] core.evaluator_v2: [pyramidkv] pred='The document outlines the federal Black Lung Disability Trust Fund, which provides benefits to coal miners affected by b'
2026-08-20 23:26:01,162 [INFO] core.evaluator_v2:   [20/30] avg=16.54
2026-08-20 23:26:17,569 [INFO] core.evaluator_v2: [pyramidkv] pred='**Summary:**\n\nThe document provides an in-depth analysis of the technology sector in the United States, focusing on empl'
2026-08-20 23:26:32,881 [INFO] core.evaluator_v2: [pyramidkv] pred='**Summary:**\n\nThe document outlines the current state of Internet privacy in the United States, highlighting the lack of'
2026-08-20 23:26:47,799 [INFO] core.evaluator_v2: [pyramidkv] pred='**Summary:**\n\nOver the past 30 years, there has been a shift from defined benefit (DB) to defined contribution (DC) reti'
2026-08-20 23:26:56,918 [INFO] core.evaluator_v2: [pyramidkv] pred='The Social Security Administration (SSA) is responsible for administering three major programs: Old-Age and Survivors In'
2026-08-20 23:27:10,593 [INFO] core.evaluator_v2: [pyramidkv] pred='The document outlines the financial challenges facing the Federal Employees Health Benefits Program (FEHBP) for postal r'
2026-08-20 23:27:10,632 [INFO] core.evaluator_v2:   [25/30] avg=16.36
2026-08-20 23:27:20,955 [INFO] core.evaluator_v2: [pyramidkv] pred="The 116th Congress is likely to address various housing-related issues, including reforming the nation's housing finance"
2026-08-20 23:27:35,188 [INFO] core.evaluator_v2: [pyramidkv] pred='The National Popular Vote (NPV) initiative seeks to establish direct popular election of the President and Vice Presiden'
2026-08-20 23:27:45,635 [INFO] core.evaluator_v2: [pyramidkv] pred='The Energy and Water Development appropriations bill outlines funding for various federal agencies, including the U.S. A'
2026-08-20 23:27:53,805 [INFO] core.evaluator_v2: [pyramidkv] pred='The federal government manages hundreds of thousands of buildings, costing billions annually. To improve efficiency and '
2026-08-20 23:28:04,790 [INFO] core.evaluator_v2: [pyramidkv] pred='The National Cemeteries Act of 1973 established the modern veterans’ cemetery system, managed by the VA’s National Cemet'
2026-08-20 23:28:04,806 [INFO] core.evaluator_v2:   [30/30] avg=16.39
2026-08-20 23:28:04,842 [INFO] __main__:   → score=16.39, collapse=0/30 (0.0%), mem_red=20.0%
2026-08-20 23:28:04,861 [INFO] core.results_manager: Results saved to results/v3_verified/exp6_sink_intervention_qwen3-4b_budget80_20260820_200418.csv
2026-08-20 23:28:04,927 [INFO] core.results_manager: JSON saved to results/v3_verified/exp6_sink_intervention_qwen3-4b_budget80_20260820_200418.json
2026-08-20 23:28:04,931 [INFO] __main__:   [중간 저장 완료] 18/30 설정
2026-08-20 23:28:04,932 [INFO] __main__: 
────────────────────────────────────────────────────────────
2026-08-20 23:28:04,934 [INFO] __main__: Method: H2O_m0 | Budget: 80% | kwargs={'sink_size': 0, 'invert_norm': True}
2026-08-20 23:28:04,935 [INFO] __main__: ────────────────────────────────────────────────────────────
2026-08-20 23:28:04,936 [INFO] __main__: 
  Task: qmsum
2026-08-20 23:28:04,937 [INFO] core.dataset_loader: Loading LongBench/qmsum ...
2026-08-20 23:28:05,031 [INFO] httpx: HTTP Request: GET https://huggingface.co/api/datasets/THUDM/LongBench/revision/5e628be450b7e67fb7ae6e201bd6d8f7056f7672 "HTTP/1.1 307 Temporary Redirect"
2026-08-20 23:28:05,064 [INFO] httpx: HTTP Request: GET https://huggingface.co/api/datasets/zai-org/LongBench/revision/5e628be450b7e67fb7ae6e201bd6d8f7056f7672 "HTTP/1.1 200 OK"
2026-08-20 23:28:05,678 [INFO] core.dataset_loader: Loaded 30 samples from qmsum
2026-08-20 23:28:05,680 [INFO] core.evaluator_v2: [h2o] qmsum (30샘플, budget=80%, kwargs={'sink_size': 0, 'invert_norm': True})
2026-08-20 23:28:11,813 [INFO] core.evaluator_v2: [h2o] pred='The document describes a meeting where the project team introduces a new TV remote control project. The main goals are t'
2026-08-20 23:28:19,015 [INFO] core.evaluator_v2: [h2o] pred='The document is a meeting transcript between a Project Manager, Industrial Designer, User Interface designer, and Market'
2026-08-20 23:28:29,049 [INFO] core.evaluator_v2: [h2o] pred='The document is a meeting transcript discussing progress on a research project involving a speech system called SmartKom'
2026-08-20 23:28:37,082 [INFO] core.evaluator_v2: [h2o] pred='The document is a detailed conversation among team members—Marketing, User Interface, and Project Manager—discussing the'
2026-08-20 23:28:46,138 [INFO] core.evaluator_v2: [h2o] pred='The document is a meeting transcript where team members discuss the design of a remote control. Key points include:\n\n- *'
2026-08-20 23:28:46,142 [INFO] core.evaluator_v2:   [5/30] avg=8.60
2026-08-20 23:28:46,449 [WARNING] core.model_loader: Input length 18386 > max 16000, truncating...
2026-08-20 23:28:55,704 [INFO] core.evaluator_v2: [h2o] pred='The document is a conversation between professors and PhD students discussing their research on noise robustness in spee'
2026-08-20 23:28:58,835 [WARNING] core.model_loader: Input length 18553 > max 16000, truncating...
2026-08-20 23:29:09,212 [INFO] core.evaluator_v2: [h2o] pred='The document is a conversation among graduate students and professors discussing a research project focused on understan'
2026-08-20 23:29:09,516 [WARNING] core.model_loader: Input length 16224 > max 16000, truncating...
2026-08-20 23:29:19,131 [INFO] core.evaluator_v2: [h2o] pred="The document details a meeting of the Welsh Government's Children, Young People and Education Committee, where Minister "
2026-08-20 23:29:23,462 [WARNING] core.model_loader: Input length 16924 > max 16000, truncating...
2026-08-20 23:29:34,566 [INFO] core.evaluator_v2: [h2o] pred='The document is a meeting transcript where participants discuss various technical and logistical issues related to a res'
2026-08-20 23:29:43,443 [INFO] core.evaluator_v2: [h2o] pred='The document describes a project kick-off meeting for designing a new remote control. Key points include: the remote mus'
2026-08-20 23:29:43,446 [INFO] core.evaluator_v2:   [10/30] avg=7.95
2026-08-20 23:29:43,661 [WARNING] core.model_loader: Input length 16844 > max 16000, truncating...
2026-08-20 23:29:55,718 [INFO] core.evaluator_v2: [h2o] pred='The document is a meeting transcript involving researchers discussing various aspects of speech recognition, data collec'
2026-08-20 23:29:55,966 [WARNING] core.model_loader: Input length 16224 > max 16000, truncating...
2026-08-20 23:30:05,220 [INFO] core.evaluator_v2: [h2o] pred="The document details a meeting of the Welsh Government's Children, Young People and Education Committee, where Minister "
2026-08-20 23:30:13,653 [INFO] core.evaluator_v2: [h2o] pred='The document is a meeting summary of the Children, Young People and Education Committee discussing the impact of the cor'
2026-08-20 23:30:22,108 [INFO] core.evaluator_v2: [h2o] pred='The document is a meeting summary involving an Industrial Designer, User Interface designer, and Project Manager discuss'
2026-08-20 23:30:33,842 [INFO] core.evaluator_v2: [h2o] pred='The document outlines a project meeting where the team discusses the design of a remote control. Key points include:\n\n- '
2026-08-20 23:30:33,846 [INFO] core.evaluator_v2:   [15/30] avg=8.86
2026-08-20 23:30:44,644 [INFO] core.evaluator_v2: [h2o] pred='The document is a conversation from a project meeting involving a Project Manager, Marketing, Industrial Designer, and U'
2026-08-20 23:30:49,050 [INFO] core.evaluator_v2: [h2o] pred='The document describes a project kick-off meeting for designing a new remote control. Key points include: the remote mus'
2026-08-20 23:30:49,998 [WARNING] core.model_loader: Input length 16844 > max 16000, truncating...
2026-08-20 23:31:01,604 [INFO] core.evaluator_v2: [h2o] pred='The document is a meeting transcript involving researchers discussing various aspects of speech recognition, data collec'
2026-08-20 23:31:10,141 [INFO] core.evaluator_v2: [h2o] pred='The document is a meeting transcript between a Project Manager, Industrial Designer, User Interface specialist, and Mark'
2026-08-20 23:31:10,345 [WARNING] core.model_loader: Input length 16224 > max 16000, truncating...
2026-08-20 23:31:18,842 [INFO] core.evaluator_v2: [h2o] pred="The document details a meeting of the Welsh Government's Children, Young People and Education Committee, where Minister "
2026-08-20 23:31:18,849 [INFO] core.evaluator_v2:   [20/30] avg=9.37
2026-08-20 23:31:28,012 [INFO] core.evaluator_v2: [h2o] pred='The document is a detailed meeting transcript involving a project manager, marketing, user interface, and industrial des'
2026-08-20 23:31:28,307 [WARNING] core.model_loader: Input length 25564 > max 16000, truncating...
2026-08-20 23:31:43,084 [INFO] core.evaluator_v2: [h2o] pred='The document details the 12th meeting of the House of Commons Special Committee on the COVID-19 Pandemic, held in a hybr'
2026-08-20 23:31:44,701 [WARNING] core.model_loader: Input length 18386 > max 16000, truncating...
2026-08-20 23:31:53,993 [INFO] core.evaluator_v2: [h2o] pred='The document is a conversation between professors and PhD students discussing their research on noise robustness in spee'
2026-08-20 23:32:01,318 [INFO] core.evaluator_v2: [h2o] pred='The document is a detailed conversation among team members—Marketing, User Interface, and Project Manager—discussing the'
2026-08-20 23:32:08,554 [INFO] core.evaluator_v2: [h2o] pred='The document is a conversation among project team members discussing a product prototype for a remote control. Key point'
2026-08-20 23:32:08,558 [INFO] core.evaluator_v2:   [25/30] avg=9.16
2026-08-20 23:32:15,638 [INFO] core.evaluator_v2: [h2o] pred='The project team discussed the design of a new television remote. Key points include:\n\n- The remote must be television-o'
2026-08-20 23:32:24,280 [INFO] core.evaluator_v2: [h2o] pred='The document is a detailed meeting transcript involving a project manager, marketing, user interface, and industrial des'
2026-08-20 23:32:24,533 [WARNING] core.model_loader: Input length 18553 > max 16000, truncating...
2026-08-20 23:32:36,685 [INFO] core.evaluator_v2: [h2o] pred='The document is a conversation among graduate students and professors discussing a research project focused on understan'
2026-08-20 23:32:46,149 [INFO] core.evaluator_v2: [h2o] pred='The document is a meeting transcript between a Project Manager, User Interface, and Industrial Designer discussing the f'
2026-08-20 23:32:51,088 [INFO] core.evaluator_v2: [h2o] pred='The document describes a project kick-off meeting for designing a new remote control. Key points include: the remote mus'
2026-08-20 23:32:51,092 [INFO] core.evaluator_v2:   [30/30] avg=9.38
2026-08-20 23:32:51,094 [INFO] __main__:   → score=9.38, collapse=0/30 (0.0%), mem_red=20.0%
2026-08-20 23:32:51,095 [INFO] __main__: 
  Task: gov_report
2026-08-20 23:32:51,097 [INFO] core.dataset_loader: Loading LongBench/gov_report ...
2026-08-20 23:32:51,188 [INFO] httpx: HTTP Request: GET https://huggingface.co/api/datasets/THUDM/LongBench/revision/5e628be450b7e67fb7ae6e201bd6d8f7056f7672 "HTTP/1.1 307 Temporary Redirect"
2026-08-20 23:32:51,220 [INFO] httpx: HTTP Request: GET https://huggingface.co/api/datasets/zai-org/LongBench/revision/5e628be450b7e67fb7ae6e201bd6d8f7056f7672 "HTTP/1.1 200 OK"
2026-08-20 23:32:51,907 [INFO] core.dataset_loader: Loaded 30 samples from gov_report
2026-08-20 23:32:51,927 [INFO] core.evaluator_v2: [h2o] gov_report (30샘플, budget=80%, kwargs={'sink_size': 0, 'invert_norm': True})
2026-08-20 23:32:59,792 [INFO] core.evaluator_v2: [h2o] pred="The GAO report outlines NSF's use of two rotator programs—IPA and VSEE—to bring in temporary staff for science and engin"
2026-08-20 23:33:09,848 [INFO] core.evaluator_v2: [h2o] pred='The document outlines the challenges and efforts related to federal IT management. Despite a $96 billion budget for IT i'
2026-08-20 23:33:10,367 [WARNING] core.model_loader: Input length 51949 > max 16000, truncating...
2026-08-20 23:33:24,441 [INFO] core.evaluator_v2: [h2o] pred="**Summary:**\n\nThis document provides a comprehensive overview of China's actions in the South China Sea (SCS) and East C"
2026-08-20 23:33:25,333 [WARNING] core.model_loader: Input length 28135 > max 16000, truncating...
2026-08-20 23:33:44,005 [INFO] core.evaluator_v2: [h2o] pred='The Clean Water Act (CWA) authorizes federal grants for municipal wastewater treatment plant construction and related ac'
2026-08-20 23:34:10,251 [INFO] core.evaluator_v2: [h2o] pred='**Summary:**\n\nThe Department of Homeland Security (DHS) has faced significant internal control and financial management '
2026-08-20 23:34:10,309 [INFO] core.evaluator_v2:   [5/30] avg=16.04
2026-08-20 23:34:30,140 [INFO] core.evaluator_v2: [h2o] pred='**Summary:**\n\nCybersecurity threats continue to impact federal agencies, with numerous incidents reported in recent year'
2026-08-20 23:34:43,837 [INFO] core.evaluator_v2: [h2o] pred='The document outlines the historical and current framework for supporting small businesses in the United States, particu'
2026-08-20 23:34:44,158 [WARNING] core.model_loader: Input length 19434 > max 16000, truncating...
2026-08-20 23:34:55,220 [INFO] core.evaluator_v2: [h2o] pred='The Department of Defense (DOD) uses over $300 billion annually for goods and services, governed by statutes and regulat'
2026-08-20 23:35:03,984 [INFO] core.evaluator_v2: [h2o] pred='The document discusses the increasing role of electronic payment systems in modern society, driven by technological adva'
2026-08-20 23:35:09,402 [WARNING] core.model_loader: Input length 41630 > max 16000, truncating...
2026-08-20 23:35:31,065 [INFO] core.evaluator_v2: [h2o] pred='The Department of Homeland Security (DHS) has established policies and processes to manage its large-scale acquisitions,'
2026-08-20 23:35:31,112 [INFO] core.evaluator_v2:   [10/30] avg=16.37
2026-08-20 23:35:39,597 [INFO] core.evaluator_v2: [h2o] pred='This report analyzes the Department of Homeland Security (DHS) annual appropriations for FY2019, comparing the enacted F'
2026-08-20 23:35:50,136 [INFO] core.evaluator_v2: [h2o] pred='The U.S. federal government owns about 640 million acres, mostly in 12 western states, managed by four agencies: the Nat'
2026-08-20 23:36:07,987 [INFO] core.evaluator_v2: [h2o] pred='The document outlines the financial structure and challenges of the Black Lung Disability Trust Fund. Key points include'
2026-08-20 23:36:21,280 [INFO] core.evaluator_v2: [h2o] pred='The U.S. foreign aid program is a major component of the international affairs budget, with significant historical and p'
2026-08-20 23:36:37,948 [INFO] core.evaluator_v2: [h2o] pred='**Summary:**\n\nIn 2016, coal accounted for 17% of U.S. energy production and 30% of electricity generation, with approxim'
2026-08-20 23:36:37,978 [INFO] core.evaluator_v2:   [15/30] avg=17.19
2026-08-20 23:36:47,030 [INFO] core.evaluator_v2: [h2o] pred="The Public Safety Officers' Benefits (PSOB) and Public Safety Officers' Educational Assistance (PSOEA) programs provide "
2026-08-20 23:36:55,715 [INFO] core.evaluator_v2: [h2o] pred='The document discusses the strategic and operational challenges faced by the FBI due to the suboptimal condition of its '
2026-08-20 23:37:04,266 [INFO] core.evaluator_v2: [h2o] pred='The document discusses challenges faced by the VA in aligning its health care delivery and real property to meet the nee'
2026-08-20 23:37:14,124 [INFO] core.evaluator_v2: [h2o] pred='The document provides an overview of the FY2019 budget and appropriations for the International Trade Administration (IT'
2026-08-20 23:37:20,380 [INFO] core.evaluator_v2: [h2o] pred='The federal government provides benefits to coal miners affected by black lung disease (CWP) when responsible mine opera'
2026-08-20 23:37:20,390 [INFO] core.evaluator_v2:   [20/30] avg=17.81
2026-08-20 23:37:34,370 [INFO] core.evaluator_v2: [h2o] pred='**Summary:**\n\nThis document provides a comprehensive overview of the technology sector in the United States, focusing on'
2026-08-20 23:37:49,385 [INFO] core.evaluator_v2: [h2o] pred='**Summary:**\n\nThe document outlines the current state of Internet privacy in the United States, emphasizing the lack of '
2026-08-20 23:38:07,318 [INFO] core.evaluator_v2: [h2o] pred='**Summary:**\n\nOver the past 30 years, employers have shifted from sponsoring defined benefit (DB) plans to defined contr'
2026-08-20 23:38:14,847 [INFO] core.evaluator_v2: [h2o] pred='The Social Security Administration (SSA) delivers critical benefits to millions of Americans, including retirees, disabl'
2026-08-20 23:38:29,061 [INFO] core.evaluator_v2: [h2o] pred='The Federal Employees Health Benefits Program (FEHBP) provides health insurance for federal employees and retirees, incl'
2026-08-20 23:38:29,096 [INFO] core.evaluator_v2:   [25/30] avg=17.42
2026-08-20 23:38:42,576 [INFO] core.evaluator_v2: [h2o] pred="The 116th Congress may consider various housing-related issues, including reforming the nation's housing finance system,"
2026-08-20 23:38:55,949 [INFO] core.evaluator_v2: [h2o] pred='The National Popular Vote (NPV) initiative seeks to establish direct popular election of the President and Vice Presiden'
2026-08-20 23:39:04,024 [INFO] core.evaluator_v2: [h2o] pred='The Energy and Water Development Appropriations Bill includes funding for various federal agencies, such as the U.S. Arm'
2026-08-20 23:39:12,656 [INFO] core.evaluator_v2: [h2o] pred='The U.S. federal government owns and leases hundreds of thousands of buildings, costing billions annually to operate. To'
2026-08-20 23:39:22,784 [INFO] core.evaluator_v2: [h2o] pred='The National Cemeteries Act of 1973 established the modern veterans’ cemetery system, managed by the VA’s National Cemet'
2026-08-20 23:39:22,798 [INFO] core.evaluator_v2:   [30/30] avg=17.22
2026-08-20 23:39:22,799 [INFO] __main__:   → score=17.22, collapse=0/30 (0.0%), mem_red=20.0%
2026-08-20 23:39:22,835 [INFO] core.results_manager: Results saved to results/v3_verified/exp6_sink_intervention_qwen3-4b_budget80_20260820_200418.csv
2026-08-20 23:39:22,900 [INFO] core.results_manager: JSON saved to results/v3_verified/exp6_sink_intervention_qwen3-4b_budget80_20260820_200418.json
2026-08-20 23:39:22,901 [INFO] __main__:   [중간 저장 완료] 19/30 설정
2026-08-20 23:39:22,902 [INFO] __main__: 
────────────────────────────────────────────────────────────
2026-08-20 23:39:22,903 [INFO] __main__: Method: H2O_m1 | Budget: 80% | kwargs={'sink_size': 1, 'invert_norm': True}
2026-08-20 23:39:22,920 [INFO] __main__: ────────────────────────────────────────────────────────────
2026-08-20 23:39:22,922 [INFO] __main__: 
  Task: qmsum
2026-08-20 23:39:22,924 [INFO] core.dataset_loader: Loading LongBench/qmsum ...
2026-08-20 23:39:23,011 [INFO] httpx: HTTP Request: GET https://huggingface.co/api/datasets/THUDM/LongBench/revision/5e628be450b7e67fb7ae6e201bd6d8f7056f7672 "HTTP/1.1 307 Temporary Redirect"
2026-08-20 23:39:23,056 [INFO] httpx: HTTP Request: GET https://huggingface.co/api/datasets/zai-org/LongBench/revision/5e628be450b7e67fb7ae6e201bd6d8f7056f7672 "HTTP/1.1 200 OK"
2026-08-20 23:39:23,542 [INFO] core.dataset_loader: Loaded 30 samples from qmsum
2026-08-20 23:39:23,545 [INFO] core.evaluator_v2: [h2o] qmsum (30샘플, budget=80%, kwargs={'sink_size': 1, 'invert_norm': True})
2026-08-20 23:39:31,483 [INFO] core.evaluator_v2: [h2o] pred='The document is a transcript of a project meeting where the team discusses the goals and structure of a design project t'
2026-08-20 23:39:43,139 [INFO] core.evaluator_v2: [h2o] pred='The document is a meeting transcript between a project manager, industrial designer, user interface designer, and market'
2026-08-20 23:39:55,904 [INFO] core.evaluator_v2: [h2o] pred='The document is a meeting transcript discussing progress and discussions related to a research project involving the Sma'
2026-08-20 23:40:08,158 [INFO] core.evaluator_v2: [h2o] pred='The document is a detailed audio transcript of a team meeting discussing the development of a new remote control device.'
2026-08-20 23:40:17,801 [INFO] core.evaluator_v2: [h2o] pred='The document is a transcript of a meeting among team members discussing the conceptual design of a new remote control de'
2026-08-20 23:40:17,823 [INFO] core.evaluator_v2:   [5/30] avg=8.88
2026-08-20 23:40:18,130 [WARNING] core.model_loader: Input length 18386 > max 16000, truncating...
2026-08-20 23:40:26,882 [INFO] core.evaluator_v2: [h2o] pred='The document is a conversation among researchers discussing their work on improving speech recognition systems, focusing'
2026-08-20 23:40:27,138 [WARNING] core.model_loader: Input length 18553 > max 16000, truncating...
2026-08-20 23:40:38,069 [INFO] core.evaluator_v2: [h2o] pred='The document is a conversation among graduate students and professors discussing a research project focused on understan'
2026-08-20 23:40:38,605 [WARNING] core.model_loader: Input length 16224 > max 16000, truncating...
2026-08-20 23:40:48,109 [INFO] core.evaluator_v2: [h2o] pred='The Welsh Government is implementing a childcare and early years initiative aimed at improving access to quality childca'
2026-08-20 23:40:48,367 [WARNING] core.model_loader: Input length 16924 > max 16000, truncating...
2026-08-20 23:41:01,038 [INFO] core.evaluator_v2: [h2o] pred='The document is a meeting transcript discussing various project-related topics, including transcription status, particip'
2026-08-20 23:41:08,598 [INFO] core.evaluator_v2: [h2o] pred='The document is a transcript of a kick-off meeting for the design of a new remote control. The project manager, Christa '
2026-08-20 23:41:08,602 [INFO] core.evaluator_v2:   [10/30] avg=7.49
2026-08-20 23:41:09,663 [WARNING] core.model_loader: Input length 16844 > max 16000, truncating...
2026-08-20 23:41:22,437 [INFO] core.evaluator_v2: [h2o] pred='The document is a meeting transcript discussing various aspects of a speech recognition project. Key points include:\n\n- '
2026-08-20 23:41:22,735 [WARNING] core.model_loader: Input length 16224 > max 16000, truncating...
2026-08-20 23:41:32,124 [INFO] core.evaluator_v2: [h2o] pred='The Welsh Government is implementing a childcare and early years initiative aimed at improving access to quality childca'
2026-08-20 23:41:39,233 [INFO] core.evaluator_v2: [h2o] pred='The meeting of the Children, Young People and Education Committee addressed the impact of the coronavirus pandemic on ch'
2026-08-20 23:41:51,226 [INFO] core.evaluator_v2: [h2o] pred='The document is a meeting transcript where the team reviews the design of a new remote control shaped like a banana. Key'
2026-08-20 23:42:04,386 [INFO] core.evaluator_v2: [h2o] pred='The document outlines a project meeting where the team discusses the design of a new remote control. Key points include:'
2026-08-20 23:42:04,393 [INFO] core.evaluator_v2:   [15/30] avg=7.79
2026-08-20 23:42:11,879 [INFO] core.evaluator_v2: [h2o] pred='The document is a transcript of a meeting between a Project Manager, Marketing, Industrial Designer, and User Interface '
2026-08-20 23:42:18,332 [INFO] core.evaluator_v2: [h2o] pred='The document is a transcript of a kick-off meeting for the design of a new remote control. The project manager, Christa '
2026-08-20 23:42:19,903 [WARNING] core.model_loader: Input length 16844 > max 16000, truncating...
2026-08-20 23:42:31,804 [INFO] core.evaluator_v2: [h2o] pred='The document is a meeting transcript discussing various aspects of a speech recognition project. Key points include:\n\n- '
2026-08-20 23:42:40,426 [INFO] core.evaluator_v2: [h2o] pred='The document is a transcript of a project meeting discussing the design and development of a new remote control device. '
2026-08-20 23:42:40,759 [WARNING] core.model_loader: Input length 16224 > max 16000, truncating...
2026-08-20 23:42:50,070 [INFO] core.evaluator_v2: [h2o] pred='The Welsh Government is implementing a childcare and early years initiative aimed at improving access to quality childca'
2026-08-20 23:42:50,075 [INFO] core.evaluator_v2:   [20/30] avg=8.74
2026-08-20 23:43:01,042 [INFO] core.evaluator_v2: [h2o] pred='The document is a transcript of a project meeting where the team discusses the development of a new remote control devic'
2026-08-20 23:43:01,796 [WARNING] core.model_loader: Input length 25564 > max 16000, truncating...
2026-08-20 23:43:10,695 [INFO] core.evaluator_v2: [h2o] pred='The document details the 12th meeting of the House of Commons Special Committee on the COVID-19 Pandemic, which was held'
2026-08-20 23:43:10,924 [WARNING] core.model_loader: Input length 18386 > max 16000, truncating...
2026-08-20 23:43:18,951 [INFO] core.evaluator_v2: [h2o] pred='The document is a conversation among researchers discussing their work on improving speech recognition systems, focusing'
2026-08-20 23:43:27,787 [INFO] core.evaluator_v2: [h2o] pred='The document is a detailed audio transcript of a team meeting discussing the development of a new remote control device.'
2026-08-20 23:43:40,202 [INFO] core.evaluator_v2: [h2o] pred='The document is a conversation among a Project Manager, Industrial Designer, User Interface specialist, and Marketing re'
2026-08-20 23:43:40,227 [INFO] core.evaluator_v2:   [25/30] avg=8.88
2026-08-20 23:43:48,884 [INFO] core.evaluator_v2: [h2o] pred='The project team discusses the design of a new television remote control. Key points include:\n\n- The remote must be tele'
2026-08-20 23:43:58,742 [INFO] core.evaluator_v2: [h2o] pred='The document is a transcript of a project meeting where the team discusses the development of a new remote control devic'
2026-08-20 23:43:59,054 [WARNING] core.model_loader: Input length 18553 > max 16000, truncating...
2026-08-20 23:44:08,614 [INFO] core.evaluator_v2: [h2o] pred='The document is a conversation among graduate students and professors discussing a research project focused on understan'
2026-08-20 23:44:20,076 [INFO] core.evaluator_v2: [h2o] pred='The document is a transcript of a functional design meeting where team members discuss the development of a new remote c'
2026-08-20 23:44:27,356 [INFO] core.evaluator_v2: [h2o] pred='The document is a transcript of a kick-off meeting for the design of a new remote control. The project manager, Christa '
2026-08-20 23:44:27,359 [INFO] core.evaluator_v2:   [30/30] avg=9.16
2026-08-20 23:44:27,360 [INFO] __main__:   → score=9.16, collapse=0/30 (0.0%), mem_red=20.0%
2026-08-20 23:44:27,360 [INFO] __main__: 
  Task: gov_report
2026-08-20 23:44:27,361 [INFO] core.dataset_loader: Loading LongBench/gov_report ...
2026-08-20 23:44:27,431 [INFO] httpx: HTTP Request: GET https://huggingface.co/api/datasets/THUDM/LongBench/revision/5e628be450b7e67fb7ae6e201bd6d8f7056f7672 "HTTP/1.1 307 Temporary Redirect"
2026-08-20 23:44:27,506 [INFO] httpx: HTTP Request: GET https://huggingface.co/api/datasets/zai-org/LongBench/revision/5e628be450b7e67fb7ae6e201bd6d8f7056f7672 "HTTP/1.1 200 OK"
2026-08-20 23:44:27,909 [INFO] core.dataset_loader: Loaded 30 samples from gov_report
2026-08-20 23:44:27,937 [INFO] core.evaluator_v2: [h2o] gov_report (30샘플, budget=80%, kwargs={'sink_size': 1, 'invert_norm': True})
2026-08-20 23:44:38,357 [INFO] core.evaluator_v2: [h2o] pred='The National Science Foundation (NSF) uses two programs, the IPA and VSEE, to bring in rotators. IPA rotators are employ'
2026-08-20 23:44:46,124 [INFO] core.evaluator_v2: [h2o] pred='The document outlines the challenges and efforts in federal IT management and cybersecurity. Despite a $96 billion budge'
2026-08-20 23:44:48,329 [WARNING] core.model_loader: Input length 51949 > max 16000, truncating...
2026-08-20 23:45:03,635 [INFO] core.evaluator_v2: [h2o] pred="**Summary:**\n\nThis report provides a comprehensive overview of China's actions in the South China Sea (SCS) and East Chi"
2026-08-20 23:45:04,319 [WARNING] core.model_loader: Input length 28135 > max 16000, truncating...
2026-08-20 23:45:18,918 [INFO] core.evaluator_v2: [h2o] pred='The Clean Water Act (CWA) authorizes federal grants for wastewater treatment plant construction and related activities, '
2026-08-20 23:45:35,082 [INFO] core.evaluator_v2: [h2o] pred='**Summary:**\n\nThe Department of Homeland Security (DHS) has faced significant internal control and financial management '
2026-08-20 23:45:35,116 [INFO] core.evaluator_v2:   [5/30] avg=16.46
2026-08-20 23:45:49,730 [INFO] core.evaluator_v2: [h2o] pred='**Summary:**\n\nThe document outlines the ongoing challenges and efforts in securing federal information systems in the Un'
2026-08-20 23:45:58,277 [INFO] core.evaluator_v2: [h2o] pred='The document outlines the historical context, legal framework, and key programs established by Congress to support small'
2026-08-20 23:45:58,708 [WARNING] core.model_loader: Input length 19434 > max 16000, truncating...
2026-08-20 23:46:12,922 [INFO] core.evaluator_v2: [h2o] pred='The Department of Defense (DOD) uses "Other Transaction" (OT) authorities to acquire goods and services, including resea'
2026-08-20 23:46:26,975 [INFO] core.evaluator_v2: [h2o] pred='The document discusses the evolving role of cash in the U.S. payment system, highlighting the increasing adoption of ele'
2026-08-20 23:46:27,533 [WARNING] core.model_loader: Input length 41630 > max 16000, truncating...
2026-08-20 23:46:46,700 [INFO] core.evaluator_v2: [h2o] pred='The Department of Homeland Security (DHS) has established policies and processes to manage its large-scale acquisitions,'
2026-08-20 23:46:46,733 [INFO] core.evaluator_v2:   [10/30] avg=14.88
2026-08-20 23:46:55,147 [INFO] core.evaluator_v2: [h2o] pred='This report provides a detailed analysis of the Department of Homeland Security (DHS) annual appropriations for FY2019, '
2026-08-20 23:47:05,428 [INFO] core.evaluator_v2: [h2o] pred="The U.S. federal government owns approximately 640 million acres, or a quarter of the nation's land, primarily in the we"
2026-08-20 23:47:18,161 [INFO] core.evaluator_v2: [h2o] pred='The document outlines the financial and operational aspects of the Black Lung Disability Trust Fund (BLTF), which provid'
2026-08-20 23:47:39,956 [INFO] core.evaluator_v2: [h2o] pred='The document provides a comprehensive overview of the U.S. foreign aid program, detailing its historical evolution, obje'
2026-08-20 23:47:53,239 [INFO] core.evaluator_v2: [h2o] pred='**Summary:**\n\nIn 2016, coal accounted for 17% of U.S. energy production and 30% of electricity generation, with about 73'
2026-08-20 23:47:53,262 [INFO] core.evaluator_v2:   [15/30] avg=15.69
2026-08-20 23:48:01,222 [INFO] core.evaluator_v2: [h2o] pred="The Public Safety Officers' Benefits (PSOB) and Educational Assistance (PSOEA) programs provide financial support to the"
2026-08-20 23:48:08,281 [INFO] core.evaluator_v2: [h2o] pred="The document outlines the FBI's challenges with its Hoover Building headquarters since 2011, including security concerns"
2026-08-20 23:48:15,617 [INFO] core.evaluator_v2: [h2o] pred='The document discusses challenges the Department of Veterans Affairs (VA) faces in aligning its healthcare services and '
2026-08-20 23:48:33,628 [INFO] core.evaluator_v2: [h2o] pred='The document provides an overview of the FY2019 budget request and appropriations for the International Trade Administra'
2026-08-20 23:48:42,928 [INFO] core.evaluator_v2: [h2o] pred='The document outlines the federal Black Lung Disability Trust Fund, which provides benefits to coal miners affected by b'
2026-08-20 23:48:42,942 [INFO] core.evaluator_v2:   [20/30] avg=16.60
2026-08-20 23:49:00,589 [INFO] core.evaluator_v2: [h2o] pred='**Summary:**\n\nThe document provides an in-depth analysis of the technology sector in the United States, focusing on empl'
2026-08-20 23:49:16,976 [INFO] core.evaluator_v2: [h2o] pred='**Summary:**\n\nThe document outlines the current state of Internet privacy in the United States, highlighting the lack of'
2026-08-20 23:49:32,302 [INFO] core.evaluator_v2: [h2o] pred='**Summary:**\n\nOver the past 30 years, there has been a shift from defined benefit (DB) to defined contribution (DC) reti'
2026-08-20 23:49:46,004 [INFO] core.evaluator_v2: [h2o] pred='The Social Security Administration (SSA) is responsible for administering three major programs: Old-Age and Survivors In'
2026-08-20 23:49:59,287 [INFO] core.evaluator_v2: [h2o] pred='The document outlines the financial challenges facing the Federal Employees Health Benefits Program (FEHBP) for postal r'
2026-08-20 23:49:59,329 [INFO] core.evaluator_v2:   [25/30] avg=16.40
2026-08-20 23:50:09,317 [INFO] core.evaluator_v2: [h2o] pred="The 116th Congress is likely to address various housing-related issues, including reforming the nation's housing finance"
2026-08-20 23:50:26,647 [INFO] core.evaluator_v2: [h2o] pred='The National Popular Vote (NPV) initiative seeks to establish direct popular election of the President and Vice Presiden'
2026-08-20 23:50:40,854 [INFO] core.evaluator_v2: [h2o] pred='The Energy and Water Development appropriations bill outlines funding for various federal agencies, including the U.S. A'
2026-08-20 23:50:51,430 [INFO] core.evaluator_v2: [h2o] pred='The federal government manages hundreds of thousands of buildings, costing billions annually. To improve efficiency and '
2026-08-20 23:51:02,945 [INFO] core.evaluator_v2: [h2o] pred='The National Cemeteries Act of 1973 established the modern veterans’ cemetery system, managed by the VA’s National Cemet'
2026-08-20 23:51:02,965 [INFO] core.evaluator_v2:   [30/30] avg=16.39
2026-08-20 23:51:02,966 [INFO] __main__:   → score=16.39, collapse=0/30 (0.0%), mem_red=20.0%
2026-08-20 23:51:02,977 [INFO] core.results_manager: Results saved to results/v3_verified/exp6_sink_intervention_qwen3-4b_budget80_20260820_200418.csv
2026-08-20 23:51:03,039 [INFO] core.results_manager: JSON saved to results/v3_verified/exp6_sink_intervention_qwen3-4b_budget80_20260820_200418.json
2026-08-20 23:51:03,042 [INFO] __main__:   [중간 저장 완료] 20/30 설정
2026-08-20 23:51:03,045 [INFO] __main__: 
────────────────────────────────────────────────────────────
2026-08-20 23:51:03,047 [INFO] __main__: Method: H2O_m2 | Budget: 80% | kwargs={'sink_size': 2, 'invert_norm': True}
2026-08-20 23:51:03,049 [INFO] __main__: ────────────────────────────────────────────────────────────
2026-08-20 23:51:03,050 [INFO] __main__: 
  Task: qmsum
2026-08-20 23:51:03,051 [INFO] core.dataset_loader: Loading LongBench/qmsum ...
2026-08-20 23:51:03,136 [INFO] httpx: HTTP Request: GET https://huggingface.co/api/datasets/THUDM/LongBench/revision/5e628be450b7e67fb7ae6e201bd6d8f7056f7672 "HTTP/1.1 307 Temporary Redirect"
2026-08-20 23:51:03,175 [INFO] httpx: HTTP Request: GET https://huggingface.co/api/datasets/zai-org/LongBench/revision/5e628be450b7e67fb7ae6e201bd6d8f7056f7672 "HTTP/1.1 200 OK"
2026-08-20 23:51:03,687 [INFO] core.dataset_loader: Loaded 30 samples from qmsum
2026-08-20 23:51:03,690 [INFO] core.evaluator_v2: [h2o] qmsum (30샘플, budget=80%, kwargs={'sink_size': 2, 'invert_norm': True})
2026-08-20 23:51:11,325 [INFO] core.evaluator_v2: [h2o] pred='The document is a transcript of a project meeting where the team discusses the goals and structure of a design project t'
2026-08-20 23:51:24,861 [INFO] core.evaluator_v2: [h2o] pred='The document is a meeting transcript between a project manager, industrial designer, user interface designer, and market'
2026-08-20 23:51:36,157 [INFO] core.evaluator_v2: [h2o] pred='The document is a meeting transcript discussing progress and plans related to a research project involving the SmartKom '
2026-08-20 23:51:45,812 [INFO] core.evaluator_v2: [h2o] pred='The document is a detailed audio transcript of a team meeting discussing the development of a new remote control device.'
2026-08-20 23:51:55,752 [INFO] core.evaluator_v2: [h2o] pred='The document is a transcript of a meeting among team members discussing the conceptual design of a new remote control de'
2026-08-20 23:51:55,754 [INFO] core.evaluator_v2:   [5/30] avg=8.95
2026-08-20 23:51:56,040 [WARNING] core.model_loader: Input length 18386 > max 16000, truncating...
2026-08-20 23:52:04,136 [INFO] core.evaluator_v2: [h2o] pred='The document is a conversation among researchers discussing their work on improving speech recognition systems, focusing'
2026-08-20 23:52:05,226 [WARNING] core.model_loader: Input length 18553 > max 16000, truncating...
2026-08-20 23:52:14,927 [INFO] core.evaluator_v2: [h2o] pred='The document is a conversation among graduate students and professors discussing a research project focused on understan'
2026-08-20 23:52:15,423 [WARNING] core.model_loader: Input length 16224 > max 16000, truncating...
2026-08-20 23:52:24,332 [INFO] core.evaluator_v2: [h2o] pred='The Welsh Government is implementing a childcare and early years initiative aimed at improving access to quality childca'
2026-08-20 23:52:24,557 [WARNING] core.model_loader: Input length 16924 > max 16000, truncating...
2026-08-20 23:52:33,598 [INFO] core.evaluator_v2: [h2o] pred='The document is a meeting transcript discussing various project-related topics, including transcription status, particip'
2026-08-20 23:52:39,805 [INFO] core.evaluator_v2: [h2o] pred='The document is a transcript of a kick-off meeting for the design of a new remote control. The project manager, Christa '
2026-08-20 23:52:39,825 [INFO] core.evaluator_v2:   [10/30] avg=7.52
2026-08-20 23:52:40,008 [WARNING] core.model_loader: Input length 16844 > max 16000, truncating...
2026-08-20 23:52:51,737 [INFO] core.evaluator_v2: [h2o] pred='The document is a meeting transcript discussing various aspects of a speech recognition project. Key points include:\n\n- '
2026-08-20 23:52:52,097 [WARNING] core.model_loader: Input length 16224 > max 16000, truncating...
2026-08-20 23:53:00,593 [INFO] core.evaluator_v2: [h2o] pred='The Welsh Government is implementing a childcare and early years initiative aimed at improving access to quality childca'
2026-08-20 23:53:11,020 [INFO] core.evaluator_v2: [h2o] pred='The meeting of the Children, Young People and Education Committee addressed the impact of the coronavirus pandemic on ch'
2026-08-20 23:53:26,750 [INFO] core.evaluator_v2: [h2o] pred='The document is a meeting transcript where the team reviews the design of a new remote control shaped like a banana. Key'
2026-08-20 23:53:39,104 [INFO] core.evaluator_v2: [h2o] pred='The document outlines a project meeting where the team discusses the design of a new remote control. Key points include:'
2026-08-20 23:53:39,140 [INFO] core.evaluator_v2:   [15/30] avg=7.77
2026-08-20 23:53:46,131 [INFO] core.evaluator_v2: [h2o] pred='The document is a transcript of a meeting between a Project Manager, Marketing, Industrial Designer, and User Interface '
2026-08-20 23:53:52,873 [INFO] core.evaluator_v2: [h2o] pred='The document is a transcript of a kick-off meeting for the design of a new remote control. The project manager, Christa '
2026-08-20 23:53:53,150 [WARNING] core.model_loader: Input length 16844 > max 16000, truncating...
2026-08-20 23:54:04,934 [INFO] core.evaluator_v2: [h2o] pred='The document is a meeting transcript discussing various aspects of a speech recognition project. Key points include:\n\n- '
2026-08-20 23:54:15,560 [INFO] core.evaluator_v2: [h2o] pred='The document is a transcript of a project meeting discussing the design and development of a new remote control device. '
2026-08-20 23:54:21,380 [WARNING] core.model_loader: Input length 16224 > max 16000, truncating...
2026-08-20 23:54:30,614 [INFO] core.evaluator_v2: [h2o] pred='The Welsh Government is implementing a childcare and early years initiative aimed at improving access to quality childca'
2026-08-20 23:54:30,627 [INFO] core.evaluator_v2:   [20/30] avg=8.72
2026-08-20 23:54:40,725 [INFO] core.evaluator_v2: [h2o] pred='The document is a transcript of a project meeting where the team discusses the development of a new remote control devic'
2026-08-20 23:54:41,064 [WARNING] core.model_loader: Input length 25564 > max 16000, truncating...
2026-08-20 23:54:50,147 [INFO] core.evaluator_v2: [h2o] pred='The document details the 12th meeting of the House of Commons Special Committee on the COVID-19 Pandemic, which was held'
2026-08-20 23:54:52,235 [WARNING] core.model_loader: Input length 18386 > max 16000, truncating...
2026-08-20 23:55:01,402 [INFO] core.evaluator_v2: [h2o] pred='The document is a conversation among researchers discussing their work on improving speech recognition systems, focusing'
2026-08-20 23:55:11,242 [INFO] core.evaluator_v2: [h2o] pred='The document is a detailed audio transcript of a team meeting discussing the development of a new remote control device.'
2026-08-20 23:55:17,448 [INFO] core.evaluator_v2: [h2o] pred='The document is a conversation among a Project Manager, Industrial Designer, User Interface specialist, and Marketing re'
2026-08-20 23:55:17,451 [INFO] core.evaluator_v2:   [25/30] avg=8.87
2026-08-20 23:55:28,325 [INFO] core.evaluator_v2: [h2o] pred='The project team discusses the design of a new television remote control. Key points include:\n\n- The remote must be tele'
2026-08-20 23:55:39,458 [INFO] core.evaluator_v2: [h2o] pred='The document is a transcript of a project meeting where the team discusses the development of a new remote control devic'
2026-08-20 23:55:39,727 [WARNING] core.model_loader: Input length 18553 > max 16000, truncating...
2026-08-20 23:55:51,618 [INFO] core.evaluator_v2: [h2o] pred='The document is a conversation among graduate students and professors discussing a research project focused on understan'
2026-08-20 23:56:03,038 [INFO] core.evaluator_v2: [h2o] pred='The document is a transcript of a functional design meeting where team members discuss the development of a new remote c'
2026-08-20 23:56:09,435 [INFO] core.evaluator_v2: [h2o] pred='The document is a transcript of a kick-off meeting for the design of a new remote control. The project manager, Christa '
2026-08-20 23:56:09,439 [INFO] core.evaluator_v2:   [30/30] avg=9.14
2026-08-20 23:56:09,439 [INFO] __main__:   → score=9.14, collapse=0/30 (0.0%), mem_red=20.0%
2026-08-20 23:56:09,439 [INFO] __main__: 
  Task: gov_report
2026-08-20 23:56:09,440 [INFO] core.dataset_loader: Loading LongBench/gov_report ...
2026-08-20 23:56:09,542 [INFO] httpx: HTTP Request: GET https://huggingface.co/api/datasets/THUDM/LongBench/revision/5e628be450b7e67fb7ae6e201bd6d8f7056f7672 "HTTP/1.1 307 Temporary Redirect"
2026-08-20 23:56:09,574 [INFO] httpx: HTTP Request: GET https://huggingface.co/api/datasets/zai-org/LongBench/revision/5e628be450b7e67fb7ae6e201bd6d8f7056f7672 "HTTP/1.1 200 OK"
2026-08-20 23:56:10,007 [INFO] core.dataset_loader: Loaded 30 samples from gov_report
2026-08-20 23:56:10,021 [INFO] core.evaluator_v2: [h2o] gov_report (30샘플, budget=80%, kwargs={'sink_size': 2, 'invert_norm': True})
2026-08-20 23:56:19,318 [INFO] core.evaluator_v2: [h2o] pred='The National Science Foundation (NSF) uses two programs, the IPA and VSEE, to bring in rotators. IPA rotators are employ'
2026-08-20 23:56:28,223 [INFO] core.evaluator_v2: [h2o] pred='The document outlines the challenges and efforts in federal IT management and cybersecurity. Despite a $96 billion budge'
2026-08-20 23:56:29,471 [WARNING] core.model_loader: Input length 51949 > max 16000, truncating...
2026-08-20 23:56:45,600 [INFO] core.evaluator_v2: [h2o] pred="**Summary:**\n\nThis report provides a comprehensive overview of China's actions in the South China Sea (SCS) and East Chi"
2026-08-20 23:56:46,053 [WARNING] core.model_loader: Input length 28135 > max 16000, truncating...
2026-08-20 23:57:00,470 [INFO] core.evaluator_v2: [h2o] pred='The Clean Water Act (CWA) authorizes federal grants for wastewater treatment plant construction and related activities, '
2026-08-20 23:57:14,557 [INFO] core.evaluator_v2: [h2o] pred='**Summary:**\n\nThe Department of Homeland Security (DHS) has faced significant internal control and financial management '
2026-08-20 23:57:14,596 [INFO] core.evaluator_v2:   [5/30] avg=16.30
2026-08-20 23:57:35,094 [INFO] core.evaluator_v2: [h2o] pred='**Summary:**\n\nThe document outlines the ongoing challenges and efforts in securing federal information systems in the Un'
2026-08-20 23:57:44,114 [INFO] core.evaluator_v2: [h2o] pred='The document outlines the historical context, legal framework, and key programs established by Congress to support small'
2026-08-20 23:57:44,473 [WARNING] core.model_loader: Input length 19434 > max 16000, truncating...
2026-08-20 23:57:59,370 [INFO] core.evaluator_v2: [h2o] pred='The Department of Defense (DOD) uses "Other Transaction" (OT) authorities to acquire goods and services, including resea'
2026-08-20 23:58:08,237 [INFO] core.evaluator_v2: [h2o] pred='The document discusses the evolving role of cash in the U.S. payment system, highlighting the increasing adoption of ele'
2026-08-20 23:58:08,533 [WARNING] core.model_loader: Input length 41630 > max 16000, truncating...
2026-08-20 23:58:29,154 [INFO] core.evaluator_v2: [h2o] pred='The Department of Homeland Security (DHS) has established policies and processes to manage its large-scale acquisitions,'
2026-08-20 23:58:29,199 [INFO] core.evaluator_v2:   [10/30] avg=14.88
2026-08-20 23:58:38,408 [INFO] core.evaluator_v2: [h2o] pred='This report provides a detailed analysis of the Department of Homeland Security (DHS) annual appropriations for FY2019, '
2026-08-20 23:58:55,418 [INFO] core.evaluator_v2: [h2o] pred="The U.S. federal government owns approximately 640 million acres, or a quarter of the nation's land, primarily in the we"
2026-08-20 23:59:10,228 [INFO] core.evaluator_v2: [h2o] pred='The document outlines the financial and operational aspects of the Black Lung Disability Trust Fund (BLTF), which provid'
2026-08-20 23:59:26,305 [INFO] core.evaluator_v2: [h2o] pred='The document provides a comprehensive overview of the U.S. foreign aid program, detailing its historical evolution, obje'
2026-08-20 23:59:38,276 [INFO] core.evaluator_v2: [h2o] pred='**Summary:**\n\nIn 2016, coal accounted for 17% of U.S. energy production and 30% of electricity generation, with about 73'
2026-08-20 23:59:38,294 [INFO] core.evaluator_v2:   [15/30] avg=15.71
2026-08-20 23:59:46,100 [INFO] core.evaluator_v2: [h2o] pred="The Public Safety Officers' Benefits (PSOB) and Educational Assistance (PSOEA) programs provide financial support to the"
2026-08-20 23:59:52,145 [INFO] core.evaluator_v2: [h2o] pred="The document outlines the FBI's challenges with its Hoover Building headquarters since 2011, including security concerns"
2026-08-21 00:00:00,021 [INFO] core.evaluator_v2: [h2o] pred='The document discusses challenges the Department of Veterans Affairs (VA) faces in aligning its healthcare services and '
2026-08-21 00:00:18,396 [INFO] core.evaluator_v2: [h2o] pred='The document provides an overview of the FY2019 budget request and appropriations for the International Trade Administra'
2026-08-21 00:00:28,366 [INFO] core.evaluator_v2: [h2o] pred='The document outlines the federal Black Lung Disability Trust Fund, which provides benefits to coal miners affected by b'
2026-08-21 00:00:28,380 [INFO] core.evaluator_v2:   [20/30] avg=16.63
2026-08-21 00:00:47,024 [INFO] core.evaluator_v2: [h2o] pred='**Summary:**\n\nThe document provides an in-depth analysis of the technology sector in the United States, focusing on empl'
2026-08-21 00:01:00,966 [INFO] core.evaluator_v2: [h2o] pred='**Summary:**\n\nThe document outlines the current state of Internet privacy in the United States, highlighting the lack of'
2026-08-21 00:01:16,854 [INFO] core.evaluator_v2: [h2o] pred='**Summary:**\n\nOver the past 30 years, there has been a shift from defined benefit (DB) to defined contribution (DC) reti'
2026-08-21 00:01:26,602 [INFO] core.evaluator_v2: [h2o] pred='The Social Security Administration (SSA) is responsible for administering three major programs: Old-Age and Survivors In'
2026-08-21 00:01:39,938 [INFO] core.evaluator_v2: [h2o] pred='The document outlines the financial challenges facing the Federal Employees Health Benefits Program (FEHBP) for postal r'
2026-08-21 00:01:39,970 [INFO] core.evaluator_v2:   [25/30] avg=16.42
2026-08-21 00:01:49,502 [INFO] core.evaluator_v2: [h2o] pred="The 116th Congress is likely to address various housing-related issues, including reforming the nation's housing finance"
2026-08-21 00:02:04,629 [INFO] core.evaluator_v2: [h2o] pred='The National Popular Vote (NPV) initiative seeks to establish direct popular election of the President and Vice Presiden'
2026-08-21 00:02:15,233 [INFO] core.evaluator_v2: [h2o] pred='The Energy and Water Development appropriations bill outlines funding for various federal agencies, including the U.S. A'
2026-08-21 00:02:24,369 [INFO] core.evaluator_v2: [h2o] pred='The federal government manages hundreds of thousands of buildings, costing billions annually. To improve efficiency and '
2026-08-21 00:02:36,485 [INFO] core.evaluator_v2: [h2o] pred='The National Cemeteries Act of 1973 established the modern veterans’ cemetery system, managed by the VA’s National Cemet'
2026-08-21 00:02:36,502 [INFO] core.evaluator_v2:   [30/30] avg=16.44
2026-08-21 00:02:36,503 [INFO] __main__:   → score=16.44, collapse=0/30 (0.0%), mem_red=20.0%
2026-08-21 00:02:36,522 [INFO] core.results_manager: Results saved to results/v3_verified/exp6_sink_intervention_qwen3-4b_budget80_20260820_200418.csv
2026-08-21 00:02:36,576 [INFO] core.results_manager: JSON saved to results/v3_verified/exp6_sink_intervention_qwen3-4b_budget80_20260820_200418.json
2026-08-21 00:02:36,577 [INFO] __main__:   [중간 저장 완료] 21/30 설정
2026-08-21 00:02:36,578 [INFO] __main__: 
────────────────────────────────────────────────────────────
2026-08-21 00:02:36,579 [INFO] __main__: Method: H2O_m4 | Budget: 80% | kwargs={'sink_size': 4, 'invert_norm': True}
2026-08-21 00:02:36,580 [INFO] __main__: ────────────────────────────────────────────────────────────
2026-08-21 00:02:36,580 [INFO] __main__: 
  Task: qmsum
2026-08-21 00:02:36,581 [INFO] core.dataset_loader: Loading LongBench/qmsum ...
2026-08-21 00:02:36,653 [INFO] httpx: HTTP Request: GET https://huggingface.co/api/datasets/THUDM/LongBench/revision/5e628be450b7e67fb7ae6e201bd6d8f7056f7672 "HTTP/1.1 307 Temporary Redirect"
2026-08-21 00:02:36,685 [INFO] httpx: HTTP Request: GET https://huggingface.co/api/datasets/zai-org/LongBench/revision/5e628be450b7e67fb7ae6e201bd6d8f7056f7672 "HTTP/1.1 200 OK"
2026-08-21 00:02:37,109 [INFO] core.dataset_loader: Loaded 30 samples from qmsum
2026-08-21 00:02:37,113 [INFO] core.evaluator_v2: [h2o] qmsum (30샘플, budget=80%, kwargs={'sink_size': 4, 'invert_norm': True})
2026-08-21 00:02:44,540 [INFO] core.evaluator_v2: [h2o] pred='The document is a transcript of a project meeting where the team discusses the goals and structure of a design project t'
2026-08-21 00:02:55,235 [INFO] core.evaluator_v2: [h2o] pred='The document is a meeting transcript between a project manager, industrial designer, user interface designer, and market'
2026-08-21 00:03:07,516 [INFO] core.evaluator_v2: [h2o] pred='The document is a meeting transcript discussing progress and plans related to a research project involving the SmartKom '
2026-08-21 00:03:16,230 [INFO] core.evaluator_v2: [h2o] pred='The document is a detailed audio transcript of a team meeting discussing the development of a new remote control device.'
2026-08-21 00:03:29,987 [INFO] core.evaluator_v2: [h2o] pred='The document is a transcript of a meeting among team members discussing the conceptual design of a new remote control de'
2026-08-21 00:03:29,993 [INFO] core.evaluator_v2:   [5/30] avg=8.99
2026-08-21 00:03:30,246 [WARNING] core.model_loader: Input length 18386 > max 16000, truncating...
2026-08-21 00:03:39,194 [INFO] core.evaluator_v2: [h2o] pred='The document is a conversation among researchers discussing their work on improving speech recognition systems, focusing'
2026-08-21 00:03:39,447 [WARNING] core.model_loader: Input length 18553 > max 16000, truncating...
2026-08-21 00:03:51,452 [INFO] core.evaluator_v2: [h2o] pred='The document is a conversation among graduate students and professors discussing a research project focused on understan'
2026-08-21 00:03:51,786 [WARNING] core.model_loader: Input length 16224 > max 16000, truncating...
2026-08-21 00:04:00,323 [INFO] core.evaluator_v2: [h2o] pred='The Welsh Government is implementing a childcare and early years initiative aimed at improving access to quality childca'
2026-08-21 00:04:00,680 [WARNING] core.model_loader: Input length 16924 > max 16000, truncating...
2026-08-21 00:04:09,496 [INFO] core.evaluator_v2: [h2o] pred='The document is a meeting transcript discussing various project-related topics, including transcription status, particip'
2026-08-21 00:04:15,728 [INFO] core.evaluator_v2: [h2o] pred='The document is a transcript of a kick-off meeting for the design of a new remote control. The project manager, Christa '
2026-08-21 00:04:15,731 [INFO] core.evaluator_v2:   [10/30] avg=7.78
2026-08-21 00:04:16,035 [WARNING] core.model_loader: Input length 16844 > max 16000, truncating...
2026-08-21 00:04:27,732 [INFO] core.evaluator_v2: [h2o] pred='The document is a meeting transcript discussing various aspects of a speech recognition project. Key points include:\n\n- '
2026-08-21 00:04:28,269 [WARNING] core.model_loader: Input length 16224 > max 16000, truncating...
2026-08-21 00:04:37,587 [INFO] core.evaluator_v2: [h2o] pred='The Welsh Government is implementing a childcare and early years initiative aimed at improving access to quality childca'
2026-08-21 00:04:44,598 [INFO] core.evaluator_v2: [h2o] pred='The meeting of the Children, Young People and Education Committee addressed the impact of the coronavirus pandemic on ch'
2026-08-21 00:04:56,546 [INFO] core.evaluator_v2: [h2o] pred='The document is a meeting transcript where the team reviews the design of a new remote control shaped like a banana. Key'
2026-08-21 00:05:10,368 [INFO] core.evaluator_v2: [h2o] pred='The document outlines a project meeting where the team discusses the design of a new remote control. Key points include:'
2026-08-21 00:05:10,375 [INFO] core.evaluator_v2:   [15/30] avg=7.87
2026-08-21 00:05:19,910 [INFO] core.evaluator_v2: [h2o] pred='The document is a transcript of a meeting between a Project Manager, Marketing, Industrial Designer, and User Interface '
2026-08-21 00:05:27,022 [INFO] core.evaluator_v2: [h2o] pred='The document is a transcript of a kick-off meeting for the design of a new remote control. The project manager, Christa '
2026-08-21 00:05:27,290 [WARNING] core.model_loader: Input length 16844 > max 16000, truncating...
2026-08-21 00:05:40,257 [INFO] core.evaluator_v2: [h2o] pred='The document is a meeting transcript discussing various aspects of a speech recognition project. Key points include:\n\n- '
2026-08-21 00:05:50,355 [INFO] core.evaluator_v2: [h2o] pred='The document is a transcript of a meeting between a Project Manager, Industrial Designer, User Interface specialist, and'
2026-08-21 00:05:50,631 [WARNING] core.model_loader: Input length 16224 > max 16000, truncating...
2026-08-21 00:06:00,199 [INFO] core.evaluator_v2: [h2o] pred='The Welsh Government is implementing a childcare and early years initiative aimed at improving access to quality childca'
2026-08-21 00:06:00,204 [INFO] core.evaluator_v2:   [20/30] avg=8.89
2026-08-21 00:06:10,323 [INFO] core.evaluator_v2: [h2o] pred='The document is a transcript of a project meeting where the team discusses the development of a new remote control devic'
2026-08-21 00:06:10,737 [WARNING] core.model_loader: Input length 25564 > max 16000, truncating...
2026-08-21 00:06:19,800 [INFO] core.evaluator_v2: [h2o] pred='The document details the 12th meeting of the House of Commons Special Committee on the COVID-19 Pandemic, which was held'
2026-08-21 00:06:20,610 [WARNING] core.model_loader: Input length 18386 > max 16000, truncating...
2026-08-21 00:06:29,308 [INFO] core.evaluator_v2: [h2o] pred='The document is a conversation among researchers discussing their work on improving speech recognition systems, focusing'
2026-08-21 00:06:38,991 [INFO] core.evaluator_v2: [h2o] pred='The document is a detailed audio transcript of a team meeting discussing the development of a new remote control device.'
2026-08-21 00:06:46,868 [INFO] core.evaluator_v2: [h2o] pred='The document is a conversation among a Project Manager, Industrial Designer, User Interface specialist, and Marketing re'
2026-08-21 00:06:46,874 [INFO] core.evaluator_v2:   [25/30] avg=8.97
2026-08-21 00:06:56,376 [INFO] core.evaluator_v2: [h2o] pred='The project team discusses the design of a new television remote control. Key points include:\n\n- The remote must be tele'
2026-08-21 00:07:06,517 [INFO] core.evaluator_v2: [h2o] pred='The document is a transcript of a project meeting where the team discusses the development of a new remote control devic'
2026-08-21 00:07:11,911 [WARNING] core.model_loader: Input length 18553 > max 16000, truncating...
2026-08-21 00:07:26,359 [INFO] core.evaluator_v2: [h2o] pred='The document is a conversation among graduate students and professors discussing a research project focused on understan'
2026-08-21 00:07:38,816 [INFO] core.evaluator_v2: [h2o] pred='The document is a transcript of a functional design meeting where team members discuss the development of a new remote c'
2026-08-21 00:07:44,718 [INFO] core.evaluator_v2: [h2o] pred='The document is a transcript of a kick-off meeting for the design of a new remote control. The project manager, Christa '
2026-08-21 00:07:44,728 [INFO] core.evaluator_v2:   [30/30] avg=9.24
2026-08-21 00:07:44,730 [INFO] __main__:   → score=9.24, collapse=0/30 (0.0%), mem_red=20.0%
2026-08-21 00:07:44,732 [INFO] __main__: 
  Task: gov_report
2026-08-21 00:07:44,733 [INFO] core.dataset_loader: Loading LongBench/gov_report ...
2026-08-21 00:07:44,824 [INFO] httpx: HTTP Request: GET https://huggingface.co/api/datasets/THUDM/LongBench/revision/5e628be450b7e67fb7ae6e201bd6d8f7056f7672 "HTTP/1.1 307 Temporary Redirect"
2026-08-21 00:07:44,856 [INFO] httpx: HTTP Request: GET https://huggingface.co/api/datasets/zai-org/LongBench/revision/5e628be450b7e67fb7ae6e201bd6d8f7056f7672 "HTTP/1.1 200 OK"
2026-08-21 00:07:45,403 [INFO] core.dataset_loader: Loaded 30 samples from gov_report
2026-08-21 00:07:45,425 [INFO] core.evaluator_v2: [h2o] gov_report (30샘플, budget=80%, kwargs={'sink_size': 4, 'invert_norm': True})
2026-08-21 00:07:56,798 [INFO] core.evaluator_v2: [h2o] pred='The National Science Foundation (NSF) uses two programs, the IPA and VSEE, to bring in rotators. IPA rotators are employ'
2026-08-21 00:08:06,149 [INFO] core.evaluator_v2: [h2o] pred='The document outlines the challenges and efforts in federal IT management and cybersecurity. Despite a $96 billion budge'
2026-08-21 00:08:06,988 [WARNING] core.model_loader: Input length 51949 > max 16000, truncating...
2026-08-21 00:08:23,788 [INFO] core.evaluator_v2: [h2o] pred="**Summary:**\n\nThis report provides a comprehensive overview of China's actions in the South China Sea (SCS) and East Chi"
2026-08-21 00:08:27,233 [WARNING] core.model_loader: Input length 28135 > max 16000, truncating...
2026-08-21 00:08:43,126 [INFO] core.evaluator_v2: [h2o] pred='The Clean Water Act (CWA) authorizes federal grants for wastewater treatment plant construction and related activities, '
2026-08-21 00:08:58,123 [INFO] core.evaluator_v2: [h2o] pred='**Summary:**\n\nThe Department of Homeland Security (DHS) has faced significant internal control and financial management '
2026-08-21 00:08:58,165 [INFO] core.evaluator_v2:   [5/30] avg=16.44
2026-08-21 00:09:19,375 [INFO] core.evaluator_v2: [h2o] pred='**Summary:**\n\nThe document outlines the ongoing challenges and efforts in securing federal information systems in the Un'
2026-08-21 00:09:30,743 [INFO] core.evaluator_v2: [h2o] pred='The document outlines the historical context, legal framework, and key programs established by Congress to support small'
2026-08-21 00:09:31,129 [WARNING] core.model_loader: Input length 19434 > max 16000, truncating...
2026-08-21 00:09:47,901 [INFO] core.evaluator_v2: [h2o] pred='The Department of Defense (DOD) uses "Other Transaction" (OT) authorities to acquire goods and services, including resea'
2026-08-21 00:09:58,123 [INFO] core.evaluator_v2: [h2o] pred='The document discusses the evolving role of cash in the U.S. payment system, highlighting the increasing adoption of ele'
2026-08-21 00:09:58,577 [WARNING] core.model_loader: Input length 41630 > max 16000, truncating...
2026-08-21 00:10:12,519 [INFO] core.evaluator_v2: [h2o] pred='The Department of Homeland Security (DHS) has established policies and processes to manage its large-scale acquisitions,'
2026-08-21 00:10:12,548 [INFO] core.evaluator_v2:   [10/30] avg=14.96
2026-08-21 00:10:24,154 [INFO] core.evaluator_v2: [h2o] pred='This report provides a detailed analysis of the Department of Homeland Security (DHS) annual appropriations for FY2019, '
2026-08-21 00:10:36,197 [INFO] core.evaluator_v2: [h2o] pred="The U.S. federal government owns approximately 640 million acres, or a quarter of the nation's land, primarily in the we"
2026-08-21 00:10:51,481 [INFO] core.evaluator_v2: [h2o] pred='The document outlines the financial and operational aspects of the Black Lung Disability Trust Fund (BLTF), which provid'
2026-08-21 00:11:08,214 [INFO] core.evaluator_v2: [h2o] pred='The document provides a comprehensive overview of the U.S. foreign aid program, detailing its historical evolution, obje'
2026-08-21 00:11:21,658 [INFO] core.evaluator_v2: [h2o] pred='**Summary:**\n\nIn 2016, coal accounted for 17% of U.S. energy production and 30% of electricity generation, with about 73'
2026-08-21 00:11:21,683 [INFO] core.evaluator_v2:   [15/30] avg=15.74
2026-08-21 00:11:30,543 [INFO] core.evaluator_v2: [h2o] pred="The Public Safety Officers' Benefits (PSOB) and Educational Assistance (PSOEA) programs provide financial support to the"
2026-08-21 00:11:36,223 [INFO] core.evaluator_v2: [h2o] pred="The document outlines the FBI's challenges with its Hoover Building headquarters since 2011, including security concerns"
2026-08-21 00:11:44,629 [INFO] core.evaluator_v2: [h2o] pred='The document discusses challenges the Department of Veterans Affairs (VA) faces in aligning its healthcare services and '
2026-08-21 00:11:58,584 [INFO] core.evaluator_v2: [h2o] pred='The document provides an overview of the FY2019 budget request and appropriations for the International Trade Administra'
2026-08-21 00:12:09,330 [INFO] core.evaluator_v2: [h2o] pred='The document outlines the federal Black Lung Disability Trust Fund, which provides benefits to coal miners affected by b'
2026-08-21 00:12:09,346 [INFO] core.evaluator_v2:   [20/30] avg=16.71
2026-08-21 00:12:30,024 [INFO] core.evaluator_v2: [h2o] pred='**Summary:**\n\nThe document provides an in-depth analysis of the technology sector in the United States, focusing on empl'
2026-08-21 00:12:50,309 [INFO] core.evaluator_v2: [h2o] pred='**Summary:**\n\nThe document outlines the current state of Internet privacy in the United States, highlighting the lack of'
2026-08-21 00:13:06,724 [INFO] core.evaluator_v2: [h2o] pred='**Summary:**\n\nOver the past 30 years, there has been a shift from defined benefit (DB) to defined contribution (DC) reti'
2026-08-21 00:13:19,322 [INFO] core.evaluator_v2: [h2o] pred='The Social Security Administration (SSA) is responsible for administering three major programs: Old-Age and Survivors In'
2026-08-21 00:13:35,114 [INFO] core.evaluator_v2: [h2o] pred='The document outlines the financial challenges facing the Federal Employees Health Benefits Program (FEHBP) for postal r'
2026-08-21 00:13:35,154 [INFO] core.evaluator_v2:   [25/30] avg=16.49
2026-08-21 00:13:45,399 [INFO] core.evaluator_v2: [h2o] pred="The 116th Congress is likely to address various housing-related issues, including reforming the nation's housing finance"
2026-08-21 00:14:03,444 [INFO] core.evaluator_v2: [h2o] pred='The National Popular Vote (NPV) initiative seeks to establish direct popular election of the President and Vice Presiden'
2026-08-21 00:14:16,633 [INFO] core.evaluator_v2: [h2o] pred='The Energy and Water Development appropriations bill outlines funding for various federal agencies, including the U.S. A'
2026-08-21 00:14:26,773 [INFO] core.evaluator_v2: [h2o] pred='The federal government manages hundreds of thousands of buildings, costing billions annually. To improve efficiency and '
2026-08-21 00:14:40,532 [INFO] core.evaluator_v2: [h2o] pred='The National Cemeteries Act of 1973 established the modern veterans’ cemetery system, managed by the VA’s National Cemet'
2026-08-21 00:14:40,553 [INFO] core.evaluator_v2:   [30/30] avg=16.49
2026-08-21 00:14:40,555 [INFO] __main__:   → score=16.49, collapse=0/30 (0.0%), mem_red=20.0%
2026-08-21 00:14:40,569 [INFO] core.results_manager: Results saved to results/v3_verified/exp6_sink_intervention_qwen3-4b_budget80_20260820_200418.csv
2026-08-21 00:14:40,635 [INFO] core.results_manager: JSON saved to results/v3_verified/exp6_sink_intervention_qwen3-4b_budget80_20260820_200418.json
2026-08-21 00:14:40,637 [INFO] __main__:   [중간 저장 완료] 22/30 설정
2026-08-21 00:14:40,637 [INFO] __main__: 
────────────────────────────────────────────────────────────
2026-08-21 00:14:40,639 [INFO] __main__: Method: H2O_m8 | Budget: 80% | kwargs={'sink_size': 8, 'invert_norm': True}
2026-08-21 00:14:40,640 [INFO] __main__: ────────────────────────────────────────────────────────────
2026-08-21 00:14:40,642 [INFO] __main__: 
  Task: qmsum
2026-08-21 00:14:40,643 [INFO] core.dataset_loader: Loading LongBench/qmsum ...
2026-08-21 00:14:40,734 [INFO] httpx: HTTP Request: GET https://huggingface.co/api/datasets/THUDM/LongBench/revision/5e628be450b7e67fb7ae6e201bd6d8f7056f7672 "HTTP/1.1 307 Temporary Redirect"
2026-08-21 00:14:40,802 [INFO] httpx: HTTP Request: GET https://huggingface.co/api/datasets/zai-org/LongBench/revision/5e628be450b7e67fb7ae6e201bd6d8f7056f7672 "HTTP/1.1 200 OK"
2026-08-21 00:14:41,313 [INFO] core.dataset_loader: Loaded 30 samples from qmsum
2026-08-21 00:14:41,319 [INFO] core.evaluator_v2: [h2o] qmsum (30샘플, budget=80%, kwargs={'sink_size': 8, 'invert_norm': True})
2026-08-21 00:14:54,255 [INFO] core.evaluator_v2: [h2o] pred='The document is a transcript of a project meeting where the team discusses the goals and structure of a design project t'
2026-08-21 00:15:06,345 [INFO] core.evaluator_v2: [h2o] pred='The document is a meeting transcript between a project manager, industrial designer, user interface designer, and market'
2026-08-21 00:15:20,271 [INFO] core.evaluator_v2: [h2o] pred='The document is a meeting transcript discussing progress and plans related to a research project involving the SmartKom '
2026-08-21 00:15:30,752 [INFO] core.evaluator_v2: [h2o] pred='The document is a detailed audio transcript of a team meeting discussing the development of a new remote control device.'
2026-08-21 00:15:41,133 [INFO] core.evaluator_v2: [h2o] pred='The document is a transcript of a conceptual design meeting for a new remote control device. Key points include:\n\n- **De'
2026-08-21 00:15:41,138 [INFO] core.evaluator_v2:   [5/30] avg=8.58
2026-08-21 00:15:41,438 [WARNING] core.model_loader: Input length 18386 > max 16000, truncating...
2026-08-21 00:15:51,318 [INFO] core.evaluator_v2: [h2o] pred='The document is a conversation among researchers discussing their work on improving speech recognition systems, focusing'
2026-08-21 00:15:51,959 [WARNING] core.model_loader: Input length 18553 > max 16000, truncating...
2026-08-21 00:16:03,721 [INFO] core.evaluator_v2: [h2o] pred='The document is a conversation among graduate students and professors discussing a research project focused on understan'
2026-08-21 00:16:04,143 [WARNING] core.model_loader: Input length 16224 > max 16000, truncating...
2026-08-21 00:16:14,872 [INFO] core.evaluator_v2: [h2o] pred='The Welsh Government is implementing a childcare and early years initiative aimed at improving access to quality childca'
2026-08-21 00:16:15,977 [WARNING] core.model_loader: Input length 16924 > max 16000, truncating...
2026-08-21 00:16:26,437 [INFO] core.evaluator_v2: [h2o] pred='The document is a meeting transcript discussing various project-related topics, including transcription status, particip'
2026-08-21 00:16:39,503 [INFO] core.evaluator_v2: [h2o] pred='The document is a transcript of a kick-off meeting for the design of a new remote control. The project manager, Christa '
2026-08-21 00:16:39,530 [INFO] core.evaluator_v2:   [10/30] avg=7.47
2026-08-21 00:16:39,978 [WARNING] core.model_loader: Input length 16844 > max 16000, truncating...
2026-08-21 00:16:53,742 [INFO] core.evaluator_v2: [h2o] pred='The document is a meeting transcript discussing various aspects of a speech recognition project. Key points include:\n\n- '
2026-08-21 00:16:56,293 [WARNING] core.model_loader: Input length 16224 > max 16000, truncating...
2026-08-21 00:17:06,726 [INFO] core.evaluator_v2: [h2o] pred='The Welsh Government is implementing a childcare and early years initiative aimed at improving access to quality childca'
2026-08-21 00:17:26,685 [INFO] core.evaluator_v2: [h2o] pred='The document is a transcript of a virtual meeting of the Children, Young People and Education Committee in the Welsh Ass'
2026-08-21 00:17:40,027 [INFO] core.evaluator_v2: [h2o] pred='The document is a meeting transcript where the team reviews the design of a new remote control shaped like a banana. Key'
2026-08-21 00:17:55,226 [INFO] core.evaluator_v2: [h2o] pred='The document outlines a project meeting where the team discusses the design of a new remote control. Key points include:'
2026-08-21 00:17:55,232 [INFO] core.evaluator_v2:   [15/30] avg=7.53
2026-08-21 00:18:08,044 [INFO] core.evaluator_v2: [h2o] pred='The document is a transcript of a meeting between a Project Manager, Marketing, Industrial Designer, and User Interface '
2026-08-21 00:18:15,651 [INFO] core.evaluator_v2: [h2o] pred='The document is a transcript of a kick-off meeting for the design of a new remote control. The project manager, Christa '
2026-08-21 00:18:15,935 [WARNING] core.model_loader: Input length 16844 > max 16000, truncating...
2026-08-21 00:18:29,454 [INFO] core.evaluator_v2: [h2o] pred='The document is a meeting transcript discussing various aspects of a speech recognition project. Key points include:\n\n- '
2026-08-21 00:18:39,290 [INFO] core.evaluator_v2: [h2o] pred='The document is a transcript of a meeting between a Project Manager, Industrial Designer, User Interface specialist, and'
2026-08-21 00:18:39,585 [WARNING] core.model_loader: Input length 16224 > max 16000, truncating...
2026-08-21 00:18:49,811 [INFO] core.evaluator_v2: [h2o] pred='The Welsh Government is implementing a childcare and early years initiative aimed at improving access to quality childca'
2026-08-21 00:18:49,826 [INFO] core.evaluator_v2:   [20/30] avg=8.65
2026-08-21 00:19:00,842 [INFO] core.evaluator_v2: [h2o] pred='The document is a transcript of a project meeting where the team discusses the development of a new remote control devic'
2026-08-21 00:19:01,655 [WARNING] core.model_loader: Input length 25564 > max 16000, truncating...
2026-08-21 00:19:11,332 [INFO] core.evaluator_v2: [h2o] pred='The document details the 12th meeting of the House of Commons Special Committee on the COVID-19 Pandemic, which was held'
2026-08-21 00:19:12,445 [WARNING] core.model_loader: Input length 18386 > max 16000, truncating...
2026-08-21 00:19:21,706 [INFO] core.evaluator_v2: [h2o] pred='The document is a conversation among researchers discussing their work on improving speech recognition systems, focusing'
2026-08-21 00:19:34,750 [INFO] core.evaluator_v2: [h2o] pred='The document is a detailed audio transcript of a team meeting discussing the development of a new remote control device.'
2026-08-21 00:19:43,633 [INFO] core.evaluator_v2: [h2o] pred='The document is a conversation among a Project Manager, Industrial Designer, User Interface specialist, and Marketing re'
2026-08-21 00:19:43,640 [INFO] core.evaluator_v2:   [25/30] avg=8.80
2026-08-21 00:19:54,210 [INFO] core.evaluator_v2: [h2o] pred='The project team discusses the design of a new television remote control. Key points include:\n\n- The remote must be tele'
2026-08-21 00:20:03,663 [INFO] core.evaluator_v2: [h2o] pred='The document is a transcript of a project meeting where the team discusses the development of a new remote control devic'
2026-08-21 00:20:04,426 [WARNING] core.model_loader: Input length 18553 > max 16000, truncating...
2026-08-21 00:20:14,514 [INFO] core.evaluator_v2: [h2o] pred='The document is a conversation among graduate students and professors discussing a research project focused on understan'
2026-08-21 00:20:30,993 [INFO] core.evaluator_v2: [h2o] pred='The document is a transcript of a functional design meeting where team members discuss the development of a new remote c'
2026-08-21 00:20:36,808 [INFO] core.evaluator_v2: [h2o] pred='The document is a transcript of a kick-off meeting for the design of a new remote control. The project manager, Christa '
2026-08-21 00:20:36,822 [INFO] core.evaluator_v2:   [30/30] avg=9.06
2026-08-21 00:20:36,824 [INFO] __main__:   → score=9.06, collapse=0/30 (0.0%), mem_red=20.0%
2026-08-21 00:20:36,825 [INFO] __main__: 
  Task: gov_report
2026-08-21 00:20:36,825 [INFO] core.dataset_loader: Loading LongBench/gov_report ...
2026-08-21 00:20:36,903 [INFO] httpx: HTTP Request: GET https://huggingface.co/api/datasets/THUDM/LongBench/revision/5e628be450b7e67fb7ae6e201bd6d8f7056f7672 "HTTP/1.1 307 Temporary Redirect"
2026-08-21 00:20:36,949 [INFO] httpx: HTTP Request: GET https://huggingface.co/api/datasets/zai-org/LongBench/revision/5e628be450b7e67fb7ae6e201bd6d8f7056f7672 "HTTP/1.1 200 OK"
2026-08-21 00:20:37,436 [INFO] core.dataset_loader: Loaded 30 samples from gov_report
2026-08-21 00:20:37,438 [INFO] core.evaluator_v2: [h2o] gov_report (30샘플, budget=80%, kwargs={'sink_size': 8, 'invert_norm': True})
2026-08-21 00:20:48,648 [INFO] core.evaluator_v2: [h2o] pred='The National Science Foundation (NSF) uses two programs, the IPA and VSEE, to bring in rotators. IPA rotators are employ'
2026-08-21 00:20:57,283 [INFO] core.evaluator_v2: [h2o] pred='The document outlines the challenges and efforts in federal IT management and cybersecurity. Despite a $96 billion budge'
2026-08-21 00:20:57,913 [WARNING] core.model_loader: Input length 51949 > max 16000, truncating...
2026-08-21 00:21:15,467 [INFO] core.evaluator_v2: [h2o] pred="**Summary:**\n\nThis document provides a comprehensive overview of China's actions in the South China Sea (SCS) and East C"
2026-08-21 00:21:17,730 [WARNING] core.model_loader: Input length 28135 > max 16000, truncating...
2026-08-21 00:21:34,008 [INFO] core.evaluator_v2: [h2o] pred='The Clean Water Act (CWA) authorizes federal grants for wastewater treatment plant construction and related activities, '
2026-08-21 00:21:48,874 [INFO] core.evaluator_v2: [h2o] pred='**Summary:**\n\nThe Department of Homeland Security (DHS) has faced significant internal control and financial management '
2026-08-21 00:21:48,909 [INFO] core.evaluator_v2:   [5/30] avg=16.03
2026-08-21 00:22:05,835 [INFO] core.evaluator_v2: [h2o] pred='**Summary:**\n\nThe document outlines the ongoing challenges and efforts in securing federal information systems in the Un'
2026-08-21 00:22:16,184 [INFO] core.evaluator_v2: [h2o] pred='The document outlines the historical context, legal framework, and key programs established by Congress to support small'
2026-08-21 00:22:16,767 [WARNING] core.model_loader: Input length 19434 > max 16000, truncating...
2026-08-21 00:22:33,115 [INFO] core.evaluator_v2: [h2o] pred='The Department of Defense (DOD) uses "Other Transaction" (OT) authorities to acquire goods and services, including resea'
2026-08-21 00:22:44,816 [INFO] core.evaluator_v2: [h2o] pred='The document discusses the evolving role of cash in the U.S. payment system, highlighting the increasing adoption of ele'
2026-08-21 00:22:45,703 [WARNING] core.model_loader: Input length 41630 > max 16000, truncating...
2026-08-21 00:23:09,508 [INFO] core.evaluator_v2: [h2o] pred='The Department of Homeland Security (DHS) has established policies and processes to manage its large-scale acquisitions,'
2026-08-21 00:23:09,557 [INFO] core.evaluator_v2:   [10/30] avg=14.69
2026-08-21 00:23:23,275 [INFO] core.evaluator_v2: [h2o] pred='This report provides a detailed analysis of the Department of Homeland Security (DHS) annual appropriations for FY2019, '
2026-08-21 00:23:35,212 [INFO] core.evaluator_v2: [h2o] pred="The U.S. federal government owns approximately 640 million acres, or a quarter of the nation's land, primarily in the we"
2026-08-21 00:23:51,681 [INFO] core.evaluator_v2: [h2o] pred='The document outlines the financial and operational aspects of the Black Lung Disability Trust Fund (BLTF), which provid'
2026-08-21 00:24:09,893 [INFO] core.evaluator_v2: [h2o] pred='The document provides a comprehensive overview of the U.S. foreign aid program, detailing its historical evolution, obje'
2026-08-21 00:24:27,220 [INFO] core.evaluator_v2: [h2o] pred='**Summary:**\n\nIn 2016, coal accounted for 17% of U.S. energy production and 30% of electricity generation, with about 73'
2026-08-21 00:24:27,253 [INFO] core.evaluator_v2:   [15/30] avg=15.56
2026-08-21 00:24:36,653 [INFO] core.evaluator_v2: [h2o] pred="The Public Safety Officers' Benefits (PSOB) and Educational Assistance (PSOEA) programs provide financial support to the"
2026-08-21 00:24:42,697 [INFO] core.evaluator_v2: [h2o] pred="The document outlines the FBI's challenges with its Hoover Building headquarters since 2011, including security concerns"
2026-08-21 00:24:51,698 [INFO] core.evaluator_v2: [h2o] pred='The document discusses challenges the Department of Veterans Affairs (VA) faces in aligning its healthcare services and '
2026-08-21 00:25:04,425 [INFO] core.evaluator_v2: [h2o] pred='The document provides an overview of the FY2019 budget request and appropriations for the International Trade Administra'
2026-08-21 00:25:19,064 [INFO] core.evaluator_v2: [h2o] pred='The document outlines the federal Black Lung Disability Trust Fund, which provides benefits to coal miners affected by b'
2026-08-21 00:25:19,084 [INFO] core.evaluator_v2:   [20/30] avg=16.61
2026-08-21 00:25:37,508 [INFO] core.evaluator_v2: [h2o] pred='**Summary:**\n\nThe document provides an in-depth analysis of the technology sector in the United States, focusing on empl'
2026-08-21 00:25:55,058 [INFO] core.evaluator_v2: [h2o] pred='**Summary:**\n\nThe document outlines the current state of Internet privacy in the United States, highlighting the lack of'
2026-08-21 00:26:10,871 [INFO] core.evaluator_v2: [h2o] pred='**Summary:**\n\nOver the past 30 years, there has been a shift from defined benefit (DB) to defined contribution (DC) reti'
2026-08-21 00:26:21,229 [INFO] core.evaluator_v2: [h2o] pred='The Social Security Administration (SSA) is responsible for administering three major programs: Old-Age and Survivors In'
2026-08-21 00:26:36,929 [INFO] core.evaluator_v2: [h2o] pred='The document outlines the financial challenges facing the Federal Employees Health Benefits Program (FEHBP) for postal r'
2026-08-21 00:26:36,959 [INFO] core.evaluator_v2:   [25/30] avg=16.34
2026-08-21 00:26:48,322 [INFO] core.evaluator_v2: [h2o] pred="The 116th Congress is likely to address various housing-related issues, including reforming the nation's housing finance"
2026-08-21 00:27:08,577 [INFO] core.evaluator_v2: [h2o] pred='The National Popular Vote (NPV) initiative seeks to establish direct popular election of the President and Vice Presiden'
2026-08-21 00:27:21,740 [INFO] core.evaluator_v2: [h2o] pred='The Energy and Water Development appropriations bill outlines funding for various federal agencies, including the U.S. A'
2026-08-21 00:27:31,544 [INFO] core.evaluator_v2: [h2o] pred='The federal government manages hundreds of thousands of buildings, costing billions annually. To improve efficiency and '
2026-08-21 00:27:44,473 [INFO] core.evaluator_v2: [h2o] pred='The National Cemeteries Act of 1973 established the modern veterans’ cemetery system, managed by the VA’s National Cemet'
2026-08-21 00:27:44,495 [INFO] core.evaluator_v2:   [30/30] avg=16.37
2026-08-21 00:27:44,495 [INFO] __main__:   → score=16.37, collapse=0/30 (0.0%), mem_red=20.0%
2026-08-21 00:27:44,533 [INFO] core.results_manager: Results saved to results/v3_verified/exp6_sink_intervention_qwen3-4b_budget80_20260820_200418.csv
2026-08-21 00:27:44,624 [INFO] core.results_manager: JSON saved to results/v3_verified/exp6_sink_intervention_qwen3-4b_budget80_20260820_200418.json
2026-08-21 00:27:44,626 [INFO] __main__:   [중간 저장 완료] 23/30 설정
2026-08-21 00:27:44,628 [INFO] __main__: 
────────────────────────────────────────────────────────────
2026-08-21 00:27:44,630 [INFO] __main__: Method: H2O_m16 | Budget: 80% | kwargs={'sink_size': 16, 'invert_norm': True}
2026-08-21 00:27:44,631 [INFO] __main__: ────────────────────────────────────────────────────────────
2026-08-21 00:27:44,633 [INFO] __main__: 
  Task: qmsum
2026-08-21 00:27:44,634 [INFO] core.dataset_loader: Loading LongBench/qmsum ...
2026-08-21 00:27:44,715 [INFO] httpx: HTTP Request: GET https://huggingface.co/api/datasets/THUDM/LongBench/revision/5e628be450b7e67fb7ae6e201bd6d8f7056f7672 "HTTP/1.1 307 Temporary Redirect"
2026-08-21 00:27:44,757 [INFO] httpx: HTTP Request: GET https://huggingface.co/api/datasets/zai-org/LongBench/revision/5e628be450b7e67fb7ae6e201bd6d8f7056f7672 "HTTP/1.1 200 OK"
2026-08-21 00:27:45,228 [INFO] core.dataset_loader: Loaded 30 samples from qmsum
2026-08-21 00:27:45,231 [INFO] core.evaluator_v2: [h2o] qmsum (30샘플, budget=80%, kwargs={'sink_size': 16, 'invert_norm': True})
2026-08-21 00:27:53,773 [INFO] core.evaluator_v2: [h2o] pred='The document is a transcript of a project meeting where the team discusses the goals and structure of a design project t'
2026-08-21 00:28:07,144 [INFO] core.evaluator_v2: [h2o] pred='The document is a meeting transcript between a project manager, industrial designer, user interface designer, and market'
2026-08-21 00:28:19,041 [INFO] core.evaluator_v2: [h2o] pred='The document is a meeting transcript discussing progress and discussions related to a research project involving the Sma'
2026-08-21 00:28:29,085 [INFO] core.evaluator_v2: [h2o] pred='The document is a detailed audio transcript of a team meeting discussing the development of a new remote control device.'
2026-08-21 00:28:38,775 [INFO] core.evaluator_v2: [h2o] pred='The document is a transcript of a conceptual design meeting for a new remote control device. Key points include:\n\n- **De'
2026-08-21 00:28:38,778 [INFO] core.evaluator_v2:   [5/30] avg=8.51
2026-08-21 00:28:39,024 [WARNING] core.model_loader: Input length 18386 > max 16000, truncating...
2026-08-21 00:28:50,037 [INFO] core.evaluator_v2: [h2o] pred='The document is a conversation among researchers discussing their work on improving speech recognition systems, focusing'
2026-08-21 00:28:50,550 [WARNING] core.model_loader: Input length 18553 > max 16000, truncating...
2026-08-21 00:29:01,607 [INFO] core.evaluator_v2: [h2o] pred='The document is a conversation among graduate students and professors discussing a research project focused on understan'
2026-08-21 00:29:02,212 [WARNING] core.model_loader: Input length 16224 > max 16000, truncating...
2026-08-21 00:29:11,832 [INFO] core.evaluator_v2: [h2o] pred='The Welsh Government is implementing a childcare and early years initiative aimed at improving access to quality childca'
2026-08-21 00:29:16,358 [WARNING] core.model_loader: Input length 16924 > max 16000, truncating...
2026-08-21 00:29:26,190 [INFO] core.evaluator_v2: [h2o] pred='The document is a meeting transcript discussing various project-related topics, including transcription status, particip'
2026-08-21 00:29:35,432 [INFO] core.evaluator_v2: [h2o] pred='The document is a transcript of a kick-off meeting for the design of a new remote control. The project manager, Christa '
2026-08-21 00:29:35,435 [INFO] core.evaluator_v2:   [10/30] avg=7.46
2026-08-21 00:29:35,837 [WARNING] core.model_loader: Input length 16844 > max 16000, truncating...
2026-08-21 00:29:48,247 [INFO] core.evaluator_v2: [h2o] pred='The document is a meeting transcript discussing various aspects of a speech recognition project. Key points include:\n\n- '
2026-08-21 00:29:48,711 [WARNING] core.model_loader: Input length 16224 > max 16000, truncating...
2026-08-21 00:29:57,728 [INFO] core.evaluator_v2: [h2o] pred='The Welsh Government is implementing a childcare and early years initiative aimed at improving access to quality childca'
2026-08-21 00:30:21,535 [INFO] core.evaluator_v2: [h2o] pred='The document is a transcript of a virtual meeting of the Children, Young People and Education Committee in the Welsh Ass'
2026-08-21 00:30:37,626 [INFO] core.evaluator_v2: [h2o] pred='The document is a meeting transcript where the team reviews the design of a new remote control shaped like a banana. Key'
2026-08-21 00:30:52,460 [INFO] core.evaluator_v2: [h2o] pred='The document outlines a project meeting where the team discusses the design of a new remote control. Key points include:'
2026-08-21 00:30:52,466 [INFO] core.evaluator_v2:   [15/30] avg=7.53
2026-08-21 00:31:01,493 [INFO] core.evaluator_v2: [h2o] pred='The document is a transcript of a meeting between a Project Manager, Marketing, Industrial Designer, and User Interface '
2026-08-21 00:31:08,609 [INFO] core.evaluator_v2: [h2o] pred='The document is a transcript of a kick-off meeting for the design of a new remote control. The project manager, Christa '
2026-08-21 00:31:08,952 [WARNING] core.model_loader: Input length 16844 > max 16000, truncating...
2026-08-21 00:31:21,750 [INFO] core.evaluator_v2: [h2o] pred='The document is a meeting transcript discussing various aspects of a speech recognition project. Key points include:\n\n- '
2026-08-21 00:31:33,252 [INFO] core.evaluator_v2: [h2o] pred='The document is a transcript of a meeting between a Project Manager, Industrial Designer, User Interface specialist, and'
2026-08-21 00:31:39,381 [WARNING] core.model_loader: Input length 16224 > max 16000, truncating...
2026-08-21 00:31:50,803 [INFO] core.evaluator_v2: [h2o] pred='The Welsh Government is implementing a childcare and early years initiative aimed at improving access to quality childca'
2026-08-21 00:31:50,822 [INFO] core.evaluator_v2:   [20/30] avg=8.66
2026-08-21 00:32:00,961 [INFO] core.evaluator_v2: [h2o] pred='The document is a transcript of a project meeting where the team discusses the development of a new remote control devic'
2026-08-21 00:32:08,389 [WARNING] core.model_loader: Input length 25564 > max 16000, truncating...
2026-08-21 00:32:17,530 [INFO] core.evaluator_v2: [h2o] pred='The document details the 12th meeting of the House of Commons Special Committee on the COVID-19 Pandemic, held in a hybr'
2026-08-21 00:32:17,891 [WARNING] core.model_loader: Input length 18386 > max 16000, truncating...
2026-08-21 00:32:26,914 [INFO] core.evaluator_v2: [h2o] pred='The document is a conversation among researchers discussing their work on improving speech recognition systems, focusing'
2026-08-21 00:32:35,235 [INFO] core.evaluator_v2: [h2o] pred='The document is a detailed audio transcript of a team meeting discussing the development of a new remote control device.'
2026-08-21 00:32:42,807 [INFO] core.evaluator_v2: [h2o] pred='The document is a conversation among a Project Manager, Industrial Designer, User Interface specialist, and Marketing re'
2026-08-21 00:32:42,822 [INFO] core.evaluator_v2:   [25/30] avg=8.77
2026-08-21 00:32:51,493 [INFO] core.evaluator_v2: [h2o] pred='The project team discusses the design of a new television remote control. Key points include:\n\n- The remote must be tele'
2026-08-21 00:33:01,498 [INFO] core.evaluator_v2: [h2o] pred='The document is a transcript of a project meeting where the team discusses the development of a new remote control devic'
2026-08-21 00:33:01,866 [WARNING] core.model_loader: Input length 18553 > max 16000, truncating...
2026-08-21 00:33:14,836 [INFO] core.evaluator_v2: [h2o] pred='The document is a conversation among graduate students and professors discussing a research project focused on understan'
2026-08-21 00:33:28,849 [INFO] core.evaluator_v2: [h2o] pred='The document is a transcript of a functional design meeting where team members discuss the development of a new remote c'
2026-08-21 00:33:36,093 [INFO] core.evaluator_v2: [h2o] pred='The document is a transcript of a kick-off meeting for the design of a new remote control. The project manager, Christa '
2026-08-21 00:33:36,098 [INFO] core.evaluator_v2:   [30/30] avg=9.01
2026-08-21 00:33:36,100 [INFO] __main__:   → score=9.01, collapse=0/30 (0.0%), mem_red=20.0%
2026-08-21 00:33:36,101 [INFO] __main__: 
  Task: gov_report
2026-08-21 00:33:36,119 [INFO] core.dataset_loader: Loading LongBench/gov_report ...
2026-08-21 00:33:36,208 [INFO] httpx: HTTP Request: GET https://huggingface.co/api/datasets/THUDM/LongBench/revision/5e628be450b7e67fb7ae6e201bd6d8f7056f7672 "HTTP/1.1 307 Temporary Redirect"
2026-08-21 00:33:36,253 [INFO] httpx: HTTP Request: GET https://huggingface.co/api/datasets/zai-org/LongBench/revision/5e628be450b7e67fb7ae6e201bd6d8f7056f7672 "HTTP/1.1 200 OK"
2026-08-21 00:33:36,775 [INFO] core.dataset_loader: Loaded 30 samples from gov_report
2026-08-21 00:33:36,777 [INFO] core.evaluator_v2: [h2o] gov_report (30샘플, budget=80%, kwargs={'sink_size': 16, 'invert_norm': True})
2026-08-21 00:33:47,464 [INFO] core.evaluator_v2: [h2o] pred='The National Science Foundation (NSF) uses two programs, the IPA and VSEE, to bring in rotators. IPA rotators are employ'
2026-08-21 00:34:04,177 [INFO] core.evaluator_v2: [h2o] pred='The document outlines the challenges and efforts in federal IT management and cybersecurity. Despite a $96 billion budge'
2026-08-21 00:34:06,662 [WARNING] core.model_loader: Input length 51949 > max 16000, truncating...
2026-08-21 00:34:24,332 [INFO] core.evaluator_v2: [h2o] pred="**Summary:**\n\nThis report provides a comprehensive overview of China's actions in the South China Sea (SCS) and East Chi"
2026-08-21 00:34:25,223 [WARNING] core.model_loader: Input length 28135 > max 16000, truncating...
2026-08-21 00:34:41,031 [INFO] core.evaluator_v2: [h2o] pred='The Clean Water Act (CWA) authorizes federal grants for wastewater treatment plant construction and related activities, '
2026-08-21 00:34:55,555 [INFO] core.evaluator_v2: [h2o] pred='**Summary:**\n\nThe Department of Homeland Security (DHS) has faced significant internal control and financial management '
2026-08-21 00:34:55,605 [INFO] core.evaluator_v2:   [5/30] avg=16.40
2026-08-21 00:35:12,763 [INFO] core.evaluator_v2: [h2o] pred='**Summary:**\n\nThe document outlines the ongoing challenges and efforts in securing federal information systems in the Un'
2026-08-21 00:35:23,067 [INFO] core.evaluator_v2: [h2o] pred='The document outlines the historical context, legal framework, and key programs established by Congress to support small'
2026-08-21 00:35:28,364 [WARNING] core.model_loader: Input length 19434 > max 16000, truncating...
2026-08-21 00:35:37,942 [INFO] core.evaluator_v2: [h2o] pred='The Department of Defense (DOD) uses "Other Transaction" (OT) authorities to acquire goods and services, particularly fo'
2026-08-21 00:35:47,034 [INFO] core.evaluator_v2: [h2o] pred='The document discusses the evolving role of cash in the U.S. payment system, highlighting the increasing adoption of ele'
2026-08-21 00:35:47,363 [WARNING] core.model_loader: Input length 41630 > max 16000, truncating...
2026-08-21 00:36:07,947 [INFO] core.evaluator_v2: [h2o] pred='The Department of Homeland Security (DHS) has established policies and processes to manage its large-scale acquisitions,'
2026-08-21 00:36:07,983 [INFO] core.evaluator_v2:   [10/30] avg=14.52
2026-08-21 00:36:21,757 [INFO] core.evaluator_v2: [h2o] pred='This report provides a detailed analysis of the Department of Homeland Security (DHS) annual appropriations for FY2019, '
2026-08-21 00:36:32,154 [INFO] core.evaluator_v2: [h2o] pred="The U.S. federal government owns approximately 640 million acres, or a quarter of the nation's land, primarily in the we"
2026-08-21 00:36:45,000 [INFO] core.evaluator_v2: [h2o] pred='The document outlines the financial and operational aspects of the Black Lung Disability Trust Fund (BLTF), which provid'
2026-08-21 00:36:59,843 [INFO] core.evaluator_v2: [h2o] pred='The document provides a comprehensive overview of the U.S. foreign aid program, detailing its historical evolution, obje'
2026-08-21 00:37:10,874 [INFO] core.evaluator_v2: [h2o] pred='**Summary:**\n\nIn 2016, coal accounted for 17% of U.S. energy production and 30% of electricity generation, with about 73'
2026-08-21 00:37:10,892 [INFO] core.evaluator_v2:   [15/30] avg=15.42
2026-08-21 00:37:26,122 [INFO] core.evaluator_v2: [h2o] pred="The Public Safety Officers' Benefits (PSOB) and Educational Assistance (PSOEA) programs provide financial support to the"
2026-08-21 00:37:31,699 [INFO] core.evaluator_v2: [h2o] pred="The document outlines the FBI's challenges with its Hoover Building headquarters since 2011, including security concerns"
2026-08-21 00:37:41,908 [INFO] core.evaluator_v2: [h2o] pred='The document discusses challenges the Department of Veterans Affairs (VA) faces in aligning its healthcare services and '
2026-08-21 00:37:55,959 [INFO] core.evaluator_v2: [h2o] pred='The document provides an overview of the FY2019 budget request and appropriations for the International Trade Administra'
2026-08-21 00:38:05,920 [INFO] core.evaluator_v2: [h2o] pred='The document outlines the federal Black Lung Disability Trust Fund, which provides benefits to coal miners affected by b'
2026-08-21 00:38:05,936 [INFO] core.evaluator_v2:   [20/30] avg=16.55
2026-08-21 00:38:22,878 [INFO] core.evaluator_v2: [h2o] pred='**Summary:**\n\nThe document provides an in-depth analysis of the technology sector in the United States, focusing on empl'
2026-08-21 00:38:45,799 [INFO] core.evaluator_v2: [h2o] pred='**Summary:**\n\nThe document outlines the current state of Internet privacy in the United States, highlighting the lack of'
2026-08-21 00:39:05,740 [INFO] core.evaluator_v2: [h2o] pred='**Summary:**\n\nOver the past 30 years, there has been a shift from defined benefit (DB) to defined contribution (DC) reti'
2026-08-21 00:39:18,207 [INFO] core.evaluator_v2: [h2o] pred='The Social Security Administration (SSA) is responsible for administering three major programs: Old-Age and Survivors In'
2026-08-21 00:39:31,372 [INFO] core.evaluator_v2: [h2o] pred='The document outlines the financial challenges facing the Federal Employees Health Benefits Program (FEHBP) for postal r'
2026-08-21 00:39:31,405 [INFO] core.evaluator_v2:   [25/30] avg=16.26
2026-08-21 00:39:44,646 [INFO] core.evaluator_v2: [h2o] pred="The 116th Congress is likely to address various housing-related issues, including reforming the nation's housing finance"
2026-08-21 00:40:01,131 [INFO] core.evaluator_v2: [h2o] pred='The National Popular Vote (NPV) initiative seeks to establish direct popular election of the President and Vice Presiden'
2026-08-21 00:40:14,400 [INFO] core.evaluator_v2: [h2o] pred='The Energy and Water Development appropriations bill outlines funding for various federal agencies, including the U.S. A'
2026-08-21 00:40:23,805 [INFO] core.evaluator_v2: [h2o] pred='The federal government manages hundreds of thousands of buildings, costing billions annually. To improve efficiency and '
2026-08-21 00:40:36,743 [INFO] core.evaluator_v2: [h2o] pred='The National Cemeteries Act of 1973 established the modern veterans’ cemetery system, managed by the VA’s National Cemet'
2026-08-21 00:40:36,766 [INFO] core.evaluator_v2:   [30/30] avg=16.31
2026-08-21 00:40:36,770 [INFO] __main__:   → score=16.31, collapse=0/30 (0.0%), mem_red=20.0%
2026-08-21 00:40:36,789 [INFO] core.results_manager: Results saved to results/v3_verified/exp6_sink_intervention_qwen3-4b_budget80_20260820_200418.csv
2026-08-21 00:40:36,878 [INFO] core.results_manager: JSON saved to results/v3_verified/exp6_sink_intervention_qwen3-4b_budget80_20260820_200418.json
2026-08-21 00:40:36,880 [INFO] __main__:   [중간 저장 완료] 24/30 설정
2026-08-21 00:40:36,881 [INFO] __main__: 
────────────────────────────────────────────────────────────
2026-08-21 00:40:36,882 [INFO] __main__: Method: SnapKV_m0 | Budget: 80% | kwargs={'sink_size': 0, 'invert_norm': True}
2026-08-21 00:40:36,884 [INFO] __main__: ────────────────────────────────────────────────────────────
2026-08-21 00:40:36,885 [INFO] __main__: 
  Task: qmsum
2026-08-21 00:40:36,887 [INFO] core.dataset_loader: Loading LongBench/qmsum ...
2026-08-21 00:40:36,995 [INFO] httpx: HTTP Request: GET https://huggingface.co/api/datasets/THUDM/LongBench/revision/5e628be450b7e67fb7ae6e201bd6d8f7056f7672 "HTTP/1.1 307 Temporary Redirect"
2026-08-21 00:40:37,035 [INFO] httpx: HTTP Request: GET https://huggingface.co/api/datasets/zai-org/LongBench/revision/5e628be450b7e67fb7ae6e201bd6d8f7056f7672 "HTTP/1.1 200 OK"
2026-08-21 00:40:37,606 [INFO] core.dataset_loader: Loaded 30 samples from qmsum
2026-08-21 00:40:37,619 [INFO] core.evaluator_v2: [snapkv] qmsum (30샘플, budget=80%, kwargs={'sink_size': 0, 'invert_norm': True})
2026-08-21 00:40:45,545 [INFO] core.evaluator_v2: [snapkv] pred='The document is a transcript of a project meeting where the team discusses the goals and structure of a design project t'
2026-08-21 00:40:54,293 [INFO] core.evaluator_v2: [snapkv] pred='The document is a meeting transcript between a project manager, industrial designer, user interface designer, and market'
2026-08-21 00:41:10,984 [INFO] core.evaluator_v2: [snapkv] pred='The document is a meeting transcript discussing progress and discussions related to a research project involving the Sma'
2026-08-21 00:41:20,177 [INFO] core.evaluator_v2: [snapkv] pred='The document is a detailed audio transcript of a team meeting discussing the development of a new remote control device.'
2026-08-21 00:41:29,809 [INFO] core.evaluator_v2: [snapkv] pred='The document is a transcript of a conceptual design meeting for a new remote control device. Key points include:\n\n- **De'
2026-08-21 00:41:29,822 [INFO] core.evaluator_v2:   [5/30] avg=8.37
2026-08-21 00:41:30,026 [WARNING] core.model_loader: Input length 18386 > max 16000, truncating...
2026-08-21 00:41:39,085 [INFO] core.evaluator_v2: [snapkv] pred='The document is a conversation among researchers discussing their work on noise-robust speech recognition experiments. K'
2026-08-21 00:41:40,545 [WARNING] core.model_loader: Input length 18553 > max 16000, truncating...
2026-08-21 00:41:52,434 [INFO] core.evaluator_v2: [snapkv] pred='The document is a conversation among graduate students and professors discussing a research project focused on understan'
2026-08-21 00:41:53,041 [WARNING] core.model_loader: Input length 16224 > max 16000, truncating...
2026-08-21 00:42:01,719 [INFO] core.evaluator_v2: [snapkv] pred='The Welsh Government is implementing a childcare funding scheme aimed at improving access to early education and childca'
2026-08-21 00:42:06,361 [WARNING] core.model_loader: Input length 16924 > max 16000, truncating...
2026-08-21 00:42:18,319 [INFO] core.evaluator_v2: [snapkv] pred='The meeting discussed several key issues related to transcription, data management, and system development. Key points i'
2026-08-21 00:42:25,836 [INFO] core.evaluator_v2: [snapkv] pred='The document is a transcript of a kick-off meeting for a new project involving the design of a remote control. Key point'
2026-08-21 00:42:25,841 [INFO] core.evaluator_v2:   [10/30] avg=7.80
2026-08-21 00:42:26,030 [WARNING] core.model_loader: Input length 16844 > max 16000, truncating...
2026-08-21 00:42:38,973 [INFO] core.evaluator_v2: [snapkv] pred='The document is a meeting transcript discussing a speech recognition project. Key points include:\n\n- **Setup and Equipme'
2026-08-21 00:42:39,402 [WARNING] core.model_loader: Input length 16224 > max 16000, truncating...
2026-08-21 00:42:48,660 [INFO] core.evaluator_v2: [snapkv] pred='The Welsh Government is implementing a childcare funding scheme aimed at improving access to early education and childca'
2026-08-21 00:42:58,023 [INFO] core.evaluator_v2: [snapkv] pred='The meeting of the Children, Young People and Education Committee addressed the impact of the coronavirus pandemic on ch'
2026-08-21 00:43:09,027 [INFO] core.evaluator_v2: [snapkv] pred='The document is a meeting transcript where the team reviews the design of a new remote control shaped like a banana. Key'
2026-08-21 00:43:25,617 [INFO] core.evaluator_v2: [snapkv] pred='The document outlines a project meeting where the team discusses the design of a new remote control. Key points include:'
2026-08-21 00:43:25,627 [INFO] core.evaluator_v2:   [15/30] avg=8.49
2026-08-21 00:43:34,145 [INFO] core.evaluator_v2: [snapkv] pred='The document is a transcript of a meeting between a Project Manager, Marketing, Industrial Designer, and User Interface '
2026-08-21 00:43:42,989 [INFO] core.evaluator_v2: [snapkv] pred='The document is a transcript of a kick-off meeting for a new project involving the design of a remote control. Key point'
2026-08-21 00:43:45,335 [WARNING] core.model_loader: Input length 16844 > max 16000, truncating...
2026-08-21 00:43:58,242 [INFO] core.evaluator_v2: [snapkv] pred='The document is a meeting transcript discussing a speech recognition project. Key points include:\n\n- **Setup and Equipme'
2026-08-21 00:44:07,246 [INFO] core.evaluator_v2: [snapkv] pred='The document is a transcript of a project meeting discussing the design and development of a new remote control device. '
2026-08-21 00:44:07,485 [WARNING] core.model_loader: Input length 16224 > max 16000, truncating...
2026-08-21 00:44:15,737 [INFO] core.evaluator_v2: [snapkv] pred='The Welsh Government is implementing a childcare funding scheme aimed at improving access to early education and childca'
2026-08-21 00:44:15,742 [INFO] core.evaluator_v2:   [20/30] avg=9.14
2026-08-21 00:44:25,621 [INFO] core.evaluator_v2: [snapkv] pred='The document is a transcript of a project meeting where the team discusses the details of a new remote control prototype'
2026-08-21 00:44:26,039 [WARNING] core.model_loader: Input length 25564 > max 16000, truncating...
2026-08-21 00:44:34,688 [INFO] core.evaluator_v2: [snapkv] pred='The document details the 12th meeting of the House of Commons Special Committee on the COVID-19 Pandemic, which was held'
2026-08-21 00:44:34,966 [WARNING] core.model_loader: Input length 18386 > max 16000, truncating...
2026-08-21 00:44:44,240 [INFO] core.evaluator_v2: [snapkv] pred='The document is a conversation among researchers discussing their work on noise-robust speech recognition experiments. K'
2026-08-21 00:44:56,793 [INFO] core.evaluator_v2: [snapkv] pred='The document is a detailed audio transcript of a team meeting discussing the development of a new remote control device.'
2026-08-21 00:45:04,659 [INFO] core.evaluator_v2: [snapkv] pred='The document is a conversation among a Project Manager, User Interface designer, Industrial Designer, and Marketing repr'
2026-08-21 00:45:04,663 [INFO] core.evaluator_v2:   [25/30] avg=9.09
2026-08-21 00:45:15,285 [INFO] core.evaluator_v2: [snapkv] pred='The project team discusses the design and features of a new television remote control. Key points include:\n\n- The remote'
2026-08-21 00:45:27,498 [INFO] core.evaluator_v2: [snapkv] pred='The document is a transcript of a project meeting where the team discusses the details of a new remote control prototype'
2026-08-21 00:45:27,742 [WARNING] core.model_loader: Input length 18553 > max 16000, truncating...
2026-08-21 00:45:38,572 [INFO] core.evaluator_v2: [snapkv] pred='The document is a conversation among graduate students and professors discussing a research project focused on understan'
2026-08-21 00:45:53,511 [INFO] core.evaluator_v2: [snapkv] pred='The document is a transcript of a functional design meeting among a project manager, user interface designer, and indust'
2026-08-21 00:46:02,718 [INFO] core.evaluator_v2: [snapkv] pred='The document is a transcript of a kick-off meeting for a new project involving the design of a remote control. Key point'
2026-08-21 00:46:02,723 [INFO] core.evaluator_v2:   [30/30] avg=9.49
2026-08-21 00:46:02,724 [INFO] __main__:   → score=9.49, collapse=0/30 (0.0%), mem_red=20.0%
2026-08-21 00:46:02,725 [INFO] __main__: 
  Task: gov_report
2026-08-21 00:46:02,725 [INFO] core.dataset_loader: Loading LongBench/gov_report ...
2026-08-21 00:46:02,803 [INFO] httpx: HTTP Request: GET https://huggingface.co/api/datasets/THUDM/LongBench/revision/5e628be450b7e67fb7ae6e201bd6d8f7056f7672 "HTTP/1.1 307 Temporary Redirect"
2026-08-21 00:46:02,854 [INFO] httpx: HTTP Request: GET https://huggingface.co/api/datasets/zai-org/LongBench/revision/5e628be450b7e67fb7ae6e201bd6d8f7056f7672 "HTTP/1.1 200 OK"
2026-08-21 00:46:03,380 [INFO] core.dataset_loader: Loaded 30 samples from gov_report
2026-08-21 00:46:03,383 [INFO] core.evaluator_v2: [snapkv] gov_report (30샘플, budget=80%, kwargs={'sink_size': 0, 'invert_norm': True})
2026-08-21 00:46:13,052 [INFO] core.evaluator_v2: [snapkv] pred='The National Science Foundation (NSF) uses two programs, IPA and VSEE, to bring in rotators. IPA rotators are employed b'
2026-08-21 00:46:22,058 [INFO] core.evaluator_v2: [snapkv] pred='The document outlines the challenges and efforts in federal IT management and cybersecurity. Despite a $96 billion IT bu'
2026-08-21 00:46:22,493 [WARNING] core.model_loader: Input length 51949 > max 16000, truncating...
2026-08-21 00:46:38,955 [INFO] core.evaluator_v2: [snapkv] pred="**Summary:**\n\nThis report provides a comprehensive overview of China's actions in the South China Sea (SCS) and East Chi"
2026-08-21 00:46:40,255 [WARNING] core.model_loader: Input length 28135 > max 16000, truncating...
2026-08-21 00:46:55,785 [INFO] core.evaluator_v2: [snapkv] pred='The Clean Water Act (CWA) authorizes federal grants for wastewater treatment plant construction and related activities, '
2026-08-21 00:47:15,455 [INFO] core.evaluator_v2: [snapkv] pred='**Summary:**\n\nThe Department of Homeland Security (DHS) has faced significant internal control and financial management '
2026-08-21 00:47:15,488 [INFO] core.evaluator_v2:   [5/30] avg=15.76
2026-08-21 00:47:27,158 [INFO] core.evaluator_v2: [snapkv] pred='**Summary:**\n\nThe document outlines the ongoing challenges and efforts related to cybersecurity in federal agencies. It '
2026-08-21 00:47:45,093 [INFO] core.evaluator_v2: [snapkv] pred='The document outlines the historical context, legislative framework, and operational details of U.S. federal programs de'
2026-08-21 00:47:45,390 [WARNING] core.model_loader: Input length 19434 > max 16000, truncating...
2026-08-21 00:47:54,975 [INFO] core.evaluator_v2: [snapkv] pred='The Department of Defense (DOD) uses "Other Transaction" (OT) authorities to acquire goods and services, particularly fo'
2026-08-21 00:48:05,527 [INFO] core.evaluator_v2: [snapkv] pred='The document discusses the evolving role of cash in the payment system, highlighting the increasing adoption of electron'
2026-08-21 00:48:06,189 [WARNING] core.model_loader: Input length 41630 > max 16000, truncating...
2026-08-21 00:48:19,960 [INFO] core.evaluator_v2: [snapkv] pred='The Department of Homeland Security (DHS) has established policies and processes to manage its major acquisition program'
2026-08-21 00:48:19,990 [INFO] core.evaluator_v2:   [10/30] avg=14.51
2026-08-21 00:48:30,759 [INFO] core.evaluator_v2: [snapkv] pred='This report provides a detailed analysis of the Department of Homeland Security (DHS) appropriations for FY2019, compari'
2026-08-21 00:48:42,699 [INFO] core.evaluator_v2: [snapkv] pred="The U.S. federal government owns approximately 640 million acres, or a quarter of the nation's land, primarily in the we"
2026-08-21 00:48:55,954 [INFO] core.evaluator_v2: [snapkv] pred='The document outlines the financial and operational aspects of the Black Lung Disability Trust Fund (BLTF), which provid'
2026-08-21 00:49:14,187 [INFO] core.evaluator_v2: [snapkv] pred='The document provides a comprehensive overview of the U.S. foreign aid program, detailing its historical evolution, obje'
2026-08-21 00:49:27,069 [INFO] core.evaluator_v2: [snapkv] pred='**Summary:**\n\nIn 2016, coal accounted for 17% of U.S. energy production and 30% of electricity generation, with 730 mill'
2026-08-21 00:49:27,089 [INFO] core.evaluator_v2:   [15/30] avg=15.53
2026-08-21 00:49:35,132 [INFO] core.evaluator_v2: [snapkv] pred="The Public Safety Officers' Benefits (PSOB) and Educational Assistance (PSOEA) programs provide financial support to the"
2026-08-21 00:49:43,386 [INFO] core.evaluator_v2: [snapkv] pred="The document outlines the FBI's challenges with its headquarters, particularly the Hoover Building, since 2011. Key issu"
2026-08-21 00:49:54,866 [INFO] core.evaluator_v2: [snapkv] pred='The document discusses challenges the Department of Veterans Affairs (VA) faces in aligning its medical facilities and s'
2026-08-21 00:50:07,729 [INFO] core.evaluator_v2: [snapkv] pred='The document provides an overview of the FY2019 budget request and appropriations for the International Trade Administra'
2026-08-21 00:50:19,422 [INFO] core.evaluator_v2: [snapkv] pred='The document outlines the federal Black Lung Disability Trust Fund, which provides benefits to coal miners affected by c'
2026-08-21 00:50:19,442 [INFO] core.evaluator_v2:   [20/30] avg=16.39
2026-08-21 00:50:39,879 [INFO] core.evaluator_v2: [snapkv] pred='**Summary:**\n\nThe document provides an in-depth analysis of the technology sector in the United States, focusing on empl'
2026-08-21 00:50:55,857 [INFO] core.evaluator_v2: [snapkv] pred='**Summary:**\n\nThe document outlines the current state of Internet privacy in the United States, highlighting the lack of'
2026-08-21 00:51:17,737 [INFO] core.evaluator_v2: [snapkv] pred='**Summary:**\n\nOver the past 30 years, there has been a shift from defined benefit (DB) to defined contribution (DC) reti'
2026-08-21 00:51:26,760 [INFO] core.evaluator_v2: [snapkv] pred='The Social Security Administration (SSA) is responsible for administering three major programs: Old-Age and Survivors In'
2026-08-21 00:51:39,927 [INFO] core.evaluator_v2: [snapkv] pred='The document outlines the financial challenges facing the RHB Fund, which supports postal retiree health benefits under '
2026-08-21 00:51:39,954 [INFO] core.evaluator_v2:   [25/30] avg=16.40
2026-08-21 00:51:49,245 [INFO] core.evaluator_v2: [snapkv] pred='The 116th Congress is likely to address various housing-related issues, including housing finance reform, federal housin'
2026-08-21 00:52:04,339 [INFO] core.evaluator_v2: [snapkv] pred='The National Popular Vote (NPV) initiative seeks to reform the U.S. presidential election system by establishing a direc'
2026-08-21 00:52:19,616 [INFO] core.evaluator_v2: [snapkv] pred='The Energy and Water Development appropriations bill outlines funding for various federal agencies, including the U.S. A'
2026-08-21 00:52:31,565 [INFO] core.evaluator_v2: [snapkv] pred='The federal government manages hundreds of thousands of buildings, costing billions annually. To improve efficiency and '
2026-08-21 00:52:47,373 [INFO] core.evaluator_v2: [snapkv] pred='The National Cemeteries Act of 1973 established the modern veterans’ cemetery system, managed by the VA’s National Cemet'
2026-08-21 00:52:47,389 [INFO] core.evaluator_v2:   [30/30] avg=16.41
2026-08-21 00:52:47,390 [INFO] __main__:   → score=16.41, collapse=0/30 (0.0%), mem_red=20.0%
2026-08-21 00:52:47,403 [INFO] core.results_manager: Results saved to results/v3_verified/exp6_sink_intervention_qwen3-4b_budget80_20260820_200418.csv
2026-08-21 00:52:47,489 [INFO] core.results_manager: JSON saved to results/v3_verified/exp6_sink_intervention_qwen3-4b_budget80_20260820_200418.json
2026-08-21 00:52:47,490 [INFO] __main__:   [중간 저장 완료] 25/30 설정
2026-08-21 00:52:47,491 [INFO] __main__: 
────────────────────────────────────────────────────────────
2026-08-21 00:52:47,491 [INFO] __main__: Method: SnapKV_m1 | Budget: 80% | kwargs={'sink_size': 1, 'invert_norm': True}
2026-08-21 00:52:47,492 [INFO] __main__: ────────────────────────────────────────────────────────────
2026-08-21 00:52:47,493 [INFO] __main__: 
  Task: qmsum
2026-08-21 00:52:47,494 [INFO] core.dataset_loader: Loading LongBench/qmsum ...
2026-08-21 00:52:47,589 [INFO] httpx: HTTP Request: GET https://huggingface.co/api/datasets/THUDM/LongBench/revision/5e628be450b7e67fb7ae6e201bd6d8f7056f7672 "HTTP/1.1 307 Temporary Redirect"
2026-08-21 00:52:47,628 [INFO] httpx: HTTP Request: GET https://huggingface.co/api/datasets/zai-org/LongBench/revision/5e628be450b7e67fb7ae6e201bd6d8f7056f7672 "HTTP/1.1 200 OK"
2026-08-21 00:52:48,093 [INFO] core.dataset_loader: Loaded 30 samples from qmsum
2026-08-21 00:52:48,095 [INFO] core.evaluator_v2: [snapkv] qmsum (30샘플, budget=80%, kwargs={'sink_size': 1, 'invert_norm': True})
2026-08-21 00:52:55,710 [INFO] core.evaluator_v2: [snapkv] pred='The document is a transcript of a project meeting where the team discusses the goals and structure of a design project t'
2026-08-21 00:53:03,872 [INFO] core.evaluator_v2: [snapkv] pred='The document is a meeting transcript between a project manager, industrial designer, user interface designer, and market'
2026-08-21 00:53:29,066 [INFO] core.evaluator_v2: [snapkv] pred='The document is a meeting transcript discussing progress and discussions related to a research project involving the Sma'
2026-08-21 00:53:38,620 [INFO] core.evaluator_v2: [snapkv] pred='The document is a detailed audio transcript of a team meeting discussing the development of a new remote control device.'
2026-08-21 00:53:47,543 [INFO] core.evaluator_v2: [snapkv] pred='The document is a transcript of a conceptual design meeting for a new remote control device. Key points include:\n\n- **De'
2026-08-21 00:53:47,547 [INFO] core.evaluator_v2:   [5/30] avg=8.37
2026-08-21 00:53:48,813 [WARNING] core.model_loader: Input length 18386 > max 16000, truncating...
2026-08-21 00:53:57,765 [INFO] core.evaluator_v2: [snapkv] pred='The document is a conversation among researchers discussing their work on noise-robust speech recognition experiments. K'
2026-08-21 00:53:58,269 [WARNING] core.model_loader: Input length 18553 > max 16000, truncating...
2026-08-21 00:54:09,345 [INFO] core.evaluator_v2: [snapkv] pred='The document is a conversation among graduate students and professors discussing a research project focused on understan'
2026-08-21 00:54:09,609 [WARNING] core.model_loader: Input length 16224 > max 16000, truncating...
2026-08-21 00:54:18,227 [INFO] core.evaluator_v2: [snapkv] pred='The Welsh Government is implementing a childcare funding scheme aimed at improving access to early education and childca'
2026-08-21 00:54:21,914 [WARNING] core.model_loader: Input length 16924 > max 16000, truncating...
2026-08-21 00:54:34,719 [INFO] core.evaluator_v2: [snapkv] pred='The meeting discussed several key issues related to transcription, data management, and system development. Key points i'
2026-08-21 00:54:43,462 [INFO] core.evaluator_v2: [snapkv] pred='The document is a transcript of a kick-off meeting for a new project involving the design of a remote control. Key point'
2026-08-21 00:54:43,467 [INFO] core.evaluator_v2:   [10/30] avg=7.80
2026-08-21 00:54:43,694 [WARNING] core.model_loader: Input length 16844 > max 16000, truncating...
2026-08-21 00:54:56,837 [INFO] core.evaluator_v2: [snapkv] pred='The document is a meeting transcript discussing a speech recognition project. Key points include:\n\n- **Setup and Equipme'
2026-08-21 00:54:57,555 [WARNING] core.model_loader: Input length 16224 > max 16000, truncating...
2026-08-21 00:55:06,889 [INFO] core.evaluator_v2: [snapkv] pred='The Welsh Government is implementing a childcare funding scheme aimed at improving access to early education and childca'
2026-08-21 00:55:19,181 [INFO] core.evaluator_v2: [snapkv] pred='The meeting of the Children, Young People and Education Committee addressed the impact of the coronavirus pandemic on ch'
2026-08-21 00:55:28,228 [INFO] core.evaluator_v2: [snapkv] pred='The document is a meeting transcript where the team reviews the design of a new remote control shaped like a banana. Key'
2026-08-21 00:55:40,461 [INFO] core.evaluator_v2: [snapkv] pred='The document outlines a project meeting where the team discusses the design of a new remote control. Key points include:'
2026-08-21 00:55:40,470 [INFO] core.evaluator_v2:   [15/30] avg=8.49
2026-08-21 00:56:09,720 [INFO] core.evaluator_v2: [snapkv] pred='The document is a transcript of a meeting between a Project Manager, Marketing, Industrial Designer, and User Interface '
2026-08-21 00:56:18,772 [INFO] core.evaluator_v2: [snapkv] pred='The document is a transcript of a kick-off meeting for a new project involving the design of a remote control. Key point'
2026-08-21 00:56:19,040 [WARNING] core.model_loader: Input length 16844 > max 16000, truncating...
2026-08-21 00:56:31,173 [INFO] core.evaluator_v2: [snapkv] pred='The document is a meeting transcript discussing a speech recognition project. Key points include:\n\n- **Setup and Equipme'
2026-08-21 00:56:41,627 [INFO] core.evaluator_v2: [snapkv] pred='The document is a transcript of a project meeting discussing the design and development of a new remote control device. '
2026-08-21 00:56:48,371 [WARNING] core.model_loader: Input length 16224 > max 16000, truncating...
2026-08-21 00:56:59,453 [INFO] core.evaluator_v2: [snapkv] pred='The Welsh Government is implementing a childcare funding scheme aimed at improving access to early education and childca'
2026-08-21 00:56:59,458 [INFO] core.evaluator_v2:   [20/30] avg=9.14
2026-08-21 00:57:10,729 [INFO] core.evaluator_v2: [snapkv] pred='The document is a transcript of a project meeting where the team discusses the details of a new remote control prototype'
2026-08-21 00:57:11,108 [WARNING] core.model_loader: Input length 25564 > max 16000, truncating...
2026-08-21 00:57:19,611 [INFO] core.evaluator_v2: [snapkv] pred='The document details the 12th meeting of the House of Commons Special Committee on the COVID-19 Pandemic, which was held'
2026-08-21 00:57:21,313 [WARNING] core.model_loader: Input length 18386 > max 16000, truncating...
2026-08-21 00:57:30,537 [INFO] core.evaluator_v2: [snapkv] pred='The document is a conversation among researchers discussing their work on noise-robust speech recognition experiments. K'
2026-08-21 00:57:46,326 [INFO] core.evaluator_v2: [snapkv] pred='The document is a detailed audio transcript of a team meeting discussing the development of a new remote control device.'
2026-08-21 00:57:53,184 [INFO] core.evaluator_v2: [snapkv] pred='The document is a conversation among a Project Manager, User Interface designer, Industrial Designer, and Marketing repr'
2026-08-21 00:57:53,188 [INFO] core.evaluator_v2:   [25/30] avg=9.09
2026-08-21 00:58:02,877 [INFO] core.evaluator_v2: [snapkv] pred='The project team discusses the design and features of a new television remote control. Key points include:\n\n- The remote'
2026-08-21 00:58:13,250 [INFO] core.evaluator_v2: [snapkv] pred='The document is a transcript of a project meeting where the team discusses the details of a new remote control prototype'
2026-08-21 00:58:13,565 [WARNING] core.model_loader: Input length 18553 > max 16000, truncating...
2026-08-21 00:58:24,285 [INFO] core.evaluator_v2: [snapkv] pred='The document is a conversation among graduate students and professors discussing a research project focused on understan'
2026-08-21 00:58:38,942 [INFO] core.evaluator_v2: [snapkv] pred='The document is a transcript of a functional design meeting among a project manager, user interface designer, and indust'
2026-08-21 00:58:54,089 [INFO] core.evaluator_v2: [snapkv] pred='The document is a transcript of a kick-off meeting for a new project involving the design of a remote control. Key point'
2026-08-21 00:58:54,093 [INFO] core.evaluator_v2:   [30/30] avg=9.49
2026-08-21 00:58:54,094 [INFO] __main__:   → score=9.49, collapse=0/30 (0.0%), mem_red=20.0%
2026-08-21 00:58:54,095 [INFO] __main__: 
  Task: gov_report
2026-08-21 00:58:54,096 [INFO] core.dataset_loader: Loading LongBench/gov_report ...
2026-08-21 00:58:54,184 [INFO] httpx: HTTP Request: GET https://huggingface.co/api/datasets/THUDM/LongBench/revision/5e628be450b7e67fb7ae6e201bd6d8f7056f7672 "HTTP/1.1 307 Temporary Redirect"
2026-08-21 00:58:54,218 [INFO] httpx: HTTP Request: GET https://huggingface.co/api/datasets/zai-org/LongBench/revision/5e628be450b7e67fb7ae6e201bd6d8f7056f7672 "HTTP/1.1 200 OK"
2026-08-21 00:58:54,669 [INFO] core.dataset_loader: Loaded 30 samples from gov_report
2026-08-21 00:58:54,671 [INFO] core.evaluator_v2: [snapkv] gov_report (30샘플, budget=80%, kwargs={'sink_size': 1, 'invert_norm': True})
2026-08-21 00:59:02,745 [INFO] core.evaluator_v2: [snapkv] pred='The National Science Foundation (NSF) uses two programs, IPA and VSEE, to bring in rotators. IPA rotators are employed b'
2026-08-21 00:59:14,068 [INFO] core.evaluator_v2: [snapkv] pred='The document outlines the challenges and efforts in federal IT management and cybersecurity. Despite a $96 billion IT bu'
2026-08-21 00:59:15,219 [WARNING] core.model_loader: Input length 51949 > max 16000, truncating...
2026-08-21 00:59:36,171 [INFO] core.evaluator_v2: [snapkv] pred="**Summary:**\n\nThis report provides a comprehensive overview of China's actions in the South China Sea (SCS) and East Chi"
2026-08-21 00:59:36,636 [WARNING] core.model_loader: Input length 28135 > max 16000, truncating...
2026-08-21 00:59:49,963 [INFO] core.evaluator_v2: [snapkv] pred='The Clean Water Act (CWA) authorizes federal grants for wastewater treatment plant construction and related activities, '
2026-08-21 01:00:04,480 [INFO] core.evaluator_v2: [snapkv] pred='**Summary:**\n\nThe Department of Homeland Security (DHS) has faced significant internal control and financial management '
2026-08-21 01:00:04,511 [INFO] core.evaluator_v2:   [5/30] avg=15.76
2026-08-21 01:00:15,987 [INFO] core.evaluator_v2: [snapkv] pred='**Summary:**\n\nThe document outlines the ongoing challenges and efforts related to cybersecurity in federal agencies. It '
2026-08-21 01:00:30,335 [INFO] core.evaluator_v2: [snapkv] pred='The document outlines the historical context, legislative framework, and operational details of U.S. federal programs de'
2026-08-21 01:00:31,973 [WARNING] core.model_loader: Input length 19434 > max 16000, truncating...
2026-08-21 01:00:42,842 [INFO] core.evaluator_v2: [snapkv] pred='The Department of Defense (DOD) uses "Other Transaction" (OT) authorities to acquire goods and services, particularly fo'
2026-08-21 01:00:55,513 [INFO] core.evaluator_v2: [snapkv] pred='The document discusses the evolving role of cash in the payment system, highlighting the increasing adoption of electron'
2026-08-21 01:01:01,971 [WARNING] core.model_loader: Input length 41630 > max 16000, truncating...
2026-08-21 01:01:18,529 [INFO] core.evaluator_v2: [snapkv] pred='The Department of Homeland Security (DHS) has established policies and processes to manage its major acquisition program'
2026-08-21 01:01:18,558 [INFO] core.evaluator_v2:   [10/30] avg=14.51
2026-08-21 01:01:32,755 [INFO] core.evaluator_v2: [snapkv] pred='This report provides a detailed analysis of the Department of Homeland Security (DHS) appropriations for FY2019, compari'
2026-08-21 01:01:44,089 [INFO] core.evaluator_v2: [snapkv] pred="The U.S. federal government owns approximately 640 million acres, or a quarter of the nation's land, primarily in the we"
2026-08-21 01:01:55,947 [INFO] core.evaluator_v2: [snapkv] pred='The document outlines the financial and operational aspects of the Black Lung Disability Trust Fund (BLTF), which provid'
2026-08-21 01:02:14,482 [INFO] core.evaluator_v2: [snapkv] pred='The document provides a comprehensive overview of the U.S. foreign aid program, detailing its historical evolution, obje'
2026-08-21 01:02:28,371 [INFO] core.evaluator_v2: [snapkv] pred='**Summary:**\n\nIn 2016, coal accounted for 17% of U.S. energy production and 30% of electricity generation, with 730 mill'
2026-08-21 01:02:28,390 [INFO] core.evaluator_v2:   [15/30] avg=15.53
2026-08-21 01:02:36,523 [INFO] core.evaluator_v2: [snapkv] pred="The Public Safety Officers' Benefits (PSOB) and Educational Assistance (PSOEA) programs provide financial support to the"
2026-08-21 01:02:43,319 [INFO] core.evaluator_v2: [snapkv] pred="The document outlines the FBI's challenges with its headquarters, particularly the Hoover Building, since 2011. Key issu"
2026-08-21 01:02:53,197 [INFO] core.evaluator_v2: [snapkv] pred='The document discusses challenges the Department of Veterans Affairs (VA) faces in aligning its medical facilities and s'
2026-08-21 01:03:06,652 [INFO] core.evaluator_v2: [snapkv] pred='The document provides an overview of the FY2019 budget request and appropriations for the International Trade Administra'
2026-08-21 01:03:21,021 [INFO] core.evaluator_v2: [snapkv] pred='The document outlines the federal Black Lung Disability Trust Fund, which provides benefits to coal miners affected by c'
2026-08-21 01:03:21,040 [INFO] core.evaluator_v2:   [20/30] avg=16.39
2026-08-21 01:03:40,353 [INFO] core.evaluator_v2: [snapkv] pred='**Summary:**\n\nThe document provides an in-depth analysis of the technology sector in the United States, focusing on empl'
2026-08-21 01:03:58,227 [INFO] core.evaluator_v2: [snapkv] pred='**Summary:**\n\nThe document outlines the current state of Internet privacy in the United States, highlighting the lack of'
2026-08-21 01:04:10,510 [INFO] core.evaluator_v2: [snapkv] pred='**Summary:**\n\nOver the past 30 years, there has been a shift from defined benefit (DB) to defined contribution (DC) reti'
2026-08-21 01:04:21,696 [INFO] core.evaluator_v2: [snapkv] pred='The Social Security Administration (SSA) is responsible for administering three major programs: Old-Age and Survivors In'
2026-08-21 01:04:38,184 [INFO] core.evaluator_v2: [snapkv] pred='The document outlines the financial challenges facing the RHB Fund, which supports postal retiree health benefits under '
2026-08-21 01:04:38,217 [INFO] core.evaluator_v2:   [25/30] avg=16.40
2026-08-21 01:04:47,400 [INFO] core.evaluator_v2: [snapkv] pred='The 116th Congress is likely to address various housing-related issues, including housing finance reform, federal housin'
2026-08-21 01:05:01,704 [INFO] core.evaluator_v2: [snapkv] pred='The National Popular Vote (NPV) initiative seeks to reform the U.S. presidential election system by establishing a direc'
2026-08-21 01:05:11,151 [INFO] core.evaluator_v2: [snapkv] pred='The Energy and Water Development appropriations bill outlines funding for various federal agencies, including the U.S. A'
2026-08-21 01:05:18,725 [INFO] core.evaluator_v2: [snapkv] pred='The federal government manages hundreds of thousands of buildings, costing billions annually. To improve efficiency and '
2026-08-21 01:05:28,635 [INFO] core.evaluator_v2: [snapkv] pred='The National Cemeteries Act of 1973 established the modern veterans’ cemetery system, managed by the VA’s National Cemet'
2026-08-21 01:05:28,651 [INFO] core.evaluator_v2:   [30/30] avg=16.41
2026-08-21 01:05:28,652 [INFO] __main__:   → score=16.41, collapse=0/30 (0.0%), mem_red=20.0%
2026-08-21 01:05:28,666 [INFO] core.results_manager: Results saved to results/v3_verified/exp6_sink_intervention_qwen3-4b_budget80_20260820_200418.csv
2026-08-21 01:05:28,724 [INFO] core.results_manager: JSON saved to results/v3_verified/exp6_sink_intervention_qwen3-4b_budget80_20260820_200418.json
2026-08-21 01:05:28,725 [INFO] __main__:   [중간 저장 완료] 26/30 설정
2026-08-21 01:05:28,725 [INFO] __main__: 
────────────────────────────────────────────────────────────
2026-08-21 01:05:28,726 [INFO] __main__: Method: SnapKV_m2 | Budget: 80% | kwargs={'sink_size': 2, 'invert_norm': True}
2026-08-21 01:05:28,726 [INFO] __main__: ────────────────────────────────────────────────────────────
2026-08-21 01:05:28,727 [INFO] __main__: 
  Task: qmsum
2026-08-21 01:05:28,727 [INFO] core.dataset_loader: Loading LongBench/qmsum ...
2026-08-21 01:05:28,794 [INFO] httpx: HTTP Request: GET https://huggingface.co/api/datasets/THUDM/LongBench/revision/5e628be450b7e67fb7ae6e201bd6d8f7056f7672 "HTTP/1.1 307 Temporary Redirect"
2026-08-21 01:05:28,830 [INFO] httpx: HTTP Request: GET https://huggingface.co/api/datasets/zai-org/LongBench/revision/5e628be450b7e67fb7ae6e201bd6d8f7056f7672 "HTTP/1.1 200 OK"
2026-08-21 01:05:29,306 [INFO] core.dataset_loader: Loaded 30 samples from qmsum
2026-08-21 01:05:29,321 [INFO] core.evaluator_v2: [snapkv] qmsum (30샘플, budget=80%, kwargs={'sink_size': 2, 'invert_norm': True})
2026-08-21 01:05:35,630 [INFO] core.evaluator_v2: [snapkv] pred='The document is a transcript of a project meeting where the team discusses the goals and structure of a design project t'
2026-08-21 01:05:43,298 [INFO] core.evaluator_v2: [snapkv] pred='The document is a meeting transcript between a project manager, industrial designer, user interface designer, and market'
2026-08-21 01:05:56,503 [INFO] core.evaluator_v2: [snapkv] pred='The document is a meeting transcript discussing progress and discussions related to a research project involving the Sma'
2026-08-21 01:06:04,489 [INFO] core.evaluator_v2: [snapkv] pred='The document is a detailed audio transcript of a team meeting discussing the development of a new remote control device.'
2026-08-21 01:06:12,458 [INFO] core.evaluator_v2: [snapkv] pred='The document is a transcript of a conceptual design meeting for a new remote control device. Key points include:\n\n- **De'
2026-08-21 01:06:12,462 [INFO] core.evaluator_v2:   [5/30] avg=8.37
2026-08-21 01:06:12,664 [WARNING] core.model_loader: Input length 18386 > max 16000, truncating...
2026-08-21 01:06:20,726 [INFO] core.evaluator_v2: [snapkv] pred='The document is a conversation among researchers discussing their work on noise-robust speech recognition experiments. K'
2026-08-21 01:06:20,928 [WARNING] core.model_loader: Input length 18553 > max 16000, truncating...
2026-08-21 01:06:31,170 [INFO] core.evaluator_v2: [snapkv] pred='The document is a conversation among graduate students and professors discussing a research project focused on understan'
2026-08-21 01:06:31,369 [WARNING] core.model_loader: Input length 16224 > max 16000, truncating...
2026-08-21 01:06:39,352 [INFO] core.evaluator_v2: [snapkv] pred='The Welsh Government is implementing a childcare funding scheme aimed at improving access to early education and childca'
2026-08-21 01:06:39,553 [WARNING] core.model_loader: Input length 16924 > max 16000, truncating...
2026-08-21 01:06:50,067 [INFO] core.evaluator_v2: [snapkv] pred='The meeting discussed several key issues related to transcription, data management, and system development. Key points i'
2026-08-21 01:06:56,994 [INFO] core.evaluator_v2: [snapkv] pred='The document is a transcript of a kick-off meeting for a new project involving the design of a remote control. Key point'
2026-08-21 01:06:56,997 [INFO] core.evaluator_v2:   [10/30] avg=7.80
2026-08-21 01:06:57,164 [WARNING] core.model_loader: Input length 16844 > max 16000, truncating...
2026-08-21 01:07:07,777 [INFO] core.evaluator_v2: [snapkv] pred='The document is a meeting transcript discussing a speech recognition project. Key points include:\n\n- **Setup and Equipme'
2026-08-21 01:07:08,007 [WARNING] core.model_loader: Input length 16224 > max 16000, truncating...
2026-08-21 01:07:16,059 [INFO] core.evaluator_v2: [snapkv] pred='The Welsh Government is implementing a childcare funding scheme aimed at improving access to early education and childca'
2026-08-21 01:07:22,989 [INFO] core.evaluator_v2: [snapkv] pred='The meeting of the Children, Young People and Education Committee addressed the impact of the coronavirus pandemic on ch'
2026-08-21 01:07:30,876 [INFO] core.evaluator_v2: [snapkv] pred='The document is a meeting transcript where the team reviews the design of a new remote control shaped like a banana. Key'
2026-08-21 01:07:40,180 [INFO] core.evaluator_v2: [snapkv] pred='The document outlines a project meeting where the team discusses the design of a new remote control. Key points include:'
2026-08-21 01:07:40,185 [INFO] core.evaluator_v2:   [15/30] avg=8.49
2026-08-21 01:07:47,161 [INFO] core.evaluator_v2: [snapkv] pred='The document is a transcript of a meeting between a Project Manager, Marketing, Industrial Designer, and User Interface '
2026-08-21 01:07:54,098 [INFO] core.evaluator_v2: [snapkv] pred='The document is a transcript of a kick-off meeting for a new project involving the design of a remote control. Key point'
2026-08-21 01:07:54,268 [WARNING] core.model_loader: Input length 16844 > max 16000, truncating...
2026-08-21 01:08:04,747 [INFO] core.evaluator_v2: [snapkv] pred='The document is a meeting transcript discussing a speech recognition project. Key points include:\n\n- **Setup and Equipme'
2026-08-21 01:08:13,186 [INFO] core.evaluator_v2: [snapkv] pred='The document is a transcript of a project meeting discussing the design and development of a new remote control device. '
2026-08-21 01:08:13,388 [WARNING] core.model_loader: Input length 16224 > max 16000, truncating...
2026-08-21 01:08:21,255 [INFO] core.evaluator_v2: [snapkv] pred='The Welsh Government is implementing a childcare funding scheme aimed at improving access to early education and childca'
2026-08-21 01:08:21,258 [INFO] core.evaluator_v2:   [20/30] avg=9.14
2026-08-21 01:08:30,714 [INFO] core.evaluator_v2: [snapkv] pred='The document is a transcript of a project meeting where the team discusses the details of a new remote control prototype'
2026-08-21 01:08:30,941 [WARNING] core.model_loader: Input length 25564 > max 16000, truncating...
2026-08-21 01:08:38,612 [INFO] core.evaluator_v2: [snapkv] pred='The document details the 12th meeting of the House of Commons Special Committee on the COVID-19 Pandemic, which was held'
2026-08-21 01:08:38,866 [WARNING] core.model_loader: Input length 18386 > max 16000, truncating...
2026-08-21 01:08:47,039 [INFO] core.evaluator_v2: [snapkv] pred='The document is a conversation among researchers discussing their work on noise-robust speech recognition experiments. K'
2026-08-21 01:08:55,057 [INFO] core.evaluator_v2: [snapkv] pred='The document is a detailed audio transcript of a team meeting discussing the development of a new remote control device.'
2026-08-21 01:09:01,125 [INFO] core.evaluator_v2: [snapkv] pred='The document is a conversation among a Project Manager, User Interface designer, Industrial Designer, and Marketing repr'
2026-08-21 01:09:01,129 [INFO] core.evaluator_v2:   [25/30] avg=9.09
2026-08-21 01:09:08,236 [INFO] core.evaluator_v2: [snapkv] pred='The project team discusses the design and features of a new television remote control. Key points include:\n\n- The remote'
2026-08-21 01:09:17,347 [INFO] core.evaluator_v2: [snapkv] pred='The document is a transcript of a project meeting where the team discusses the details of a new remote control prototype'
2026-08-21 01:09:17,541 [WARNING] core.model_loader: Input length 18553 > max 16000, truncating...
2026-08-21 01:09:27,916 [INFO] core.evaluator_v2: [snapkv] pred='The document is a conversation among graduate students and professors discussing a research project focused on understan'
2026-08-21 01:09:40,590 [INFO] core.evaluator_v2: [snapkv] pred='The document is a transcript of a functional design meeting among a project manager, user interface designer, and indust'
2026-08-21 01:09:47,475 [INFO] core.evaluator_v2: [snapkv] pred='The document is a transcript of a kick-off meeting for a new project involving the design of a remote control. Key point'
2026-08-21 01:09:47,481 [INFO] core.evaluator_v2:   [30/30] avg=9.49
2026-08-21 01:09:47,481 [INFO] __main__:   → score=9.49, collapse=0/30 (0.0%), mem_red=20.0%
2026-08-21 01:09:47,481 [INFO] __main__: 
  Task: gov_report
2026-08-21 01:09:47,482 [INFO] core.dataset_loader: Loading LongBench/gov_report ...
2026-08-21 01:09:47,541 [INFO] httpx: HTTP Request: GET https://huggingface.co/api/datasets/THUDM/LongBench/revision/5e628be450b7e67fb7ae6e201bd6d8f7056f7672 "HTTP/1.1 307 Temporary Redirect"
2026-08-21 01:09:47,572 [INFO] httpx: HTTP Request: GET https://huggingface.co/api/datasets/zai-org/LongBench/revision/5e628be450b7e67fb7ae6e201bd6d8f7056f7672 "HTTP/1.1 200 OK"
2026-08-21 01:09:48,014 [INFO] core.dataset_loader: Loaded 30 samples from gov_report
2026-08-21 01:09:48,024 [INFO] core.evaluator_v2: [snapkv] gov_report (30샘플, budget=80%, kwargs={'sink_size': 2, 'invert_norm': True})
2026-08-21 01:09:55,762 [INFO] core.evaluator_v2: [snapkv] pred='The National Science Foundation (NSF) uses two programs, IPA and VSEE, to bring in rotators. IPA rotators are employed b'
2026-08-21 01:10:03,099 [INFO] core.evaluator_v2: [snapkv] pred='The document outlines the challenges and efforts in federal IT management and cybersecurity. Despite a $96 billion IT bu'
2026-08-21 01:10:03,449 [WARNING] core.model_loader: Input length 51949 > max 16000, truncating...
2026-08-21 01:10:18,715 [INFO] core.evaluator_v2: [snapkv] pred="**Summary:**\n\nThis report provides a comprehensive overview of China's actions in the South China Sea (SCS) and East Chi"
2026-08-21 01:10:19,012 [WARNING] core.model_loader: Input length 28135 > max 16000, truncating...
2026-08-21 01:10:33,153 [INFO] core.evaluator_v2: [snapkv] pred='The Clean Water Act (CWA) authorizes federal grants for wastewater treatment plant construction and related activities, '
2026-08-21 01:11:17,506 [INFO] core.evaluator_v2: [snapkv] pred='**Summary:**\n\nThe Department of Homeland Security (DHS) has faced significant internal control and financial management '
2026-08-21 01:11:17,557 [INFO] core.evaluator_v2:   [5/30] avg=15.76
2026-08-21 01:11:28,607 [INFO] core.evaluator_v2: [snapkv] pred='**Summary:**\n\nThe document outlines the ongoing challenges and efforts related to cybersecurity in federal agencies. It '
2026-08-21 01:11:38,230 [INFO] core.evaluator_v2: [snapkv] pred='The document outlines the historical context, legislative framework, and operational details of U.S. federal programs de'
2026-08-21 01:11:40,335 [WARNING] core.model_loader: Input length 19434 > max 16000, truncating...
2026-08-21 01:11:51,467 [INFO] core.evaluator_v2: [snapkv] pred='The Department of Defense (DOD) uses "Other Transaction" (OT) authorities to acquire goods and services, particularly fo'
2026-08-21 01:12:06,186 [INFO] core.evaluator_v2: [snapkv] pred='The document discusses the evolving role of cash in the payment system, highlighting the increasing adoption of electron'
2026-08-21 01:12:07,498 [WARNING] core.model_loader: Input length 41630 > max 16000, truncating...
2026-08-21 01:12:23,602 [INFO] core.evaluator_v2: [snapkv] pred='The Department of Homeland Security (DHS) has established policies and processes to manage its major acquisition program'
2026-08-21 01:12:23,653 [INFO] core.evaluator_v2:   [10/30] avg=14.51
2026-08-21 01:12:38,861 [INFO] core.evaluator_v2: [snapkv] pred='This report provides a detailed analysis of the Department of Homeland Security (DHS) appropriations for FY2019, compari'
2026-08-21 01:12:49,917 [INFO] core.evaluator_v2: [snapkv] pred="The U.S. federal government owns approximately 640 million acres, or a quarter of the nation's land, primarily in the we"
2026-08-21 01:13:14,051 [INFO] core.evaluator_v2: [snapkv] pred='The document outlines the financial and operational aspects of the Black Lung Disability Trust Fund (BLTF), which provid'
2026-08-21 01:13:35,225 [INFO] core.evaluator_v2: [snapkv] pred='The document provides a comprehensive overview of the U.S. foreign aid program, detailing its historical evolution, obje'
2026-08-21 01:13:54,039 [INFO] core.evaluator_v2: [snapkv] pred='**Summary:**\n\nIn 2016, coal accounted for 17% of U.S. energy production and 30% of electricity generation, with 730 mill'
2026-08-21 01:13:54,066 [INFO] core.evaluator_v2:   [15/30] avg=15.53
2026-08-21 01:14:05,810 [INFO] core.evaluator_v2: [snapkv] pred="The Public Safety Officers' Benefits (PSOB) and Educational Assistance (PSOEA) programs provide financial support to the"
2026-08-21 01:14:13,681 [INFO] core.evaluator_v2: [snapkv] pred="The document outlines the FBI's challenges with its headquarters, particularly the Hoover Building, since 2011. Key issu"
2026-08-21 01:14:23,546 [INFO] core.evaluator_v2: [snapkv] pred='The document discusses challenges the Department of Veterans Affairs (VA) faces in aligning its medical facilities and s'
2026-08-21 01:14:40,064 [INFO] core.evaluator_v2: [snapkv] pred='The document provides an overview of the FY2019 budget request and appropriations for the International Trade Administra'
2026-08-21 01:14:53,026 [INFO] core.evaluator_v2: [snapkv] pred='The document outlines the federal Black Lung Disability Trust Fund, which provides benefits to coal miners affected by c'
2026-08-21 01:14:53,047 [INFO] core.evaluator_v2:   [20/30] avg=16.39
2026-08-21 01:15:11,143 [INFO] core.evaluator_v2: [snapkv] pred='**Summary:**\n\nThe document provides an in-depth analysis of the technology sector in the United States, focusing on empl'
2026-08-21 01:15:29,277 [INFO] core.evaluator_v2: [snapkv] pred='**Summary:**\n\nThe document outlines the current state of Internet privacy in the United States, highlighting the lack of'
2026-08-21 01:15:45,287 [INFO] core.evaluator_v2: [snapkv] pred='**Summary:**\n\nOver the past 30 years, there has been a shift from defined benefit (DB) to defined contribution (DC) reti'
2026-08-21 01:15:57,652 [INFO] core.evaluator_v2: [snapkv] pred='The Social Security Administration (SSA) is responsible for administering three major programs: Old-Age and Survivors In'
2026-08-21 01:16:12,715 [INFO] core.evaluator_v2: [snapkv] pred='The document outlines the financial challenges facing the RHB Fund, which supports postal retiree health benefits under '
2026-08-21 01:16:12,750 [INFO] core.evaluator_v2:   [25/30] avg=16.40
2026-08-21 01:16:22,845 [INFO] core.evaluator_v2: [snapkv] pred='The 116th Congress is likely to address various housing-related issues, including housing finance reform, federal housin'
2026-08-21 01:16:40,524 [INFO] core.evaluator_v2: [snapkv] pred='The National Popular Vote (NPV) initiative seeks to reform the U.S. presidential election system by establishing a direc'
2026-08-21 01:16:52,062 [INFO] core.evaluator_v2: [snapkv] pred='The Energy and Water Development appropriations bill outlines funding for various federal agencies, including the U.S. A'
2026-08-21 01:17:02,578 [INFO] core.evaluator_v2: [snapkv] pred='The federal government manages hundreds of thousands of buildings, costing billions annually. To improve efficiency and '
2026-08-21 01:17:15,118 [INFO] core.evaluator_v2: [snapkv] pred='The National Cemeteries Act of 1973 established the modern veterans’ cemetery system, managed by the VA’s National Cemet'
2026-08-21 01:17:15,138 [INFO] core.evaluator_v2:   [30/30] avg=16.41
2026-08-21 01:17:15,139 [INFO] __main__:   → score=16.41, collapse=0/30 (0.0%), mem_red=20.0%
2026-08-21 01:17:15,155 [INFO] core.results_manager: Results saved to results/v3_verified/exp6_sink_intervention_qwen3-4b_budget80_20260820_200418.csv
2026-08-21 01:17:15,226 [INFO] core.results_manager: JSON saved to results/v3_verified/exp6_sink_intervention_qwen3-4b_budget80_20260820_200418.json
2026-08-21 01:17:15,227 [INFO] __main__:   [중간 저장 완료] 27/30 설정
2026-08-21 01:17:15,228 [INFO] __main__: 
────────────────────────────────────────────────────────────
2026-08-21 01:17:15,230 [INFO] __main__: Method: SnapKV_m4 | Budget: 80% | kwargs={'sink_size': 4, 'invert_norm': True}
2026-08-21 01:17:15,230 [INFO] __main__: ────────────────────────────────────────────────────────────
2026-08-21 01:17:15,231 [INFO] __main__: 
  Task: qmsum
2026-08-21 01:17:15,232 [INFO] core.dataset_loader: Loading LongBench/qmsum ...
2026-08-21 01:17:15,326 [INFO] httpx: HTTP Request: GET https://huggingface.co/api/datasets/THUDM/LongBench/revision/5e628be450b7e67fb7ae6e201bd6d8f7056f7672 "HTTP/1.1 307 Temporary Redirect"
2026-08-21 01:17:15,361 [INFO] httpx: HTTP Request: GET https://huggingface.co/api/datasets/zai-org/LongBench/revision/5e628be450b7e67fb7ae6e201bd6d8f7056f7672 "HTTP/1.1 200 OK"
2026-08-21 01:17:15,862 [INFO] core.dataset_loader: Loaded 30 samples from qmsum
2026-08-21 01:17:15,864 [INFO] core.evaluator_v2: [snapkv] qmsum (30샘플, budget=80%, kwargs={'sink_size': 4, 'invert_norm': True})
2026-08-21 01:17:23,796 [INFO] core.evaluator_v2: [snapkv] pred='The document is a transcript of a project meeting where the team discusses the goals and structure of a design project t'
2026-08-21 01:17:33,052 [INFO] core.evaluator_v2: [snapkv] pred='The document is a meeting transcript between a project manager, industrial designer, user interface designer, and market'
2026-08-21 01:17:49,734 [INFO] core.evaluator_v2: [snapkv] pred='The document is a meeting transcript discussing progress and discussions related to a research project involving the Sma'
2026-08-21 01:18:00,402 [INFO] core.evaluator_v2: [snapkv] pred='The document is a detailed audio transcript of a team meeting discussing the development of a new remote control device.'
2026-08-21 01:18:10,187 [INFO] core.evaluator_v2: [snapkv] pred='The document is a transcript of a conceptual design meeting for a new remote control device. Key points include:\n\n- **De'
2026-08-21 01:18:10,193 [INFO] core.evaluator_v2:   [5/30] avg=8.40
2026-08-21 01:18:16,101 [WARNING] core.model_loader: Input length 18386 > max 16000, truncating...
2026-08-21 01:18:24,861 [INFO] core.evaluator_v2: [snapkv] pred='The document is a conversation among researchers discussing their work on noise-robust speech recognition experiments. K'
2026-08-21 01:18:25,308 [WARNING] core.model_loader: Input length 18553 > max 16000, truncating...
2026-08-21 01:18:37,455 [INFO] core.evaluator_v2: [snapkv] pred='The document is a conversation among graduate students and professors discussing a research project focused on understan'
2026-08-21 01:18:38,096 [WARNING] core.model_loader: Input length 16224 > max 16000, truncating...
2026-08-21 01:18:47,759 [INFO] core.evaluator_v2: [snapkv] pred='The Welsh Government is implementing a childcare funding scheme aimed at improving access to early education and childca'
2026-08-21 01:18:48,100 [WARNING] core.model_loader: Input length 16924 > max 16000, truncating...
2026-08-21 01:19:01,318 [INFO] core.evaluator_v2: [snapkv] pred='The meeting discussed several key issues related to transcription, data management, and system development. Key points i'
2026-08-21 01:19:10,851 [INFO] core.evaluator_v2: [snapkv] pred='The document is a transcript of a kick-off meeting for a new project involving the design of a remote control. Key point'
2026-08-21 01:19:10,855 [INFO] core.evaluator_v2:   [10/30] avg=7.62
2026-08-21 01:19:11,317 [WARNING] core.model_loader: Input length 16844 > max 16000, truncating...
2026-08-21 01:19:28,466 [INFO] core.evaluator_v2: [snapkv] pred='The document is a meeting transcript discussing a speech recognition project. Key points include:\n\n- **Setup and Equipme'
2026-08-21 01:19:29,131 [WARNING] core.model_loader: Input length 16224 > max 16000, truncating...
2026-08-21 01:19:38,992 [INFO] core.evaluator_v2: [snapkv] pred='The Welsh Government is implementing a childcare funding scheme aimed at improving access to early education and childca'
2026-08-21 01:19:53,293 [INFO] core.evaluator_v2: [snapkv] pred='The meeting of the Children, Young People and Education Committee addressed the impact of the coronavirus pandemic on ch'
2026-08-21 01:20:03,426 [INFO] core.evaluator_v2: [snapkv] pred='The document is a meeting transcript where the team reviews the design of a new remote control shaped like a banana. Key'
2026-08-21 01:20:15,459 [INFO] core.evaluator_v2: [snapkv] pred='The document outlines a project meeting where the team discusses the design of a new remote control. Key points include:'
2026-08-21 01:20:15,465 [INFO] core.evaluator_v2:   [15/30] avg=8.26
2026-08-21 01:20:26,005 [INFO] core.evaluator_v2: [snapkv] pred='The document is a transcript of a meeting between a Project Manager, Marketing, Industrial Designer, and User Interface '
2026-08-21 01:20:36,081 [INFO] core.evaluator_v2: [snapkv] pred='The document is a transcript of a kick-off meeting for a new project involving the design of a remote control. Key point'
2026-08-21 01:20:36,383 [WARNING] core.model_loader: Input length 16844 > max 16000, truncating...
2026-08-21 01:20:52,066 [INFO] core.evaluator_v2: [snapkv] pred='The document is a meeting transcript discussing a speech recognition project. Key points include:\n\n- **Setup and Equipme'
2026-08-21 01:21:02,639 [INFO] core.evaluator_v2: [snapkv] pred='The document is a transcript of a meeting between a Project Manager, Industrial Designer, User Interface specialist, and'
2026-08-21 01:21:12,966 [WARNING] core.model_loader: Input length 16224 > max 16000, truncating...
2026-08-21 01:21:23,160 [INFO] core.evaluator_v2: [snapkv] pred='The Welsh Government is implementing a childcare funding scheme aimed at improving access to early education and childca'
2026-08-21 01:21:23,167 [INFO] core.evaluator_v2:   [20/30] avg=8.90
2026-08-21 01:21:35,770 [INFO] core.evaluator_v2: [snapkv] pred='The document is a transcript of a project meeting where the team discusses the details of a new remote control prototype'
2026-08-21 01:21:39,741 [WARNING] core.model_loader: Input length 25564 > max 16000, truncating...
2026-08-21 01:21:49,549 [INFO] core.evaluator_v2: [snapkv] pred='The document details the 12th meeting of the House of Commons Special Committee on the COVID-19 Pandemic, which was held'
2026-08-21 01:21:50,873 [WARNING] core.model_loader: Input length 18386 > max 16000, truncating...
2026-08-21 01:22:03,271 [INFO] core.evaluator_v2: [snapkv] pred='The document is a conversation among researchers discussing their work on noise-robust speech recognition experiments. K'
2026-08-21 01:22:15,161 [INFO] core.evaluator_v2: [snapkv] pred='The document is a detailed audio transcript of a team meeting discussing the development of a new remote control device.'
2026-08-21 01:22:23,317 [INFO] core.evaluator_v2: [snapkv] pred='The document is a conversation among a Project Manager, User Interface designer, Industrial Designer, and Marketing repr'
2026-08-21 01:22:23,325 [INFO] core.evaluator_v2:   [25/30] avg=8.95
2026-08-21 01:22:32,087 [INFO] core.evaluator_v2: [snapkv] pred='The project team discusses the design and features of a new television remote control. Key points include:\n\n- The remote'
2026-08-21 01:22:44,450 [INFO] core.evaluator_v2: [snapkv] pred='The document is a transcript of a project meeting where the team discusses the details of a new remote control prototype'
2026-08-21 01:22:44,953 [WARNING] core.model_loader: Input length 18553 > max 16000, truncating...
2026-08-21 01:22:57,822 [INFO] core.evaluator_v2: [snapkv] pred='The document is a conversation among graduate students and professors discussing a research project focused on understan'
2026-08-21 01:23:15,534 [INFO] core.evaluator_v2: [snapkv] pred='The document is a transcript of a functional design meeting among a project manager, user interface designer, and indust'
2026-08-21 01:23:29,444 [INFO] core.evaluator_v2: [snapkv] pred='The document is a transcript of a kick-off meeting for a new project involving the design of a remote control. Key point'
2026-08-21 01:23:29,454 [INFO] core.evaluator_v2:   [30/30] avg=9.29
2026-08-21 01:23:29,456 [INFO] __main__:   → score=9.29, collapse=0/30 (0.0%), mem_red=20.0%
2026-08-21 01:23:29,458 [INFO] __main__: 
  Task: gov_report
2026-08-21 01:23:29,460 [INFO] core.dataset_loader: Loading LongBench/gov_report ...
2026-08-21 01:23:29,541 [INFO] httpx: HTTP Request: GET https://huggingface.co/api/datasets/THUDM/LongBench/revision/5e628be450b7e67fb7ae6e201bd6d8f7056f7672 "HTTP/1.1 307 Temporary Redirect"
2026-08-21 01:23:29,597 [INFO] httpx: HTTP Request: GET https://huggingface.co/api/datasets/zai-org/LongBench/revision/5e628be450b7e67fb7ae6e201bd6d8f7056f7672 "HTTP/1.1 200 OK"
2026-08-21 01:23:30,128 [INFO] core.dataset_loader: Loaded 30 samples from gov_report
2026-08-21 01:23:30,132 [INFO] core.evaluator_v2: [snapkv] gov_report (30샘플, budget=80%, kwargs={'sink_size': 4, 'invert_norm': True})
2026-08-21 01:23:42,525 [INFO] core.evaluator_v2: [snapkv] pred='The National Science Foundation (NSF) uses two programs, IPA and VSEE, to bring in rotators. IPA rotators are employed b'
2026-08-21 01:23:51,435 [INFO] core.evaluator_v2: [snapkv] pred='The document outlines the challenges and efforts in federal IT management and cybersecurity. Despite a $96 billion IT bu'
2026-08-21 01:23:51,832 [WARNING] core.model_loader: Input length 51949 > max 16000, truncating...
2026-08-21 01:24:09,848 [INFO] core.evaluator_v2: [snapkv] pred="**Summary:**\n\nThis report provides a comprehensive overview of China's actions in the South China Sea (SCS) and East Chi"
2026-08-21 01:24:11,540 [WARNING] core.model_loader: Input length 28135 > max 16000, truncating...
2026-08-21 01:24:26,657 [INFO] core.evaluator_v2: [snapkv] pred='The Clean Water Act (CWA) authorizes federal grants for wastewater treatment plant construction and related activities, '
2026-08-21 01:24:42,207 [INFO] core.evaluator_v2: [snapkv] pred='**Summary:**\n\nThe Department of Homeland Security (DHS) has faced significant internal control and financial management '
2026-08-21 01:24:42,270 [INFO] core.evaluator_v2:   [5/30] avg=15.96
2026-08-21 01:24:55,372 [INFO] core.evaluator_v2: [snapkv] pred='**Summary:**\n\nThe document outlines the ongoing challenges and efforts related to cybersecurity in federal agencies. It '
2026-08-21 01:25:17,892 [INFO] core.evaluator_v2: [snapkv] pred='The document outlines the historical context, legislative framework, and operational details of U.S. federal programs de'
2026-08-21 01:25:19,282 [WARNING] core.model_loader: Input length 19434 > max 16000, truncating...
2026-08-21 01:25:30,853 [INFO] core.evaluator_v2: [snapkv] pred='The Department of Defense (DOD) uses "Other Transaction" (OT) authorities to acquire goods and services, particularly fo'
2026-08-21 01:25:50,315 [INFO] core.evaluator_v2: [snapkv] pred='The document discusses the evolving role of cash in the payment system, highlighting the increasing adoption of electron'
2026-08-21 01:25:50,782 [WARNING] core.model_loader: Input length 41630 > max 16000, truncating...
2026-08-21 01:26:06,100 [INFO] core.evaluator_v2: [snapkv] pred='The Department of Homeland Security (DHS) has established policies and processes to manage its major acquisition program'
2026-08-21 01:26:06,123 [INFO] core.evaluator_v2:   [10/30] avg=14.65
2026-08-21 01:26:20,162 [INFO] core.evaluator_v2: [snapkv] pred='This report provides a detailed analysis of the Department of Homeland Security (DHS) appropriations for FY2019, compari'
2026-08-21 01:26:41,409 [INFO] core.evaluator_v2: [snapkv] pred="The U.S. federal government owns approximately 640 million acres, or about a quarter of the nation's land, with the majo"
2026-08-21 01:26:56,584 [INFO] core.evaluator_v2: [snapkv] pred='The document outlines the financial and operational aspects of the Black Lung Disability Trust Fund (BLTF), which provid'
2026-08-21 01:27:16,436 [INFO] core.evaluator_v2: [snapkv] pred='The document provides a comprehensive overview of the U.S. foreign aid program, detailing its historical evolution, obje'
2026-08-21 01:27:32,156 [INFO] core.evaluator_v2: [snapkv] pred='**Summary:**\n\nIn 2016, coal accounted for 17% of U.S. energy production and 30% of electricity generation, with 730 mill'
2026-08-21 01:27:32,180 [INFO] core.evaluator_v2:   [15/30] avg=15.59
2026-08-21 01:27:40,803 [INFO] core.evaluator_v2: [snapkv] pred="The Public Safety Officers' Benefits (PSOB) and Educational Assistance (PSOEA) programs provide financial support to the"
2026-08-21 01:27:48,300 [INFO] core.evaluator_v2: [snapkv] pred="The document outlines the FBI's challenges with its headquarters, particularly the Hoover Building, since 2011. Key issu"
2026-08-21 01:27:57,530 [INFO] core.evaluator_v2: [snapkv] pred='The document discusses challenges the Department of Veterans Affairs (VA) faces in aligning its medical facilities and s'
2026-08-21 01:28:13,209 [INFO] core.evaluator_v2: [snapkv] pred='The document provides an overview of the FY2019 budget request and appropriations for the International Trade Administra'
2026-08-21 01:28:28,102 [INFO] core.evaluator_v2: [snapkv] pred='The document outlines the federal Black Lung Disability Trust Fund, which provides benefits to coal miners affected by c'
2026-08-21 01:28:28,164 [INFO] core.evaluator_v2:   [20/30] avg=16.62
2026-08-21 01:28:47,477 [INFO] core.evaluator_v2: [snapkv] pred='**Summary:**\n\nThe document provides an in-depth analysis of the technology sector in the United States, focusing on empl'
2026-08-21 01:29:04,108 [INFO] core.evaluator_v2: [snapkv] pred='**Summary:**\n\nThe document outlines the current state of Internet privacy in the United States, highlighting the lack of'
2026-08-21 01:29:18,892 [INFO] core.evaluator_v2: [snapkv] pred='**Summary:**\n\nOver the past 30 years, there has been a shift from defined benefit (DB) to defined contribution (DC) reti'
2026-08-21 01:29:33,255 [INFO] core.evaluator_v2: [snapkv] pred='The Social Security Administration (SSA) is responsible for administering three major programs: Old-Age and Survivors In'
2026-08-21 01:29:52,385 [INFO] core.evaluator_v2: [snapkv] pred='The document outlines the financial challenges facing the RHB Fund, which supports postal retiree health benefits under '
2026-08-21 01:29:52,414 [INFO] core.evaluator_v2:   [25/30] avg=16.57
2026-08-21 01:30:02,231 [INFO] core.evaluator_v2: [snapkv] pred='The 116th Congress is likely to address various housing-related issues, including housing finance reform, federal housin'
2026-08-21 01:30:19,684 [INFO] core.evaluator_v2: [snapkv] pred='The National Popular Vote (NPV) initiative seeks to reform the U.S. presidential election system by establishing a direc'
2026-08-21 01:30:39,473 [INFO] core.evaluator_v2: [snapkv] pred='The Energy and Water Development appropriations bill outlines funding for various federal agencies, including the U.S. A'
2026-08-21 01:30:51,056 [INFO] core.evaluator_v2: [snapkv] pred='The federal government manages hundreds of thousands of buildings, costing billions annually. To improve efficiency and '
2026-08-21 01:31:03,243 [INFO] core.evaluator_v2: [snapkv] pred='The National Cemeteries Act of 1973 established the modern veterans’ cemetery system, managed by the VA’s National Cemet'
2026-08-21 01:31:03,262 [INFO] core.evaluator_v2:   [30/30] avg=16.56
2026-08-21 01:31:03,264 [INFO] __main__:   → score=16.56, collapse=0/30 (0.0%), mem_red=20.0%
2026-08-21 01:31:03,277 [INFO] core.results_manager: Results saved to results/v3_verified/exp6_sink_intervention_qwen3-4b_budget80_20260820_200418.csv
2026-08-21 01:31:03,345 [INFO] core.results_manager: JSON saved to results/v3_verified/exp6_sink_intervention_qwen3-4b_budget80_20260820_200418.json
2026-08-21 01:31:03,346 [INFO] __main__:   [중간 저장 완료] 28/30 설정
2026-08-21 01:31:03,347 [INFO] __main__: 
────────────────────────────────────────────────────────────
2026-08-21 01:31:03,348 [INFO] __main__: Method: SnapKV_m8 | Budget: 80% | kwargs={'sink_size': 8, 'invert_norm': True}
2026-08-21 01:31:03,348 [INFO] __main__: ────────────────────────────────────────────────────────────
2026-08-21 01:31:03,349 [INFO] __main__: 
  Task: qmsum
2026-08-21 01:31:03,349 [INFO] core.dataset_loader: Loading LongBench/qmsum ...
2026-08-21 01:31:03,477 [INFO] httpx: HTTP Request: GET https://huggingface.co/api/datasets/THUDM/LongBench/revision/5e628be450b7e67fb7ae6e201bd6d8f7056f7672 "HTTP/1.1 307 Temporary Redirect"
2026-08-21 01:31:03,509 [INFO] httpx: HTTP Request: GET https://huggingface.co/api/datasets/zai-org/LongBench/revision/5e628be450b7e67fb7ae6e201bd6d8f7056f7672 "HTTP/1.1 200 OK"
2026-08-21 01:31:03,948 [INFO] core.dataset_loader: Loaded 30 samples from qmsum
2026-08-21 01:31:03,949 [INFO] core.evaluator_v2: [snapkv] qmsum (30샘플, budget=80%, kwargs={'sink_size': 8, 'invert_norm': True})
2026-08-21 01:31:12,651 [INFO] core.evaluator_v2: [snapkv] pred='The document is a transcript of a project meeting where the team discusses the goals and structure of a design project t'
2026-08-21 01:31:26,188 [INFO] core.evaluator_v2: [snapkv] pred='The document is a meeting transcript between a project team discussing the design of a new remote control. Key points in'
2026-08-21 01:31:43,278 [INFO] core.evaluator_v2: [snapkv] pred='The document is a meeting transcript discussing progress and discussions related to a research project involving the Sma'
2026-08-21 01:32:02,138 [INFO] core.evaluator_v2: [snapkv] pred='The document is a detailed audio transcript of a team meeting discussing the development of a new remote control device.'
2026-08-21 01:32:20,899 [INFO] core.evaluator_v2: [snapkv] pred='The document is a transcript of a conceptual design meeting for a new remote control device. Key points include:\n\n- **De'
2026-08-21 01:32:20,905 [INFO] core.evaluator_v2:   [5/30] avg=8.03
2026-08-21 01:32:21,318 [WARNING] core.model_loader: Input length 18386 > max 16000, truncating...
2026-08-21 01:32:30,931 [INFO] core.evaluator_v2: [snapkv] pred='The document is a conversation among researchers discussing their work on noise-robust speech recognition experiments. K'
2026-08-21 01:32:32,105 [WARNING] core.model_loader: Input length 18553 > max 16000, truncating...
2026-08-21 01:32:42,405 [INFO] core.evaluator_v2: [snapkv] pred='The document is a conversation among graduate students and professors discussing a research project focused on understan'
2026-08-21 01:32:43,231 [WARNING] core.model_loader: Input length 16224 > max 16000, truncating...
2026-08-21 01:32:52,923 [INFO] core.evaluator_v2: [snapkv] pred='The Welsh Government is implementing a childcare funding scheme aimed at improving access to early education and childca'
2026-08-21 01:32:53,350 [WARNING] core.model_loader: Input length 16924 > max 16000, truncating...
2026-08-21 01:33:07,812 [INFO] core.evaluator_v2: [snapkv] pred='The meeting discussed several key issues related to transcription, data management, and system development. Key points i'
2026-08-21 01:33:17,195 [INFO] core.evaluator_v2: [snapkv] pred='The document is a transcript of a kick-off meeting for a new project involving the design of a remote control. Key point'
2026-08-21 01:33:17,199 [INFO] core.evaluator_v2:   [10/30] avg=7.90
2026-08-21 01:33:19,985 [WARNING] core.model_loader: Input length 16844 > max 16000, truncating...
2026-08-21 01:33:36,077 [INFO] core.evaluator_v2: [snapkv] pred='The document is a meeting transcript discussing a speech recognition project. Key points include:\n\n- **Setup and Equipme'
2026-08-21 01:33:37,053 [WARNING] core.model_loader: Input length 16224 > max 16000, truncating...
2026-08-21 01:33:45,748 [INFO] core.evaluator_v2: [snapkv] pred='The Welsh Government is implementing a childcare funding scheme aimed at improving access to early education and childca'
2026-08-21 01:33:53,839 [INFO] core.evaluator_v2: [snapkv] pred='The meeting of the Children, Young People and Education Committee addressed the impact of the coronavirus pandemic on ch'
2026-08-21 01:34:03,474 [INFO] core.evaluator_v2: [snapkv] pred='The document is a meeting transcript where the team reviews the design of a new remote control shaped like a banana. Key'
2026-08-21 01:34:17,178 [INFO] core.evaluator_v2: [snapkv] pred='The document outlines a project meeting where the team discusses the design of a new remote control. Key points include:'
2026-08-21 01:34:17,184 [INFO] core.evaluator_v2:   [15/30] avg=8.45
2026-08-21 01:34:31,257 [INFO] core.evaluator_v2: [snapkv] pred='The document is a transcript of a meeting between a Project Manager, Marketing, Industrial Designer, and User Interface '
2026-08-21 01:34:42,651 [INFO] core.evaluator_v2: [snapkv] pred='The document is a transcript of a kick-off meeting for a new project involving the design of a remote control. Key point'
2026-08-21 01:34:43,019 [WARNING] core.model_loader: Input length 16844 > max 16000, truncating...
2026-08-21 01:34:59,323 [INFO] core.evaluator_v2: [snapkv] pred='The document is a meeting transcript discussing a speech recognition project. Key points include:\n\n- **Setup and Equipme'
2026-08-21 01:35:10,337 [INFO] core.evaluator_v2: [snapkv] pred='The document is a transcript of a meeting between a Project Manager, Industrial Designer, User Interface specialist, and'
2026-08-21 01:35:11,320 [WARNING] core.model_loader: Input length 16224 > max 16000, truncating...
2026-08-21 01:35:21,322 [INFO] core.evaluator_v2: [snapkv] pred='The Welsh Government is implementing a childcare funding scheme aimed at improving access to early education and childca'
2026-08-21 01:35:21,329 [INFO] core.evaluator_v2:   [20/30] avg=9.08
2026-08-21 01:35:32,824 [INFO] core.evaluator_v2: [snapkv] pred='The document is a transcript of a project meeting where the team discusses the details of a new remote control prototype'
2026-08-21 01:35:33,176 [WARNING] core.model_loader: Input length 25564 > max 16000, truncating...
2026-08-21 01:35:42,264 [INFO] core.evaluator_v2: [snapkv] pred='The document details the 12th meeting of the House of Commons Special Committee on the COVID-19 Pandemic, which was held'
2026-08-21 01:35:42,592 [WARNING] core.model_loader: Input length 18386 > max 16000, truncating...
2026-08-21 01:35:52,263 [INFO] core.evaluator_v2: [snapkv] pred='The document is a conversation among researchers discussing their work on noise-robust speech recognition experiments. K'
2026-08-21 01:36:01,301 [INFO] core.evaluator_v2: [snapkv] pred='The document is a detailed audio transcript of a team meeting discussing the development of a new remote control device.'
2026-08-21 01:36:07,835 [INFO] core.evaluator_v2: [snapkv] pred='The document is a conversation among a Project Manager, User Interface designer, Industrial Designer, and Marketing repr'
2026-08-21 01:36:07,840 [INFO] core.evaluator_v2:   [25/30] avg=9.04
2026-08-21 01:36:16,109 [INFO] core.evaluator_v2: [snapkv] pred='The project team discusses the design and features of a new television remote control. Key points include:\n\n- The remote'
2026-08-21 01:36:26,147 [INFO] core.evaluator_v2: [snapkv] pred='The document is a transcript of a project meeting where the team discusses the details of a new remote control prototype'
2026-08-21 01:36:26,357 [WARNING] core.model_loader: Input length 18553 > max 16000, truncating...
2026-08-21 01:36:35,886 [INFO] core.evaluator_v2: [snapkv] pred='The document is a conversation among graduate students and professors discussing a research project focused on understan'
2026-08-21 01:36:50,073 [INFO] core.evaluator_v2: [snapkv] pred='The document is a transcript of a functional design meeting among a project manager, industrial designer, and user inter'
2026-08-21 01:36:57,869 [INFO] core.evaluator_v2: [snapkv] pred='The document is a transcript of a kick-off meeting for a new project involving the design of a remote control. Key point'
2026-08-21 01:36:57,873 [INFO] core.evaluator_v2:   [30/30] avg=9.44
2026-08-21 01:36:57,874 [INFO] __main__:   → score=9.44, collapse=0/30 (0.0%), mem_red=20.0%
2026-08-21 01:36:57,875 [INFO] __main__: 
  Task: gov_report
2026-08-21 01:36:57,875 [INFO] core.dataset_loader: Loading LongBench/gov_report ...
2026-08-21 01:36:57,953 [INFO] httpx: HTTP Request: GET https://huggingface.co/api/datasets/THUDM/LongBench/revision/5e628be450b7e67fb7ae6e201bd6d8f7056f7672 "HTTP/1.1 307 Temporary Redirect"
2026-08-21 01:36:57,988 [INFO] httpx: HTTP Request: GET https://huggingface.co/api/datasets/zai-org/LongBench/revision/5e628be450b7e67fb7ae6e201bd6d8f7056f7672 "HTTP/1.1 200 OK"
2026-08-21 01:36:58,505 [INFO] core.dataset_loader: Loaded 30 samples from gov_report
2026-08-21 01:36:58,521 [INFO] core.evaluator_v2: [snapkv] gov_report (30샘플, budget=80%, kwargs={'sink_size': 8, 'invert_norm': True})
2026-08-21 01:37:06,984 [INFO] core.evaluator_v2: [snapkv] pred='The National Science Foundation (NSF) uses two programs, IPA and VSEE, to bring in rotators. IPA rotators are employed b'
2026-08-21 01:37:14,868 [INFO] core.evaluator_v2: [snapkv] pred='The document outlines the challenges and efforts in federal IT management and cybersecurity. Despite a $96 billion IT bu'
2026-08-21 01:37:15,222 [WARNING] core.model_loader: Input length 51949 > max 16000, truncating...
2026-08-21 01:37:31,335 [INFO] core.evaluator_v2: [snapkv] pred="**Summary:**\n\nThis report provides a comprehensive overview of China's actions in the South China Sea (SCS) and East Chi"
2026-08-21 01:37:31,637 [WARNING] core.model_loader: Input length 28135 > max 16000, truncating...
2026-08-21 01:37:45,357 [INFO] core.evaluator_v2: [snapkv] pred='The Clean Water Act (CWA) authorizes federal grants for wastewater treatment plant construction and related activities, '
2026-08-21 01:37:59,073 [INFO] core.evaluator_v2: [snapkv] pred='**Summary:**\n\nThe Department of Homeland Security (DHS) has faced significant internal control and financial management '
2026-08-21 01:37:59,105 [INFO] core.evaluator_v2:   [5/30] avg=15.71
2026-08-21 01:38:10,774 [INFO] core.evaluator_v2: [snapkv] pred='**Summary:**\n\nThe document outlines the ongoing challenges and efforts related to cybersecurity in federal agencies. It '
2026-08-21 01:38:19,943 [INFO] core.evaluator_v2: [snapkv] pred='The document outlines the historical context, legislative framework, and operational details of U.S. federal programs de'
2026-08-21 01:38:20,162 [WARNING] core.model_loader: Input length 19434 > max 16000, truncating...
2026-08-21 01:38:29,403 [INFO] core.evaluator_v2: [snapkv] pred='The Department of Defense (DOD) uses "Other Transaction" (OT) authorities to acquire goods and services, particularly fo'
2026-08-21 01:38:38,963 [INFO] core.evaluator_v2: [snapkv] pred='The document discusses the evolving role of cash in the payment system, highlighting the increasing adoption of electron'
2026-08-21 01:38:39,474 [WARNING] core.model_loader: Input length 41630 > max 16000, truncating...
2026-08-21 01:38:52,479 [INFO] core.evaluator_v2: [snapkv] pred='The Department of Homeland Security (DHS) has established policies and processes to manage its major acquisition program'
2026-08-21 01:38:52,501 [INFO] core.evaluator_v2:   [10/30] avg=14.48
2026-08-21 01:39:02,094 [INFO] core.evaluator_v2: [snapkv] pred='This report provides a detailed analysis of the Department of Homeland Security (DHS) appropriations for FY2019, compari'
2026-08-21 01:39:11,052 [INFO] core.evaluator_v2: [snapkv] pred="The U.S. federal government owns approximately 640 million acres, or a quarter of the nation's land, primarily in the we"
2026-08-21 01:39:23,394 [INFO] core.evaluator_v2: [snapkv] pred='The document outlines the financial and operational aspects of the Black Lung Disability Trust Fund (BLTF), which provid'
2026-08-21 01:39:39,443 [INFO] core.evaluator_v2: [snapkv] pred='The document provides a comprehensive overview of the U.S. foreign aid program, detailing its historical evolution, obje'
2026-08-21 01:39:53,607 [INFO] core.evaluator_v2: [snapkv] pred='**Summary:**\n\nIn 2016, coal accounted for 17% of U.S. energy production and 30% of electricity generation, with 730 mill'
2026-08-21 01:39:53,642 [INFO] core.evaluator_v2:   [15/30] avg=15.45
2026-08-21 01:40:00,516 [INFO] core.evaluator_v2: [snapkv] pred="The Public Safety Officers' Benefits (PSOB) and Educational Assistance (PSOEA) programs provide financial support to the"
2026-08-21 01:40:06,514 [INFO] core.evaluator_v2: [snapkv] pred="The document outlines the FBI's challenges with its headquarters, particularly the Hoover Building, since 2011. Key issu"
2026-08-21 01:40:15,052 [INFO] core.evaluator_v2: [snapkv] pred='The document discusses challenges the Department of Veterans Affairs (VA) faces in aligning its medical facilities and s'
2026-08-21 01:40:28,712 [INFO] core.evaluator_v2: [snapkv] pred='The document provides an overview of the FY2019 budget request and appropriations for the International Trade Administra'
2026-08-21 01:40:39,957 [INFO] core.evaluator_v2: [snapkv] pred='The document outlines the federal Black Lung Disability Trust Fund, which provides benefits to coal miners affected by c'
2026-08-21 01:40:39,979 [INFO] core.evaluator_v2:   [20/30] avg=16.52
2026-08-21 01:40:57,208 [INFO] core.evaluator_v2: [snapkv] pred='**Summary:**\n\nThe document provides an in-depth analysis of the technology sector in the United States, focusing on empl'
2026-08-21 01:41:12,901 [INFO] core.evaluator_v2: [snapkv] pred='**Summary:**\n\nThe document outlines the current state of Internet privacy in the United States, highlighting the lack of'
2026-08-21 01:41:24,974 [INFO] core.evaluator_v2: [snapkv] pred='**Summary:**\n\nOver the past 30 years, there has been a shift from defined benefit (DB) to defined contribution (DC) reti'
2026-08-21 01:41:34,916 [INFO] core.evaluator_v2: [snapkv] pred='The Social Security Administration (SSA) is responsible for administering three major programs: Old-Age and Survivors In'
2026-08-21 01:41:47,339 [INFO] core.evaluator_v2: [snapkv] pred='The document outlines the financial challenges facing the RHB Fund, which supports postal retiree health benefits under '
2026-08-21 01:41:47,369 [INFO] core.evaluator_v2:   [25/30] avg=16.51
2026-08-21 01:41:55,923 [INFO] core.evaluator_v2: [snapkv] pred='The 116th Congress is likely to address various housing-related issues, including housing finance reform, federal housin'
2026-08-21 01:42:10,481 [INFO] core.evaluator_v2: [snapkv] pred='The National Popular Vote (NPV) initiative seeks to reform the U.S. presidential election system by establishing a direc'
2026-08-21 01:42:29,371 [INFO] core.evaluator_v2: [snapkv] pred='The document outlines the FY2020 Energy and Water Development appropriations bill, which funds various federal agencies '
2026-08-21 01:42:37,806 [INFO] core.evaluator_v2: [snapkv] pred='The federal government manages hundreds of thousands of buildings, costing billions annually. To improve efficiency and '
2026-08-21 01:42:48,622 [INFO] core.evaluator_v2: [snapkv] pred='The National Cemeteries Act of 1973 established the modern veterans’ cemetery system, managed by the VA’s National Cemet'
2026-08-21 01:42:48,640 [INFO] core.evaluator_v2:   [30/30] avg=16.64
2026-08-21 01:42:48,641 [INFO] __main__:   → score=16.64, collapse=0/30 (0.0%), mem_red=20.0%
2026-08-21 01:42:48,654 [INFO] core.results_manager: Results saved to results/v3_verified/exp6_sink_intervention_qwen3-4b_budget80_20260820_200418.csv
2026-08-21 01:42:48,729 [INFO] core.results_manager: JSON saved to results/v3_verified/exp6_sink_intervention_qwen3-4b_budget80_20260820_200418.json
2026-08-21 01:42:48,730 [INFO] __main__:   [중간 저장 완료] 29/30 설정
2026-08-21 01:42:48,731 [INFO] __main__: 
────────────────────────────────────────────────────────────
2026-08-21 01:42:48,732 [INFO] __main__: Method: SnapKV_m16 | Budget: 80% | kwargs={'sink_size': 16, 'invert_norm': True}
2026-08-21 01:42:48,732 [INFO] __main__: ────────────────────────────────────────────────────────────
2026-08-21 01:42:48,734 [INFO] __main__: 
  Task: qmsum
2026-08-21 01:42:48,734 [INFO] core.dataset_loader: Loading LongBench/qmsum ...
2026-08-21 01:42:48,802 [INFO] httpx: HTTP Request: GET https://huggingface.co/api/datasets/THUDM/LongBench/revision/5e628be450b7e67fb7ae6e201bd6d8f7056f7672 "HTTP/1.1 307 Temporary Redirect"
2026-08-21 01:42:48,834 [INFO] httpx: HTTP Request: GET https://huggingface.co/api/datasets/zai-org/LongBench/revision/5e628be450b7e67fb7ae6e201bd6d8f7056f7672 "HTTP/1.1 200 OK"
2026-08-21 01:42:49,263 [INFO] core.dataset_loader: Loaded 30 samples from qmsum
2026-08-21 01:42:49,265 [INFO] core.evaluator_v2: [snapkv] qmsum (30샘플, budget=80%, kwargs={'sink_size': 16, 'invert_norm': True})
2026-08-21 01:42:56,289 [INFO] core.evaluator_v2: [snapkv] pred='The document is a transcript of a project meeting where the team discusses the goals and structure of a design project t'
2026-08-21 01:43:04,565 [INFO] core.evaluator_v2: [snapkv] pred='The document is a meeting transcript between a project manager, industrial designer, user interface designer, and market'
2026-08-21 01:43:19,096 [INFO] core.evaluator_v2: [snapkv] pred='The document is a meeting transcript discussing progress and discussions related to a research project involving the Sma'
2026-08-21 01:43:27,409 [INFO] core.evaluator_v2: [snapkv] pred='The document is a detailed audio transcript of a team meeting discussing the development of a new remote control device.'
2026-08-21 01:43:35,409 [INFO] core.evaluator_v2: [snapkv] pred='The document is a transcript of a conceptual design meeting for a new remote control device. Key points include:\n\n- **De'
2026-08-21 01:43:35,426 [INFO] core.evaluator_v2:   [5/30] avg=8.48
2026-08-21 01:43:35,614 [WARNING] core.model_loader: Input length 18386 > max 16000, truncating...
2026-08-21 01:43:43,900 [INFO] core.evaluator_v2: [snapkv] pred='The document is a conversation among researchers discussing their work on noise-robust speech recognition experiments. K'
2026-08-21 01:43:44,152 [WARNING] core.model_loader: Input length 18553 > max 16000, truncating...
2026-08-21 01:43:53,624 [INFO] core.evaluator_v2: [snapkv] pred='The document is a conversation among graduate students and professors discussing a research project focused on understan'
2026-08-21 01:43:53,836 [WARNING] core.model_loader: Input length 16224 > max 16000, truncating...
2026-08-21 01:44:02,220 [INFO] core.evaluator_v2: [snapkv] pred='The Welsh Government is implementing a childcare funding scheme aimed at improving access to early education and childca'
2026-08-21 01:44:02,419 [WARNING] core.model_loader: Input length 16924 > max 16000, truncating...
2026-08-21 01:44:13,889 [INFO] core.evaluator_v2: [snapkv] pred='The meeting discussed several key issues related to transcription, data management, and system development. Key points i'
2026-08-21 01:44:21,508 [INFO] core.evaluator_v2: [snapkv] pred='The document is a transcript of a kick-off meeting for a new project involving the design of a remote control. Key point'
2026-08-21 01:44:21,521 [INFO] core.evaluator_v2:   [10/30] avg=7.84
2026-08-21 01:44:21,705 [WARNING] core.model_loader: Input length 16844 > max 16000, truncating...
2026-08-21 01:44:32,836 [INFO] core.evaluator_v2: [snapkv] pred='The document is a meeting transcript discussing a speech recognition project. Key points include:\n\n- **Setup and Equipme'
2026-08-21 01:44:33,069 [WARNING] core.model_loader: Input length 16224 > max 16000, truncating...
2026-08-21 01:44:41,577 [INFO] core.evaluator_v2: [snapkv] pred='The Welsh Government is implementing a childcare funding scheme aimed at improving access to early education and childca'
2026-08-21 01:44:49,121 [INFO] core.evaluator_v2: [snapkv] pred='The meeting of the Children, Young People and Education Committee addressed the impact of the coronavirus pandemic on ch'
2026-08-21 01:44:57,947 [INFO] core.evaluator_v2: [snapkv] pred='The document is a meeting transcript where the team reviews the design of a new remote control shaped like a banana. Key'
2026-08-21 01:45:08,141 [INFO] core.evaluator_v2: [snapkv] pred='The document outlines a project meeting where the team discusses the design of a new remote control. Key points include:'
2026-08-21 01:45:08,145 [INFO] core.evaluator_v2:   [15/30] avg=8.43
2026-08-21 01:45:16,095 [INFO] core.evaluator_v2: [snapkv] pred='The document is a transcript of a meeting between a Project Manager, Marketing, Industrial Designer, and User Interface '
2026-08-21 01:45:23,831 [INFO] core.evaluator_v2: [snapkv] pred='The document is a transcript of a kick-off meeting for a new project involving the design of a remote control. Key point'
2026-08-21 01:45:24,009 [WARNING] core.model_loader: Input length 16844 > max 16000, truncating...
2026-08-21 01:45:35,110 [INFO] core.evaluator_v2: [snapkv] pred='The document is a meeting transcript discussing a speech recognition project. Key points include:\n\n- **Setup and Equipme'
2026-08-21 01:45:44,453 [INFO] core.evaluator_v2: [snapkv] pred='The document is a transcript of a meeting between a Project Manager, Industrial Designer, User Interface specialist, and'
2026-08-21 01:45:44,658 [WARNING] core.model_loader: Input length 16224 > max 16000, truncating...
2026-08-21 01:45:53,056 [INFO] core.evaluator_v2: [snapkv] pred='The Welsh Government is implementing a childcare funding scheme aimed at improving access to early education and childca'
2026-08-21 01:45:53,060 [INFO] core.evaluator_v2:   [20/30] avg=9.11
2026-08-21 01:46:02,927 [INFO] core.evaluator_v2: [snapkv] pred='The document is a transcript of a project meeting where the team discusses the details of a new remote control prototype'
2026-08-21 01:46:03,182 [WARNING] core.model_loader: Input length 25564 > max 16000, truncating...
2026-08-21 01:46:11,032 [INFO] core.evaluator_v2: [snapkv] pred='The document details the 12th meeting of the House of Commons Special Committee on the COVID-19 Pandemic, which was held'
2026-08-21 01:46:11,288 [WARNING] core.model_loader: Input length 18386 > max 16000, truncating...
2026-08-21 01:46:19,563 [INFO] core.evaluator_v2: [snapkv] pred='The document is a conversation among researchers discussing their work on noise-robust speech recognition experiments. K'
2026-08-21 01:46:27,862 [INFO] core.evaluator_v2: [snapkv] pred='The document is a detailed audio transcript of a team meeting discussing the development of a new remote control device.'
2026-08-21 01:46:33,959 [INFO] core.evaluator_v2: [snapkv] pred='The document is a conversation among a Project Manager, User Interface designer, Industrial Designer, and Marketing repr'
2026-08-21 01:46:33,965 [INFO] core.evaluator_v2:   [25/30] avg=9.16
2026-08-21 01:46:42,224 [INFO] core.evaluator_v2: [snapkv] pred='The project team discusses the design and features of a new television remote control. Key points include:\n\n- The remote'
2026-08-21 01:46:51,957 [INFO] core.evaluator_v2: [snapkv] pred='The document is a transcript of a project meeting where the team discusses the details of a new remote control prototype'
2026-08-21 01:46:52,296 [WARNING] core.model_loader: Input length 18553 > max 16000, truncating...
2026-08-21 01:47:01,809 [INFO] core.evaluator_v2: [snapkv] pred='The document is a conversation among graduate students and professors discussing a research project focused on understan'
2026-08-21 01:47:16,221 [INFO] core.evaluator_v2: [snapkv] pred='The document is a transcript of a functional design meeting among a project manager, industrial designer, and user inter'
2026-08-21 01:47:24,610 [INFO] core.evaluator_v2: [snapkv] pred='The document is a transcript of a kick-off meeting for a new project involving the design of a remote control. Key point'
2026-08-21 01:47:24,621 [INFO] core.evaluator_v2:   [30/30] avg=9.55
2026-08-21 01:47:24,623 [INFO] __main__:   → score=9.55, collapse=0/30 (0.0%), mem_red=20.0%
2026-08-21 01:47:24,624 [INFO] __main__: 
  Task: gov_report
2026-08-21 01:47:24,625 [INFO] core.dataset_loader: Loading LongBench/gov_report ...
2026-08-21 01:47:24,686 [INFO] httpx: HTTP Request: GET https://huggingface.co/api/datasets/THUDM/LongBench/revision/5e628be450b7e67fb7ae6e201bd6d8f7056f7672 "HTTP/1.1 307 Temporary Redirect"
2026-08-21 01:47:24,715 [INFO] httpx: HTTP Request: GET https://huggingface.co/api/datasets/zai-org/LongBench/revision/5e628be450b7e67fb7ae6e201bd6d8f7056f7672 "HTTP/1.1 200 OK"
2026-08-21 01:47:25,145 [INFO] core.dataset_loader: Loaded 30 samples from gov_report
2026-08-21 01:47:25,148 [INFO] core.evaluator_v2: [snapkv] gov_report (30샘플, budget=80%, kwargs={'sink_size': 16, 'invert_norm': True})
2026-08-21 01:47:32,470 [INFO] core.evaluator_v2: [snapkv] pred='The National Science Foundation (NSF) uses two programs, IPA and VSEE, to bring in rotators. IPA rotators are employed b'
2026-08-21 01:47:40,200 [INFO] core.evaluator_v2: [snapkv] pred='The document outlines the challenges and efforts in federal IT management and cybersecurity. Despite a $96 billion IT bu'
2026-08-21 01:47:40,713 [WARNING] core.model_loader: Input length 51949 > max 16000, truncating...
2026-08-21 01:47:59,999 [INFO] core.evaluator_v2: [snapkv] pred="**Summary:**\n\nThis report provides a comprehensive overview of China's actions in the South China Sea (SCS) and East Chi"
2026-08-21 01:48:00,401 [WARNING] core.model_loader: Input length 28135 > max 16000, truncating...
2026-08-21 01:48:12,958 [INFO] core.evaluator_v2: [snapkv] pred='The Clean Water Act (CWA) authorizes federal grants for wastewater treatment plant construction and related activities, '
2026-08-21 01:48:26,496 [INFO] core.evaluator_v2: [snapkv] pred='**Summary:**\n\nThe Department of Homeland Security (DHS) has faced significant internal control and financial management '
2026-08-21 01:48:26,528 [INFO] core.evaluator_v2:   [5/30] avg=16.00
2026-08-21 01:48:37,814 [INFO] core.evaluator_v2: [snapkv] pred='**Summary:**\n\nThe document outlines the ongoing challenges and efforts related to cybersecurity in federal agencies. It '
2026-08-21 01:48:47,470 [INFO] core.evaluator_v2: [snapkv] pred='The document outlines the historical context, legislative framework, and operational details of U.S. federal programs de'
2026-08-21 01:48:47,697 [WARNING] core.model_loader: Input length 19434 > max 16000, truncating...
2026-08-21 01:48:56,615 [INFO] core.evaluator_v2: [snapkv] pred='The Department of Defense (DOD) uses "Other Transaction" (OT) authorities to acquire goods and services, particularly fo'
2026-08-21 01:49:07,331 [INFO] core.evaluator_v2: [snapkv] pred='The document discusses the evolving role of cash in the payment system, highlighting the increasing adoption of electron'
2026-08-21 01:49:07,619 [WARNING] core.model_loader: Input length 41630 > max 16000, truncating...
2026-08-21 01:49:20,608 [INFO] core.evaluator_v2: [snapkv] pred='The Department of Homeland Security (DHS) has established policies and processes to manage its major acquisition program'
2026-08-21 01:49:20,647 [INFO] core.evaluator_v2:   [10/30] avg=14.82
2026-08-21 01:49:30,390 [INFO] core.evaluator_v2: [snapkv] pred='This report provides a detailed analysis of the Department of Homeland Security (DHS) appropriations for FY2019, compari'
2026-08-21 01:49:39,241 [INFO] core.evaluator_v2: [snapkv] pred="The U.S. federal government owns approximately 640 million acres, or a quarter of the nation's land, primarily in the we"
2026-08-21 01:49:51,602 [INFO] core.evaluator_v2: [snapkv] pred='The document outlines the financial and operational aspects of the Black Lung Disability Trust Fund (BLTF), which provid'
2026-08-21 01:50:07,483 [INFO] core.evaluator_v2: [snapkv] pred='The document provides a comprehensive overview of the U.S. foreign aid program, detailing its historical evolution, obje'
2026-08-21 01:50:21,056 [INFO] core.evaluator_v2: [snapkv] pred='**Summary:**\n\nIn 2016, coal accounted for 17% of U.S. energy production and 30% of electricity generation, with 730 mill'
2026-08-21 01:50:21,081 [INFO] core.evaluator_v2:   [15/30] avg=15.67
2026-08-21 01:50:27,921 [INFO] core.evaluator_v2: [snapkv] pred="The Public Safety Officers' Benefits (PSOB) and Educational Assistance (PSOEA) programs provide financial support to the"
2026-08-21 01:50:33,798 [INFO] core.evaluator_v2: [snapkv] pred="The document outlines the FBI's challenges with its headquarters, particularly the Hoover Building, since 2011. Key issu"
2026-08-21 01:50:42,305 [INFO] core.evaluator_v2: [snapkv] pred='The document discusses challenges the Department of Veterans Affairs (VA) faces in aligning its medical facilities and s'
2026-08-21 01:50:55,866 [INFO] core.evaluator_v2: [snapkv] pred='The document provides an overview of the FY2019 budget request and appropriations for the International Trade Administra'
2026-08-21 01:51:06,809 [INFO] core.evaluator_v2: [snapkv] pred='The document outlines the federal Black Lung Disability Trust Fund, which provides benefits to coal miners affected by c'
2026-08-21 01:51:06,835 [INFO] core.evaluator_v2:   [20/30] avg=16.69
2026-08-21 01:51:23,196 [INFO] core.evaluator_v2: [snapkv] pred='**Summary:**\n\nThe document provides an in-depth analysis of the technology sector in the United States, focusing on empl'
2026-08-21 01:51:37,943 [INFO] core.evaluator_v2: [snapkv] pred='**Summary:**\n\nThe document outlines the current state of Internet privacy in the United States, highlighting the lack of'
2026-08-21 01:51:51,327 [INFO] core.evaluator_v2: [snapkv] pred='**Summary:**\n\nOver the past 30 years, there has been a shift from defined benefit (DB) to defined contribution (DC) reti'
2026-08-21 01:52:01,557 [INFO] core.evaluator_v2: [snapkv] pred='The Social Security Administration (SSA) is responsible for administering three major programs: Old-Age and Survivors In'
2026-08-21 01:52:14,155 [INFO] core.evaluator_v2: [snapkv] pred='The document outlines the financial challenges facing the RHB Fund, which supports postal retiree health benefits under '
2026-08-21 01:52:14,189 [INFO] core.evaluator_v2:   [25/30] avg=16.72
2026-08-21 01:52:22,879 [INFO] core.evaluator_v2: [snapkv] pred='The 116th Congress is likely to address various housing-related issues, including housing finance reform, federal housin'
2026-08-21 01:52:37,941 [INFO] core.evaluator_v2: [snapkv] pred='The National Popular Vote (NPV) initiative seeks to reform the U.S. presidential election system by establishing a direc'
2026-08-21 01:52:57,421 [INFO] core.evaluator_v2: [snapkv] pred='The document outlines the FY2020 Energy and Water Development appropriations bill, which funds various federal agencies '
2026-08-21 01:53:04,587 [INFO] core.evaluator_v2: [snapkv] pred='The federal government manages hundreds of thousands of buildings, costing billions annually. To improve efficiency, OMB'
2026-08-21 01:53:13,434 [INFO] core.evaluator_v2: [snapkv] pred='The National Cemeteries Act of 1973 established the modern veterans’ cemetery system, managed by the VA’s National Cemet'
2026-08-21 01:53:13,448 [INFO] core.evaluator_v2:   [30/30] avg=16.70
2026-08-21 01:53:13,449 [INFO] __main__:   → score=16.70, collapse=0/30 (0.0%), mem_red=20.0%
2026-08-21 01:53:13,462 [INFO] core.results_manager: Results saved to results/v3_verified/exp6_sink_intervention_qwen3-4b_budget80_20260820_200418.csv
2026-08-21 01:53:13,530 [INFO] core.results_manager: JSON saved to results/v3_verified/exp6_sink_intervention_qwen3-4b_budget80_20260820_200418.json
2026-08-21 01:53:13,531 [INFO] __main__:   [중간 저장 완료] 30/30 설정
2026-08-21 01:53:13,541 [INFO] __main__: Table VI (Sink Intervention) completed!
