2026-08-19 15:11:44,955 [INFO] __main__: ============================================================
2026-08-19 15:11:44,957 [INFO] __main__: TABLE VII 보완: V_only, P_only 절제 실험
2026-08-19 15:11:44,959 [INFO] __main__:   Model: qwen3-4b | Sink: 0 | Budget: 20%
2026-08-19 15:11:44,961 [INFO] __main__:   Tasks: ['narrativeqa', 'qasper', 'multifieldqa_en', 'hotpotqa', '2wikimqa', 'gov_report', 'qmsum'] | Samples: 30
2026-08-19 15:11:44,963 [INFO] __main__: ============================================================
2026-08-19 15:11:44,965 [INFO] core.model_loader: Loading tokenizer: Qwen/Qwen3-4B
2026-08-19 15:11:45,299 [INFO] httpx: HTTP Request: HEAD https://huggingface.co/Qwen/Qwen3-4B/resolve/main/config.json "HTTP/1.1 307 Temporary Redirect"
2026-08-19 15:11:45,310 [INFO] httpx: HTTP Request: HEAD https://huggingface.co/api/resolve-cache/models/Qwen/Qwen3-4B/1cfa9a7208912126459214e8b04321603b3df60c/config.json "HTTP/1.1 200 OK"
2026-08-19 15:11:45,526 [INFO] httpx: HTTP Request: HEAD https://huggingface.co/Qwen/Qwen3-4B/resolve/main/tokenizer_config.json "HTTP/1.1 307 Temporary Redirect"
2026-08-19 15:11:45,536 [INFO] httpx: HTTP Request: HEAD https://huggingface.co/api/resolve-cache/models/Qwen/Qwen3-4B/1cfa9a7208912126459214e8b04321603b3df60c/tokenizer_config.json "HTTP/1.1 200 OK"
2026-08-19 15:11:45,624 [INFO] httpx: HTTP Request: GET https://huggingface.co/api/models/Qwen/Qwen3-4B/tree/main/additional_chat_templates?recursive=false&expand=false "HTTP/1.1 404 Not Found"
2026-08-19 15:11:45,708 [INFO] httpx: HTTP Request: GET https://huggingface.co/api/models/Qwen/Qwen3-4B/tree/main?recursive=true&expand=false "HTTP/1.1 200 OK"
2026-08-19 15:11:47,048 [INFO] httpx: HTTP Request: GET https://huggingface.co/api/models/Qwen/Qwen3-4B "HTTP/1.1 200 OK"
2026-08-19 15:11:47,057 [INFO] core.model_loader: Loading model: Qwen/Qwen3-4B in torch.float16
2026-08-19 15:11:47,105 [INFO] httpx: HTTP Request: HEAD https://huggingface.co/Qwen/Qwen3-4B/resolve/main/config.json "HTTP/1.1 307 Temporary Redirect"
2026-08-19 15:11:47,135 [INFO] httpx: HTTP Request: HEAD https://huggingface.co/api/resolve-cache/models/Qwen/Qwen3-4B/1cfa9a7208912126459214e8b04321603b3df60c/config.json "HTTP/1.1 200 OK"
2026-08-19 15:12:24,427 [INFO] httpx: HTTP Request: HEAD https://huggingface.co/Qwen/Qwen3-4B/resolve/main/generation_config.json "HTTP/1.1 307 Temporary Redirect"
2026-08-19 15:12:24,438 [INFO] httpx: HTTP Request: HEAD https://huggingface.co/api/resolve-cache/models/Qwen/Qwen3-4B/1cfa9a7208912126459214e8b04321603b3df60c/generation_config.json "HTTP/1.1 200 OK"
2026-08-19 15:12:24,520 [INFO] httpx: HTTP Request: HEAD https://huggingface.co/Qwen/Qwen3-4B/resolve/main/custom_generate/generate.py "HTTP/1.1 404 Not Found"
2026-08-19 15:12:24,562 [INFO] core.model_loader: Model loaded: layers=36, num_heads=32, num_kv_heads=8
2026-08-19 15:12:24,579 [INFO] __main__:   Key-norm direction: CORRECTED | Results dir: results/v3_verified | Log dir: logs/v3_verified
2026-08-19 15:12:24,581 [INFO] __main__: 
────────────────────────────────────────────────────────────
2026-08-19 15:12:24,582 [INFO] __main__: Variant: V_only | Budget: 20% | kwargs={'use_attention': False, 'use_entropy': True, 'use_position': False, 'use_semantic': False, 'sink_size': 0, 'invert_norm': True}
2026-08-19 15:12:24,582 [INFO] __main__: ────────────────────────────────────────────────────────────
2026-08-19 15:12:24,583 [INFO] core.dataset_loader: Loading LongBench/narrativeqa ...
2026-08-19 15:12:24,626 [INFO] httpx: HTTP Request: GET https://huggingface.co/api/datasets/THUDM/LongBench/revision/5e628be450b7e67fb7ae6e201bd6d8f7056f7672 "HTTP/1.1 307 Temporary Redirect"
2026-08-19 15:12:24,662 [INFO] httpx: HTTP Request: GET https://huggingface.co/api/datasets/zai-org/LongBench/revision/5e628be450b7e67fb7ae6e201bd6d8f7056f7672 "HTTP/1.1 200 OK"
2026-08-19 15:12:24,826 [INFO] httpx: HTTP Request: GET https://huggingface.co/api/datasets/THUDM/LongBench/revision/5e628be450b7e67fb7ae6e201bd6d8f7056f7672 "HTTP/1.1 307 Temporary Redirect"
2026-08-19 15:12:24,857 [INFO] httpx: HTTP Request: GET https://huggingface.co/api/datasets/zai-org/LongBench/revision/5e628be450b7e67fb7ae6e201bd6d8f7056f7672 "HTTP/1.1 200 OK"
2026-08-19 15:12:24,900 [INFO] httpx: HTTP Request: GET https://huggingface.co/api/datasets/THUDM/LongBench/tree/5e628be450b7e67fb7ae6e201bd6d8f7056f7672?recursive=false&expand=false "HTTP/1.1 307 Temporary Redirect"
2026-08-19 15:12:24,947 [INFO] httpx: HTTP Request: GET https://huggingface.co/api/datasets/zai-org/LongBench/tree/5e628be450b7e67fb7ae6e201bd6d8f7056f7672?recursive=false&expand=false "HTTP/1.1 200 OK"
2026-08-19 15:12:25,559 [INFO] core.dataset_loader: Loaded 30 samples from narrativeqa
2026-08-19 15:12:25,562 [INFO] core.evaluator_v2: [ours] narrativeqa (30샘플, budget=20%, kwargs={'use_attention': False, 'use_entropy': True, 'use_position': False, 'use_semantic': False, 'sink_size': 0, 'invert_norm': True})
2026-08-19 15:12:25,839 [WARNING] core.model_loader: Input length 23148 > max 16000, truncating...
2026-08-19 15:12:29,114 [INFO] core.evaluator_v2: [ours] pred='Daisy encountered Jim in Eatonville.'
2026-08-19 15:12:36,329 [INFO] core.evaluator_v2: [ours] pred='Socrates ultimately decides it is unjust to escape because he believes in the moral importance of obeying the laws of th'
2026-08-19 15:12:36,594 [WARNING] core.model_loader: Input length 37016 > max 16000, truncating...
2026-08-19 15:12:41,402 [INFO] core.evaluator_v2: [ours] pred='The story is set in medieval Germany, during the time of the Middle Ages, in a region that includes castles and rural ar'
2026-08-19 15:12:41,864 [WARNING] core.model_loader: Input length 37014 > max 16000, truncating...
2026-08-19 15:12:46,457 [INFO] core.evaluator_v2: [ours] pred='Baron Conrad did not kill anyone. He fought against the pursuing forces that tried to capture him, but he did not kill a'
2026-08-19 15:12:46,732 [WARNING] core.model_loader: Input length 46744 > max 16000, truncating...
2026-08-19 15:12:49,708 [INFO] core.evaluator_v2: [ours] pred="The ghost that emerged from a painting at Dana's workplace is Vigo."
2026-08-19 15:12:49,728 [INFO] core.evaluator_v2:   [5/30] avg=6.54
2026-08-19 15:12:49,991 [WARNING] core.model_loader: Input length 46746 > max 16000, truncating...
2026-08-19 15:12:53,194 [INFO] core.evaluator_v2: [ours] pred="The first person that falls under Vigo's spell is Janosz, the painting of Vigo's."
2026-08-19 15:12:53,587 [WARNING] core.model_loader: Input length 64167 > max 16000, truncating...
2026-08-19 15:12:56,351 [INFO] core.evaluator_v2: [ours] pred="Clifford's profession is a actor."
2026-08-19 15:12:59,655 [INFO] core.evaluator_v2: [ours] pred='Mr. and Mrs. Vervelle live in a villa in France. The text mentions that they have a house in Vervelle, which is in the c'
2026-08-19 15:13:01,250 [INFO] core.evaluator_v2: [ours] pred='The Witch threw a coffin into a ditch.'
2026-08-19 15:13:01,469 [WARNING] core.model_loader: Input length 31340 > max 16000, truncating...
2026-08-19 15:13:05,811 [INFO] core.evaluator_v2: [ours] pred='Based on the text, Frank Saltram is a writer. He is known for his literary works and is described as a man of letters, w'
2026-08-19 15:13:05,825 [INFO] core.evaluator_v2:   [10/30] avg=9.93
2026-08-19 15:13:09,519 [INFO] core.evaluator_v2: [ours] pred='Mortimer Tregennis was once estranged from his siblings due to financial difficulties and disputes over their tin mining'
2026-08-19 15:13:09,743 [WARNING] core.model_loader: Input length 16515 > max 16000, truncating...
2026-08-19 15:13:14,320 [INFO] core.evaluator_v2: [ours] pred='The \'future\' article that discussed Beerbohm\'s story was titled "Enoch forsooth," which is a play on "Enoch the Prophet"'
2026-08-19 15:13:14,667 [WARNING] core.model_loader: Input length 31069 > max 16000, truncating...
2026-08-19 15:13:19,180 [INFO] core.evaluator_v2: [ours] pred='In the text, Death is disguised as a chess game. This is evident from the dialogue between the Knight and Death, where D'
2026-08-19 15:13:19,410 [WARNING] core.model_loader: Input length 31342 > max 16000, truncating...
2026-08-19 15:13:22,351 [INFO] core.evaluator_v2: [ours] pred="Lady Coxon is Ruth Anvoy's mother."
2026-08-19 15:13:22,597 [WARNING] core.model_loader: Input length 36325 > max 16000, truncating...
2026-08-19 15:13:25,540 [INFO] core.evaluator_v2: [ours] pred='Rogers learned his battle knowledge during the First World War.'
2026-08-19 15:13:25,542 [INFO] core.evaluator_v2:   [15/30] avg=12.92
2026-08-19 15:13:25,845 [WARNING] core.model_loader: Input length 36331 > max 16000, truncating...
2026-08-19 15:13:34,128 [INFO] core.evaluator_v2: [ours] pred='Anthony Rogers was working for a gang or organization that was involved in conflict with the Han people, as part of a la'
2026-08-19 15:13:34,334 [WARNING] core.model_loader: Input length 19086 > max 16000, truncating...
2026-08-19 15:13:38,095 [INFO] core.evaluator_v2: [ours] pred='The boarder who realizes that none of the boarders like each other is Miss Miranda (from the United States), as she is t'
2026-08-19 15:13:43,766 [INFO] core.evaluator_v2: [ours] pred='Holmes and Dr. Watson are in Cornwall because they are investigating a mysterious and terrifying event that occurred in '
2026-08-19 15:13:43,974 [WARNING] core.model_loader: Input length 32917 > max 16000, truncating...
2026-08-19 15:13:48,399 [INFO] core.evaluator_v2: [ours] pred='The hidden message Reiko finds within the video is the phrase "Shizuka bakkai, boku koto no kimi." This phrase translate'
2026-08-19 15:13:48,621 [WARNING] core.model_loader: Input length 37018 > max 16000, truncating...
2026-08-19 15:13:55,393 [INFO] core.evaluator_v2: [ours] pred="Important themes in the story include:\n\n1. **Sacrifice and Heroism**: One-eyed Hans's bravery and self-sacrifice to save"
2026-08-19 15:13:55,402 [INFO] core.evaluator_v2:   [20/30] avg=10.49
2026-08-19 15:13:55,621 [WARNING] core.model_loader: Input length 32915 > max 16000, truncating...
2026-08-19 15:13:59,468 [INFO] core.evaluator_v2: [ours] pred='The teenagers were discussing a video that was recorded on a VCR. The video contained a scene where a woman is recorded '
2026-08-19 15:13:59,885 [WARNING] core.model_loader: Input length 60372 > max 16000, truncating...
2026-08-19 15:14:02,814 [INFO] core.evaluator_v2: [ours] pred='Bill worked as a harvestman in Chicago when he lived there.'
2026-08-19 15:14:06,050 [INFO] core.evaluator_v2: [ours] pred="Two people fainted after seeing Brenda's dead body. Mrs. Porter (the housekeeper) and Dr. Sterndale (the explorer)."
2026-08-19 15:14:06,275 [WARNING] core.model_loader: Input length 37018 > max 16000, truncating...
2026-08-19 15:14:11,730 [INFO] core.evaluator_v2: [ours] pred='Otto is known for his gentle nature and for being a favorite among the people. He is also known for his kindness and for'
2026-08-19 15:14:12,107 [WARNING] core.model_loader: Input length 19082 > max 16000, truncating...
2026-08-19 15:14:16,886 [INFO] core.evaluator_v2: [ours] pred='Leon focuses on the cultural and social aspects of Paris, including the people he meets, their behaviors, and the social'
2026-08-19 15:14:16,887 [INFO] core.evaluator_v2:   [25/30] avg=11.31
2026-08-19 15:14:23,153 [INFO] core.evaluator_v2: [ours] pred='The owner of the manor in the story is Madame de Breteche, who is the former owner of the house that is now in disrepair'
2026-08-19 15:14:23,471 [WARNING] core.model_loader: Input length 32913 > max 16000, truncating...
2026-08-19 15:14:27,166 [INFO] core.evaluator_v2: [ours] pred="Reiko's job is not mentioned in the text. The story focuses on characters like Masami, Tomo, and others, but there is no"
2026-08-19 15:14:31,426 [INFO] core.evaluator_v2: [ours] pred='Holmes observes that the fire in the fireplace was lit and that the fire was burning when he and Watson arrived at the s'
2026-08-19 15:14:36,810 [INFO] core.evaluator_v2: [ours] pred='Socrates compares citizens and the law to a master and a servant, or more specifically, to a parent and a child. He uses'
2026-08-19 15:14:42,041 [INFO] core.evaluator_v2: [ours] pred='La Grande Breteche is a secluded, decaying house in Vendome, France, which once belonged to a family but is now in disre'
2026-08-19 15:14:42,055 [INFO] core.evaluator_v2:   [30/30] avg=10.59
2026-08-19 15:14:42,056 [INFO] __main__:   narrativeqa: score=10.59, collapse=0.0%
2026-08-19 15:14:42,057 [INFO] core.dataset_loader: Loading LongBench/qasper ...
2026-08-19 15:14:42,122 [INFO] httpx: HTTP Request: GET https://huggingface.co/api/datasets/THUDM/LongBench/revision/5e628be450b7e67fb7ae6e201bd6d8f7056f7672 "HTTP/1.1 307 Temporary Redirect"
2026-08-19 15:14:42,157 [INFO] httpx: HTTP Request: GET https://huggingface.co/api/datasets/zai-org/LongBench/revision/5e628be450b7e67fb7ae6e201bd6d8f7056f7672 "HTTP/1.1 200 OK"
2026-08-19 15:14:42,563 [INFO] core.dataset_loader: Loaded 30 samples from qasper
2026-08-19 15:14:42,565 [INFO] core.evaluator_v2: [ours] qasper (30샘플, budget=20%, kwargs={'use_attention': False, 'use_entropy': True, 'use_position': False, 'use_semantic': False, 'sink_size': 0, 'invert_norm': True})
2026-08-19 15:14:46,828 [INFO] core.evaluator_v2: [ours] pred='The proposed strategies show that both KG-A2C and the modified A2C methods outperform baseline approaches on the Zork1 g'
2026-08-19 15:14:51,358 [INFO] core.evaluator_v2: [ours] pred='The encoder in the system is a character-level encoder, which is part of a sequence-to-sequence model. It is not explici'
2026-08-19 15:14:53,507 [INFO] core.evaluator_v2: [ours] pred='The text does not mention the size of the Augmented LibriSpeech dataset. It discusses the CoVoST dataset, which includes'
2026-08-19 15:15:10,129 [INFO] core.evaluator_v2: [ours] pred='NeuronBlocks includes the following neural network modules: \n\n- Embedding layers\n- RNNs (Recurrent Neural Networks)\n- CN'
2026-08-19 15:15:14,685 [INFO] core.evaluator_v2: [ours] pred='The text compares several LSTM models, including:\n\n1. **2-layer LSTM** (used as a baseline)\n2. **9-layers LSTM** (used f'
2026-08-19 15:15:14,687 [INFO] core.evaluator_v2:   [5/30] avg=4.32
2026-08-19 15:15:16,405 [INFO] core.evaluator_v2: [ours] pred='The datasets used for evaluation are CNN/DailyMail, NYT, and XSum.'
2026-08-19 15:15:19,041 [INFO] core.evaluator_v2: [ours] pred='The text indicates that the transformer layer (used in the proposed method) works better than the RNN layer. The results'
2026-08-19 15:15:20,186 [INFO] core.evaluator_v2: [ours] pred='The ancient Chinese dataset comes from the internet.'
2026-08-19 15:15:22,539 [INFO] core.evaluator_v2: [ours] pred='The baselines used for evaluation are: Pointer-Gen, Pointer-Gen with filtered samples, Pointer-Gen with filtered samples'
2026-08-19 15:15:23,720 [INFO] core.evaluator_v2: [ours] pred='The Twitter dataset consists of 1,400 tweets.'
2026-08-19 15:15:23,727 [INFO] core.evaluator_v2:   [10/30] avg=13.10
2026-08-19 15:15:25,673 [INFO] core.evaluator_v2: [ours] pred='The text does not provide a specific numerical value for the improvement, but it states that the multitask learning appr'
2026-08-19 15:15:29,707 [INFO] core.evaluator_v2: [ours] pred='The text mentions that the effectiveness of the chatbots is measured through experimental results, which show that the s'
2026-08-19 15:15:32,349 [INFO] core.evaluator_v2: [ours] pred='The combination of rewards for reinforcement learning in the text is the harmonic mean of the sentiment reward and the t'
2026-08-19 15:15:34,543 [INFO] core.evaluator_v2: [ours] pred='The attention module is pretrained on the source and target text data, which includes the source language and target lan'
2026-08-19 15:15:36,995 [INFO] core.evaluator_v2: [ours] pred='The text does not provide a specific size for the dataset, but it mentions that the dataset is used for training and eva'
2026-08-19 15:15:36,997 [INFO] core.evaluator_v2:   [15/30] avg=13.69
2026-08-19 15:15:38,796 [INFO] core.evaluator_v2: [ours] pred='They evaluate on the WS (Word Sentence) corpus and the Penn Treebank. Specifically, they use the Penn Treebank for their'
2026-08-19 15:15:41,132 [INFO] core.evaluator_v2: [ours] pred='The model is compared to previous methods such as rule-based approaches, term-based features, and machine learning model'
2026-08-19 15:15:44,844 [INFO] core.evaluator_v2: [ours] pred='The Ngunas (zulu, swa, swh, swh, and so on) are similar to each other. The text mentions that the Ngunas are similar to '
2026-08-19 15:16:01,366 [INFO] core.evaluator_v2: [ours] pred='The 7 Indian languages they experiment with are: Hindi, Tamil, Telugu, Malayalam, Punjabi, and Sanskrit. (Note: The text'
2026-08-19 15:16:03,039 [INFO] core.evaluator_v2: [ours] pred='In addition to testing on hashtag prediction, the text mentions that the method is applicable to various NLP tasks, incl'
2026-08-19 15:16:03,041 [INFO] core.evaluator_v2:   [20/30] avg=12.51
2026-08-19 15:16:05,666 [INFO] core.evaluator_v2: [ours] pred='The tagging scheme employed is a three-tag scheme, where each word is labeled as either the beginning, middle, or end of'
2026-08-19 15:16:07,697 [INFO] core.evaluator_v2: [ours] pred='The text considers natural language processing (NLP) tasks such as text classification and sentiment analysis, where the'
2026-08-19 15:16:10,550 [INFO] core.evaluator_v2: [ours] pred='The NCEL approach is highly effective, as it outperforms other methods on various benchmarks, demonstrating superior per'
2026-08-19 15:16:14,341 [INFO] core.evaluator_v2: [ours] pred='The text considers the following methods to find examples of biases and unwarranted inferences: analyzing descriptions i'
2026-08-19 15:16:15,300 [INFO] core.evaluator_v2: [ours] pred='The corpus consists of 53 documents.'
2026-08-19 15:16:15,301 [INFO] core.evaluator_v2:   [25/30] avg=13.17
2026-08-19 15:16:18,482 [INFO] core.evaluator_v2: [ours] pred='An individual model in the context of the text consists of a Bayesian model that uses a hierarchical structure to repres'
2026-08-19 15:16:21,436 [INFO] core.evaluator_v2: [ours] pred='The text mentions that stylistic features obtained include features related to the structure and style of text, such as '
2026-08-19 15:16:25,200 [INFO] core.evaluator_v2: [ours] pred='The highest MRR score was "near the top" in the third batch, but the exact value is not specified. However, it is mentio'
2026-08-19 15:16:34,335 [INFO] core.evaluator_v2: [ours] pred='The data presented to the subjects to elicit event-related responses was a set of 11 auditory stimuli. These stimuli wer'
2026-08-19 15:16:38,229 [INFO] core.evaluator_v2: [ours] pred='The dataset is annotated with labels indicating whether each tweet represents no evidence of depression, evidence of dep'
2026-08-19 15:16:38,238 [INFO] core.evaluator_v2:   [30/30] avg=12.73
2026-08-19 15:16:38,240 [INFO] __main__:   qasper: score=12.73, collapse=6.7%
2026-08-19 15:16:38,242 [INFO] core.dataset_loader: Loading LongBench/multifieldqa_en ...
2026-08-19 15:16:38,306 [INFO] httpx: HTTP Request: GET https://huggingface.co/api/datasets/THUDM/LongBench/revision/5e628be450b7e67fb7ae6e201bd6d8f7056f7672 "HTTP/1.1 307 Temporary Redirect"
2026-08-19 15:16:38,359 [INFO] httpx: HTTP Request: GET https://huggingface.co/api/datasets/zai-org/LongBench/revision/5e628be450b7e67fb7ae6e201bd6d8f7056f7672 "HTTP/1.1 200 OK"
2026-08-19 15:16:38,861 [INFO] core.dataset_loader: Loaded 30 samples from multifieldqa_en
2026-08-19 15:16:38,863 [INFO] core.evaluator_v2: [ours] multifieldqa_en (30샘플, budget=20%, kwargs={'use_attention': False, 'use_entropy': True, 'use_position': False, 'use_semantic': False, 'sink_size': 0, 'invert_norm': True})
2026-08-19 15:16:40,840 [INFO] core.evaluator_v2: [ours] pred="After attacking Jacobo at a workers' strike, Ngotho is arrested. He is later released, but he is deeply affected by the "
2026-08-19 15:16:43,558 [INFO] core.evaluator_v2: [ours] pred='Yes, the denoiser can be applied to circuits with non-Clifford noise. The text states that the method is applicable to v'
2026-08-19 15:16:46,308 [INFO] core.evaluator_v2: [ours] pred='The generative interactive model used in the method is the **Coupled Dynamic Bayesian Network (CDBN)**.'
2026-08-19 15:16:50,126 [INFO] core.evaluator_v2: [ours] pred='The purpose of an ICD (Implantable Cardiac Defibrillator) is to monitor and treat life-threatening heart rhythm disorder'
2026-08-19 15:16:51,789 [INFO] core.evaluator_v2: [ours] pred='The normalized least squares (NLMS) algorithm is engaged in the PLMS-PPIC method.'
2026-08-19 15:16:51,790 [INFO] core.evaluator_v2:   [5/30] avg=47.47
2026-08-19 15:16:53,063 [INFO] core.evaluator_v2: [ours] pred='In 2009, Brooksley Born received the John D. McCloud Award for Public Service.'
2026-08-19 15:16:56,720 [INFO] core.evaluator_v2: [ours] pred='A media application determines the context of an event using a content-recognition module that analyzes the media asset.'
2026-08-19 15:16:59,798 [INFO] core.evaluator_v2: [ours] pred='The sticking point in the political showdown over the budget is the disagreement over the amount of funding to be cut, w'
2026-08-19 15:17:00,872 [INFO] core.evaluator_v2: [ours] pred='The county seat of McPherson County is McPherson.'
2026-08-19 15:17:02,443 [INFO] core.evaluator_v2: [ours] pred='The new Iraqi Body Count organization provides a count of the dead, specifically highlighting the number of casualties.'
2026-08-19 15:17:02,457 [INFO] core.evaluator_v2:   [10/30] avg=38.68
2026-08-19 15:17:05,793 [INFO] core.evaluator_v2: [ours] pred="Accounting for path preference reduces the complexity of the robot's belief update, allowing it to handle dynamic enviro"
2026-08-19 15:17:09,623 [INFO] core.evaluator_v2: [ours] pred='It is important for the sides of the fuselage to be sloped (tumbled home) to ensure the correct shape and structural int'
2026-08-19 15:17:13,524 [INFO] core.evaluator_v2: [ours] pred='The court in In re Ferguson concluded that the transformation prong of the Bilski test was not met, as the process did n'
2026-08-19 15:17:15,876 [INFO] core.evaluator_v2: [ours] pred='KSTP-FM 102.1 was on the air from 1946 to 1951, which is a period of 5 years. Therefore, KSTP-FM 102.1 was on the air fo'
2026-08-19 15:17:19,613 [INFO] core.evaluator_v2: [ours] pred='Thalassemias are classified based on the type of hemoglobin chain affected (alpha or beta) and the severity of the condi'
2026-08-19 15:17:19,640 [INFO] core.evaluator_v2:   [15/30] avg=29.59
2026-08-19 15:17:22,946 [INFO] core.evaluator_v2: [ours] pred='The transition probability of the environment affects the learning rate in the static agent by causing it to decrease as'
2026-08-19 15:17:25,893 [INFO] core.evaluator_v2: [ours] pred='The experimental techniques used to study the quantum dot structures in this research were scanning tunneling microscopy'
2026-08-19 15:17:26,828 [INFO] core.evaluator_v2: [ours] pred='Margaret Way was born in Australia and died in Queensland.'
2026-08-19 15:17:29,568 [INFO] core.evaluator_v2: [ours] pred='The two states observed for indeno[1,2-a]fluorene on NaCl surfaces are the open-shell (π-diradical) state and the closed'
2026-08-19 15:17:33,745 [INFO] core.evaluator_v2: [ours] pred="The scoring engine generates a stream of content for the channel by querying new content items based on the channel's ca"
2026-08-19 15:17:33,747 [INFO] core.evaluator_v2:   [20/30] avg=32.75
2026-08-19 15:17:38,436 [INFO] core.evaluator_v2: [ours] pred='The stability conditions for a solution of $-\\Delta u = f(u)$ are given by the inequality:\n\n$$\n\\int_{\\text{comp}} \\nabla'
2026-08-19 15:17:39,619 [INFO] core.evaluator_v2: [ours] pred='McPherson County is located in the U.S. state of Kansas.'
2026-08-19 15:17:43,278 [INFO] core.evaluator_v2: [ours] pred='The main focus of the research paper is to study the liquid-gas phase transition in lattice QCD at strong coupling, usin'
2026-08-19 15:17:43,442 [WARNING] core.model_loader: Input length 16496 > max 16000, truncating...
2026-08-19 15:17:46,506 [INFO] core.evaluator_v2: [ours] pred='The security parameter for the AES-256 block cipher is 128.'
2026-08-19 15:17:47,487 [INFO] core.evaluator_v2: [ours] pred='The most active fan club is the South Malatia Fan Club.'
2026-08-19 15:17:47,490 [INFO] core.evaluator_v2:   [25/30] avg=33.05
2026-08-19 15:17:48,319 [INFO] core.evaluator_v2: [ours] pred='Margaret Way wrote 123 novels.'
2026-08-19 15:17:51,264 [INFO] core.evaluator_v2: [ours] pred='The significance of the interlayer Berry connection polarizability is that it underlies the nonlinear dynamical Hall eff'
2026-08-19 15:17:56,902 [INFO] core.evaluator_v2: [ours] pred='Wearables and devices such as those mentioned in the text are now capable of estimating physical activity levels and phy'
2026-08-19 15:17:59,376 [INFO] core.evaluator_v2: [ours] pred='One of Kam W. Leong\'s publications in "Journal of Controlled Release" is "Gene therapy with a synthetic peptide: a strat'
2026-08-19 15:18:03,728 [INFO] core.evaluator_v2: [ours] pred='The symptoms of vitamin K deficiency include anemia, bleeding (from the gums, nose, or other parts of the body), and wea'
2026-08-19 15:18:03,730 [INFO] core.evaluator_v2:   [30/30] avg=32.69
2026-08-19 15:18:03,731 [INFO] __main__:   multifieldqa_en: score=32.69, collapse=0.0%
2026-08-19 15:18:03,732 [INFO] core.dataset_loader: Loading LongBench/hotpotqa ...
2026-08-19 15:18:03,802 [INFO] httpx: HTTP Request: GET https://huggingface.co/api/datasets/THUDM/LongBench/revision/5e628be450b7e67fb7ae6e201bd6d8f7056f7672 "HTTP/1.1 307 Temporary Redirect"
2026-08-19 15:18:03,834 [INFO] httpx: HTTP Request: GET https://huggingface.co/api/datasets/zai-org/LongBench/revision/5e628be450b7e67fb7ae6e201bd6d8f7056f7672 "HTTP/1.1 200 OK"
2026-08-19 15:18:04,494 [INFO] core.dataset_loader: Loaded 30 samples from hotpotqa
2026-08-19 15:18:04,495 [INFO] core.evaluator_v2: [ours] hotpotqa (30샘플, budget=20%, kwargs={'use_attention': False, 'use_entropy': True, 'use_position': False, 'use_semantic': False, 'sink_size': 0, 'invert_norm': True})
2026-08-19 15:18:04,743 [WARNING] core.model_loader: Input length 17130 > max 16000, truncating...
2026-08-19 15:18:08,072 [INFO] core.evaluator_v2: [ours] pred='Brian Mitchell (the actor) won the Tony Award for Best Actor in 2000.'
2026-08-19 15:18:08,317 [WARNING] core.model_loader: Input length 16583 > max 16000, truncating...
2026-08-19 15:18:11,683 [INFO] core.evaluator_v2: [ours] pred='The large and small subunits that use two types of RNA are major components that make up the ribosome.'
2026-08-19 15:18:14,508 [INFO] core.evaluator_v2: [ours] pred='Sarah Price and Rob Schneider are both filmmakers.'
2026-08-19 15:18:19,172 [INFO] core.evaluator_v2: [ours] pred='Arnold Richards was the founder of the Center for Jewish History, which is a member of the Center for Jewish History. Ho'
2026-08-19 15:18:19,444 [WARNING] core.model_loader: Input length 16934 > max 16000, truncating...
2026-08-19 15:18:22,480 [INFO] core.evaluator_v2: [ours] pred='Alfred A. Marcus worked as a consultant for Xcel Energy.'
2026-08-19 15:18:22,483 [INFO] core.evaluator_v2:   [5/30] avg=12.99
2026-08-19 15:18:23,417 [INFO] core.evaluator_v2: [ours] pred='Pleiospilos is a flowering plant.'
2026-08-19 15:18:27,162 [INFO] core.evaluator_v2: [ours] pred='Steel Venom is farther north than Wicked Twister. Steel Venom is located at Dorney Park in Shakopee, Minnesota, while Wi'
2026-08-19 15:18:27,478 [WARNING] core.model_loader: Input length 16637 > max 16000, truncating...
2026-08-19 15:18:30,926 [INFO] core.evaluator_v2: [ours] pred='Baghdad was known as the "City of God" during the Abbasid Caliphate.'
2026-08-19 15:18:34,213 [INFO] core.evaluator_v2: [ours] pred="The town where the FIBT World Championships 1960 took place is Cortina d'Ampezzo, which is located in the northern part "
2026-08-19 15:18:38,203 [INFO] core.evaluator_v2: [ours] pred='Mike Leach currently coaches at Washington State University, where he was the head coach from 2011 to 2022. After leavin'
2026-08-19 15:18:38,233 [INFO] core.evaluator_v2:   [10/30] avg=18.46
2026-08-19 15:18:42,078 [INFO] core.evaluator_v2: [ours] pred='The collective series that includes "Whatever Happened to... Robot Jones?" is "Robot Cartoons," which is part of the "Ca'
2026-08-19 15:18:45,242 [INFO] core.evaluator_v2: [ours] pred='The text does not provide information about the lowest vocal range in Cosmos. It discusses vocal registers, types, and r'
2026-08-19 15:18:45,544 [WARNING] core.model_loader: Input length 16792 > max 16000, truncating...
2026-08-19 15:18:48,303 [INFO] core.evaluator_v2: [ours] pred='Fred Rieders.'
2026-08-19 15:18:51,875 [INFO] core.evaluator_v2: [ours] pred='Robbie Tuck plays in the series "It\'s Always Sunny in Philadelphia," which follows a group of friends who run an Irish b'
2026-08-19 15:18:52,094 [WARNING] core.model_loader: Input length 16875 > max 16000, truncating...
2026-08-19 15:18:55,339 [INFO] core.evaluator_v2: [ours] pred='The National Firearms Agreement (NFA) was in response to the Port Arthur massacre that killed 34 people.'
2026-08-19 15:18:55,405 [INFO] core.evaluator_v2:   [15/30] avg=16.61
2026-08-19 15:18:57,717 [INFO] core.evaluator_v2: [ours] pred='The answer is William Shakespeare. The text states that Rønne Alsen played "Viola" in the 1930 production at Den Nationa'
2026-08-19 15:19:00,577 [INFO] core.evaluator_v2: [ours] pred='The River Thames.'
2026-08-19 15:19:03,710 [INFO] core.evaluator_v2: [ours] pred='Darci Kistler is the last muse for the choreographer George Balanchine and starred in the Nutcracker.'
2026-08-19 15:19:03,965 [WARNING] core.model_loader: Input length 16802 > max 16000, truncating...
2026-08-19 15:19:07,393 [INFO] core.evaluator_v2: [ours] pred='The host of the American survival skills reality show, The Island, is Bear Grylls, who is originally from England.'
2026-08-19 15:19:08,819 [INFO] core.evaluator_v2: [ours] pred='Pope Gregory I gave the title "patricia" of Rome to Marozia.'
2026-08-19 15:19:08,832 [INFO] core.evaluator_v2:   [20/30] avg=18.26
2026-08-19 15:19:11,790 [INFO] core.evaluator_v2: [ours] pred='Mimosa is a shrub. Cryptocoryne is a plant species, but it is not described as a shrub in the text. The text describes M'
2026-08-19 15:19:17,691 [INFO] core.evaluator_v2: [ours] pred='The actor who plays Sean Tully is Antony Cunnings. In the text, it is mentioned that Sean Tully defeated a contestant in'
2026-08-19 15:19:17,910 [WARNING] core.model_loader: Input length 17206 > max 16000, truncating...
2026-08-19 15:19:21,231 [INFO] core.evaluator_v2: [ours] pred='Mark Donohue was born in 1937 and participated in the 1971 Canadian Grand Prix.'
2026-08-19 15:19:25,601 [INFO] core.evaluator_v2: [ours] pred='Yameen and Activision have in common the subset of play known as wetware, which involves the use of biological organisms'
2026-08-19 15:19:27,179 [INFO] core.evaluator_v2: [ours] pred='The Atherton Bridge spans the Nashua River.'
2026-08-19 15:19:27,180 [INFO] core.evaluator_v2:   [25/30] avg=15.82
2026-08-19 15:19:29,512 [INFO] core.evaluator_v2: [ours] pred='30 Rock'
2026-08-19 15:19:39,058 [INFO] core.evaluator_v2: [ours] pred='High School Confidential (TV series) is an eight-episode television series that premiered on September 13, 2008, on the '
2026-08-19 15:19:42,748 [INFO] core.evaluator_v2: [ours] pred='The 53rd National Hockey League All-Star Game took place at the indoor arena that was completed in 1998.'
2026-08-19 15:19:53,811 [INFO] core.evaluator_v2: [ours] pred='The Toronto International Film Festival premiered the movie "The BFG" produced by BBC Films. However, based on the text '
2026-08-19 15:19:54,099 [WARNING] core.model_loader: Input length 16382 > max 16000, truncating...
2026-08-19 15:19:57,356 [INFO] core.evaluator_v2: [ours] pred='The arena where the Lewiston Maineiacs played their home games can seat 1,400 people.'
2026-08-19 15:19:57,368 [INFO] core.evaluator_v2:   [30/30] avg=13.57
2026-08-19 15:19:57,370 [INFO] __main__:   hotpotqa: score=13.57, collapse=10.0%
2026-08-19 15:19:57,372 [INFO] core.dataset_loader: Loading LongBench/2wikimqa ...
2026-08-19 15:19:57,441 [INFO] httpx: HTTP Request: GET https://huggingface.co/api/datasets/THUDM/LongBench/revision/5e628be450b7e67fb7ae6e201bd6d8f7056f7672 "HTTP/1.1 307 Temporary Redirect"
2026-08-19 15:19:57,482 [INFO] httpx: HTTP Request: GET https://huggingface.co/api/datasets/zai-org/LongBench/revision/5e628be450b7e67fb7ae6e201bd6d8f7056f7672 "HTTP/1.1 200 OK"
2026-08-19 15:19:58,098 [INFO] core.dataset_loader: Loaded 30 samples from 2wikimqa
2026-08-19 15:19:58,101 [INFO] core.evaluator_v2: [ours] 2wikimqa (30샘플, budget=20%, kwargs={'use_attention': False, 'use_entropy': True, 'use_position': False, 'use_semantic': False, 'sink_size': 0, 'invert_norm': True})
2026-08-19 15:20:00,869 [INFO] core.evaluator_v2: [ours] pred='El director de la película "Eisenstein in Guanajuato" es Peter Green. Según el texto, Peter Green nació en Inglaterra.'
2026-08-19 15:20:03,399 [INFO] core.evaluator_v2: [ours] pred='"Jugband Blues" came out first. It was released in 1967, while "Joel The Lump Of Coal" was released in 2014.'
2026-08-19 15:20:07,447 [INFO] core.evaluator_v2: [ours] pred='No Trees in the Street. According to the text, J. Lee Thompson (director of No Trees in the Street) died in 2002, while '
2026-08-19 15:20:09,837 [INFO] core.evaluator_v2: [ours] pred="The place of death of Agnes of Hohenstaufen's husband, Henry the Younger, is not explicitly mentioned in the text. Howev"
2026-08-19 15:20:12,934 [INFO] core.evaluator_v2: [ours] pred='Lyudmyla Olyanovska was born in 1985, while Paul de Scherff was born in 1855. Therefore, Lyudmyla Olyanovska is older.'
2026-08-19 15:20:12,960 [INFO] core.evaluator_v2:   [5/30] avg=11.10
2026-08-19 15:20:15,294 [INFO] core.evaluator_v2: [ours] pred="Helmichis's father-in-law is Alboin."
2026-08-19 15:20:17,639 [INFO] core.evaluator_v2: [ours] pred="The Drover's Sweetheart was released earlier. It is mentioned as a 1911 film, while Pigsty (Film) was released in 1969."
2026-08-19 15:20:20,196 [INFO] core.evaluator_v2: [ours] pred="Princess Charlotte of Saxe-Meiningen's husband is Ernest of Saxe-Gotha-Lichtenstein, who was of German nationality."
2026-08-19 15:20:20,396 [WARNING] core.model_loader: Input length 16424 > max 16000, truncating...
2026-08-19 15:20:23,282 [INFO] core.evaluator_v2: [ours] pred='Yes, both films are from the United Kingdom.'
2026-08-19 15:20:25,380 [INFO] core.evaluator_v2: [ours] pred='Dr. Socrates was released first. It was released in 1936, while Vacations in Majorca was released in 1959.'
2026-08-19 15:20:25,382 [INFO] core.evaluator_v2:   [10/30] avg=13.23
2026-08-19 15:20:27,992 [INFO] core.evaluator_v2: [ours] pred="The place of death of Randi Monsen's father, Fredrik Monsen, is not explicitly mentioned in the text. However, it is sta"
2026-08-19 15:20:31,453 [INFO] core.evaluator_v2: [ours] pred="The place of birth of Abdulaziz Nasser Al Shamsi's wife is not explicitly mentioned in the text. However, it is stated t"
2026-08-19 15:20:34,110 [INFO] core.evaluator_v2: [ours] pred='The director of the film *Nallavan Vazhvan* is P. Neelakantan. According to the text, P. Neelakantan died in 1992. There'
2026-08-19 15:20:37,651 [INFO] core.evaluator_v2: [ours] pred='The director of "The Year of the Rabbit" is Germain, who died in 1997. The director of "Monster on the Campus" is Jack A'
2026-08-19 15:20:39,416 [INFO] core.evaluator_v2: [ours] pred='The paternal grandfather of Bruno II von Berg is Diepold I, Count of Berg.'
2026-08-19 15:20:39,424 [INFO] core.evaluator_v2:   [15/30] avg=12.68
2026-08-19 15:20:41,517 [INFO] core.evaluator_v2: [ours] pred='Prince of Arcadia was released in 1932, while Italia-Germania 4-3 was released in 1990. Therefore, Prince of Arcadia was'
2026-08-19 15:20:44,181 [INFO] core.evaluator_v2: [ours] pred='Johnny Ekström was born later. Hugh Evelyn Wortham was born in 1884, while Johnny Ekström was born in 1984.'
2026-08-19 15:20:45,555 [INFO] core.evaluator_v2: [ours] pred='The place of birth of the director of the film "Clowning Around" is Australia.'
2026-08-19 15:20:48,546 [INFO] core.evaluator_v2: [ours] pred='Solemn Promise was directed by Srđan Karanović, who was born in 1945. Tarzan The Magnificent was directed by Robert Z. T'
2026-08-19 15:20:52,122 [INFO] core.evaluator_v2: [ours] pred='The spouse of the director of the film "Streets of Blood" is Mary Ann Robinson. She is the wife of the director, Charles'
2026-08-19 15:20:52,126 [INFO] core.evaluator_v2:   [20/30] avg=12.98
2026-08-19 15:20:54,839 [INFO] core.evaluator_v2: [ours] pred='Contragolpe. The director of Contragolpe, Alejandro Doria, died in 2009. The director of Tiger in the Smoke, Roy Walker,'
2026-08-19 15:20:55,011 [WARNING] core.model_loader: Input length 16690 > max 16000, truncating...
2026-08-19 15:20:58,587 [INFO] core.evaluator_v2: [ours] pred='The composer of the song "Gretchen Am Spinnrade" is Franz Schubert. According to the text, Franz Schubert died in Vienna'
2026-08-19 15:20:58,788 [WARNING] core.model_loader: Input length 17007 > max 16000, truncating...
2026-08-19 15:21:02,914 [INFO] core.evaluator_v2: [ours] pred="Gisela of Hungary's father-in-law is King Otto I of Germany. She was the wife of Stephen I of Hungary, and her father wa"
2026-08-19 15:21:06,299 [INFO] core.evaluator_v2: [ours] pred="Grand Duchess Elena Vladimirovna of Russia's father, Grand Duke Vladimir Alexandrovich of Russia, died in 1905."
2026-08-19 15:21:09,255 [INFO] core.evaluator_v2: [ours] pred='From Corleone to Brooklyn was directed by Umberto Lenzi, who was born in 1931. Durango Valley Raiders was directed by Sa'
2026-08-19 15:21:09,256 [INFO] core.evaluator_v2:   [25/30] avg=11.85
2026-08-19 15:21:12,145 [INFO] core.evaluator_v2: [ours] pred="The place of birth of Sextus Barbour's father, Philip Barbour, is Orange, Virginia."
2026-08-19 15:21:14,031 [INFO] core.evaluator_v2: [ours] pred='The text does not provide information about the ages or birth years of Altuğ Çelikbilek or Guy Dolsin. Therefore, it is '
2026-08-19 15:21:18,561 [INFO] core.evaluator_v2: [ours] pred='The maternal grandfather of Marie Louise, Duchess of Parma is King Francis I of France. This is based on the information'
2026-08-19 15:21:21,068 [INFO] core.evaluator_v2: [ours] pred='Una prostituta con le leggi dello stato (1970) was released in 1970, while The Bag Man (2013) was released in 2013. Ther'
2026-08-19 15:21:23,165 [INFO] core.evaluator_v2: [ours] pred='Antoine Casavant was born first. According to the text, Antoine Casavant was born in 1826, while Abdul Ali Lalu was born'
2026-08-19 15:21:23,166 [INFO] core.evaluator_v2:   [30/30] avg=12.72
2026-08-19 15:21:23,167 [INFO] __main__:   2wikimqa: score=12.72, collapse=0.0%
2026-08-19 15:21:23,167 [INFO] core.dataset_loader: Loading LongBench/gov_report ...
2026-08-19 15:21:23,226 [INFO] httpx: HTTP Request: GET https://huggingface.co/api/datasets/THUDM/LongBench/revision/5e628be450b7e67fb7ae6e201bd6d8f7056f7672 "HTTP/1.1 307 Temporary Redirect"
2026-08-19 15:21:23,258 [INFO] httpx: HTTP Request: GET https://huggingface.co/api/datasets/zai-org/LongBench/revision/5e628be450b7e67fb7ae6e201bd6d8f7056f7672 "HTTP/1.1 200 OK"
2026-08-19 15:21:23,751 [INFO] core.dataset_loader: Loaded 30 samples from gov_report
2026-08-19 15:21:23,753 [INFO] core.evaluator_v2: [ours] gov_report (30샘플, budget=20%, kwargs={'use_attention': False, 'use_entropy': True, 'use_position': False, 'use_semantic': False, 'sink_size': 0, 'invert_norm': True})
2026-08-19 15:21:41,517 [INFO] core.evaluator_v2: [ours] pred='The National Science Foundation (NSF) utilizes two primary programs for rotating personnel: the **Interagency Personnel '
2026-08-19 15:21:50,204 [INFO] core.evaluator_v2: [ours] pred='The document highlights the challenges and successes in managing federal IT systems, emphasizing the need for effective '
2026-08-19 15:21:50,614 [WARNING] core.model_loader: Input length 51949 > max 16000, truncating...
2026-08-19 15:22:07,098 [INFO] core.evaluator_v2: [ours] pred="**Summary of the Document:**\n\nThe document provides a comprehensive overview of the United States' strategic response to"
2026-08-19 15:22:07,403 [WARNING] core.model_loader: Input length 28135 > max 16000, truncating...
2026-08-19 15:22:25,703 [INFO] core.evaluator_v2: [ours] pred='The **Clean Water Act** (CWA), established in 1973, is a U.S. federal law that regulates the discharge of pollutants int'
2026-08-19 15:22:39,583 [INFO] core.evaluator_v2: [ours] pred='**Summary:**\n\nThe Department of Homeland Security (DHS) initiated a modernization project to replace its legacy financia'
2026-08-19 15:22:39,620 [INFO] core.evaluator_v2:   [5/30] avg=13.79
2026-08-19 15:22:57,913 [INFO] core.evaluator_v2: [ours] pred='**Summary:**\n\nThe document highlights the ongoing challenges and efforts in securing federal information systems against'
2026-08-19 15:23:11,022 [INFO] core.evaluator_v2: [ours] pred="The document outlines the U.S. government's efforts to promote small business growth through federal contracting policie"
2026-08-19 15:23:11,240 [WARNING] core.model_loader: Input length 19434 > max 16000, truncating...
2026-08-19 15:23:27,526 [INFO] core.evaluator_v2: [ours] pred='The document discusses the use of **Other Transaction (OT)** mechanisms in the U.S. Department of Defense (DOD) to acqui'
2026-08-19 15:23:39,497 [INFO] core.evaluator_v2: [ours] pred='The document discusses the growing role of electronic payment systems in replacing traditional cash transactions, driven'
2026-08-19 15:23:39,799 [WARNING] core.model_loader: Input length 41630 > max 16000, truncating...
2026-08-19 15:23:59,921 [INFO] core.evaluator_v2: [ours] pred='The Department of Homeland Security (DHS) manages a variety of acquisition programs to support its mission, using a stru'
2026-08-19 15:23:59,953 [INFO] core.evaluator_v2:   [10/30] avg=14.59
2026-08-19 15:24:06,352 [INFO] core.evaluator_v2: [ours] pred='This report provides an overview of the Department of Homeland Security (DHS) appropriations for the fiscal year 2019. I'
2026-08-19 15:24:17,957 [INFO] core.evaluator_v2: [ours] pred='The document provides an overview of the acquisition and disposal processes of federal lands in the United States, manag'
2026-08-19 15:24:29,365 [INFO] core.evaluator_v2: [ours] pred='The document provides a comprehensive overview of the U.S. Black Lung Disability Program, which provides financial assis'
2026-08-19 15:24:36,667 [INFO] core.evaluator_v2: [ours] pred='The U.S. foreign assistance program is a multifaceted system that encompasses a wide range of activities aimed at promot'
2026-08-19 15:24:54,277 [INFO] core.evaluator_v2: [ours] pred='**Summary:**\n\nThe document provides a comprehensive overview of the U.S. coal mining industry, focusing on regulatory fr'
2026-08-19 15:24:54,306 [INFO] core.evaluator_v2:   [15/30] avg=14.53
2026-08-19 15:25:00,287 [INFO] core.evaluator_v2: [ours] pred='The Public Safety Officers Benefits (PSOBS) program provides financial assistance to the families of deceased public saf'
2026-08-19 15:25:09,656 [INFO] core.evaluator_v2: [ours] pred="The document discusses the ongoing challenges and considerations related to the FBI's headquarters in Washington, D.C., "
2026-08-19 15:25:17,253 [INFO] core.evaluator_v2: [ours] pred='The document highlights challenges faced by the VA in aligning its services with changing veteran needs, particularly du'
2026-08-19 15:25:28,337 [INFO] core.evaluator_v2: [ours] pred='The document provides an overview of the funding for the U.S. trade agencies—**International Trade Administration (ITA)*'
2026-08-19 15:25:40,194 [INFO] core.evaluator_v2: [ours] pred='The document provides a comprehensive overview of the **Black Lung Benefits Act** and the **Black Lung Disability Trust '
2026-08-19 15:25:40,211 [INFO] core.evaluator_v2:   [20/30] avg=15.11
2026-08-19 15:25:56,100 [INFO] core.evaluator_v2: [ours] pred='**Summary:**\n\nThe document provides a comprehensive overview of the technology sector in the United States, focusing on '
2026-08-19 15:26:10,487 [INFO] core.evaluator_v2: [ours] pred='**Summary of the Document:**\n\nThe document provides a comprehensive overview of the current state of privacy regulation '
2026-08-19 15:26:26,780 [INFO] core.evaluator_v2: [ours] pred='**Summary of the Document:**\n\nThe document provides an overview of the U.S. retirement system, focusing on 401(k) and 40'
2026-08-19 15:26:32,598 [INFO] core.evaluator_v2: [ours] pred='The Social Security Administration (SSA) is responsible for administering programs that provide benefits to individuals '
2026-08-19 15:26:45,899 [INFO] core.evaluator_v2: [ours] pred="The document outlines the challenges facing the postal service's health benefits program, which is funded by the federal"
2026-08-19 15:26:45,928 [INFO] core.evaluator_v2:   [25/30] avg=14.81
2026-08-19 15:26:57,990 [INFO] core.evaluator_v2: [ours] pred='The document provides an overview of key housing-related issues and policy considerations in the United States, particul'
2026-08-19 15:27:16,580 [INFO] core.evaluator_v2: [ours] pred='The National Popular Vote (NPV) initiative seeks to ensure that the president of the United States is elected by the nat'
2026-08-19 15:27:24,870 [INFO] core.evaluator_v2: [ours] pred='The document outlines the key provisions and funding levels for the U.S. Army Corps of Engineers (USACE) and other feder'
2026-08-19 15:27:35,404 [INFO] core.evaluator_v2: [ours] pred="The document outlines the federal government's efforts to improve the efficiency and management of its real property. Ke"
2026-08-19 15:27:52,600 [INFO] core.evaluator_v2: [ours] pred='The National Cemeteries Administration (NCA) is responsible for managing burial sites for veterans and their families ac'
2026-08-19 15:27:52,635 [INFO] core.evaluator_v2:   [30/30] avg=14.85
2026-08-19 15:27:52,636 [INFO] __main__:   gov_report: score=14.85, collapse=20.0%
2026-08-19 15:27:52,637 [INFO] core.dataset_loader: Loading LongBench/qmsum ...
2026-08-19 15:27:52,705 [INFO] httpx: HTTP Request: GET https://huggingface.co/api/datasets/THUDM/LongBench/revision/5e628be450b7e67fb7ae6e201bd6d8f7056f7672 "HTTP/1.1 307 Temporary Redirect"
2026-08-19 15:27:52,757 [INFO] httpx: HTTP Request: GET https://huggingface.co/api/datasets/zai-org/LongBench/revision/5e628be450b7e67fb7ae6e201bd6d8f7056f7672 "HTTP/1.1 200 OK"
2026-08-19 15:27:53,362 [INFO] core.dataset_loader: Loaded 30 samples from qmsum
2026-08-19 15:27:53,363 [INFO] core.evaluator_v2: [ours] qmsum (30샘플, budget=20%, kwargs={'use_attention': False, 'use_entropy': True, 'use_position': False, 'use_semantic': False, 'sink_size': 0, 'invert_norm': True})
2026-08-19 15:28:01,416 [INFO] core.evaluator_v2: [ours] pred='The document is a meeting transcript where the team discusses the design of a new television remote control. Key points '
2026-08-19 15:28:08,725 [INFO] core.evaluator_v2: [ours] pred='The document is a meeting transcript where the team discusses the design and features of a television remote control. Ke'
2026-08-19 15:28:18,999 [INFO] core.evaluator_v2: [ours] pred='The document is a meeting transcript where the group discusses their project on natural language processing, specificall'
2026-08-19 15:28:26,515 [INFO] core.evaluator_v2: [ours] pred='The document is a detailed recording of a team meeting where members discuss the development of a remote control device.'
2026-08-19 15:28:34,256 [INFO] core.evaluator_v2: [ours] pred='The document is a meeting transcript where the team discusses the design and development of a new product, likely a remo'
2026-08-19 15:28:34,258 [INFO] core.evaluator_v2:   [5/30] avg=7.95
2026-08-19 15:28:34,549 [WARNING] core.model_loader: Input length 18386 > max 16000, truncating...
2026-08-19 15:28:42,950 [INFO] core.evaluator_v2: [ours] pred='The document is a meeting transcript between professors and researchers discussing their work on speech recognition and '
2026-08-19 15:28:43,142 [WARNING] core.model_loader: Input length 18553 > max 16000, truncating...
2026-08-19 15:28:53,415 [INFO] core.evaluator_v2: [ours] pred='The document is a meeting transcript where the group discusses a project related to natural language processing and beli'
2026-08-19 15:28:53,645 [WARNING] core.model_loader: Input length 16224 > max 16000, truncating...
2026-08-19 15:29:03,720 [INFO] core.evaluator_v2: [ours] pred='The Welsh Government is implementing a child and family funding scheme to support families in need, with a focus on impr'
2026-08-19 15:29:04,068 [WARNING] core.model_loader: Input length 16924 > max 16000, truncating...
2026-08-19 15:29:11,908 [INFO] core.evaluator_v2: [ours] pred='The document is a meeting transcript where participants discuss various project-related tasks and challenges. Key points'
2026-08-19 15:29:18,542 [INFO] core.evaluator_v2: [ours] pred='The meeting is a project kick-off for the design of a new remote control. Key points include:\n\n- **Project Goal**: Devel'
2026-08-19 15:29:18,546 [INFO] core.evaluator_v2:   [10/30] avg=7.06
2026-08-19 15:29:18,755 [WARNING] core.model_loader: Input length 16844 > max 16000, truncating...
2026-08-19 15:29:29,733 [INFO] core.evaluator_v2: [ours] pred='The document is a meeting transcript where the group discusses various aspects of a speech recognition project. Key poin'
2026-08-19 15:29:30,085 [WARNING] core.model_loader: Input length 16224 > max 16000, truncating...
2026-08-19 15:29:40,496 [INFO] core.evaluator_v2: [ours] pred='The Welsh Government is implementing a child and family funding scheme to support families in need, with a focus on impr'
2026-08-19 15:29:47,109 [INFO] core.evaluator_v2: [ours] pred='The meeting of the Children and Young People Committee was held in a virtual format, with a focus on the impact of the p'
2026-08-19 15:29:56,474 [INFO] core.evaluator_v2: [ours] pred='The document describes a meeting where the team reviews and finalizes the design of a remote control device. Key points '
2026-08-19 15:30:06,783 [INFO] core.evaluator_v2: [ours] pred='The meeting focused on designing a remote control with key considerations for user interface, material options, and tren'
2026-08-19 15:30:06,788 [INFO] core.evaluator_v2:   [15/30] avg=7.62
2026-08-19 15:30:14,692 [INFO] core.evaluator_v2: [ours] pred='The document is a transcript of a meeting between project team members, focusing on the design of a new remote control. '
2026-08-19 15:30:21,294 [INFO] core.evaluator_v2: [ours] pred='The meeting is a project kick-off for the design of a new remote control. Key points include:\n\n- **Project Goal**: Devel'
2026-08-19 15:30:21,461 [WARNING] core.model_loader: Input length 16844 > max 16000, truncating...
2026-08-19 15:30:32,341 [INFO] core.evaluator_v2: [ours] pred='The document is a meeting transcript where the group discusses various aspects of a speech recognition project. Key poin'
2026-08-19 15:30:41,120 [INFO] core.evaluator_v2: [ours] pred='The document is a meeting transcript where the team discusses the design and development of a new product. Key points in'
2026-08-19 15:30:41,335 [WARNING] core.model_loader: Input length 16224 > max 16000, truncating...
2026-08-19 15:30:53,189 [INFO] core.evaluator_v2: [ours] pred='The Welsh Government is implementing a child and family funding scheme to support families in need, with a focus on impr'
2026-08-19 15:30:53,195 [INFO] core.evaluator_v2:   [20/30] avg=8.50
2026-08-19 15:31:00,959 [INFO] core.evaluator_v2: [ours] pred='The document describes a meeting where team members discuss the design and feasibility of a new product, likely a remote'
2026-08-19 15:31:01,443 [WARNING] core.model_loader: Input length 25564 > max 16000, truncating...
2026-08-19 15:31:12,087 [INFO] core.evaluator_v2: [ours] pred='The document is a transcript of a meeting of the House of Commons, where members debated various issues related to the C'
2026-08-19 15:31:12,349 [WARNING] core.model_loader: Input length 18386 > max 16000, truncating...
2026-08-19 15:31:21,231 [INFO] core.evaluator_v2: [ours] pred='The document is a meeting transcript between professors and researchers discussing their work on speech recognition and '
2026-08-19 15:31:28,200 [INFO] core.evaluator_v2: [ours] pred='The document is a detailed recording of a team meeting where members discuss the development of a remote control device.'
2026-08-19 15:31:34,583 [INFO] core.evaluator_v2: [ours] pred='The document details a meeting where team members discuss a product prototype. Key points include:\n\n- **Project Overview'
2026-08-19 15:31:34,587 [INFO] core.evaluator_v2:   [25/30] avg=8.62
2026-08-19 15:31:41,173 [INFO] core.evaluator_v2: [ours] pred='The meeting discusses the design and features of a new television remote control. Key points include:\n\n- **Design Requir'
2026-08-19 15:31:48,319 [INFO] core.evaluator_v2: [ours] pred='The document describes a meeting where team members discuss the design and feasibility of a new product, likely a remote'
2026-08-19 15:31:48,507 [WARNING] core.model_loader: Input length 18553 > max 16000, truncating...
2026-08-19 15:31:58,775 [INFO] core.evaluator_v2: [ours] pred='The document is a meeting transcript where the group discusses a project related to natural language processing and beli'
2026-08-19 15:32:08,697 [INFO] core.evaluator_v2: [ours] pred='The document is a meeting transcript where project team members discuss the design and functionality of a remote control'
2026-08-19 15:32:15,365 [INFO] core.evaluator_v2: [ours] pred='The meeting is a project kick-off for the design of a new remote control. Key points include:\n\n- **Project Goal**: Devel'
2026-08-19 15:32:15,369 [INFO] core.evaluator_v2:   [30/30] avg=8.89
2026-08-19 15:32:15,369 [INFO] __main__:   qmsum: score=8.89, collapse=0.0%
2026-08-19 15:32:15,382 [INFO] core.results_manager: Results saved to results/v3_verified/exp7_extra_signals_qwen3-4b_20260819_151144.csv
2026-08-19 15:32:15,400 [INFO] core.results_manager: JSON saved to results/v3_verified/exp7_extra_signals_qwen3-4b_20260819_151144.json
2026-08-19 15:32:15,401 [INFO] __main__:   [중간 저장 완료] V_only
2026-08-19 15:32:15,403 [INFO] __main__: 
────────────────────────────────────────────────────────────
2026-08-19 15:32:15,422 [INFO] __main__: Variant: P_only | Budget: 20% | kwargs={'use_attention': False, 'use_entropy': False, 'use_position': True, 'use_semantic': False, 'sink_size': 0, 'invert_norm': True}
2026-08-19 15:32:15,424 [INFO] __main__: ────────────────────────────────────────────────────────────
2026-08-19 15:32:15,426 [INFO] core.dataset_loader: Loading LongBench/narrativeqa ...
2026-08-19 15:32:15,490 [INFO] httpx: HTTP Request: GET https://huggingface.co/api/datasets/THUDM/LongBench/revision/5e628be450b7e67fb7ae6e201bd6d8f7056f7672 "HTTP/1.1 307 Temporary Redirect"
2026-08-19 15:32:15,526 [INFO] httpx: HTTP Request: GET https://huggingface.co/api/datasets/zai-org/LongBench/revision/5e628be450b7e67fb7ae6e201bd6d8f7056f7672 "HTTP/1.1 200 OK"
2026-08-19 15:32:16,142 [INFO] core.dataset_loader: Loaded 30 samples from narrativeqa
2026-08-19 15:32:16,144 [INFO] core.evaluator_v2: [ours] narrativeqa (30샘플, budget=20%, kwargs={'use_attention': False, 'use_entropy': False, 'use_position': True, 'use_semantic': False, 'sink_size': 0, 'invert_norm': True})
2026-08-19 15:32:16,339 [WARNING] core.model_loader: Input length 23148 > max 16000, truncating...
2026-08-19 15:32:19,159 [INFO] core.evaluator_v2: [ours] pred='Daisy encountered Jim in the town of New York.'
2026-08-19 15:32:36,747 [INFO] core.evaluator_v2: [ours] pred='Socrates ultimately decides it is unjust to escape based on the text because Socrates decides it is unjust to escape bas'
2026-08-19 15:32:37,152 [WARNING] core.model_loader: Input length 37016 > max 16000, truncating...
2026-08-19 15:32:40,571 [INFO] core.evaluator_v2: [ours] pred='The setting of the story is medieval Germany, with a focus on the town of Nurnburg and the monastery of the White Cross '
2026-08-19 15:32:40,819 [WARNING] core.model_loader: Input length 37014 > max 16000, truncating...
2026-08-19 15:32:43,891 [INFO] core.evaluator_v2: [ours] pred='Baron Conrad killed Baron Henry of Roderburg of Trutz-Drachen.'
2026-08-19 15:32:44,134 [WARNING] core.model_loader: Input length 46744 > max 16000, truncating...
2026-08-19 15:32:47,142 [INFO] core.evaluator_v2: [ours] pred="The ghost that emerged from a painting at Dana's workplace is Vigo."
2026-08-19 15:32:47,144 [INFO] core.evaluator_v2:   [5/30] avg=9.45
2026-08-19 15:32:47,392 [WARNING] core.model_loader: Input length 46746 > max 16000, truncating...
2026-08-19 15:32:50,393 [INFO] core.evaluator_v2: [ours] pred="The first person that falls under Vigo's spell is Janosz."
2026-08-19 15:32:50,687 [WARNING] core.model_loader: Input length 64167 > max 16000, truncating...
2026-08-19 15:32:53,450 [INFO] core.evaluator_v2: [ours] pred="Clifford's profession is a waiter."
2026-08-19 15:32:56,042 [INFO] core.evaluator_v2: [ours] pred="Mr. and Mrs. Vervelle live in a park at the summit of Ville d'Avray."
2026-08-19 15:32:57,913 [INFO] core.evaluator_v2: [ours] pred='The Witch threw a coffin into a ditch.'
2026-08-19 15:32:58,155 [WARNING] core.model_loader: Input length 31340 > max 16000, truncating...
2026-08-19 15:33:01,238 [INFO] core.evaluator_v2: [ours] pred='Based on the text, Frank Saltram is a writer and intellectual adventurer and pathfinder.'
2026-08-19 15:33:01,239 [INFO] core.evaluator_v2:   [10/30] avg=10.98
2026-08-19 15:33:04,286 [INFO] core.evaluator_v2: [ours] pred='Mortimer Trefinnis was once estranged from his siblings due to a family quarrel about money.'
2026-08-19 15:33:04,470 [WARNING] core.model_loader: Input length 16515 > max 16000, truncating...
2026-08-19 15:33:08,533 [INFO] core.evaluator_v2: [ours] pred='The unique aspect of the \'future\' article that discussed Beerbohm\'s story is the phonetic spelling of the word "immajnar'
2026-08-19 15:33:08,774 [WARNING] core.model_loader: Input length 31069 > max 16000, truncating...
2026-08-19 15:33:11,765 [INFO] core.evaluator_v2: [ours] pred='In the text, death is disguised as a smith.'
2026-08-19 15:33:12,022 [WARNING] core.model_loader: Input length 31342 > max 16000, truncating...
2026-08-19 15:33:14,853 [INFO] core.evaluator_v2: [ours] pred="Lady Coxon is Ruth Anvoy's mother."
2026-08-19 15:33:15,099 [WARNING] core.model_loader: Input length 36325 > max 16000, truncating...
2026-08-19 15:33:19,066 [INFO] core.evaluator_v2: [ours] pred='Rogers learned his battle knowledge during the war described in the text, where he and other characters fought against t'
2026-08-19 15:33:19,068 [INFO] core.evaluator_v2:   [15/30] avg=12.82
2026-08-19 15:33:19,373 [WARNING] core.model_loader: Input length 36331 > max 16000, truncating...
2026-08-19 15:33:22,427 [INFO] core.evaluator_v2: [ours] pred='Anthony Rogers was working for the Hans in 1927.'
2026-08-19 15:33:22,692 [WARNING] core.model_loader: Input length 19086 > max 16000, truncating...
2026-08-19 15:33:26,750 [INFO] core.evaluator_v2: [ours] pred='The boarder who realizes that none of the boarders like each other is the young lady from New York. She realizes this be'
2026-08-19 15:33:45,674 [INFO] core.evaluator_v2: [ours] pred='Holence Belfast Project Gutenberg Ebstbstbstbstbstbstbstbstbstbstbstbstbstbstbstbstbstbstbstbstbstbstbstbstbstbstbstbstb'
2026-08-19 15:33:45,921 [WARNING] core.model_loader: Input length 32917 > max 16000, truncating...
2026-08-19 15:34:04,203 [INFO] core.evaluator_v2: [ours] pred='The hidden message within the video is the curse, which is broken by showing the video to someone else. The message is t'
2026-08-19 15:34:04,585 [WARNING] core.model_loader: Input length 37018 > max 16000, truncating...
2026-08-19 15:34:10,770 [INFO] core.evaluator_v2: [ours] pred='Important themes in the story include:\n\n- **Justice and mercy**: The story deals with the cruelty of a robber baron and '
2026-08-19 15:34:10,771 [INFO] core.evaluator_v2:   [20/30] avg=10.11
2026-08-19 15:34:11,004 [WARNING] core.model_loader: Input length 32915 > max 16000, truncating...
2026-08-19 15:34:14,000 [INFO] core.evaluator_v2: [ours] pred='The teenagers were discussing a videotape that features a shot of a well.'
2026-08-19 15:34:14,283 [WARNING] core.model_loader: Input length 60372 > max 16000, truncating...
2026-08-19 15:34:17,109 [INFO] core.evaluator_v2: [ours] pred='Bill worked as a farmer in Chicago.'
2026-08-19 15:34:35,035 [INFO] core.evaluator_v2: [ours] pred="Two people fainted after seeing Brenda's dead body. One person fainted. Another person fainted. The text describes the f"
2026-08-19 15:34:35,266 [WARNING] core.model_loader: Input length 37018 > max 16000, truncating...
2026-08-19 15:34:38,379 [INFO] core.evaluator_v2: [ours] pred='Otto is known for his pure silver hand, which was given him by the Emperor.'
2026-08-19 15:34:38,588 [WARNING] core.model_loader: Input length 19082 > max 16000, truncating...
2026-08-19 15:34:41,575 [INFO] core.evaluator_v2: [ours] pred='Leon focuses on observing and analyzing the people and their interactions in the text.'
2026-08-19 15:34:41,577 [INFO] core.evaluator_v2:   [25/30] avg=11.26
2026-08-19 15:34:59,266 [INFO] core.evaluator_v2: [ours] pred='The owner of the manor in the story is Monsieur de Balcot. However, based on the text, the owner of the manor in the sto'
2026-08-19 15:34:59,475 [WARNING] core.model_loader: Input length 32913 > max 16000, truncating...
2026-08-19 15:35:02,437 [INFO] core.evaluator_v2: [ours] pred="Reiko's job is not mentioned in the text."
2026-08-19 15:35:05,093 [INFO] core.evaluator_v2: [ours] pred='Holmes observes remains of powder upon the shield in the fireplace.'
2026-08-19 15:35:22,439 [INFO] core.evaluator_v2: [ours] pred='Socrates compares citizens and the law to a citizen and the law, to a citizen and the law, to a citizen and the law, to '
2026-08-19 15:35:40,072 [INFO] core.evaluator_v2: [ours] pred='La Grande Breteche is a provincial at Balac, based on the text. It is a house in the text. It is a house in the text. It'
2026-08-19 15:35:40,075 [INFO] core.evaluator_v2:   [30/30] avg=12.05
2026-08-19 15:35:40,076 [INFO] __main__:   narrativeqa: score=12.05, collapse=23.3%
2026-08-19 15:35:40,077 [INFO] core.dataset_loader: Loading LongBench/qasper ...
2026-08-19 15:35:40,143 [INFO] httpx: HTTP Request: GET https://huggingface.co/api/datasets/THUDM/LongBench/revision/5e628be450b7e67fb7ae6e201bd6d8f7056f7672 "HTTP/1.1 307 Temporary Redirect"
2026-08-19 15:35:40,179 [INFO] httpx: HTTP Request: GET https://huggingface.co/api/datasets/zai-org/LongBench/revision/5e628be450b7e67fb7ae6e201bd6d8f7056f7672 "HTTP/1.1 200 OK"
2026-08-19 15:35:40,648 [INFO] core.dataset_loader: Loaded 30 samples from qasper
2026-08-19 15:35:40,650 [INFO] core.evaluator_v2: [ours] qasper (30샘플, budget=20%, kwargs={'use_attention': False, 'use_entropy': False, 'use_position': True, 'use_semantic': False, 'sink_size': 0, 'invert_norm': True})
2026-08-19 15:35:43,107 [INFO] core.evaluator_v2: [ours] pred='The results from these proposed strategies are that both strategies successfully pass the bottleneck corresponding to en'
2026-08-19 15:35:44,085 [INFO] core.evaluator_v2: [ours] pred='The encoder has a character-based encoder-decoder model.'
2026-08-19 15:35:45,472 [INFO] core.evaluator_v2: [ours] pred='The text does not provide big aug lib speech dataset. Answer concly based on text.'
2026-08-19 15:35:46,320 [INFO] core.evaluator_v2: [ours] pred='NeuronBlocks include concisely based on the text.'
2026-08-19 15:35:47,966 [INFO] core.evaluator_v2: [ours] pred='The LSTM models compared with are: 6-layers sMBR model and 9-layers sMBR model.'
2026-08-19 15:35:47,967 [INFO] core.evaluator_v2:   [5/30] avg=10.43
2026-08-19 15:35:49,500 [INFO] core.evaluator_v2: [ours] pred='The datasets used for evaluation are CNN Daily Mail and NYT.'
2026-08-19 15:36:07,728 [INFO] core.evaluator_v2: [ours] pred='The text answers conclylylylylylylylylylylylylylylylylylylylylylylylylylylylylylylylylylylylylylylylylylylylylylylylylyl'
2026-08-19 15:36:09,368 [INFO] core.evaluator_v2: [ours] pred='The ancient Chinese dataset comes from the proposed method, which expands the dataset using the proposed method continua'
2026-08-19 15:36:10,969 [INFO] core.evaluator_v2: [ours] pred='The baselines used for evaluation are: \n\nPointer-generator with coverage loss.'
2026-08-19 15:36:30,940 [INFO] core.evaluator_v2: [ours] pred='The Twitter dataset is 5555555555555555555555555555555555555555555555555555555555555555555555555555555555555555555555555'
2026-08-19 15:36:30,942 [INFO] core.evaluator_v2:   [10/30] avg=9.80
2026-08-19 15:36:32,555 [INFO] core.evaluator_v2: [ours] pred='The text provides concise answers to questions. The answer to the question is: "By how much did they improve?" Answer co'
2026-08-19 15:36:35,742 [INFO] core.evaluator_v2: [ours] pred='The metrics used to establish that chat bots make more knowledgeable and better at learning and conversation are **Cover'
2026-08-19 15:36:37,419 [INFO] core.evaluator_v2: [ours] pred='The combination of rewards for reinforcement learning is the harmony of the effectiveness of the analysis of the failure'
2026-08-19 15:36:38,956 [INFO] core.evaluator_v2: [ours] pred='The attention module is pretrained on MT data.'
2026-08-19 15:36:56,130 [INFO] core.evaluator_v2: [ours] pred='The text does not provide a concise answer based on the text. The answer is: The text does not provide a concise answer '
2026-08-19 15:36:56,133 [INFO] core.evaluator_v2:   [15/30] avg=11.73
2026-08-19 15:37:12,833 [INFO] core.evaluator_v2: [ours] pred='They evaluate on the WSJ (specifically, the WSJ and the WSJ and the WSJ and the WSJ and the WSJ and the WSJ and the WSJ '
2026-08-19 15:37:14,891 [INFO] core.evaluator_v2: [ours] pred='The previous methods is their model compared to are: CNN, Probase, WordNet, TREC, and the text.'
2026-08-19 15:37:16,193 [INFO] core.evaluator_v2: [ours] pred='The languages similar to each other are: un-hashed feature representations which causes it to be dependent on the suppor'
2026-08-19 15:37:17,430 [INFO] core.evaluator_v2: [ours] pred='The 7 Indian languages do they experiment with are: All India Radio news channel for 7 Indian languages.'
2026-08-19 15:37:18,730 [INFO] core.evaluator_v2: [ours] pred='In addition to testing on rare words and frequent words, they test their method on tasks such as tracking infectious dis'
2026-08-19 15:37:18,732 [INFO] core.evaluator_v2:   [20/30] avg=12.20
2026-08-19 15:37:21,043 [INFO] core.evaluator_v2: [ours] pred='The tagging scheme employed is a novel tagging scheme designed to incorporate the constraint that each text in our corpo'
2026-08-19 15:37:22,435 [INFO] core.evaluator_v2: [ours] pred='The NLP tasks they consider are text and unsupervised clustering assignments.'
2026-08-19 15:37:24,336 [INFO] core.evaluator_v2: [ours] pred='The NCEL approach is highly effective, as it outperforms state-of-the-art collective methods across five different datas'
2026-08-19 15:37:25,635 [INFO] core.evaluator_v2: [ours] pred='The methods considered to find examples of biases and unwarranted inferences are manually detecting stereotypes, biases,'
2026-08-19 15:37:26,745 [INFO] core.evaluator_v2: [ours] pred='The corpus is valued based on the text. The answer is: 59.'
2026-08-19 15:37:26,747 [INFO] core.evaluator_v2:   [25/30] avg=13.37
2026-08-19 15:37:28,541 [INFO] core.evaluator_v2: [ours] pred='An individual model consists of a Bayesian model for semantic role induction (SRI) that uses crosslingual latent variabl'
2026-08-19 15:37:29,687 [INFO] core.evaluator_v2: [ours] pred='The text concisely based on the answer.'
2026-08-19 15:37:46,781 [INFO] core.evaluator_v2: [ours] pred='The highest MRR score is 5.5.5.5.5.5.5.5.5.5.5.5.5.5.5.5.5.5.5.5.5.5.5.5.5.5.5.5.5.5.5.5.5.5.5.5.5.5.5.5.5.5.5.5.5.5.5.5'
2026-08-19 15:37:47,897 [INFO] core.evaluator_v2: [ours] pred='The data presented to the subjects to elicit event-related responses is speech imagery EEG data.'
2026-08-19 15:37:49,109 [INFO] core.evaluator_v2: [ours] pred='The dataset is annotated with simple lexical features and reduced feature sets can produce comparable results to the muc'
2026-08-19 15:37:49,121 [INFO] core.evaluator_v2:   [30/30] avg=12.91
2026-08-19 15:37:49,123 [INFO] __main__:   qasper: score=12.91, collapse=16.7%
2026-08-19 15:37:49,124 [INFO] core.dataset_loader: Loading LongBench/multifieldqa_en ...
2026-08-19 15:37:49,186 [INFO] httpx: HTTP Request: GET https://huggingface.co/api/datasets/THUDM/LongBench/revision/5e628be450b7e67fb7ae6e201bd6d8f7056f7672 "HTTP/1.1 307 Temporary Redirect"
2026-08-19 15:37:49,218 [INFO] httpx: HTTP Request: GET https://huggingface.co/api/datasets/zai-org/LongBench/revision/5e628be450b7e67fb7ae6e201bd6d8f7056f7672 "HTTP/1.1 200 OK"
2026-08-19 15:37:49,653 [INFO] core.dataset_loader: Loaded 30 samples from multifieldqa_en
2026-08-19 15:37:49,655 [INFO] core.evaluator_v2: [ours] multifieldqa_en (30샘플, budget=20%, kwargs={'use_attention': False, 'use_entropy': False, 'use_position': True, 'use_semantic': False, 'sink_size': 0, 'invert_norm': True})
2026-08-19 15:37:51,052 [INFO] core.evaluator_v2: [ours] pred="After he attacks Jacobo at a workers' strike, concently based on the text: \n\nAnswer based on the text."
2026-08-19 15:37:53,127 [INFO] core.evaluator_v2: [ours] pred='Yes, based on the text. The denoiser can be applied to circuits with non-Clifford noise.'
2026-08-19 15:37:55,700 [INFO] core.evaluator_v2: [ours] pred='The name of the generative interactive model used in the method is "Dynamic Interactive Model".'
2026-08-19 15:38:13,389 [INFO] core.evaluator_v2: [ours] pred='The purpose of an ICD (Wolff-Parkinson-White Syndrome) is to treat an ventricular fibrillation (VF or VT). An ICD is a d'
2026-08-19 15:38:15,310 [INFO] core.evaluator_v2: [ours] pred='The PLMS-PPIC method engages the adaptive multistage structure with a set of NLMS algorithms with different step-sizes.'
2026-08-19 15:38:15,321 [INFO] core.evaluator_v2:   [5/30] avg=28.81
2026-08-19 15:38:16,385 [INFO] core.evaluator_v2: [ours] pred='In 2009, Brooksley Born received the Profiles in Courage Award.'
2026-08-19 15:38:18,766 [INFO] core.evaluator_v2: [ours] pred='A media application determines the context of an event by recognizing and presenting clip of the actual event, summary i'
2026-08-19 15:38:21,660 [INFO] core.evaluator_v2: [ours] pred='The sticking point in the political showdown over the budget is whether the government will pass a budget that includes '
2026-08-19 15:38:22,735 [INFO] core.evaluator_v2: [ours] pred='The county seat of McPherson County is Lindsburg.'
2026-08-19 15:38:24,818 [INFO] core.evaluator_v2: [ours] pred='The new Iraqi Body Count organization provides cover for the war and allows supporters of the illegal war to point to it'
2026-08-19 15:38:24,822 [INFO] core.evaluator_v2:   [10/30] avg=36.48
2026-08-19 15:38:33,538 [INFO] core.evaluator_v2: [ours] pred='Accounting for path preference consistently improves performance compared with the goal-only baseline. Results also show'
2026-08-19 15:38:53,113 [INFO] core.evaluator_v2: [ours] pred='It is important for the sides of the fuselage to be sloped (tumbled home) because this shape allows the fuselage to main'
2026-08-19 15:38:55,630 [INFO] core.evaluator_v2: [ours] pred='The court in In re Ferguson concluded that the transformation prong of the Bilski test was not applicable.'
2026-08-19 15:38:56,809 [INFO] core.evaluator_v2: [ours] pred='KSTP-FM 102.1 has been on the air for 3 years.'
2026-08-19 15:38:59,405 [INFO] core.evaluator_v2: [ours] pred='Thalassemias are classified based on the polypeptide chains of globin, with the two major categories being α- and β-thal'
2026-08-19 15:38:59,424 [INFO] core.evaluator_v2:   [15/30] avg=27.14
2026-08-19 15:39:01,296 [INFO] core.evaluator_v2: [ours] pred='The transition probability of the environment affects the learning rate in the static agent by reducing the learning rat'
2026-08-19 15:39:04,013 [INFO] core.evaluator_v2: [ours] pred='The experimental techniques used to study the quantum dot structures in this research are low-temperature STM/STS measur'
2026-08-19 15:39:05,239 [INFO] core.evaluator_v2: [ours] pred='Margway was born in Australia and where did she die?  \n\nAnswer concly based on text.'
2026-08-19 15:39:07,975 [INFO] core.evaluator_v2: [ours] pred='The two ground states observed for indeno[1,2-a]fluorene on NaCl surfaces are π-diradical open-shell and closed-shell.'
2026-08-19 15:39:11,336 [INFO] core.evaluator_v2: [ours] pred='The scoring engine generates a stream of content for the channel by receiving a request including the channel category a'
2026-08-19 15:39:11,338 [INFO] core.evaluator_v2:   [20/30] avg=27.42
2026-08-19 15:39:16,517 [INFO] core.evaluator_v2: [ours] pred='The stability conditions for a solution of $-\\Delta u = f(u)$ are given by the text as follows:\n\nA solution $u$ of $-\\De'
2026-08-19 15:39:17,395 [INFO] core.evaluator_v2: [ours] pred='McPherson County is located in Kansas.'
2026-08-19 15:39:19,026 [INFO] core.evaluator_v2: [ours] pred='The main focus of the research paper is the study of the nuclear transition in 3 dim. effective theory.'
2026-08-19 15:39:19,207 [WARNING] core.model_loader: Input length 16496 > max 16000, truncating...
2026-08-19 15:39:22,362 [INFO] core.evaluator_v2: [ours] pred='The security parameter for the AES-256 block cipher is 172.'
2026-08-19 15:39:23,126 [INFO] core.evaluator_v2: [ours] pred='The most active fan club is based on the text.'
2026-08-19 15:39:23,128 [INFO] core.evaluator_v2:   [25/30] avg=29.22
2026-08-19 15:39:23,999 [INFO] core.evaluator_v2: [ours] pred='Margway wrote 1 novel based on the text.'
2026-08-19 15:39:25,944 [INFO] core.evaluator_v2: [ours] pred='The significance of the interlayer Berry connection polarizability is that it provides the geometric origin for the in-p'
2026-08-19 15:39:28,685 [INFO] core.evaluator_v2: [ours] pred='Wearable and ambient sensors now capable of estimating physical activity levels and physiological outcomes of older adul'
2026-08-19 15:39:30,655 [INFO] core.evaluator_v2: [ours] pred='One of Kam W. Leong\'s publications in "Journal of Controlled Release" is "Inducing hepatic differentiation of human mese'
2026-08-19 15:39:48,706 [INFO] core.evaluator_v2: [ours] pred='The symptoms of vitamin K deficiency according to the text are: blood clot, undercarcarcarcarcarcarcarcarcarcarcarcarcar'
2026-08-19 15:39:48,719 [INFO] core.evaluator_v2:   [30/30] avg=27.63
2026-08-19 15:39:48,720 [INFO] __main__:   multifieldqa_en: score=27.63, collapse=10.0%
2026-08-19 15:39:48,721 [INFO] core.dataset_loader: Loading LongBench/hotpotqa ...
2026-08-19 15:39:48,785 [INFO] httpx: HTTP Request: GET https://huggingface.co/api/datasets/THUDM/LongBench/revision/5e628be450b7e67fb7ae6e201bd6d8f7056f7672 "HTTP/1.1 307 Temporary Redirect"
2026-08-19 15:39:48,817 [INFO] httpx: HTTP Request: GET https://huggingface.co/api/datasets/zai-org/LongBench/revision/5e628be450b7e67fb7ae6e201bd6d8f7056f7672 "HTTP/1.1 200 OK"
2026-08-19 15:39:49,288 [INFO] core.dataset_loader: Loaded 30 samples from hotpotqa
2026-08-19 15:39:49,290 [INFO] core.evaluator_v2: [ours] hotpotqa (30샘플, budget=20%, kwargs={'use_attention': False, 'use_entropy': False, 'use_position': True, 'use_semantic': False, 'sink_size': 0, 'invert_norm': True})
2026-08-19 15:39:49,618 [WARNING] core.model_loader: Input length 17130 > max 16000, truncating...
2026-08-19 15:39:52,976 [INFO] core.evaluator_v2: [ours] pred='Brian Stokes Mitchell is a powerful baritone who won the Tony Award for Best Actor in 2000.'
2026-08-19 15:39:53,251 [WARNING] core.model_loader: Input length 16583 > max 16000, truncating...
2026-08-19 15:39:56,489 [INFO] core.evaluator_v2: [ours] pred='The large subunit and small subunit that use two types of RNA are major components that make up ribosomes.'
2026-08-19 15:39:58,969 [INFO] core.evaluator_v2: [ours] pred='Sarah Price and Rob Schneider are both filmmakers.'
2026-08-19 15:40:16,483 [INFO] core.evaluator_v2: [ours] pred='Arnrichrichrichrichritchitchitchitchitchitchitchitchitchitchitchitchitchitchitchitchitchitchitchitchitchitchitchitchitch'
2026-08-19 15:40:16,706 [WARNING] core.model_loader: Input length 16934 > max 16000, truncating...
2026-08-19 15:40:19,668 [INFO] core.evaluator_v2: [ours] pred='Alfred A. Marcus worked as a consultant with Xcel Energy.'
2026-08-19 15:40:19,670 [INFO] core.evaluator_v2:   [5/30] avg=16.04
2026-08-19 15:40:20,745 [INFO] core.evaluator_v2: [ours] pred='Pleiospiloc is a flowering plant, based on the text.'
2026-08-19 15:40:22,495 [INFO] core.evaluator_v2: [ours] pred='Steel Venom is farther north than Wicked Twister.'
2026-08-19 15:40:22,678 [WARNING] core.model_loader: Input length 16637 > max 16000, truncating...
2026-08-19 15:40:25,830 [INFO] core.evaluator_v2: [ours] pred='Baghdad was also known as the "breadbasket" during the Abbasid Caliphate.'
2026-08-19 15:40:28,713 [INFO] core.evaluator_v2: [ours] pred='The FIBT World Championships 1960 took place in Cortina, which is located in the Veneto region of Italy.'
2026-08-19 15:40:31,570 [INFO] core.evaluator_v2: [ours] pred='Mike Leach currently coaches at Washington State.'
2026-08-19 15:40:31,572 [INFO] core.evaluator_v2:   [10/30] avg=20.28
2026-08-19 15:40:48,867 [INFO] core.evaluator_v2: [ours] pred='The Friday night programming block that included the collective series "Whatever Happened to... Robot Jones?" is "SNM"."'
2026-08-19 15:40:51,052 [INFO] core.evaluator_v2: [ours] pred='The text does not provide information about the lowest vocal range in Cosmos. However, based on the text, the answer is:'
2026-08-19 15:40:51,253 [WARNING] core.model_loader: Input length 16792 > max 16000, truncating...
2026-08-19 15:40:54,848 [INFO] core.evaluator_v2: [ours] pred='Fredric Rieders testified against Michael Bodkin Adams, who killed as many as 60 patients and received three consecutive'
2026-08-19 15:40:58,166 [INFO] core.evaluator_v2: [ours] pred='Robbie Tucker plays in the series "It\'s Always Sunny in Philadelphia," which follows a group of friends who run an Irish'
2026-08-19 15:40:58,360 [WARNING] core.model_loader: Input length 16875 > max 16000, truncating...
2026-08-19 15:41:01,594 [INFO] core.evaluator_v2: [ours] pred='The National Firearms Agreement was in response to the Port Arthur massacre that killed 20,000 people.'
2026-08-19 15:41:01,600 [INFO] core.evaluator_v2:   [15/30] avg=17.60
2026-08-19 15:41:03,798 [INFO] core.evaluator_v2: [ours] pred='The first name of the author who wrote the play in which Rønnaug Alten made her stage debut at Den Nationale Scene in 19'
2026-08-19 15:41:06,764 [INFO] core.evaluator_v2: [ours] pred='The River Thames is common to Waterloo Bridge and the London Eye.'
2026-08-19 15:41:09,372 [INFO] core.evaluator_v2: [ours] pred='Darindam Bhatcharjee.'
2026-08-19 15:41:09,569 [WARNING] core.model_loader: Input length 16802 > max 16000, truncating...
2026-08-19 15:41:12,671 [INFO] core.evaluator_v2: [ours] pred='The host of the American survival skills reality show, The Island, is originally from Britain.'
2026-08-19 15:41:15,345 [INFO] core.evaluator_v2: [ours] pred='Pope John XI gave the title "patricia" of Rome to the mother of Alberic II of Spoleto, who is described in the text as b'
2026-08-19 15:41:15,346 [INFO] core.evaluator_v2:   [20/30] avg=15.04
2026-08-19 15:41:17,037 [INFO] core.evaluator_v2: [ours] pred='Mimosa is a shrub, Cryptocoryne is a shrub.'
2026-08-19 15:41:21,079 [INFO] core.evaluator_v2: [ours] pred='The actor who plays Sean Tully is John Partridge. In the text, it is mentioned that John Partridge defeated in a dancing'
2026-08-19 15:41:21,282 [WARNING] core.model_loader: Input length 17206 > max 16000, truncating...
2026-08-19 15:41:24,564 [INFO] core.evaluator_v2: [ours] pred='Mark Donohue performed in the 1971 Canadian Grand Prix was born in 1937.'
2026-08-19 15:41:27,772 [INFO] core.evaluator_v2: [ours] pred='Yameen and Activision have in common the form of play known as Intellivision Rocks.'
2026-08-19 15:41:29,832 [INFO] core.evaluator_v2: [ours] pred='The Atherton Bridge spans a river that is 250 feet (76 m) long.'
2026-08-19 15:41:29,835 [INFO] core.evaluator_v2:   [25/30] avg=14.17
2026-08-19 15:41:33,075 [INFO] core.evaluator_v2: [ours] pred='3 Arts Entertainment had at least one coalition with OSN First Comedy HD, with its 13-episode, 2015 season of a Tina Fey'
2026-08-19 15:41:36,386 [INFO] core.evaluator_v2: [ours] pred='High School Confidential followed twelve high school teenagers from Blue Valley Northwest High School in Overland Park, '
2026-08-19 15:41:39,874 [INFO] core.evaluator_v2: [ours] pred='The 53rd National Hockey League All-Star Game took place at the St. Louis Arena, which was completed in 1970.'
2026-08-19 15:41:42,788 [INFO] core.evaluator_v2: [ours] pred='The Toronto International Film Festival premiered a movie produced by BBC Films in 2012.'
2026-08-19 15:41:42,976 [WARNING] core.model_loader: Input length 16382 > max 16000, truncating...
2026-08-19 15:41:46,228 [INFO] core.evaluator_v2: [ours] pred='The arena where the Lewiston Maineiacs played their home games can seat 1,200 people.'
2026-08-19 15:41:46,230 [INFO] core.evaluator_v2:   [30/30] avg=11.81
2026-08-19 15:41:46,231 [INFO] __main__:   hotpotqa: score=11.81, collapse=6.7%
2026-08-19 15:41:46,231 [INFO] core.dataset_loader: Loading LongBench/2wikimqa ...
2026-08-19 15:41:46,306 [INFO] httpx: HTTP Request: GET https://huggingface.co/api/datasets/THUDM/LongBench/revision/5e628be450b7e67fb7ae6e201bd6d8f7056f7672 "HTTP/1.1 307 Temporary Redirect"
2026-08-19 15:41:46,358 [INFO] httpx: HTTP Request: GET https://huggingface.co/api/datasets/zai-org/LongBench/revision/5e628be450b7e67fb7ae6e201bd6d8f7056f7672 "HTTP/1.1 200 OK"
2026-08-19 15:41:46,871 [INFO] core.dataset_loader: Loaded 30 samples from 2wikimqa
2026-08-19 15:41:46,873 [INFO] core.evaluator_v2: [ours] 2wikimqa (30샘플, budget=20%, kwargs={'use_attention': False, 'use_entropy': False, 'use_position': True, 'use_semantic': False, 'sink_size': 0, 'invert_norm': True})
2026-08-19 15:41:48,431 [INFO] core.evaluator_v2: [ours] pred='Elmer Bäck was born in Finland.'
2026-08-19 15:42:05,437 [INFO] core.evaluator_v2: [ours] pred='"Jugband Blues" came out first. According to the text, "Jugband Blues" was released in 1961. "Joel The Lump Of Coal" was'
2026-08-19 15:42:23,229 [INFO] core.evaluator_v2: [ours] pred='No Trees In The Street. J. Lee Thompson died later. True To The Navy is directed by J. Lee Thompson, who died later. No '
2026-08-19 15:42:24,973 [INFO] core.evaluator_v2: [ours] pred="The place of death of Agnes of Hohenstaufen's husband is Germany, based on the text."
2026-08-19 15:42:27,299 [INFO] core.evaluator_v2: [ours] pred='Lyudmyla Olyanovska was born later, based on the text.'
2026-08-19 15:42:27,300 [INFO] core.evaluator_v2:   [5/30] avg=8.76
2026-08-19 15:42:29,826 [INFO] core.evaluator_v2: [ours] pred="Helmichs's father-in-law is Viscount Ogawa Mataji."
2026-08-19 15:42:46,770 [INFO] core.evaluator_v2: [ours] pred="The Drover'S Sweetheart came out earlier. According to the text, The Drover'S Sweetheart was released on 6 September 200"
2026-08-19 15:42:48,657 [INFO] core.evaluator_v2: [ours] pred="Princess Charlotte Of Saxe-Meiningen's husband is nationality based on the text."
2026-08-19 15:42:48,942 [WARNING] core.model_loader: Input length 16424 > max 16000, truncating...
2026-08-19 15:42:51,922 [INFO] core.evaluator_v2: [ours] pred='Yes, both movies are from the same country, which is Britain.'
2026-08-19 15:42:53,173 [INFO] core.evaluator_v2: [ours] pred='Dr. Socrates was released first.'
2026-08-19 15:42:53,175 [INFO] core.evaluator_v2:   [10/30] avg=13.58
2026-08-19 15:42:55,581 [INFO] core.evaluator_v2: [ours] pred="The place of death of Randi Monsen's father is not mentioned in the text. However, based on the text, the father of Rand"
2026-08-19 15:42:57,152 [INFO] core.evaluator_v2: [ours] pred="The place of birth of Abdulaziz Nasser Al Shamsi's wife is Ajman."
2026-08-19 15:42:58,348 [INFO] core.evaluator_v2: [ours] pred='The director of film Nallavan Vazhvan is P. Neak.'
2026-08-19 15:43:00,338 [INFO] core.evaluator_v2: [ours] pred='The director of *Monster on the Campus* died first.'
2026-08-19 15:43:17,702 [INFO] core.evaluator_v2: [ours] pred='The paternal grandfather of Bruno II von Berg is Count Adolf III of Berg. Based on the text, the answer is concise and b'
2026-08-19 15:43:17,731 [INFO] core.evaluator_v2:   [15/30] avg=13.58
2026-08-19 15:43:18,918 [INFO] core.evaluator_v2: [ours] pred='Prince Of Arcadia was released earlier.'
2026-08-19 15:43:20,750 [INFO] core.evaluator_v2: [ours] pred='Johnny Ekström was born later.'
2026-08-19 15:43:22,323 [INFO] core.evaluator_v2: [ours] pred='The place of birth of the director of film "Cloning Around" is London. based on the text.'
2026-08-19 15:43:39,455 [INFO] core.evaluator_v2: [ours] pred='Solemn Promise was directed by Srđan Karanović, who was born first. Tarzan The Magnificent was directed by Robert Day, w'
2026-08-19 15:43:42,832 [INFO] core.evaluator_v2: [ours] pred='The spouse of the director of film "Streets Of Blood" is Euclid Tsakalotos.'
2026-08-19 15:43:42,836 [INFO] core.evaluator_v2:   [20/30] avg=16.44
2026-08-19 15:43:59,407 [INFO] core.evaluator_v2: [ours] pred='Contragolpe was directed by Roy Ward Baker, who died in 2010. Tiger In The Smoke was directed by Roy Ward Baker, who die'
2026-08-19 15:43:59,619 [WARNING] core.model_loader: Input length 16690 > max 16000, truncating...
2026-08-19 15:44:03,889 [INFO] core.evaluator_v2: [ours] pred='The composer of "Gretchen am Spinnrade" is Franz Schubert. According to the text, Franz Schubert died in California. How'
2026-08-19 15:44:04,162 [WARNING] core.model_loader: Input length 17007 > max 16000, truncating...
2026-08-19 15:44:07,337 [INFO] core.evaluator_v2: [ours] pred="Gisela of Hungary's father-in-law is Henry II, Holy Roman Emperor."
2026-08-19 15:44:10,422 [INFO] core.evaluator_v2: [ours] pred="Grand Duchess Elena Vladimirovna of Russia's father died in Yekaterinburg."
2026-08-19 15:44:12,288 [INFO] core.evaluator_v2: [ours] pred='From Corleone To Brooklyn is directed by Umberto Lenzi, who is born later than director of film Durango Valley Raiders.'
2026-08-19 15:44:12,289 [INFO] core.evaluator_v2:   [25/30] avg=14.51
2026-08-19 15:44:14,913 [INFO] core.evaluator_v2: [ours] pred="The place of birth of Sextus Barbour's father is Belfast."
2026-08-19 15:44:16,332 [INFO] core.evaluator_v2: [ours] pred='The text answers concly based on the text. \n\nAnswer: Based on the text, Altuğ Çelikbilek is younger.'
2026-08-19 15:44:19,420 [INFO] core.evaluator_v2: [ours] pred='The maternal grandfather of Marie Louise, Duchess of Parma is Emperor Franz II, who was the paternal grandfather of Mari'
2026-08-19 15:44:21,027 [INFO] core.evaluator_v2: [ours] pred='Una Prostituta Al Servizio Del Pubblico E In Regola Con Le Leggi dello stato came out first.'
2026-08-19 15:44:22,363 [INFO] core.evaluator_v2: [ours] pred='Antoine Casavant was born first, based on the text.'
2026-08-19 15:44:22,365 [INFO] core.evaluator_v2:   [30/30] avg=17.55
2026-08-19 15:44:22,367 [INFO] __main__:   2wikimqa: score=17.55, collapse=20.0%
2026-08-19 15:44:22,368 [INFO] core.dataset_loader: Loading LongBench/gov_report ...
2026-08-19 15:44:22,455 [INFO] httpx: HTTP Request: GET https://huggingface.co/api/datasets/THUDM/LongBench/revision/5e628be450b7e67fb7ae6e201bd6d8f7056f7672 "HTTP/1.1 307 Temporary Redirect"
2026-08-19 15:44:22,486 [INFO] httpx: HTTP Request: GET https://huggingface.co/api/datasets/zai-org/LongBench/revision/5e628be450b7e67fb7ae6e201bd6d8f7056f7672 "HTTP/1.1 200 OK"
2026-08-19 15:44:23,049 [INFO] core.dataset_loader: Loaded 30 samples from gov_report
2026-08-19 15:44:23,061 [INFO] core.evaluator_v2: [ours] gov_report (30샘플, budget=20%, kwargs={'use_attention': False, 'use_entropy': False, 'use_position': True, 'use_semantic': False, 'sink_size': 0, 'invert_norm': True})
2026-08-19 15:44:41,682 [INFO] core.evaluator_v2: [ours] pred='The National Science Foundation (NSF) has recognized the need to think more strategically about its use of rotators and '
2026-08-19 15:44:47,673 [INFO] core.evaluator_v2: [ours] pred='The federal government has opportunities to address high-risk areas on improving the management of IT acquisitions and o'
2026-08-19 15:44:48,004 [WARNING] core.model_loader: Input length 51949 > max 16000, truncating...
2026-08-19 15:44:50,610 [INFO] core.evaluator_v2: [ours] pred='**Summary:**'
2026-08-19 15:44:50,880 [WARNING] core.model_loader: Input length 28135 > max 16000, truncating...
2026-08-19 15:45:09,483 [INFO] core.evaluator_v2: [ours] pred='The **Clean Water Infrastructure** program, established under the **Clean Water Act**, is a federal initiative aimed at '
2026-08-19 15:45:27,476 [INFO] core.evaluator_v2: [ours] pred='**Summary of the GAO Report on the Department of Homeland Security (DHS) TRIO Components:**\n\nThe Department of Homeland '
2026-08-19 15:45:27,518 [INFO] core.evaluator_v2:   [5/30] avg=13.50
2026-08-19 15:45:46,071 [INFO] core.evaluator_v2: [ours] pred='**Summary:**  \n\nThe federal government faces significant challenges in securing its information systems. Key challenges '
2026-08-19 15:45:56,364 [INFO] core.evaluator_v2: [ours] pred='The document provides a detailed overview of federal small business contracting programs. Key points include:\n\n- **Bipar'
2026-08-19 15:45:56,674 [WARNING] core.model_loader: Input length 19434 > max 16000, truncating...
2026-08-19 15:46:04,783 [INFO] core.evaluator_v2: [ours] pred='The Department of Defense operates under a framework of authority, which includes provisions for research, development, '
2026-08-19 15:46:13,410 [INFO] core.evaluator_v2: [ours] pred='The payment system in the United States is evolving, with a growing preference for electronic payment methods. Cash has '
2026-08-19 15:46:13,853 [WARNING] core.model_loader: Input length 41630 > max 16000, truncating...
2026-08-19 15:46:32,372 [INFO] core.evaluator_v2: [ours] pred='The Department of Homeland Security (DHS) has implemented policies and processes to better reflect key portfolio managem'
2026-08-19 15:46:32,412 [INFO] core.evaluator_v2:   [10/30] avg=15.52
2026-08-19 15:46:50,188 [INFO] core.evaluator_v2: [ours] pred='This article provides a'
2026-08-19 15:47:07,188 [INFO] core.evaluator_v2: [ours] pred='The United States maintains a significant federal landholding, with approximately 150 million acres in federal ownership'
2026-08-19 15:47:24,158 [INFO] core.evaluator_v2: [ours] pred='The Black Lung Disability Trust Fund (Trust Fund) has faced significant financial challenges. The Trust Fund, which is r'
2026-08-19 15:47:26,902 [INFO] core.evaluator_v2: [ours] pred='The summary of the report is as follows:\n\nThe summary of the report is as follows:'
2026-08-19 15:47:43,974 [INFO] core.evaluator_v2: [ours] pred="**Summary of the Office of Surface Mining Reclamation and Enforcement's (OSMRE) Oversight Activities:**\n\nThe Office of S"
2026-08-19 15:47:44,006 [INFO] core.evaluator_v2:   [15/30] avg=13.72
2026-08-19 15:47:44,840 [INFO] core.evaluator_v2: [ours] pred='The summary is as follows:'
2026-08-19 15:47:45,474 [INFO] core.evaluator_v2: [ours] pred='The summary is:'
2026-08-19 15:47:46,203 [INFO] core.evaluator_v2: [ours] pred='The summary is:'
2026-08-19 15:47:47,670 [INFO] core.evaluator_v2: [ours] pred='The summary is as follows:\n\nThe summary is as follows:'
2026-08-19 15:48:04,468 [INFO] core.evaluator_v2: [ours] pred='The **Black Lung Disability Disability Disability Disability Disability Disability Disability Disability Disability Disa'
2026-08-19 15:48:04,504 [INFO] core.evaluator_v2:   [20/30] avg=10.49
2026-08-19 15:48:22,206 [INFO] core.evaluator_v2: [ours] pred='**Summary of the Document:**\n\nThe document, authored by the U.S. Department, provides a detailed analysis of the technol'
2026-08-19 15:48:38,441 [INFO] core.evaluator_v2: [ours] pred="**Summary of the Federal Government's Internet Privacy Review:**\n\nThe federal government's Internet privacy review highl"
2026-08-19 15:48:58,041 [INFO] core.evaluator_v2: [ours] pred='**Summary of the Document:**\n\nThe document provides a comprehensive overview of the U.S. retirement system, focusing on '
2026-08-19 15:49:09,296 [INFO] core.evaluator_v2: [ours] pred="The Government Accountability Institution (GAO) has issued a summary of the U.S. Government's report on the effectivenes"
2026-08-19 15:49:26,777 [INFO] core.evaluator_v2: [ours] pred='The GAO report outlines the financial status and challenges of the U.S. Postal Service Retiree Health Benefits Fund (RHB'
2026-08-19 15:49:26,819 [INFO] core.evaluator_v2:   [25/30] avg=11.66
2026-08-19 15:49:44,946 [INFO] core.evaluator_v2: [ours] pred='The 116th Congress is focusing on key issues related to housing, including:\n\n- **Housing Market Recovery**: The housing '
2026-08-19 15:50:03,179 [INFO] core.evaluator_v2: [ours] pred='The **National Popular Vote (NPV)****** is a **novel effort** to achieve the **goal of direct election of the President '
2026-08-19 15:50:21,243 [INFO] core.evaluator_v2: [ours] pred='The Energy and Water Development Act focuses on the following key points:\n\n- The Act is a comprehensive framework that a'
2026-08-19 15:50:31,162 [INFO] core.evaluator_v2: [ours] pred='The summary of the provided document is as follows:\n\n**Summary of the Document:**\n\nThe document outlines the approaches '
2026-08-19 15:50:38,428 [INFO] core.evaluator_v2: [ours] pred='The Department of Veterans Affairs (VA) has made significant progress in increasing burial access for veterans. However,'
2026-08-19 15:50:38,444 [INFO] core.evaluator_v2:   [30/30] avg=12.28
2026-08-19 15:50:38,445 [INFO] __main__:   gov_report: score=12.28, collapse=56.7%
2026-08-19 15:50:38,445 [INFO] core.dataset_loader: Loading LongBench/qmsum ...
2026-08-19 15:50:38,513 [INFO] httpx: HTTP Request: GET https://huggingface.co/api/datasets/THUDM/LongBench/revision/5e628be450b7e67fb7ae6e201bd6d8f7056f7672 "HTTP/1.1 307 Temporary Redirect"
2026-08-19 15:50:38,570 [INFO] httpx: HTTP Request: GET https://huggingface.co/api/datasets/zai-org/LongBench/revision/5e628be450b7e67fb7ae6e201bd6d8f7056f7672 "HTTP/1.1 200 OK"
2026-08-19 15:50:38,959 [INFO] core.dataset_loader: Loaded 30 samples from qmsum
2026-08-19 15:50:38,971 [INFO] core.evaluator_v2: [ours] qmsum (30샘플, budget=20%, kwargs={'use_attention': False, 'use_entropy': False, 'use_position': True, 'use_semantic': False, 'sink_size': 0, 'invert_norm': True})
2026-08-19 15:50:56,275 [INFO] core.evaluator_v2: [ours] pred='The summary of the meeting is as follows:\n\n**Summary:**\n\nThis is the summary of the meeting, which is as follows:\n\n**Sum'
2026-08-19 15:51:13,767 [INFO] core.evaluator_v2: [ours] pred='The meeting involved team members discussing the design of a new product. The key points of the meeting are as follows:\n'
2026-08-19 15:51:32,604 [INFO] core.evaluator_v2: [ours] pred='The meeting involved discussions about a project. Here is a summary of the key points discussed in the meeting:\n\n**Summa'
2026-08-19 15:51:36,075 [INFO] core.evaluator_v2: [ours] pred='The summary of the document is as follows:\n\nThis document is a recording of a meeting, which is a summary of the events '
2026-08-19 15:51:37,884 [INFO] core.evaluator_v2: [ours] pred='The summary is as follows:'
2026-08-19 15:51:37,886 [INFO] core.evaluator_v2:   [5/30] avg=3.30
2026-08-19 15:51:38,079 [WARNING] core.model_loader: Input length 18386 > max 16000, truncating...
2026-08-19 15:51:45,634 [INFO] core.evaluator_v2: [ours] pred='The summary of the meeting is as follows:\n\n**Summary:**\n\nThe meeting involved a team of researchers and graduate student'
2026-08-19 15:51:45,869 [WARNING] core.model_loader: Input length 18553 > max 16000, truncating...
2026-08-19 15:52:04,294 [INFO] core.evaluator_v2: [ours] pred='The meeting involved discussions about a project focused on belief networks. Key points include:\n\n- The project involves'
2026-08-19 15:52:04,495 [WARNING] core.model_loader: Input length 16224 > max 16000, truncating...
2026-08-19 15:52:10,599 [INFO] core.evaluator_v2: [ours] pred='The Welsh Government is implementing a childcare offer. The offer is designed to support child development, with a focus'
2026-08-19 15:52:10,816 [WARNING] core.model_loader: Input length 16924 > max 16000, truncating...
2026-08-19 15:52:29,566 [INFO] core.evaluator_v2: [ours] pred='The document is a summary of a meeting. The meeting is a summary of a meeting. The meeting is a summary of a meeting. Th'
2026-08-19 15:52:47,026 [INFO] core.evaluator_v2: [ours] pred='The summary is as follows: \n\nThe summary is as follows: \n\nThe summary is as follows: \n\nThe summary is as follows: \n\nThe '
2026-08-19 15:52:47,067 [INFO] core.evaluator_v2:   [10/30] avg=3.18
2026-08-19 15:52:47,240 [WARNING] core.model_loader: Input length 16844 > max 16000, truncating...
2026-08-19 15:52:50,167 [INFO] core.evaluator_v2: [ours] pred='The summary is as follows:\n\nThis is a summary of a meeting.'
2026-08-19 15:52:50,365 [WARNING] core.model_loader: Input length 16224 > max 16000, truncating...
2026-08-19 15:52:56,613 [INFO] core.evaluator_v2: [ours] pred='The Welsh Government is implementing a childcare offer. The offer is designed to support child development, with a focus'
2026-08-19 15:52:59,189 [INFO] core.evaluator_v2: [ours] pred='The summary of the document is as follows:'
2026-08-19 15:53:05,541 [INFO] core.evaluator_v2: [ours] pred='The team developed a remote control shaped like a banana. The remote control features a flipping open mechanism, a vibra'
2026-08-19 15:53:23,084 [INFO] core.evaluator_v2: [ours] pred='The team has concluded a meeting where they have discussed the following key points:\n\n**Summary:**\n\nThe team has conclud'
2026-08-19 15:53:23,091 [INFO] core.evaluator_v2:   [15/30] avg=3.70
2026-08-19 15:53:27,102 [INFO] core.evaluator_v2: [ours] pred='The summary of the provided text is as follows:\n\nThis text describes a meeting between a Project Manager, a User Interfa'
2026-08-19 15:53:43,650 [INFO] core.evaluator_v2: [ours] pred='The summary is as follows: \n\nThe summary is as follows: \n\nThe summary is as follows: \n\nThe summary is as follows: \n\nThe '
2026-08-19 15:53:43,822 [WARNING] core.model_loader: Input length 16844 > max 16000, truncating...
2026-08-19 15:53:46,753 [INFO] core.evaluator_v2: [ours] pred='The summary is as follows:\n\nThis is a summary of a meeting.'
2026-08-19 15:53:51,446 [INFO] core.evaluator_v2: [ours] pred='The document details a project involving a team. The project focused on designing a remote, but faced challenges due to '
2026-08-19 15:53:51,647 [WARNING] core.model_loader: Input length 16224 > max 16000, truncating...
2026-08-19 15:53:57,707 [INFO] core.evaluator_v2: [ours] pred='The Welsh Government is implementing a childcare offer. The offer is designed to support child development, with a focus'
2026-08-19 15:53:57,725 [INFO] core.evaluator_v2:   [20/30] avg=4.75
2026-08-19 15:54:01,192 [INFO] core.evaluator_v2: [ours] pred='The meeting involved a team discussing a project. Key points include: the team is strong, they found new ideas, and the '
2026-08-19 15:54:01,412 [WARNING] core.model_loader: Input length 25564 > max 16000, truncating...
2026-08-19 15:54:04,975 [INFO] core.evaluator_v2: [ours] pred='The House of Commons held a committee session, with members and virtual participants. The committee is now adjourned unt'
2026-08-19 15:54:05,170 [WARNING] core.model_loader: Input length 18386 > max 16000, truncating...
2026-08-19 15:54:12,649 [INFO] core.evaluator_v2: [ours] pred='The summary of the meeting is as follows:\n\n**Summary:**\n\nThe meeting involved a team of researchers and graduate student'
2026-08-19 15:54:15,939 [INFO] core.evaluator_v2: [ours] pred='The summary of the document is as follows:\n\nThis document is a recording of a meeting, which is a summary of the events '
2026-08-19 15:54:32,332 [INFO] core.evaluator_v2: [ours] pred='The summary is as follows: \n\nThe summary is as follows: \n\nThe summary is as follows: \n\nThe summary is as follows: \n\nThe '
2026-08-19 15:54:32,340 [INFO] core.evaluator_v2:   [25/30] avg=4.94
2026-08-19 15:54:49,037 [INFO] core.evaluator_v2: [ours] pred='The team has decided to focus on the following project: a remote control device with the following features. The team ha'
2026-08-19 15:54:52,480 [INFO] core.evaluator_v2: [ours] pred='The meeting involved a team discussing a project. Key points include: the team is strong, they found new ideas, and the '
2026-08-19 15:54:52,667 [WARNING] core.model_loader: Input length 18553 > max 16000, truncating...
2026-08-19 15:55:10,606 [INFO] core.evaluator_v2: [ours] pred='The meeting involved discussions about a project focused on belief networks. Key points include:\n\n- The project involves'
2026-08-19 15:55:15,238 [INFO] core.evaluator_v2: [ours] pred="The meeting focused on discussing the remote control. Key topics included the remote control's design, functionality, an"
2026-08-19 15:55:31,809 [INFO] core.evaluator_v2: [ours] pred='The summary is as follows: \n\nThe summary is as follows: \n\nThe summary is as follows: \n\nThe summary is as follows: \n\nThe '
2026-08-19 15:55:31,853 [INFO] core.evaluator_v2:   [30/30] avg=4.56
2026-08-19 15:55:31,855 [INFO] __main__:   qmsum: score=4.56, collapse=46.7%
2026-08-19 15:55:31,864 [INFO] core.results_manager: Results saved to results/v3_verified/exp7_extra_signals_qwen3-4b_20260819_151144.csv
2026-08-19 15:55:31,886 [INFO] core.results_manager: JSON saved to results/v3_verified/exp7_extra_signals_qwen3-4b_20260819_151144.json
2026-08-19 15:55:31,887 [INFO] __main__:   [중간 저장 완료] P_only
2026-08-19 15:55:31,887 [INFO] __main__: 
============================================================
2026-08-19 15:55:31,888 [INFO] __main__: 완료. 기존 TABLE VII(a) 6개 변형과 비교:
2026-08-19 15:55:31,888 [INFO] __main__:   참고 - 기존: 3signal_NVP=13.67, 4signal_NVPS=12.50, wo_N=16.52,
2026-08-19 15:55:31,889 [INFO] __main__:                 wo_V=12.77, wo_P=16.11, N_only=12.39
2026-08-19 15:55:31,890 [INFO] __main__:   V_only: score=15.15, collapse=5.2%
2026-08-19 15:55:31,890 [INFO] __main__:   P_only: score=14.11, collapse=25.7%
2026-08-19 15:55:31,891 [INFO] __main__: CSV: results/v2_verified/exp7_extra_signals_qwen3-4b_20260819_151144.csv
2026-08-19 15:55:31,891 [INFO] __main__: ============================================================
