2026-07-04 12:25:21,578 [INFO] __main__: Experiment 1: Main Results
2026-07-04 12:25:21,580 [INFO] __main__:   Model: qwen3-4b
2026-07-04 12:25:21,581 [INFO] __main__:   Mode: full
2026-07-04 12:25:21,583 [INFO] __main__:   Budget: 20%
2026-07-04 12:25:21,584 [INFO] __main__:   Tasks: ['narrativeqa', 'qasper', 'multifieldqa_en', 'hotpotqa', '2wikimqa', 'gov_report', 'qmsum']
2026-07-04 12:25:21,585 [INFO] __main__:   Methods: ['fullkv', 'streaming', 'h2o', 'snapkv', 'pyramidkv', 'adakv', 'ours']
2026-07-04 12:25:21,586 [INFO] __main__:   Samples/task: 50
2026-07-04 12:25:21,587 [INFO] __main__: 
Loading model: qwen3-4b ...
2026-07-04 12:25:21,589 [INFO] core.model_loader: Loading tokenizer: Qwen/Qwen3-4B
2026-07-04 12:25:21,711 [INFO] httpx: HTTP Request: HEAD https://huggingface.co/Qwen/Qwen3-4B/resolve/main/config.json "HTTP/1.1 307 Temporary Redirect"
2026-07-04 12:25:21,719 [INFO] httpx: HTTP Request: HEAD https://huggingface.co/api/resolve-cache/models/Qwen/Qwen3-4B/1cfa9a7208912126459214e8b04321603b3df60c/config.json "HTTP/1.1 200 OK"
2026-07-04 12:25:21,801 [INFO] httpx: HTTP Request: HEAD https://huggingface.co/Qwen/Qwen3-4B/resolve/main/tokenizer_config.json "HTTP/1.1 307 Temporary Redirect"
2026-07-04 12:25:21,809 [WARNING] huggingface_hub.utils._http: Warning: You are sending unauthenticated requests to the HF Hub. Please set a HF_TOKEN to enable higher rate limits and faster downloads.
2026-07-04 12:25:21,817 [INFO] httpx: HTTP Request: HEAD https://huggingface.co/api/resolve-cache/models/Qwen/Qwen3-4B/1cfa9a7208912126459214e8b04321603b3df60c/tokenizer_config.json "HTTP/1.1 200 OK"
2026-07-04 12:25:21,906 [INFO] httpx: HTTP Request: GET https://huggingface.co/api/models/Qwen/Qwen3-4B/tree/main/additional_chat_templates?recursive=false&expand=false "HTTP/1.1 404 Not Found"
2026-07-04 12:25:21,956 [INFO] httpx: HTTP Request: GET https://huggingface.co/api/models/Qwen/Qwen3-4B/tree/main?recursive=true&expand=false "HTTP/1.1 200 OK"
2026-07-04 12:25:23,177 [INFO] httpx: HTTP Request: GET https://huggingface.co/api/models/Qwen/Qwen3-4B "HTTP/1.1 200 OK"
2026-07-04 12:25:23,180 [INFO] core.model_loader: Loading model: Qwen/Qwen3-4B in torch.float16
2026-07-04 12:25:23,219 [INFO] httpx: HTTP Request: HEAD https://huggingface.co/Qwen/Qwen3-4B/resolve/main/config.json "HTTP/1.1 307 Temporary Redirect"
2026-07-04 12:25:23,226 [INFO] httpx: HTTP Request: HEAD https://huggingface.co/api/resolve-cache/models/Qwen/Qwen3-4B/1cfa9a7208912126459214e8b04321603b3df60c/config.json "HTTP/1.1 200 OK"
2026-07-04 12:25:51,536 [INFO] httpx: HTTP Request: HEAD https://huggingface.co/Qwen/Qwen3-4B/resolve/main/generation_config.json "HTTP/1.1 307 Temporary Redirect"
2026-07-04 12:25:51,543 [INFO] httpx: HTTP Request: HEAD https://huggingface.co/api/resolve-cache/models/Qwen/Qwen3-4B/1cfa9a7208912126459214e8b04321603b3df60c/generation_config.json "HTTP/1.1 200 OK"
2026-07-04 12:25:51,642 [INFO] httpx: HTTP Request: HEAD https://huggingface.co/Qwen/Qwen3-4B/resolve/main/custom_generate/generate.py "HTTP/1.1 404 Not Found"
2026-07-04 12:25:51,680 [INFO] core.model_loader: Model loaded: layers=36, num_heads=32, num_kv_heads=8
2026-07-04 12:25:51,696 [INFO] __main__: 사전 데이터 로딩 중...
2026-07-04 12:25:51,714 [INFO] core.dataset_loader: Loading LongBench/narrativeqa ...
2026-07-04 12:25:51,750 [INFO] httpx: HTTP Request: GET https://huggingface.co/api/datasets/THUDM/LongBench "HTTP/1.1 307 Temporary Redirect"
2026-07-04 12:25:51,943 [INFO] httpx: HTTP Request: GET https://huggingface.co/api/datasets/zai-org/LongBench "HTTP/1.1 200 OK"
2026-07-04 12:25:52,538 [INFO] httpx: HTTP Request: GET https://huggingface.co/api/datasets/THUDM/LongBench/revision/main "HTTP/1.1 307 Temporary Redirect"
2026-07-04 12:25:52,668 [INFO] httpx: HTTP Request: GET https://huggingface.co/api/datasets/zai-org/LongBench/revision/main "HTTP/1.1 200 OK"
2026-07-04 12:25:52,702 [INFO] httpx: HTTP Request: GET https://huggingface.co/api/datasets/THUDM/LongBench/tree/main?recursive=false&expand=false "HTTP/1.1 307 Temporary Redirect"
2026-07-04 12:25:52,744 [INFO] httpx: HTTP Request: GET https://huggingface.co/api/datasets/zai-org/LongBench/tree/main?recursive=false&expand=false "HTTP/1.1 200 OK"
2026-07-04 12:25:53,518 [INFO] core.dataset_loader: Loaded 50 samples from narrativeqa
2026-07-04 12:25:53,522 [INFO] __main__:   ✓ narrativeqa: 50샘플 로드 완료
2026-07-04 12:25:53,524 [INFO] core.dataset_loader: Loading LongBench/qasper ...
2026-07-04 12:25:53,564 [INFO] httpx: HTTP Request: GET https://huggingface.co/api/datasets/THUDM/LongBench "HTTP/1.1 307 Temporary Redirect"
2026-07-04 12:25:53,651 [INFO] httpx: HTTP Request: GET https://huggingface.co/api/datasets/zai-org/LongBench "HTTP/1.1 200 OK"
2026-07-04 12:25:54,587 [INFO] core.dataset_loader: Loaded 50 samples from qasper
2026-07-04 12:25:54,590 [INFO] __main__:   ✓ qasper: 50샘플 로드 완료
2026-07-04 12:25:54,591 [INFO] core.dataset_loader: Loading LongBench/multifieldqa_en ...
2026-07-04 12:25:54,647 [INFO] httpx: HTTP Request: GET https://huggingface.co/api/datasets/THUDM/LongBench "HTTP/1.1 307 Temporary Redirect"
2026-07-04 12:25:54,679 [INFO] httpx: HTTP Request: GET https://huggingface.co/api/datasets/zai-org/LongBench "HTTP/1.1 200 OK"
2026-07-04 12:25:55,592 [INFO] core.dataset_loader: Loaded 50 samples from multifieldqa_en
2026-07-04 12:25:55,594 [INFO] __main__:   ✓ multifieldqa_en: 50샘플 로드 완료
2026-07-04 12:25:55,608 [INFO] core.dataset_loader: Loading LongBench/hotpotqa ...
2026-07-04 12:25:55,645 [INFO] httpx: HTTP Request: GET https://huggingface.co/api/datasets/THUDM/LongBench "HTTP/1.1 307 Temporary Redirect"
2026-07-04 12:25:55,678 [INFO] httpx: HTTP Request: GET https://huggingface.co/api/datasets/zai-org/LongBench "HTTP/1.1 200 OK"
2026-07-04 12:25:56,753 [INFO] core.dataset_loader: Loaded 50 samples from hotpotqa
2026-07-04 12:25:56,755 [INFO] __main__:   ✓ hotpotqa: 50샘플 로드 완료
2026-07-04 12:25:56,756 [INFO] core.dataset_loader: Loading LongBench/2wikimqa ...
2026-07-04 12:25:56,787 [INFO] httpx: HTTP Request: GET https://huggingface.co/api/datasets/THUDM/LongBench "HTTP/1.1 307 Temporary Redirect"
2026-07-04 12:25:56,820 [INFO] httpx: HTTP Request: GET https://huggingface.co/api/datasets/zai-org/LongBench "HTTP/1.1 200 OK"
2026-07-04 12:25:57,689 [INFO] core.dataset_loader: Loaded 50 samples from 2wikimqa
2026-07-04 12:25:57,691 [INFO] __main__:   ✓ 2wikimqa: 50샘플 로드 완료
2026-07-04 12:25:57,692 [INFO] core.dataset_loader: Loading LongBench/gov_report ...
2026-07-04 12:25:57,725 [INFO] httpx: HTTP Request: GET https://huggingface.co/api/datasets/THUDM/LongBench "HTTP/1.1 307 Temporary Redirect"
2026-07-04 12:25:57,757 [INFO] httpx: HTTP Request: GET https://huggingface.co/api/datasets/zai-org/LongBench "HTTP/1.1 200 OK"
2026-07-04 12:25:58,829 [INFO] core.dataset_loader: Loaded 50 samples from gov_report
2026-07-04 12:25:58,832 [INFO] __main__:   ✓ gov_report: 50샘플 로드 완료
2026-07-04 12:25:58,833 [INFO] core.dataset_loader: Loading LongBench/qmsum ...
2026-07-04 12:25:58,868 [INFO] httpx: HTTP Request: GET https://huggingface.co/api/datasets/THUDM/LongBench "HTTP/1.1 307 Temporary Redirect"
2026-07-04 12:25:58,895 [INFO] httpx: HTTP Request: GET https://huggingface.co/api/datasets/zai-org/LongBench "HTTP/1.1 200 OK"
2026-07-04 12:25:59,953 [INFO] core.dataset_loader: Loaded 50 samples from qmsum
2026-07-04 12:25:59,956 [INFO] __main__:   ✓ qmsum: 50샘플 로드 완료
2026-07-04 12:25:59,957 [INFO] __main__: 모든 태스크 데이터 로딩 완료!
2026-07-04 12:25:59,959 [INFO] __main__: 
────────────────────────────────────────────────────────────
2026-07-04 12:25:59,960 [INFO] __main__: Method: FULLKV | Budget: 20%
2026-07-04 12:25:59,961 [INFO] __main__: ────────────────────────────────────────────────────────────
2026-07-04 12:25:59,962 [INFO] __main__: 
  Task: narrativeqa
2026-07-04 12:25:59,963 [INFO] core.evaluator_v2: [fullkv] narrativeqa (50샘플, budget=20%)
2026-07-04 12:26:00,280 [WARNING] core.model_loader: Input length 23148 > max 16000, truncating...
2026-07-04 12:26:06,017 [INFO] core.evaluator_v2: [fullkv] pred='Daisy encountered Jim in Eatonville.'
2026-07-04 12:26:12,658 [INFO] core.evaluator_v2: [fullkv] pred='Socrates ultimately decides it is unjust to escape because he believes that the laws of Athens are just and that he has '
2026-07-04 12:26:13,152 [WARNING] core.model_loader: Input length 37016 > max 16000, truncating...
2026-07-04 12:26:21,299 [INFO] core.evaluator_v2: [fullkv] pred='The story is set in medieval Germany, specifically in the castle of Trutz-Drachen and the surrounding areas, including t'
2026-07-04 12:26:22,434 [WARNING] core.model_loader: Input length 37014 > max 16000, truncating...
2026-07-04 12:26:30,051 [INFO] core.evaluator_v2: [fullkv] pred='Baron Conrad did not kill anyone. He held off the pursuing forces at the bridge and fought fiercely against Baron Henry '
2026-07-04 12:26:30,730 [WARNING] core.model_loader: Input length 46744 > max 16000, truncating...
2026-07-04 12:26:36,493 [INFO] core.evaluator_v2: [fullkv] pred="The ghost that emerged from a painting at Dana's workplace is Vigo, the Carpathian."
2026-07-04 12:26:36,496 [INFO] core.evaluator_v2:   [5/50] avg=7.07
2026-07-04 12:26:37,101 [WARNING] core.model_loader: Input length 46746 > max 16000, truncating...
2026-07-04 12:26:43,480 [INFO] core.evaluator_v2: [fullkv] pred="The first person that falls under Vigo's spell is Janosz Poha. He is the one who communicates with Vigo and is convinced"
2026-07-04 12:26:44,212 [WARNING] core.model_loader: Input length 64167 > max 16000, truncating...
2026-07-04 12:26:51,035 [INFO] core.evaluator_v2: [fullkv] pred="Clifford's profession is not explicitly mentioned in the text. However, based on the context and the cast list provided,"
2026-07-04 12:26:56,175 [INFO] core.evaluator_v2: [fullkv] pred="Mr. and Mrs. Vervelle live in a country-house at Ville d'Avray."
2026-07-04 12:26:59,485 [INFO] core.evaluator_v2: [fullkv] pred='The Witch threw the coffin into a ditch.'
2026-07-04 12:27:00,107 [WARNING] core.model_loader: Input length 31340 > max 16000, truncating...
2026-07-04 12:27:09,556 [INFO] core.evaluator_v2: [fullkv] pred='Based on the text, Frank Saltram is a writer and intellectual. He is described as a "great intellectual adventurer and p'
2026-07-04 12:27:09,558 [INFO] core.evaluator_v2:   [10/50] avg=10.08
2026-07-04 12:27:17,438 [INFO] core.evaluator_v2: [fullkv] pred='Mortimer Tregennis was once estranged from his siblings due to a family quarrel about money. The text mentions that ther'
2026-07-04 12:27:18,217 [WARNING] core.model_loader: Input length 16515 > max 16000, truncating...
2026-07-04 12:27:26,316 [INFO] core.evaluator_v2: [fullkv] pred="The unique aspect of the phonetic spelling in the 'future' article that discussed Beerbohm's story is that it uses a non"
2026-07-04 12:27:26,998 [WARNING] core.model_loader: Input length 31069 > max 16000, truncating...
2026-07-04 12:27:33,032 [INFO] core.evaluator_v2: [fullkv] pred='In the text, Death is disguised as a chess player. The Knight plays chess with Death, and Death is described as playing '
2026-07-04 12:27:33,590 [WARNING] core.model_loader: Input length 31342 > max 16000, truncating...
2026-07-04 12:27:39,077 [INFO] core.evaluator_v2: [fullkv] pred="Lady Coxon is Ruth Anvoy's aunt."
2026-07-04 12:27:39,790 [WARNING] core.model_loader: Input length 36325 > max 16000, truncating...
2026-07-04 12:27:45,225 [INFO] core.evaluator_v2: [fullkv] pred='Rogers learned his battle knowledge during the First World War.'
2026-07-04 12:27:45,227 [INFO] core.evaluator_v2:   [15/50] avg=14.25
2026-07-04 12:27:45,807 [WARNING] core.model_loader: Input length 36331 > max 16000, truncating...
2026-07-04 12:27:51,590 [INFO] core.evaluator_v2: [fullkv] pred='Anthony Rogers was working for the Wyoming Gang in 1927.'
2026-07-04 12:27:52,250 [WARNING] core.model_loader: Input length 19086 > max 16000, truncating...
2026-07-04 12:27:59,768 [INFO] core.evaluator_v2: [fullkv] pred='The boarder who realizes that none of the boarders like each other is Mr. Verdier. He observes that the Americans look w'
2026-07-04 12:28:07,300 [INFO] core.evaluator_v2: [fullkv] pred='Holmes and Dr. Watson are in Cornwall to investigate the mysterious "Cornish Horror," a series of tragic events involvin'
2026-07-04 12:28:07,907 [WARNING] core.model_loader: Input length 32917 > max 16000, truncating...
2026-07-04 12:28:15,279 [INFO] core.evaluator_v2: [fullkv] pred="The hidden message Reiko finds within the video is that the video is a physical manifestation of Sadako's hatred. The vi"
2026-07-04 12:28:15,836 [WARNING] core.model_loader: Input length 37018 > max 16000, truncating...
2026-07-04 12:28:26,956 [INFO] core.evaluator_v2: [fullkv] pred='Important themes in the story include:\n\n- **Good vs. Evil**: The struggle between the righteous and the wicked, as seen '
2026-07-04 12:28:26,958 [INFO] core.evaluator_v2:   [20/50] avg=11.21
2026-07-04 12:28:27,646 [WARNING] core.model_loader: Input length 32915 > max 16000, truncating...
2026-07-04 12:28:35,342 [INFO] core.evaluator_v2: [fullkv] pred='The teenagers, Masami and Tomoko, were discussing a mysterious video that showed a woman appearing on a television scree'
2026-07-04 12:28:35,937 [WARNING] core.model_loader: Input length 60372 > max 16000, truncating...
2026-07-04 12:28:41,444 [INFO] core.evaluator_v2: [fullkv] pred='Bill worked as a harvest hand in Chicago when he lived there.'
2026-07-04 12:28:46,979 [INFO] core.evaluator_v2: [fullkv] pred="Two people fainted after seeing Brenda's dead body: the vicar, Mr. Roundhay, and Dr. Richards."
2026-07-04 12:28:47,622 [WARNING] core.model_loader: Input length 37018 > max 16000, truncating...
2026-07-04 12:28:53,143 [INFO] core.evaluator_v2: [fullkv] pred='Otto is known for his pure, simple wisdom and his silver hand.'
2026-07-04 12:28:53,797 [WARNING] core.model_loader: Input length 19082 > max 16000, truncating...
2026-07-04 12:29:00,897 [INFO] core.evaluator_v2: [fullkv] pred='Leon focuses on describing his romantic relationships and interactions with three young women in the French household, i'
2026-07-04 12:29:00,909 [INFO] core.evaluator_v2:   [25/50] avg=12.17
2026-07-04 12:29:07,774 [INFO] core.evaluator_v2: [fullkv] pred='The owner of the manor in the story is Madame de Merret, who left the estate to the hospital at Vendome except for a few'
2026-07-04 12:29:08,574 [WARNING] core.model_loader: Input length 32913 > max 16000, truncating...
2026-07-04 12:29:15,351 [INFO] core.evaluator_v2: [fullkv] pred="Reiko's job is not mentioned in the text provided. The text focuses on the story of Asakawa, Ryuji, and the supernatural"
2026-07-04 12:29:20,409 [INFO] core.evaluator_v2: [fullkv] pred='Holmes observes charred ashes in the fireplace.'
2026-07-04 12:29:25,199 [INFO] core.evaluator_v2: [fullkv] pred='Socrates compares citizens and the law to a father and child. He argues that the laws are like parents who brought him i'
2026-07-04 12:29:32,876 [INFO] core.evaluator_v2: [fullkv] pred='La Grande Breteche is a once-grand estate in Vendome that has fallen into disrepair and is surrounded by overgrown veget'
2026-07-04 12:29:32,878 [INFO] core.evaluator_v2:   [30/50] avg=12.93
2026-07-04 12:29:33,394 [WARNING] core.model_loader: Input length 32921 > max 16000, truncating...
2026-07-04 12:29:41,385 [INFO] core.evaluator_v2: [fullkv] pred='Reiko discovers that copying the tape and showing it to someone else saves viewers of the tape from their imminent death'
2026-07-04 12:29:45,732 [INFO] core.evaluator_v2: [fullkv] pred='Virginie.'
2026-07-04 12:29:53,471 [INFO] core.evaluator_v2: [fullkv] pred='There is no mention of Lazarus or a murder trial in the text. The story focuses on Doctor Nordenfeld and the discovery o'
2026-07-04 12:29:54,319 [WARNING] core.model_loader: Input length 32912 > max 16000, truncating...
2026-07-04 12:30:05,049 [INFO] core.evaluator_v2: [fullkv] pred='Tomoko dies in the story. She is the niece of Asakawa and was killed in a tragic incident involving a video that predict'
2026-07-04 12:30:08,862 [INFO] core.evaluator_v2: [fullkv] pred='The Witch wanted the lying scribe to reveal his own lies.'
2026-07-04 12:30:08,864 [INFO] core.evaluator_v2:   [35/50] avg=15.58
2026-07-04 12:30:09,996 [WARNING] core.model_loader: Input length 46740 > max 16000, truncating...
2026-07-04 12:30:15,540 [INFO] core.evaluator_v2: [fullkv] pred="Oscar is Dana's baby."
2026-07-04 12:30:16,510 [WARNING] core.model_loader: Input length 37020 > max 16000, truncating...
2026-07-04 12:30:24,135 [INFO] core.evaluator_v2: [fullkv] pred="Shortly after Otto returns to his father's castle, he is reunited with his childhood friend Pauline. They share a moment"
2026-07-04 12:30:24,839 [WARNING] core.model_loader: Input length 16508 > max 16000, truncating...
2026-07-04 12:30:32,714 [INFO] core.evaluator_v2: [fullkv] pred="T.K. Nupton considered Enoch Soames to be a figment of the author's imagination. In the document from Nupton's book, it "
2026-07-04 12:30:33,501 [WARNING] core.model_loader: Input length 60369 > max 16000, truncating...
2026-07-04 12:30:38,947 [INFO] core.evaluator_v2: [fullkv] pred='The wealthy farmer, Chuck, marries Abby.'
2026-07-04 12:30:44,466 [INFO] core.evaluator_v2: [fullkv] pred="Elie Magus describes Grassou's skill level to Virginie's father as being on par with great masters, suggesting that Gras"
2026-07-04 12:30:44,468 [INFO] core.evaluator_v2:   [40/50] avg=14.85
2026-07-04 12:30:49,102 [INFO] core.evaluator_v2: [fullkv] pred='The Witch was able to perceive the inner souls of humans, seeing beyond their physical forms and understanding their tru'
2026-07-04 12:30:49,508 [WARNING] core.model_loader: Input length 31386 > max 16000, truncating...
2026-07-04 12:30:55,734 [INFO] core.evaluator_v2: [fullkv] pred="The text does not provide specific information about how Mary's mother filled her free time when Mary was younger. There"
2026-07-04 12:31:00,658 [INFO] core.evaluator_v2: [fullkv] pred="The purpose of Crito's visit was to persuade Socrates to escape from prison and avoid his death sentence. Crito believed"
2026-07-04 12:31:01,430 [WARNING] core.model_loader: Input length 32918 > max 16000, truncating...
2026-07-04 12:31:11,591 [INFO] core.evaluator_v2: [fullkv] pred="The text does not provide a specific description of the teens' faces when they died. However, it mentions that the video"
2026-07-04 12:31:12,358 [WARNING] core.model_loader: Input length 60367 > max 16000, truncating...
2026-07-04 12:31:18,839 [INFO] core.evaluator_v2: [fullkv] pred='Bill died when he was shot by Benson. After a confrontation with Chuck, Bill and Abby fled, but Benson pursued them. Dur'
2026-07-04 12:31:18,842 [INFO] core.evaluator_v2:   [45/50] avg=14.51
2026-07-04 12:31:19,398 [WARNING] core.model_loader: Input length 31344 > max 16000, truncating...
2026-07-04 12:31:28,529 [INFO] core.evaluator_v2: [fullkv] pred='Gravener wants Ruth to use the money for the Coxon Fund, which is intended to support an "earnest and loyal seeker" in p'
2026-07-04 12:31:29,292 [WARNING] core.model_loader: Input length 64168 > max 16000, truncating...
2026-07-04 12:31:35,452 [INFO] core.evaluator_v2: [fullkv] pred="The text provided does not mention anything about Alabama's son or his birthplace. Therefore, based on the given informa"
2026-07-04 12:31:36,172 [WARNING] core.model_loader: Input length 31338 > max 16000, truncating...
2026-07-04 12:31:41,571 [INFO] core.evaluator_v2: [fullkv] pred='Ruth Anvoy is American.'
2026-07-04 12:31:42,432 [WARNING] core.model_loader: Input length 60368 > max 16000, truncating...
2026-07-04 12:31:47,693 [INFO] core.evaluator_v2: [fullkv] pred='Abby leaves Chicago with Bill.'
2026-07-04 12:31:55,275 [INFO] core.evaluator_v2: [fullkv] pred="The housekeeper's feet got wet during Holmes' visit because she stepped in the watering-pot that Holmes had knocked over"
2026-07-04 12:31:55,278 [INFO] core.evaluator_v2:   [50/50] avg=14.85
2026-07-04 12:31:55,280 [INFO] __main__:   → score=14.85, mem_red=0.0%, ttft=2402.3ms
2026-07-04 12:31:55,281 [INFO] __main__: 
  Task: qasper
2026-07-04 12:31:55,283 [INFO] core.evaluator_v2: [fullkv] qasper (50샘플, budget=20%)
2026-07-04 12:32:02,465 [INFO] core.evaluator_v2: [fullkv] pred='The proposed strategies show that agents using knowledge graphs with enhanced exploration methods (KG-A2C-chained and KG'
2026-07-04 12:32:04,029 [INFO] core.evaluator_v2: [fullkv] pred='The encoder in the system is an LSTM (Long Short-Term Memory) encoder.'
2026-07-04 12:32:05,702 [INFO] core.evaluator_v2: [fullkv] pred='The text does not mention the size of the Augmented LibriSpeech dataset.'
2026-07-04 12:32:09,167 [INFO] core.evaluator_v2: [fullkv] pred='NeuronBlocks includes the following neural network modules: Embedding Layer, Neural Network Layers (RNN, CNN, QRNN, Tran'
2026-07-04 12:32:15,504 [INFO] core.evaluator_v2: [fullkv] pred='The text compares several LSTM models, including:\n\n1. 2-layer LSTM model (used as a shallow model for distillation and t'
2026-07-04 12:32:15,509 [INFO] core.evaluator_v2:   [5/50] avg=14.12
2026-07-04 12:32:18,577 [INFO] core.evaluator_v2: [fullkv] pred='The datasets used for evaluation are CNN/DailyMail, New York Times Annotated Corpus (NYT), and XSum.'
2026-07-04 12:32:23,673 [INFO] core.evaluator_v2: [fullkv] pred='The text compares RoBERT (RNN) and ToBERT (Transformer) and finds that ToBERT outperforms RoBERT on the Fisher and 20new'
2026-07-04 12:32:27,795 [INFO] core.evaluator_v2: [fullkv] pred='The ancient Chinese dataset comes from 1.7K bilingual ancient-modern Chinese articles collected from the internet, prima'
2026-07-04 12:32:32,644 [INFO] core.evaluator_v2: [fullkv] pred='The baselines used for evaluation are: Pointer-Gen, Pointer-Gen+Pos, Pointer-Gen+Same-FT, Pointer-Gen+Pos-FT, Pointer-Ge'
2026-07-04 12:32:35,259 [INFO] core.evaluator_v2: [fullkv] pred='The Twitter dataset consists of 1,873 Twitter conversation threads, roughly 14,000 tweets.'
2026-07-04 12:32:35,261 [INFO] core.evaluator_v2:   [10/50] avg=34.11
2026-07-04 12:32:38,647 [INFO] core.evaluator_v2: [fullkv] pred='The text indicates that the multitask learning approach improved the state-of-the-art performance, but it does not speci'
2026-07-04 12:32:44,651 [INFO] core.evaluator_v2: [fullkv] pred='The metrics used to establish that this makes chatbots more knowledgeable and better at learning and conversation are **'
2026-07-04 12:32:50,308 [INFO] core.evaluator_v2: [fullkv] pred='The combination of rewards for reinforcement learning includes an irony reward, which is the difference between the iron'
2026-07-04 12:32:53,140 [INFO] core.evaluator_v2: [fullkv] pred='The attention module is pretrained on the MT (machine translation) task.'
2026-07-04 12:32:58,251 [INFO] core.evaluator_v2: [fullkv] pred='The text does not specify the exact size of the dataset, but it mentions that the OurNepali dataset is divided into thre'
2026-07-04 12:32:58,254 [INFO] core.evaluator_v2:   [15/50] avg=29.71
2026-07-04 12:33:00,628 [INFO] core.evaluator_v2: [fullkv] pred='They evaluate on the Wall Street Journal (WSJ) portion of the Penn Treebank.'
2026-07-04 12:33:05,046 [INFO] core.evaluator_v2: [fullkv] pred='The model is compared to previous methods such as term frequency models, rule-based pattern matching, and machine learni'
2026-07-04 12:33:07,889 [INFO] core.evaluator_v2: [fullkv] pred='The Nguni languages (Zulu, Xhosa, Ndebele, and Sswahili) and the Sotho languages (Nso, Sotho, and Tswana) are similar to'
2026-07-04 12:33:10,182 [INFO] core.evaluator_v2: [fullkv] pred='The 7 Indian languages they experiment with are Kannada, Hindi, Telugu, Malayalam, Bengali, and English.'
2026-07-04 12:33:12,445 [INFO] core.evaluator_v2: [fullkv] pred='In addition to hashtag prediction, the authors test their method on Named Entity Recognition (NER), POS tagging, text cl'
2026-07-04 12:33:12,447 [INFO] core.evaluator_v2:   [20/50] avg=32.93
2026-07-04 12:33:15,716 [INFO] core.evaluator_v2: [fullkv] pred='The tagging scheme employed is a sequence labeling approach with three tags: one indicating the word appears before the '
2026-07-04 12:33:17,986 [INFO] core.evaluator_v2: [fullkv] pred='The text considers text categorization and sentiment classification as NLP tasks.'
2026-07-04 12:33:22,896 [INFO] core.evaluator_v2: [fullkv] pred='The NCEL approach is highly effective, consistently outperforming various baselines across five public benchmarks with f'
2026-07-04 12:33:26,371 [INFO] core.evaluator_v2: [fullkv] pred='The methods considered to find examples of biases and unwarranted inferences include manually inspecting images and thei'
2026-07-04 12:33:27,805 [INFO] core.evaluator_v2: [fullkv] pred='The corpus consists of 53 documents.'
2026-07-04 12:33:27,809 [INFO] core.evaluator_v2:   [25/50] avg=31.67
2026-07-04 12:33:29,892 [INFO] core.evaluator_v2: [fullkv] pred='An individual model consists of a Bayesian model for each language.'
2026-07-04 12:33:34,099 [INFO] core.evaluator_v2: [fullkv] pred='The text mentions that stylistic patterns are used as one of the features in sarcasm detection, but it does not specify '
2026-07-04 12:33:38,256 [INFO] core.evaluator_v2: [fullkv] pred='The highest MRR score achieved was 0.6103 in one of the test batches for the Factoid Question Answering task.'
2026-07-04 12:33:40,874 [INFO] core.evaluator_v2: [fullkv] pred='The subjects were presented with prompts corresponding to 7 phonemic/syllabic categories and 4 words (pat, pot, knew, an'
2026-07-04 12:33:44,595 [INFO] core.evaluator_v2: [fullkv] pred='The dataset is annotated by classifying each tweet as "no evidence of depression" or "evidence of depression." If a twee'
2026-07-04 12:33:44,612 [INFO] core.evaluator_v2:   [30/50] avg=30.63
2026-07-04 12:33:46,269 [INFO] core.evaluator_v2: [fullkv] pred='They match words by translating the source language words into the assisting language (English) using a bilingual dictio'
2026-07-04 12:33:51,930 [INFO] core.evaluator_v2: [fullkv] pred='The text mentions experiments on three datasets: FSD (social media), Twitter (social media), and Google (news articles).'
2026-07-04 12:33:54,337 [INFO] core.evaluator_v2: [fullkv] pred='The pretrained word embeddings used are GloVe (200-dimensional embeddings trained on 2 billion tweets), Edinburgh embedd'
2026-07-04 12:33:57,301 [INFO] core.evaluator_v2: [fullkv] pred='Yes, they use pretrained embeddings. The text mentions that they initialized the embeddings of the top 20K words in thei'
2026-07-04 12:34:00,746 [INFO] core.evaluator_v2: [fullkv] pred='The ensemble method works by gradually adding the best performing models (not previously tried) to the ensemble if they '
2026-07-04 12:34:00,748 [INFO] core.evaluator_v2:   [35/50] avg=27.54
2026-07-04 12:34:02,404 [INFO] core.evaluator_v2: [fullkv] pred='Yes, they use attention. The text mentions the attention function is used to compute the similarity score between passag'
2026-07-04 12:34:05,652 [INFO] core.evaluator_v2: [fullkv] pred='The text mentions two types of language model architectures: a bidirectional language model used to augment the sequence'
2026-07-04 12:34:09,961 [INFO] core.evaluator_v2: [fullkv] pred='No, they do not report results only on English data. The text mentions experiments on a snapshot of English Wikipedia, b'
2026-07-04 12:34:14,019 [INFO] core.evaluator_v2: [fullkv] pred='The clinical datasets used in the paper are NUBes-PHI and MEDDOCAN. NUBes-PHI is a corpus of real medical reports in Spa'
2026-07-04 12:34:17,428 [INFO] core.evaluator_v2: [fullkv] pred='No, the dataset for sentiment analysis is not balanced. The text mentions that the dataset contains more than twice as m'
2026-07-04 12:34:17,429 [INFO] core.evaluator_v2:   [40/50] avg=25.90
2026-07-04 12:34:22,009 [INFO] core.evaluator_v2: [fullkv] pred='Yes, it is possible to convert cloze-style questions to naturally-looking questions. The text mentions that cloze questi'
2026-07-04 12:34:26,983 [INFO] core.evaluator_v2: [fullkv] pred='The tasks used for evaluation are neural machine translation. Specifically, the models were tested on four machine trans'
2026-07-04 12:34:32,037 [INFO] core.evaluator_v2: [fullkv] pred='The text proposes using "context tweets" as additional features, which are the tweets that a given tweet is responding t'
2026-07-04 12:34:34,334 [INFO] core.evaluator_v2: [fullkv] pred='The text mentions that the dataset contains over 20,000 blog users.'
2026-07-04 12:34:36,579 [INFO] core.evaluator_v2: [fullkv] pred='The text mentions that the proposed approach was tested on standard benchmarks for English and Chinese, but it does not '
2026-07-04 12:34:36,580 [INFO] core.evaluator_v2:   [45/50] avg=25.47
2026-07-04 12:34:42,682 [INFO] core.evaluator_v2: [fullkv] pred='The text mentions that Logistic Regression and deep learning models, specifically a neural network adapted from Bowman e'
2026-07-04 12:34:47,025 [INFO] core.evaluator_v2: [fullkv] pred='The paper studies English, as it focuses on propaganda detection in social media and news data, which are typically in E'
2026-07-04 12:34:51,412 [INFO] core.evaluator_v2: [fullkv] pred='The proposed approach using KL divergence as an energy function outperforms other word sense disambiguation (WSD) approa'
2026-07-04 12:34:51,691 [WARNING] core.model_loader: Input length 20076 > max 16000, truncating...
2026-07-04 12:34:57,469 [INFO] core.evaluator_v2: [fullkv] pred='The ML methods aim to identify argument components such as claims, premises, backing, rebuttal, and refutation.'
2026-07-04 12:35:02,771 [INFO] core.evaluator_v2: [fullkv] pred='The resulting annotated data from expert annotators is significantly higher quality compared to lay annotators. Expert a'
2026-07-04 12:35:02,773 [INFO] core.evaluator_v2:   [50/50] avg=24.65
2026-07-04 12:35:02,774 [INFO] __main__:   → score=24.65, mem_red=0.0%, ttft=750.2ms
2026-07-04 12:35:02,774 [INFO] __main__: 
  Task: multifieldqa_en
2026-07-04 12:35:02,775 [INFO] core.evaluator_v2: [fullkv] multifieldqa_en (50샘플, budget=20%)
2026-07-04 12:35:04,757 [INFO] core.evaluator_v2: [fullkv] pred="After attacking Jacobo at a workers' strike, Ngotho loses his job and his family is forced to move. He later dies from h"
2026-07-04 12:35:09,213 [INFO] core.evaluator_v2: [fullkv] pred='Yes, the denoiser can be applied to circuits with non-Clifford noise. The text states that the approach is applicable to'
2026-07-04 12:35:14,109 [INFO] core.evaluator_v2: [fullkv] pred='The generative interactive model used in the method is called the Coupled Generalized Dynamic Bayesian Network (C-GDBN).'
2026-07-04 12:35:19,586 [INFO] core.evaluator_v2: [fullkv] pred='The purpose of an ICD (Implantable Cardioverter Defibrillator) is to treat life-threatening heartbeat irregularities by '
2026-07-04 12:35:22,381 [INFO] core.evaluator_v2: [fullkv] pred='The normalized least mean square (NLMS) algorithm is engaged in the PLMS-PPIC method.'
2026-07-04 12:35:22,383 [INFO] core.evaluator_v2:   [5/50] avg=66.56
2026-07-04 12:35:24,096 [INFO] core.evaluator_v2: [fullkv] pred='In 2009, Brooksley Born received the John F. Kennedy Profiles in Courage Award.'
2026-07-04 12:35:29,387 [INFO] core.evaluator_v2: [fullkv] pred='A media application determines the context of an event using a content-recognition module or algorithm. This module may '
2026-07-04 12:35:34,520 [INFO] core.evaluator_v2: [fullkv] pred='The sticking point in the political showdown over the budget is the disagreement over how much spending to cut, with Rep'
2026-07-04 12:35:36,383 [INFO] core.evaluator_v2: [fullkv] pred='The county seat of McPherson County is McPherson.'
2026-07-04 12:35:39,289 [INFO] core.evaluator_v2: [fullkv] pred='The new Iraqi Body Count organization provides cover for the war and allows supporters of the illegal war to point to it'
2026-07-04 12:35:39,290 [INFO] core.evaluator_v2:   [10/50] avg=58.21
2026-07-04 12:35:43,254 [INFO] core.evaluator_v2: [fullkv] pred="Accounting for path preference reduces the time required to update the robot's belief, making the method suitable for on"
2026-07-04 12:35:50,471 [INFO] core.evaluator_v2: [fullkv] pred='It is important for the sides of the fuselage to be sloped (tumbled home) because this creates a conical shape when the '
2026-07-04 12:35:56,057 [INFO] core.evaluator_v2: [fullkv] pred='The court in In re Ferguson concluded that the claimed method did not qualify under the transformation prong of the Bils'
2026-07-04 12:35:58,373 [INFO] core.evaluator_v2: [fullkv] pred='KSTP-FM 102.1 was on the air from 1946 to 1952, which is 6 years.'
2026-07-04 12:36:02,618 [INFO] core.evaluator_v2: [fullkv] pred='Thalassemias are classified based on the globin that is affected, hence the names alpha thalassemia and beta thalassemia'
2026-07-04 12:36:02,620 [INFO] core.evaluator_v2:   [15/50] avg=45.34
2026-07-04 12:36:06,945 [INFO] core.evaluator_v2: [fullkv] pred='The transition probability of the environment affects the learning rate in the static agent such that as the transition '
2026-07-04 12:36:11,130 [INFO] core.evaluator_v2: [fullkv] pred='The experimental techniques used to study the quantum dot structures in this research were low-temperature scanning tunn'
2026-07-04 12:36:13,164 [INFO] core.evaluator_v2: [fullkv] pred='Margaret Way was born in Brisbane and died in Cleveland, Queensland, Australia.'
2026-07-04 12:36:17,489 [INFO] core.evaluator_v2: [fullkv] pred='The two ground states observed for indeno[1,2-a]fluorene on NaCl surfaces are the open-shell (5OS) and closed-shell (5pa'
2026-07-04 12:36:24,240 [INFO] core.evaluator_v2: [fullkv] pred='The scoring engine generates a stream of content for the channel by querying new content items based on the channel cate'
2026-07-04 12:36:24,241 [INFO] core.evaluator_v2:   [20/50] avg=44.20
2026-07-04 12:36:33,456 [INFO] core.evaluator_v2: [fullkv] pred='The stability condition for a solution $ u $ of the equation $ -\\Delta u = f(u) $ in $ \\mathbb{R}^N $ is that the second'
2026-07-04 12:36:35,278 [INFO] core.evaluator_v2: [fullkv] pred='McPherson County is located in the U.S. state of Kansas.'
2026-07-04 12:36:38,657 [INFO] core.evaluator_v2: [fullkv] pred='The main focus of the research paper is to study the nuclear liquid-gas transition in the strong coupling regime of latt'
2026-07-04 12:36:38,956 [WARNING] core.model_loader: Input length 16496 > max 16000, truncating...
2026-07-04 12:36:44,564 [INFO] core.evaluator_v2: [fullkv] pred='The security parameter for the AES-256 block cipher is 172.'
2026-07-04 12:36:46,108 [INFO] core.evaluator_v2: [fullkv] pred='The most active fan club is the South West Ultras fan club.'
2026-07-04 12:36:46,110 [INFO] core.evaluator_v2:   [25/50] avg=44.88
2026-07-04 12:36:47,385 [INFO] core.evaluator_v2: [fullkv] pred='Margaret Way wrote more than 120 novels.'
2026-07-04 12:36:52,163 [INFO] core.evaluator_v2: [fullkv] pred='The significance of the interlayer Berry connection polarizability lies in its role as the geometric origin of the cross'
2026-07-04 12:36:59,195 [INFO] core.evaluator_v2: [fullkv] pred='Wearable sensors are now capable of estimating physical activity levels and physiological outcomes of older adults. Thes'
2026-07-04 12:37:02,270 [INFO] core.evaluator_v2: [fullkv] pred='One of Kam W. Leong\'s publications in Journal of Controlled Release is "Gene transfer to hemophilia A mice via oral deli'
2026-07-04 12:37:08,573 [INFO] core.evaluator_v2: [fullkv] pred='The symptoms of vitamin K deficiency include anemia, bruising, nosebleeds, and bleeding of the gums in both sexes, and h'
2026-07-04 12:37:08,575 [INFO] core.evaluator_v2:   [30/50] avg=46.85
2026-07-04 12:37:21,308 [INFO] core.evaluator_v2: [fullkv] pred="Broadjam's servers are restricted in the following ways:\n\n1. **No Illegal Activities**: Hosting Subscribers may not use "
2026-07-04 12:37:23,549 [INFO] core.evaluator_v2: [fullkv] pred='The 2017 general election was held on 23 September.'
2026-07-04 12:37:25,353 [INFO] core.evaluator_v2: [fullkv] pred='21 massive star-forming regions were studied.'
2026-07-04 12:37:27,526 [INFO] core.evaluator_v2: [fullkv] pred='Simon English became the leader of the National Party in October 2001.'
2026-07-04 12:37:31,576 [INFO] core.evaluator_v2: [fullkv] pred="Governor Rick Scott cited privacy concerns, expressed skepticism about the monitoring program's effectiveness, and raise"
2026-07-04 12:37:31,580 [INFO] core.evaluator_v2:   [35/50] avg=44.39
2026-07-04 12:37:34,638 [INFO] core.evaluator_v2: [fullkv] pred='The SI unit of power is the watt.'
2026-07-04 12:37:39,258 [INFO] core.evaluator_v2: [fullkv] pred='Craig wants to find his own place because he is concerned about the smoke from the lady he is renting from, as it may af'
2026-07-04 12:37:43,015 [INFO] core.evaluator_v2: [fullkv] pred='The decision to base the water rates on usage reflected a commitment to fairness, ensuring that those who use more water'
2026-07-04 12:37:44,730 [INFO] core.evaluator_v2: [fullkv] pred='McPherson County was established as a county in 1870.'
2026-07-04 12:37:53,159 [INFO] core.evaluator_v2: [fullkv] pred='The proximity of superconductivity can suppress the Kondo effect when the superconducting energy gap $2\\Delta$ becomes l'
2026-07-04 12:37:53,162 [INFO] core.evaluator_v2:   [40/50] avg=42.15
2026-07-04 12:37:57,210 [INFO] core.evaluator_v2: [fullkv] pred='Peter Denning is the program chair of this conference.'
2026-07-04 12:38:02,825 [INFO] core.evaluator_v2: [fullkv] pred='At dawn or dusk, the high resolution of what we focus on becomes a bit less, allowing what is off to the left or right t'
2026-07-04 12:38:06,378 [INFO] core.evaluator_v2: [fullkv] pred='The Director of Town and Country Planning is responsible for carrying out the functions assigned under the act.'
2026-07-04 12:38:12,811 [INFO] core.evaluator_v2: [fullkv] pred='Potential applications of ferromagnetic semiconductors include spin injection into non-magnetic semiconductors and elect'
2026-07-04 12:38:18,697 [INFO] core.evaluator_v2: [fullkv] pred='The recommended daily intake of vitamin K for adult women is 90 μg and for men is 120 μg.'
2026-07-04 12:38:18,712 [INFO] core.evaluator_v2:   [45/50] avg=43.96
2026-07-04 12:38:22,891 [INFO] core.evaluator_v2: [fullkv] pred='Yes, DUO contains more instances per image than COCO. The text states that DUO has an average of 9.57 instances per imag'
2026-07-04 12:38:24,938 [INFO] core.evaluator_v2: [fullkv] pred='The population of McPherson County according to the 2020 census was 30,223.'
2026-07-04 12:38:26,773 [INFO] core.evaluator_v2: [fullkv] pred='The paper was published on 7 March 2023.'
2026-07-04 12:38:28,394 [INFO] core.evaluator_v2: [fullkv] pred="The first white settlement in McPherson County was Fuller's Ranch."
2026-07-04 12:38:31,277 [INFO] core.evaluator_v2: [fullkv] pred='The reliance of artificial organisms on plasticity is controlled by environmental fluctuation and uncertainty.'
2026-07-04 12:38:31,280 [INFO] core.evaluator_v2:   [50/50] avg=46.32
2026-07-04 12:38:31,282 [INFO] __main__:   → score=46.32, mem_red=0.0%, ttft=1179.3ms
2026-07-04 12:38:31,283 [INFO] __main__: 
  Task: hotpotqa
2026-07-04 12:38:31,287 [INFO] core.evaluator_v2: [fullkv] hotpotqa (50샘플, budget=20%)
2026-07-04 12:38:31,724 [WARNING] core.model_loader: Input length 17130 > max 16000, truncating...
2026-07-04 12:38:36,977 [INFO] core.evaluator_v2: [fullkv] pred='Brian Stokes Mitchell.'
2026-07-04 12:38:37,618 [WARNING] core.model_loader: Input length 16583 > max 16000, truncating...
2026-07-04 12:38:43,634 [INFO] core.evaluator_v2: [fullkv] pred='The large subunit and small subunit that use two types of RNA are major components that make up ribosomes.'
2026-07-04 12:38:48,443 [INFO] core.evaluator_v2: [fullkv] pred='Sarah Price and Rob Schneider are both filmmakers.'
2026-07-04 12:38:53,679 [INFO] core.evaluator_v2: [fullkv] pred='Arnold Richards was the former chair of YIVO, which is a member of the Center for Jewish History.'
2026-07-04 12:38:54,408 [WARNING] core.model_loader: Input length 16934 > max 16000, truncating...
2026-07-04 12:38:59,889 [INFO] core.evaluator_v2: [fullkv] pred='Alfred A. Marcus worked as a consultant with Xcel Energy.'
2026-07-04 12:38:59,893 [INFO] core.evaluator_v2:   [5/50] avg=31.88
2026-07-04 12:39:03,147 [INFO] core.evaluator_v2: [fullkv] pred='Pleiospilos is a flowering plant. The text describes Pleiospilos as a genus of succulent flowering plants in the family '
2026-07-04 12:39:09,614 [INFO] core.evaluator_v2: [fullkv] pred='Steel Venom is farther north than Wicked Twister. Steel Venom is located at Valleyfair in Shakopee, Minnesota, while Wic'
2026-07-04 12:39:09,999 [WARNING] core.model_loader: Input length 16637 > max 16000, truncating...
2026-07-04 12:39:15,682 [INFO] core.evaluator_v2: [fullkv] pred='Baghdad was known as the "City of Peace" during the Abbasid Caliphate.'
2026-07-04 12:39:21,269 [INFO] core.evaluator_v2: [fullkv] pred="The FIBT World Championships 1960 took place in Cortina d'Ampezzo, which is located in the Veneto region of Northern Ita"
2026-07-04 12:39:26,859 [INFO] core.evaluator_v2: [fullkv] pred='Mike Leach currently coaches at Washington State.'
2026-07-04 12:39:26,860 [INFO] core.evaluator_v2:   [10/50] avg=30.83
2026-07-04 12:39:31,804 [INFO] core.evaluator_v2: [fullkv] pred='The Friday night programming block that included the collective series "Whatever Happened to... Robot Jones?" is Cartoon'
2026-07-04 12:39:36,141 [INFO] core.evaluator_v2: [fullkv] pred='The text does not mention anyone with the lowest vocal range in Cosmos. It discusses vocal registers, voice types, and s'
2026-07-04 12:39:36,607 [WARNING] core.model_loader: Input length 16792 > max 16000, truncating...
2026-07-04 12:39:42,785 [INFO] core.evaluator_v2: [fullkv] pred='Fredric Rieders testified against Michael Swango, who killed as many as 60 patients and received three consecutive life '
2026-07-04 12:39:49,163 [INFO] core.evaluator_v2: [fullkv] pred='Robbie Tucker plays in the series "It\'s Always Sunny in Philadelphia," which follows a group of friends who run an Irish'
2026-07-04 12:39:49,675 [WARNING] core.model_loader: Input length 16875 > max 16000, truncating...
2026-07-04 12:39:55,565 [INFO] core.evaluator_v2: [fullkv] pred='The National Firearms Agreement was in response to the Port Arthur massacre that killed 35 people.'
2026-07-04 12:39:55,567 [INFO] core.evaluator_v2:   [15/50] avg=26.38
2026-07-04 12:39:58,639 [INFO] core.evaluator_v2: [fullkv] pred='The first name of the author who wrote the play in which Rønnaug Alten made her stage debut at Den Nationale Scene in 19'
2026-07-04 12:40:03,864 [INFO] core.evaluator_v2: [fullkv] pred='The River Thames.'
2026-07-04 12:40:10,548 [INFO] core.evaluator_v2: [fullkv] pred='Darci Kistler choreographed one who is said to be the last muse for the choreographer and starred in the Nutcracker. She'
2026-07-04 12:40:11,125 [WARNING] core.model_loader: Input length 16802 > max 16000, truncating...
2026-07-04 12:40:16,988 [INFO] core.evaluator_v2: [fullkv] pred='The host of the American survival skills reality show, The Island, Bear Grylls, is originally from the United Kingdom.'
2026-07-04 12:40:19,887 [INFO] core.evaluator_v2: [fullkv] pred='Pope John X gave the mother of Alberic II of Spoleto, Marozia, the title "patricia" of Rome.'
2026-07-04 12:40:19,888 [INFO] core.evaluator_v2:   [20/50] avg=25.69
2026-07-04 12:40:22,688 [INFO] core.evaluator_v2: [fullkv] pred='Mimosa is a shrub. Cryptocoryne is an aquatic plant.'
2026-07-04 12:40:31,157 [INFO] core.evaluator_v2: [fullkv] pred='The actor who plays Sean Tully, Antony Cotton, defeated Michael Ball in a dancing contest. However, the specific contest'
2026-07-04 12:40:31,660 [WARNING] core.model_loader: Input length 17206 > max 16000, truncating...
2026-07-04 12:40:37,567 [INFO] core.evaluator_v2: [fullkv] pred='Mark Donohue was born in 1937 and performed in the 1971 Canadian Grand Prix.'
2026-07-04 12:40:46,315 [INFO] core.evaluator_v2: [fullkv] pred='Yameen and Activision have in common the form of "lotion play," which is a subset of the wet-and-messy fetish. However, '
2026-07-04 12:40:49,480 [INFO] core.evaluator_v2: [fullkv] pred='The Atherton Bridge spans the South Branch of the Nashua River.'
2026-07-04 12:40:49,482 [INFO] core.evaluator_v2:   [25/50] avg=22.70
2026-07-04 12:40:54,726 [INFO] core.evaluator_v2: [fullkv] pred='3 Arts Entertainment had a coalition with Netflix, with its 13-episode, 2015 season of the Tina Fey created sitcom "Unbr'
2026-07-04 12:40:59,867 [INFO] core.evaluator_v2: [fullkv] pred='High School Confidential followed twelve high school teenagers from Blue Valley Northwest High School in Overland Park, '
2026-07-04 12:41:05,870 [INFO] core.evaluator_v2: [fullkv] pred='The 53rd National Hockey League All-Star Game took place at the Office Depot Center, which was completed in 1998.'
2026-07-04 12:41:11,453 [INFO] core.evaluator_v2: [fullkv] pred='The Toronto International Film Festival premiered "A Little Chaos" in 2014, which was produced by BBC Films.'
2026-07-04 12:41:12,047 [WARNING] core.model_loader: Input length 16382 > max 16000, truncating...
2026-07-04 12:41:18,224 [INFO] core.evaluator_v2: [fullkv] pred='The arena where the Lewiston Maineiacs played their home games, the Androscoggin Bank Colisée, can seat 4,000 people.'
2026-07-04 12:41:18,226 [INFO] core.evaluator_v2:   [30/50] avg=19.60
2026-07-04 12:41:21,526 [INFO] core.evaluator_v2: [fullkv] pred="The winner of the London Riders' Championship in 1953 was Jack Young. In the 1952 Individual Speedway World Championship"
2026-07-04 12:41:26,852 [INFO] core.evaluator_v2: [fullkv] pred="Erik Watts' father, Bill Watts, was born on May 5, 1939."
2026-07-04 12:41:27,452 [WARNING] core.model_loader: Input length 16268 > max 16000, truncating...
2026-07-04 12:41:33,667 [INFO] core.evaluator_v2: [fullkv] pred='Migene González-Wippler is a leading expert on the Afro-Caribbean religion of Santería, which developed among the Afro-C'
2026-07-04 12:41:34,286 [WARNING] core.model_loader: Input length 16733 > max 16000, truncating...
2026-07-04 12:41:40,169 [INFO] core.evaluator_v2: [fullkv] pred='The football club that plays in the area between the old tram gates: Brook Bar and Trafford Bar is Manchester United F.C'
2026-07-04 12:41:45,099 [INFO] core.evaluator_v2: [fullkv] pred='The female member of Fitz and The Tantrums who was the front woman for ten years is Noelle Scaggs. She joined the band i'
2026-07-04 12:41:45,117 [INFO] core.evaluator_v2:   [35/50] avg=18.83
2026-07-04 12:41:45,466 [WARNING] core.model_loader: Input length 16496 > max 16000, truncating...
2026-07-04 12:41:53,357 [INFO] core.evaluator_v2: [fullkv] pred='No, Werther and The Odyssey are not both operas. "Werther" is an opera by Jules Massenet, while "The Odyssey" is an anci'
2026-07-04 12:41:59,242 [INFO] core.evaluator_v2: [fullkv] pred='The Arab Kingdom of Syria surrendered to French forces on 25 July 1920.'
2026-07-04 12:42:03,032 [INFO] core.evaluator_v2: [fullkv] pred="Santa Bring My Baby Back was released on Elvis' Christmas Album in 1957."
2026-07-04 12:42:03,384 [WARNING] core.model_loader: Input length 16845 > max 16000, truncating...
2026-07-04 12:42:08,975 [INFO] core.evaluator_v2: [fullkv] pred='John Paesano wrote the music for the film "How to Train Your Dragon."'
2026-07-04 12:42:09,508 [WARNING] core.model_loader: Input length 17368 > max 16000, truncating...
2026-07-04 12:42:16,026 [INFO] core.evaluator_v2: [fullkv] pred='The airline company that operated United Express Flight 3411 on April 9, 2017 on behalf of United Express is Republic Ai'
2026-07-04 12:42:16,028 [INFO] core.evaluator_v2:   [40/50] avg=18.25
2026-07-04 12:42:21,752 [INFO] core.evaluator_v2: [fullkv] pred='The text does not mention the Bangor Daily News talking about Sawin Millett. However, it does mention that Sawin Millett'
2026-07-04 12:42:22,121 [WARNING] core.model_loader: Input length 16575 > max 16000, truncating...
2026-07-04 12:42:28,648 [INFO] core.evaluator_v2: [fullkv] pred='Charles Haughey held the position of Taoiseach when he dissolved the list of members who were elected to the lower house'
2026-07-04 12:42:29,153 [WARNING] core.model_loader: Input length 16716 > max 16000, truncating...
2026-07-04 12:42:34,956 [INFO] core.evaluator_v2: [fullkv] pred='Gary L. Bennett was a part of the space missions that have a primary destination of Jupiter.'
2026-07-04 12:42:35,443 [WARNING] core.model_loader: Input length 17636 > max 16000, truncating...
2026-07-04 12:42:41,840 [INFO] core.evaluator_v2: [fullkv] pred='The 1958 Pro Bowl was played at the Los Angeles Memorial Coliseum, which is the home stadium for the University of South'
2026-07-04 12:42:42,482 [WARNING] core.model_loader: Input length 16912 > max 16000, truncating...
2026-07-04 12:42:48,839 [INFO] core.evaluator_v2: [fullkv] pred='Michael Tippett was the composer who wrote his music most recently. Luigi Cherubini died in 1842, while Michael Tippett '
2026-07-04 12:42:48,841 [INFO] core.evaluator_v2:   [45/50] avg=17.80
2026-07-04 12:42:54,186 [INFO] core.evaluator_v2: [fullkv] pred='The population of the town where The Stelljes House is located in 2010 was 11,518.'
2026-07-04 12:43:00,983 [INFO] core.evaluator_v2: [fullkv] pred='The last monarch of England to be overthrown before the English General Election, 1690, was Charles II. He was replaced '
2026-07-04 12:43:06,698 [INFO] core.evaluator_v2: [fullkv] pred='After Russell D. Moore served at the Southern Baptist Theological Seminary, he became the President of the Ethics & Reli'
2026-07-04 12:43:11,127 [INFO] core.evaluator_v2: [fullkv] pred='The person who substituted for Simon Pagenaud, Simona de Silvestro, secured a contract to drive in the 2017 IndyCar Seri'
2026-07-04 12:43:11,481 [WARNING] core.model_loader: Input length 17549 > max 16000, truncating...
2026-07-04 12:43:17,728 [INFO] core.evaluator_v2: [fullkv] pred='The CEO of the football team based in Denver, Colorado, Patrick Dennis Bowlen, stepped down in 2014 due to the onset and'
2026-07-04 12:43:17,729 [INFO] core.evaluator_v2:   [50/50] avg=17.59
2026-07-04 12:43:17,730 [INFO] __main__:   → score=17.59, mem_red=0.0%, ttft=2149.2ms
2026-07-04 12:43:17,731 [INFO] __main__: 
  Task: 2wikimqa
2026-07-04 12:43:17,731 [INFO] core.evaluator_v2: [fullkv] 2wikimqa (50샘플, budget=20%)
2026-07-04 12:43:20,455 [INFO] core.evaluator_v2: [fullkv] pred='Elmer Bäck was born in Finland.'
2026-07-04 12:43:23,432 [INFO] core.evaluator_v2: [fullkv] pred='"Jugband Blues" came out first. It was released in 1968 by Pink Floyd, while "Joel the Lump of Coal" was released in 201'
2026-07-04 12:43:28,455 [INFO] core.evaluator_v2: [fullkv] pred='No Trees in the Street. J. Lee Thompson directed No Trees in the Street and died in 2002, while Frank Tuttle directed Tr'
2026-07-04 12:43:32,080 [INFO] core.evaluator_v2: [fullkv] pred="The place of death of Agnes of Hohenstaufen's husband, Henry V, Count Palatine of the Rhine, was Brunswick Cathedral. He"
2026-07-04 12:43:37,036 [INFO] core.evaluator_v2: [fullkv] pred='Lyudmyla Olyanovska was born later. Paul De Scherff was born on 14 July 1820, while Lyudmyla Olyanovska was born on 20 F'
2026-07-04 12:43:37,038 [INFO] core.evaluator_v2:   [5/50] avg=13.10
2026-07-04 12:43:41,325 [INFO] core.evaluator_v2: [fullkv] pred="Helmichis's father-in-law is Alboin."
2026-07-04 12:43:44,263 [INFO] core.evaluator_v2: [fullkv] pred="The Drover's Sweetheart came out earlier. It was released in 1911, while Pigsty (Film) was released in 1969."
2026-07-04 12:43:47,803 [INFO] core.evaluator_v2: [fullkv] pred="Princess Charlotte of Saxe-Meiningen's husband was Ernest II, Duke of Saxe-Gotha-Altenburg, who was German."
2026-07-04 12:43:48,145 [WARNING] core.model_loader: Input length 16424 > max 16000, truncating...
2026-07-04 12:43:54,934 [INFO] core.evaluator_v2: [fullkv] pred='Yes, both movies are from the United Kingdom. "The Hatton Garden Job" is a 2017 British crime film, and "Carry On Cleo" '
2026-07-04 12:43:58,238 [INFO] core.evaluator_v2: [fullkv] pred='Dr. Socrates was released first. It was released in 1935, while Vacations in Majorca was released in 1959.'
2026-07-04 12:43:58,240 [INFO] core.evaluator_v2:   [10/50] avg=13.78
2026-07-04 12:44:01,700 [INFO] core.evaluator_v2: [fullkv] pred="The place of death of Randi Monsen's father, Fredrik Monsen, is not explicitly mentioned in the provided text. However, "
2026-07-04 12:44:04,581 [INFO] core.evaluator_v2: [fullkv] pred="The place of birth of Abdulaziz Nasser Al Shamsi's wife, Hissa Abdulla Ahmed Al-Otaiba, is Abu Dhabi."
2026-07-04 12:44:08,313 [INFO] core.evaluator_v2: [fullkv] pred='The director of the film *Nallavan Vazhvan* is P. Neelakantan. According to the text, P. Neelakantan was born on 2 Octob'
2026-07-04 12:44:13,647 [INFO] core.evaluator_v2: [fullkv] pred='The director of "The Year of the Rabbit" is Fernando Ayala, who died on 11 September 1997. The director of "Monster on t'
2026-07-04 12:44:16,469 [INFO] core.evaluator_v2: [fullkv] pred='The paternal grandfather of Bruno II von Berg is Adolf III of Berg.'
2026-07-04 12:44:16,470 [INFO] core.evaluator_v2:   [15/50] avg=15.95
2026-07-04 12:44:19,354 [INFO] core.evaluator_v2: [fullkv] pred='Prince Of Arcadia was released earlier. Prince Of Arcadia is a 1933 film, while Italia-Germania 4-3 is a 1990 film.'
2026-07-04 12:44:24,010 [INFO] core.evaluator_v2: [fullkv] pred='Johnny Ekström was born later than Hugh Evelyn Wortham. Hugh Evelyn Wortham was born on 7 May 1884, while Johnny Ekström'
2026-07-04 12:44:26,446 [INFO] core.evaluator_v2: [fullkv] pred='The director of the film "Clowning Around" is George Whaley, who was born in Castlemaine, Victoria, Australia.'
2026-07-04 12:44:30,367 [INFO] core.evaluator_v2: [fullkv] pred='Solemn Promise was directed by Srđan Karanović, born in 1945. Tarzan the Magnificent was directed by Robert Day, born in'
2026-07-04 12:44:40,760 [INFO] core.evaluator_v2: [fullkv] pred='The spouse of the director of the film "Streets of Blood" is Val Kilmer. However, based on the text, the director is Cha'
2026-07-04 12:44:40,761 [INFO] core.evaluator_v2:   [20/50] avg=16.59
2026-07-04 12:44:44,170 [INFO] core.evaluator_v2: [fullkv] pred='Contragolpe. Alejandro Doria directed Contragolpe and died in 2009, while Roy Ward Baker directed Tiger in the Smoke and'
2026-07-04 12:44:44,456 [WARNING] core.model_loader: Input length 16690 > max 16000, truncating...
2026-07-04 12:44:50,244 [INFO] core.evaluator_v2: [fullkv] pred='The composer of "Gretchen am Spinnrade," Franz Schubert, died in Vienna, Austria.'
2026-07-04 12:44:50,803 [WARNING] core.model_loader: Input length 17007 > max 16000, truncating...
2026-07-04 12:44:57,716 [INFO] core.evaluator_v2: [fullkv] pred="Gisela of Hungary's father-in-law was Henry II, Holy Roman Emperor. She was the daughter of Henry II, Duke of Bavaria an"
2026-07-04 12:45:03,799 [INFO] core.evaluator_v2: [fullkv] pred="Grand Duchess Elena Vladimirovna of Russia's father, Prince Nicholas of Greece and Denmark, died in Greece in 1938."
2026-07-04 12:45:07,895 [INFO] core.evaluator_v2: [fullkv] pred='From Corleone to Brooklyn was directed by Umberto Lenzi, born in 1931. Durango Valley Raiders was directed by Sam Newfie'
2026-07-04 12:45:07,911 [INFO] core.evaluator_v2:   [25/50] avg=15.19
2026-07-04 12:45:13,506 [INFO] core.evaluator_v2: [fullkv] pred="The place of birth of Sextus Barbour's father, Philip Pendleton Barbour, is Gordonsville, Virginia."
2026-07-04 12:45:16,046 [INFO] core.evaluator_v2: [fullkv] pred='The text does not provide information about the ages of Guy Arvely Dolsin and Altuğ Çelikbilek. Therefore, it is not pos'
2026-07-04 12:45:20,742 [INFO] core.evaluator_v2: [fullkv] pred='The maternal grandfather of Marie Louise, Duchess of Parma is King George III of Great Britain.'
2026-07-04 12:45:23,937 [INFO] core.evaluator_v2: [fullkv] pred='Una Prostituta Al Servizio Del Pubblico E In Regola Con Le Leggi Dello Stato came out first. It was released in 1970, wh'
2026-07-04 12:45:26,781 [INFO] core.evaluator_v2: [fullkv] pred='Antoine Casavant was born first. He was born on October 20, 1826, while Abdul Ali Lalu was born on October 20, 1932.'
2026-07-04 12:45:26,783 [INFO] core.evaluator_v2:   [30/50] avg=17.05
2026-07-04 12:45:28,987 [INFO] core.evaluator_v2: [fullkv] pred="Sir William Gore, 3rd Baronet's paternal grandfather was Sir Paul Gore, 1st Baronet."
2026-07-04 12:45:31,896 [INFO] core.evaluator_v2: [fullkv] pred="The place of death of Shahnawaz Bhutto's mother, Begum Nusrat Bhutto, was Dubai, United Arab Emirates."
2026-07-04 12:45:37,132 [INFO] core.evaluator_v2: [fullkv] pred='Eleanor of Castile died in 1291.'
2026-07-04 12:45:42,852 [INFO] core.evaluator_v2: [fullkv] pred="The text does not provide the birthday of Henrietta Maria of Brandenburg-Schwedt's father. It only mentions that she was"
2026-07-04 12:45:46,712 [INFO] core.evaluator_v2: [fullkv] pred='The director of the film *Wine of Morning*, Katherine Stenholm, works at Bob Jones University. She was the founding dire'
2026-07-04 12:45:46,714 [INFO] core.evaluator_v2:   [35/50] avg=17.46
2026-07-04 12:45:49,443 [INFO] core.evaluator_v2: [fullkv] pred="Isabella of Bourbon's paternal grandfather was Charles of Valois."
2026-07-04 12:45:52,816 [INFO] core.evaluator_v2: [fullkv] pred="Charles Willoughby, 10th Baron Willoughby of Parham's paternal grandmother was Lady Margaret Clinton. She was the daught"
2026-07-04 12:45:55,257 [INFO] core.evaluator_v2: [fullkv] pred="The place of birth of Carrie Watson Fleming's husband, Aretas B. Fleming, is Fairmont, West Virginia."
2026-07-04 12:46:01,510 [INFO] core.evaluator_v2: [fullkv] pred="The director of The Wind's Fierce is Mario Camus, born in 1935. The director of Special Delivery (1927 film) is Roscoe A"
2026-07-04 12:46:07,829 [INFO] core.evaluator_v2: [fullkv] pred='Charles Wheatstone lived longer. He was born in 1802 and died in 1875 at the age of 73. Jean-Claude Lauzon was born in 1'
2026-07-04 12:46:07,831 [INFO] core.evaluator_v2:   [40/50] avg=17.23
2026-07-04 12:46:09,311 [INFO] core.evaluator_v2: [fullkv] pred='Yes, both Howard Lake (British Columbia) and North Buck Lake (Alberta) are located in Canada.'
2026-07-04 12:46:12,129 [INFO] core.evaluator_v2: [fullkv] pred='Yes, both Reginald Fogwell, who directed "Betrayal" (1932), and Gabrielle Beaumont, who directed "The Godsend" (film), a'
2026-07-04 12:46:17,054 [INFO] core.evaluator_v2: [fullkv] pred='No. "Beauty and the Bad Man" was directed by William Worthington (American), while "Wild Child (Film)" was directed by N'
2026-07-04 12:46:22,968 [INFO] core.evaluator_v2: [fullkv] pred="The place of birth of Ratna Malla's father, Yakshya Malla, is not explicitly mentioned in the text. However, it is known"
2026-07-04 12:46:25,926 [INFO] core.evaluator_v2: [fullkv] pred="Aleksey Greig's father, Samuel Greig, was born in Inverkeithing, Fife, Scotland."
2026-07-04 12:46:25,927 [INFO] core.evaluator_v2:   [45/50] avg=16.41
2026-07-04 12:46:29,897 [INFO] core.evaluator_v2: [fullkv] pred="The mother of the director of the film *Atomised* is Oskar Roehler's wife, who is not explicitly named in the text. Howe"
2026-07-04 12:46:31,592 [INFO] core.evaluator_v2: [fullkv] pred='No. Ding Yaping is Chinese and German, while Johann Christian Gustav Lucae is German.'
2026-07-04 12:46:34,032 [INFO] core.evaluator_v2: [fullkv] pred="Helena Carroll's father, Paul Vincent Carroll, studied at St Patrick's College, Dublin."
2026-07-04 12:46:37,442 [INFO] core.evaluator_v2: [fullkv] pred='Space Probe Taurus is directed by Leonard Katzman, who was born in 1927. Tom Mix in Arabia is directed by Lynn Reynolds,'
2026-07-04 12:46:40,284 [INFO] core.evaluator_v2: [fullkv] pred='The Pyrammmid came out first. It is a 2011 Russian film, while Revolt Of The Praetorians is a 1964 Italian film.'
2026-07-04 12:46:40,286 [INFO] core.evaluator_v2:   [50/50] avg=16.61
2026-07-04 12:46:40,286 [INFO] __main__:   → score=16.61, mem_red=0.0%, ttft=1226.1ms
2026-07-04 12:46:40,287 [INFO] __main__: 
  Task: gov_report
2026-07-04 12:46:40,287 [INFO] core.evaluator_v2: [fullkv] gov_report (50샘플, budget=20%)
2026-07-04 12:46:49,213 [INFO] core.evaluator_v2: [fullkv] pred='The National Science Foundation (NSF) uses two programs, IPA and VSEE, to bring in rotators. IPA rotators are employed b'
2026-07-04 12:46:57,637 [INFO] core.evaluator_v2: [fullkv] pred='The document outlines the challenges and efforts in managing federal IT systems and cybersecurity. Despite a $96 billion'
2026-07-04 12:46:58,228 [WARNING] core.model_loader: Input length 51949 > max 16000, truncating...
2026-07-04 12:47:17,239 [INFO] core.evaluator_v2: [fullkv] pred="**Summary:**\n\nThis report provides a comprehensive overview of China's actions in the South China Sea (SCS) and East Chi"
2026-07-04 12:47:17,798 [WARNING] core.model_loader: Input length 28135 > max 16000, truncating...
2026-07-04 12:47:31,876 [INFO] core.evaluator_v2: [fullkv] pred='The Clean Water Act (CWA) authorizes federal grants for municipal wastewater treatment plant construction and related ac'
2026-07-04 12:47:46,158 [INFO] core.evaluator_v2: [fullkv] pred='**Summary:**\n\nThe Department of Homeland Security (DHS) has faced significant internal control and financial management '
2026-07-04 12:47:46,183 [INFO] core.evaluator_v2:   [5/50] avg=15.85
2026-07-04 12:48:01,522 [INFO] core.evaluator_v2: [fullkv] pred='**Summary:**\n\nThe document outlines the ongoing challenges and efforts in securing federal information systems in the Un'
2026-07-04 12:48:12,501 [INFO] core.evaluator_v2: [fullkv] pred='The document outlines the historical context, legal framework, and key programs supporting small businesses in the Unite'
2026-07-04 12:48:13,099 [WARNING] core.model_loader: Input length 19434 > max 16000, truncating...
2026-07-04 12:48:29,591 [INFO] core.evaluator_v2: [fullkv] pred='The Department of Defense (DOD) uses "Other Transaction" (OT) authorities to fund research, development, and production,'
2026-07-04 12:48:45,366 [INFO] core.evaluator_v2: [fullkv] pred='The document discusses the evolving role of cash in the payment system, highlighting the increasing adoption of electron'
2026-07-04 12:48:45,876 [WARNING] core.model_loader: Input length 41630 > max 16000, truncating...
2026-07-04 12:49:08,920 [INFO] core.evaluator_v2: [fullkv] pred='The Department of Homeland Security (DHS) has established policies and processes to manage its major acquisition program'
2026-07-04 12:49:08,949 [INFO] core.evaluator_v2:   [10/50] avg=14.63
2026-07-04 12:49:17,318 [INFO] core.evaluator_v2: [fullkv] pred='This report provides a detailed analysis of the Department of Homeland Security (DHS) appropriations for FY2019, compari'
2026-07-04 12:49:27,656 [INFO] core.evaluator_v2: [fullkv] pred='The U.S. federal government owns approximately 640 million acres, mostly in the western states, managed by four agencies'
2026-07-04 12:49:41,109 [INFO] core.evaluator_v2: [fullkv] pred='The document outlines the financial and operational aspects of the Black Lung Disability Trust Fund (Trust Fund), which '
2026-07-04 12:50:01,100 [INFO] core.evaluator_v2: [fullkv] pred='The document provides a comprehensive overview of the U.S. foreign aid program, detailing its historical evolution, obje'
2026-07-04 12:50:12,960 [INFO] core.evaluator_v2: [fullkv] pred='**Summary:**\n\nIn 2016, coal accounted for 17% of U.S. energy production and 30% of electricity generation, with 730 mill'
2026-07-04 12:50:12,976 [INFO] core.evaluator_v2:   [15/50] avg=15.74
2026-07-04 12:50:20,210 [INFO] core.evaluator_v2: [fullkv] pred="The Public Safety Officers' Benefits (PSOB) and Educational Assistance (PSOEA) programs provide financial support to the"
2026-07-04 12:50:24,986 [INFO] core.evaluator_v2: [fullkv] pred="The document outlines the FBI's challenges with its Hoover Building headquarters since 2011, including security concerns"
2026-07-04 12:50:33,469 [INFO] core.evaluator_v2: [fullkv] pred='The document discusses challenges faced by the Department of Veterans Affairs (VA) in aligning its medical facilities an'
2026-07-04 12:50:49,291 [INFO] core.evaluator_v2: [fullkv] pred='The document provides an overview of the FY2019 budget request and appropriations for the International Trade Administra'
2026-07-04 12:51:00,105 [INFO] core.evaluator_v2: [fullkv] pred='The document outlines the federal Black Lung Disability Trust Fund, which provides benefits to coal miners affected by c'
2026-07-04 12:51:00,119 [INFO] core.evaluator_v2:   [20/50] avg=16.65
2026-07-04 12:51:21,644 [INFO] core.evaluator_v2: [fullkv] pred='**Summary:**\n\nThe document provides an in-depth analysis of the technology sector in the United States, focusing on empl'
2026-07-04 12:51:38,189 [INFO] core.evaluator_v2: [fullkv] pred='**Summary:**\n\nThe document outlines the current state of Internet privacy in the United States, highlighting the lack of'
2026-07-04 12:51:53,744 [INFO] core.evaluator_v2: [fullkv] pred='**Summary:**\n\nOver the past 30 years, there has been a shift from defined benefit (DB) to defined contribution (DC) reti'
2026-07-04 12:52:03,245 [INFO] core.evaluator_v2: [fullkv] pred='The Social Security Administration (SSA) is responsible for administering three major programs: Old-Age and Survivors In'
2026-07-04 12:52:18,118 [INFO] core.evaluator_v2: [fullkv] pred='The document outlines the financial challenges facing the RHB Fund, which supports postal retiree health benefits under '
2026-07-04 12:52:18,147 [INFO] core.evaluator_v2:   [25/50] avg=16.73
2026-07-04 12:52:26,529 [INFO] core.evaluator_v2: [fullkv] pred='The 116th Congress is likely to address various housing-related issues, including housing finance reform, assisted housi'
2026-07-04 12:52:38,418 [INFO] core.evaluator_v2: [fullkv] pred='The National Popular Vote (NPV) initiative seeks to establish direct popular election of the President and Vice Presiden'
2026-07-04 12:52:50,111 [INFO] core.evaluator_v2: [fullkv] pred='The Energy and Water Development appropriations bill outlines funding for various federal agencies, including the U.S. A'
2026-07-04 12:52:59,115 [INFO] core.evaluator_v2: [fullkv] pred='The federal government manages hundreds of thousands of buildings, costing billions annually. To improve real property m'
2026-07-04 12:53:08,807 [INFO] core.evaluator_v2: [fullkv] pred='The National Cemeteries Act of 1973 established the modern veterans’ cemetery system, managed by the VA’s National Cemet'
2026-07-04 12:53:08,821 [INFO] core.evaluator_v2:   [30/50] avg=16.61
2026-07-04 12:53:24,380 [INFO] core.evaluator_v2: [fullkv] pred='The document provides a comprehensive overview of the role, challenges, and regulatory landscape of the U.S. banking sys'
2026-07-04 12:53:39,847 [INFO] core.evaluator_v2: [fullkv] pred='**Summary:**\n\nThe U.S. global defense posture is a critical component of U.S. defense activities and strategic communica'
2026-07-04 12:53:52,773 [INFO] core.evaluator_v2: [fullkv] pred='**Summary:**\n\nThe Lobbying Disclosure Act (LDA) mandates that lobbyists register with the Senate and House and file quar'
2026-07-04 12:54:08,849 [INFO] core.evaluator_v2: [fullkv] pred='**Summary:**\n\nPuerto Rico, a U.S. territory with approximately 3.3 million residents, is subject to federal laws but has'
2026-07-04 12:54:25,363 [INFO] core.evaluator_v2: [fullkv] pred='Congressional interest in small business access to capital has grown due to concerns about their ability to start, conti'
2026-07-04 12:54:25,388 [INFO] core.evaluator_v2:   [35/50] avg=16.76
2026-07-04 12:54:43,537 [INFO] core.evaluator_v2: [fullkv] pred='WMATA, established in 1967 through a federal interstate compact, operates a regional transit system in the National Capi'
2026-07-04 12:54:52,779 [INFO] core.evaluator_v2: [fullkv] pred='The document provides an overview of the role and responsibilities of the minority leader in the U.S. House of Represent'
2026-07-04 12:55:07,648 [INFO] core.evaluator_v2: [fullkv] pred='**Summary:**\n\nTitle IV of the Higher Education Act (HEA) authorizes federal student aid programs for eligible institutio'
2026-07-04 12:55:08,139 [WARNING] core.model_loader: Input length 18482 > max 16000, truncating...
2026-07-04 12:55:25,396 [INFO] core.evaluator_v2: [fullkv] pred='The Secret Service plays a critical role in protecting the President, Vice President, their families, and national leade'
2026-07-04 12:55:33,991 [INFO] core.evaluator_v2: [fullkv] pred='The document discusses the understanding and regulation of low-dose radiation exposure in the United States. It explains'
2026-07-04 12:55:34,004 [INFO] core.evaluator_v2:   [40/50] avg=17.08
2026-07-04 12:55:47,811 [INFO] core.evaluator_v2: [fullkv] pred='**Summary:**\n\nNeonatal Abstinence Syndrome (NAS) is a condition affecting infants born to mothers who used opioids durin'
2026-07-04 12:55:58,836 [INFO] core.evaluator_v2: [fullkv] pred='The document provides an overview of the Aegis Ballistic Missile Defense (BMD) program, managed by the Missile Defense A'
2026-07-04 12:56:09,606 [INFO] core.evaluator_v2: [fullkv] pred='**Summary:**\n\nCross-border data flows are vital to global trade, enabling digital commerce, communication, and internati'
2026-07-04 12:56:10,125 [WARNING] core.model_loader: Input length 22562 > max 16000, truncating...
2026-07-04 12:56:20,287 [INFO] core.evaluator_v2: [fullkv] pred='The document provides a detailed chronology of official responses to military sexual assault incidents from 2013 to 2016'
2026-07-04 12:56:29,099 [INFO] core.evaluator_v2: [fullkv] pred="The document discusses the Bureau's efforts to develop a reliable cost estimate for the 2020 Census, emphasizing the imp"
2026-07-04 12:56:29,117 [INFO] core.evaluator_v2:   [45/50] avg=17.16
2026-07-04 12:56:29,469 [WARNING] core.model_loader: Input length 18237 > max 16000, truncating...
2026-07-04 12:56:50,572 [INFO] core.evaluator_v2: [fullkv] pred='**Summary:**\n\nThe document outlines the complex relationship between climate change and migration, highlighting how both'
2026-07-04 12:57:02,566 [INFO] core.evaluator_v2: [fullkv] pred='**Summary:**\n\nThe U.S. Postal Service (USPS) has a growing sector of competitive products, which include items delivered'
2026-07-04 12:57:14,837 [INFO] core.evaluator_v2: [fullkv] pred='**Summary:**\n\nSince 1993, USAID has provided over $5 billion in bilateral assistance to the Palestinians in the West Ban'
2026-07-04 12:57:31,603 [INFO] core.evaluator_v2: [fullkv] pred='**Summary:**\n\nThis document outlines the acquisition, inventory, and management of heavy equipment by federal agencies, '
2026-07-04 12:57:43,281 [INFO] core.evaluator_v2: [fullkv] pred="The U.S. has been committed to building Afghanistan's security and governance since 2001, supporting the Afghan National"
2026-07-04 12:57:43,296 [INFO] core.evaluator_v2:   [50/50] avg=17.63
2026-07-04 12:57:43,307 [INFO] __main__:   → score=17.63, mem_red=0.0%, ttft=1559.7ms
2026-07-04 12:57:43,308 [INFO] __main__: 
  Task: qmsum
2026-07-04 12:57:43,310 [INFO] core.evaluator_v2: [fullkv] qmsum (50샘플, budget=20%)
2026-07-04 12:57:50,133 [INFO] core.evaluator_v2: [fullkv] pred='The document is a transcript of a project meeting where the team discusses the goals and structure of a design project t'
2026-07-04 12:57:59,800 [INFO] core.evaluator_v2: [fullkv] pred='The document is a meeting transcript between a project manager, industrial designer, user interface designer, and market'
2026-07-04 12:58:15,477 [INFO] core.evaluator_v2: [fullkv] pred='The document is a meeting transcript discussing progress and planning for a research project involving the SmartKom syst'
2026-07-04 12:58:25,959 [INFO] core.evaluator_v2: [fullkv] pred='The document is a detailed audio transcript of a team meeting discussing the development of a new remote control device.'
2026-07-04 12:58:36,232 [INFO] core.evaluator_v2: [fullkv] pred='The document is a transcript of a conceptual design meeting for a new remote control device. Key points include:\n\n- **De'
2026-07-04 12:58:36,234 [INFO] core.evaluator_v2:   [5/50] avg=8.91
2026-07-04 12:58:36,740 [WARNING] core.model_loader: Input length 18386 > max 16000, truncating...
2026-07-04 12:58:48,048 [INFO] core.evaluator_v2: [fullkv] pred='The document is a conversation among researchers discussing their work on improving speech recognition systems, focusing'
2026-07-04 12:58:48,565 [WARNING] core.model_loader: Input length 18553 > max 16000, truncating...
2026-07-04 12:59:03,416 [INFO] core.evaluator_v2: [fullkv] pred='The document is a conversation among graduate students and professors discussing a research project focused on understan'
2026-07-04 12:59:03,905 [WARNING] core.model_loader: Input length 16224 > max 16000, truncating...
2026-07-04 12:59:15,712 [INFO] core.evaluator_v2: [fullkv] pred="The Welsh Government's childcare offer, as discussed in the Children, Young People and Education Committee, aims to prov"
2026-07-04 12:59:16,306 [WARNING] core.model_loader: Input length 16924 > max 16000, truncating...
2026-07-04 12:59:31,265 [INFO] core.evaluator_v2: [fullkv] pred='The meeting discussed several key topics related to a research project. Key points included:\n\n1. **Transcription Status*'
2026-07-04 12:59:37,974 [INFO] core.evaluator_v2: [fullkv] pred='The document is a transcript of a kick-off meeting for the design of a new remote control. The project manager, Christa '
2026-07-04 12:59:37,976 [INFO] core.evaluator_v2:   [10/50] avg=7.73
2026-07-04 12:59:38,255 [WARNING] core.model_loader: Input length 16844 > max 16000, truncating...
2026-07-04 12:59:54,102 [INFO] core.evaluator_v2: [fullkv] pred='The document is a meeting transcript discussing a speech recognition project. Key points include:\n\n- **Setup and Equipme'
2026-07-04 12:59:54,597 [WARNING] core.model_loader: Input length 16224 > max 16000, truncating...
2026-07-04 13:00:06,415 [INFO] core.evaluator_v2: [fullkv] pred="The Welsh Government's childcare offer, as discussed in the Children, Young People and Education Committee, aims to prov"
2026-07-04 13:00:16,711 [INFO] core.evaluator_v2: [fullkv] pred='The Children, Young People and Education Committee met virtually to discuss the impact of the coronavirus pandemic on ch'
2026-07-04 13:00:28,166 [INFO] core.evaluator_v2: [fullkv] pred='The document is a meeting transcript where the team reviews the design and development of a new remote control shaped li'
2026-07-04 13:00:40,537 [INFO] core.evaluator_v2: [fullkv] pred='The meeting discusses the design and development of a new remote control. Key points include:\n\n- The project will follow'
2026-07-04 13:00:40,541 [INFO] core.evaluator_v2:   [15/50] avg=8.50
2026-07-04 13:00:49,992 [INFO] core.evaluator_v2: [fullkv] pred='The document is a transcript of a meeting between a Project Manager, Marketing, Industrial Designer, and User Interface '
2026-07-04 13:00:56,665 [INFO] core.evaluator_v2: [fullkv] pred='The document is a transcript of a kick-off meeting for the design of a new remote control. The project manager, Christa '
2026-07-04 13:00:56,988 [WARNING] core.model_loader: Input length 16844 > max 16000, truncating...
2026-07-04 13:01:12,918 [INFO] core.evaluator_v2: [fullkv] pred='The document is a meeting transcript discussing a speech recognition project. Key points include:\n\n- **Setup and Equipme'
2026-07-04 13:01:25,753 [INFO] core.evaluator_v2: [fullkv] pred='The document is a transcript of a meeting between a Project Manager, Industrial Designer, User Interface specialist, and'
2026-07-04 13:01:26,231 [WARNING] core.model_loader: Input length 16224 > max 16000, truncating...
2026-07-04 13:01:38,039 [INFO] core.evaluator_v2: [fullkv] pred="The Welsh Government's childcare offer, as discussed in the Children, Young People and Education Committee, aims to prov"
2026-07-04 13:01:38,042 [INFO] core.evaluator_v2:   [20/50] avg=9.26
2026-07-04 13:01:49,436 [INFO] core.evaluator_v2: [fullkv] pred='The document is a transcript of a project meeting where the team discusses the details of a new remote control prototype'
2026-07-04 13:01:50,050 [WARNING] core.model_loader: Input length 25564 > max 16000, truncating...
2026-07-04 13:02:00,920 [INFO] core.evaluator_v2: [fullkv] pred='The document details the 12th meeting of the House of Commons Special Committee on the COVID-19 Pandemic, which was held'
2026-07-04 13:02:01,447 [WARNING] core.model_loader: Input length 18386 > max 16000, truncating...
2026-07-04 13:02:12,852 [INFO] core.evaluator_v2: [fullkv] pred='The document is a conversation among researchers discussing their work on improving speech recognition systems, focusing'
2026-07-04 13:02:23,263 [INFO] core.evaluator_v2: [fullkv] pred='The document is a detailed audio transcript of a team meeting discussing the development of a new remote control device.'
2026-07-04 13:02:30,930 [INFO] core.evaluator_v2: [fullkv] pred='The document is a conversation among a Project Manager, User Interface designer, Industrial Designer, and Marketing repr'
2026-07-04 13:02:30,932 [INFO] core.evaluator_v2:   [25/50] avg=9.29
2026-07-04 13:02:40,421 [INFO] core.evaluator_v2: [fullkv] pred='The project team discusses the design and features of a new television remote control. Key points include:\n\n- The remote'
2026-07-04 13:02:51,581 [INFO] core.evaluator_v2: [fullkv] pred='The document is a transcript of a project meeting where the team discusses the details of a new remote control prototype'
2026-07-04 13:02:52,018 [WARNING] core.model_loader: Input length 18553 > max 16000, truncating...
2026-07-04 13:03:06,741 [INFO] core.evaluator_v2: [fullkv] pred='The document is a conversation among graduate students and professors discussing a research project focused on understan'
2026-07-04 13:03:21,157 [INFO] core.evaluator_v2: [fullkv] pred='The document is a transcript of a functional design meeting among a project manager, industrial designer, and user inter'
2026-07-04 13:03:27,746 [INFO] core.evaluator_v2: [fullkv] pred='The document is a transcript of a kick-off meeting for the design of a new remote control. The project manager, Christa '
2026-07-04 13:03:27,749 [INFO] core.evaluator_v2:   [30/50] avg=9.54
2026-07-04 13:03:37,480 [INFO] core.evaluator_v2: [fullkv] pred='The document is a meeting transcript between a project manager, industrial designer, user interface designer, and market'
2026-07-04 13:03:37,854 [WARNING] core.model_loader: Input length 30305 > max 16000, truncating...
2026-07-04 13:03:53,235 [INFO] core.evaluator_v2: [fullkv] pred='The document is a transcript of the seventh meeting of the Special Committee on the COVID-19 Pandemic, where various mem'
2026-07-04 13:04:04,903 [INFO] core.evaluator_v2: [fullkv] pred='The document is a meeting transcript between team members discussing the design and functionality of a new remote contro'
2026-07-04 13:04:14,756 [INFO] core.evaluator_v2: [fullkv] pred='The Children, Young People and Education Committee met virtually to discuss the impact of the coronavirus pandemic on ch'
2026-07-04 13:04:25,978 [INFO] core.evaluator_v2: [fullkv] pred='The document is a conversation among researchers discussing various aspects of speech processing and machine learning pr'
2026-07-04 13:04:25,980 [INFO] core.evaluator_v2:   [35/50] avg=9.46
2026-07-04 13:04:37,172 [INFO] core.evaluator_v2: [fullkv] pred='The document is a transcript of a project meeting where the team discusses the details of a new remote control prototype'
2026-07-04 13:04:49,117 [INFO] core.evaluator_v2: [fullkv] pred='The document is a transcript of a project meeting where the team discusses the details of a new remote control prototype'
2026-07-04 13:04:49,620 [WARNING] core.model_loader: Input length 30305 > max 16000, truncating...
2026-07-04 13:05:05,014 [INFO] core.evaluator_v2: [fullkv] pred='The document is a transcript of the seventh meeting of the Special Committee on the COVID-19 Pandemic, where various mem'
2026-07-04 13:05:16,576 [INFO] core.evaluator_v2: [fullkv] pred='The document is a meeting transcript where the team reviews the design and development of a new remote control shaped li'
2026-07-04 13:05:26,477 [INFO] core.evaluator_v2: [fullkv] pred='The document is a meeting transcript between a project manager, industrial designer, user interface designer, and market'
2026-07-04 13:05:26,482 [INFO] core.evaluator_v2:   [40/50] avg=9.63
2026-07-04 13:05:36,681 [INFO] core.evaluator_v2: [fullkv] pred='The document is a transcript of a conceptual design meeting for a new remote control device. Key points include:\n\n- **De'
2026-07-04 13:05:46,304 [INFO] core.evaluator_v2: [fullkv] pred='The Children, Young People and Education Committee met virtually to discuss the impact of the coronavirus pandemic on ch'
2026-07-04 13:05:58,953 [INFO] core.evaluator_v2: [fullkv] pred='The document is a transcript of a meeting between a Project Manager, Industrial Designer, User Interface specialist, and'
2026-07-04 13:06:10,556 [INFO] core.evaluator_v2: [fullkv] pred='The document is a transcript of a functional design meeting for a new remote control. The meeting involves a Project Man'
2026-07-04 13:06:21,754 [INFO] core.evaluator_v2: [fullkv] pred='The document is a conversation among researchers discussing various aspects of speech processing and machine learning pr'
2026-07-04 13:06:21,757 [INFO] core.evaluator_v2:   [45/50] avg=9.47
2026-07-04 13:06:31,157 [INFO] core.evaluator_v2: [fullkv] pred='The document is a transcript of a meeting among a Project Manager, Marketing, Industrial Designer, and User Interface De'
2026-07-04 13:06:40,339 [INFO] core.evaluator_v2: [fullkv] pred='The document is a transcript of a meeting among a Project Manager, Marketing, Industrial Designer, and User Interface De'
2026-07-04 13:06:47,147 [INFO] core.evaluator_v2: [fullkv] pred='The document is a transcript of a project meeting where the team discusses the goals and structure of a design project t'
2026-07-04 13:06:59,640 [INFO] core.evaluator_v2: [fullkv] pred='The document is a transcript of a meeting between a Project Manager, Industrial Designer, User Interface specialist, and'
2026-07-04 13:07:09,496 [INFO] core.evaluator_v2: [fullkv] pred='The Children, Young People and Education Committee met virtually to discuss the impact of the coronavirus pandemic on ch'
2026-07-04 13:07:09,509 [INFO] core.evaluator_v2:   [50/50] avg=9.45
2026-07-04 13:07:09,511 [INFO] __main__:   → score=9.45, mem_red=0.0%, ttft=1912.7ms
2026-07-04 13:07:09,512 [INFO] __main__: 
────────────────────────────────────────────────────────────
2026-07-04 13:07:09,514 [INFO] __main__: Method: STREAMING | Budget: 20%
2026-07-04 13:07:09,515 [INFO] __main__: ────────────────────────────────────────────────────────────
2026-07-04 13:07:09,516 [INFO] __main__: 
  Task: narrativeqa
2026-07-04 13:07:09,517 [INFO] core.evaluator_v2: [streaming] narrativeqa (50샘플, budget=20%)
2026-07-04 13:07:10,078 [WARNING] core.model_loader: Input length 23148 > max 16000, truncating...
2026-07-04 13:07:18,744 [INFO] core.evaluator_v2: [streaming] pred='The town is not explicitly named in the text, but it is implied to be a small, racially segregated Southern community, l'
2026-07-04 13:07:25,899 [INFO] core.evaluator_v2: [streaming] pred='Socrates decides it is unjust to escape because he believes in obeying the laws of the state, even when they lead to his'
2026-07-04 13:07:26,296 [WARNING] core.model_loader: Input length 37016 > max 16000, truncating...
2026-07-04 13:07:36,004 [INFO] core.evaluator_v2: [streaming] pred='The story is set in medieval Europe, primarily in the regions of Drachenhausen and Trutz-Drachen, which are depicted as '
2026-07-04 13:07:36,650 [WARNING] core.model_loader: Input length 37014 > max 16000, truncating...
2026-07-04 13:07:43,890 [INFO] core.evaluator_v2: [streaming] pred='Baron Conrad killed Baron Henry of Roderburg.'
2026-07-04 13:07:44,550 [WARNING] core.model_loader: Input length 46744 > max 16000, truncating...
2026-07-04 13:07:51,985 [INFO] core.evaluator_v2: [streaming] pred="The ghost that emerged from a painting at Dana's workplace was **Vigo**."
2026-07-04 13:07:51,986 [INFO] core.evaluator_v2:   [5/50] avg=11.66
2026-07-04 13:07:52,681 [WARNING] core.model_loader: Input length 46746 > max 16000, truncating...
2026-07-04 13:08:00,119 [INFO] core.evaluator_v2: [streaming] pred="The first person to fall under Vigo's spell is **Janosz**."
2026-07-04 13:08:00,731 [WARNING] core.model_loader: Input length 64167 > max 16000, truncating...
2026-07-04 13:08:07,892 [INFO] core.evaluator_v2: [streaming] pred="Clifford's profession is a doctor."
2026-07-04 13:08:13,534 [INFO] core.evaluator_v2: [streaming] pred="Mr. and Mrs. Vervelle live in a country house called Ville d'Avray."
2026-07-04 13:08:17,061 [INFO] core.evaluator_v2: [streaming] pred='The Witch threw the coffin into a ditch.'
2026-07-04 13:08:17,430 [WARNING] core.model_loader: Input length 31340 > max 16000, truncating...
2026-07-04 13:08:25,235 [INFO] core.evaluator_v2: [streaming] pred='Frank Saltram is a writer and intellectual. He is known for his literary works and his ability to analyze and discuss co'
2026-07-04 13:08:25,237 [INFO] core.evaluator_v2:   [10/50] avg=12.93
2026-07-04 13:08:32,092 [INFO] core.evaluator_v2: [streaming] pred='Mortimer Tregennis was once estranged from his siblings due to a family quarrel about money.'
2026-07-04 13:08:32,534 [WARNING] core.model_loader: Input length 16515 > max 16000, truncating...
2026-07-04 13:08:42,102 [INFO] core.evaluator_v2: [streaming] pred='The unique aspect of the phonetic spelling in the "future" article that discussed Beerbohm\'s story is that it contains t'
2026-07-04 13:08:42,632 [WARNING] core.model_loader: Input length 31069 > max 16000, truncating...
2026-07-04 13:08:49,830 [INFO] core.evaluator_v2: [streaming] pred='Death is disguised as a chess player.'
2026-07-04 13:08:50,473 [WARNING] core.model_loader: Input length 31342 > max 16000, truncating...
2026-07-04 13:08:57,763 [INFO] core.evaluator_v2: [streaming] pred="Lady Coxon is Ruth Anvoy's mother."
2026-07-04 13:08:58,598 [WARNING] core.model_loader: Input length 36325 > max 16000, truncating...
2026-07-04 13:09:06,048 [INFO] core.evaluator_v2: [streaming] pred='The war in which Rogers learned his battle knowledge was the First World War.'
2026-07-04 13:09:06,051 [INFO] core.evaluator_v2:   [15/50] avg=15.64
2026-07-04 13:09:06,681 [WARNING] core.model_loader: Input length 36331 > max 16000, truncating...
2026-07-04 13:09:14,127 [INFO] core.evaluator_v2: [streaming] pred='Anthony Rogers was working for the Yellow Intelligence Division in 1927.'
2026-07-04 13:09:14,701 [WARNING] core.model_loader: Input length 19086 > max 16000, truncating...
2026-07-04 13:09:22,527 [INFO] core.evaluator_v2: [streaming] pred='The young lady from New York realizes that none of the boarders like each other.'
2026-07-04 13:09:31,497 [INFO] core.evaluator_v2: [streaming] pred='Holmes and Dr. Watson are in Cornwall because they are investigating the mysterious death of Mr. Mortimer Tregennis, a l'
2026-07-04 13:09:32,230 [WARNING] core.model_loader: Input length 32917 > max 16000, truncating...
2026-07-04 13:09:42,113 [INFO] core.evaluator_v2: [streaming] pred='The hidden message Reiko finds within the video is that **the only way to break the curse is to copy the video and show '
2026-07-04 13:09:42,918 [WARNING] core.model_loader: Input length 37018 > max 16000, truncating...
2026-07-04 13:09:58,925 [INFO] core.evaluator_v2: [streaming] pred='Important themes in the story include:\n\n1. **Justice and Redemption**: The story highlights the pursuit of justice, as s'
2026-07-04 13:09:58,929 [INFO] core.evaluator_v2:   [20/50] avg=12.26
2026-07-04 13:09:59,725 [WARNING] core.model_loader: Input length 32915 > max 16000, truncating...
2026-07-04 13:10:10,838 [INFO] core.evaluator_v2: [streaming] pred='The teenagers were discussing a cursed videotape that contains a supernatural entity, Sadako, who is a vengeful spirit. '
2026-07-04 13:10:11,749 [WARNING] core.model_loader: Input length 60372 > max 16000, truncating...
2026-07-04 13:10:18,974 [INFO] core.evaluator_v2: [streaming] pred='Bill worked as a sailor when he lived in Chicago.'
2026-07-04 13:10:26,063 [INFO] core.evaluator_v2: [streaming] pred="Two people fainted after seeing Brenda's dead body: Dr. Sterndale and the vicar."
2026-07-04 13:10:26,575 [WARNING] core.model_loader: Input length 37018 > max 16000, truncating...
2026-07-04 13:10:33,967 [INFO] core.evaluator_v2: [streaming] pred='Otto is known for his pure, simple wisdom and his silver hand.'
2026-07-04 13:10:34,645 [WARNING] core.model_loader: Input length 19082 > max 16000, truncating...
2026-07-04 13:10:46,857 [INFO] core.evaluator_v2: [streaming] pred='Leon focuses on the **French character** and **societal behaviors** in his letters.  He observes and analyzes the **Fren'
2026-07-04 13:10:46,858 [INFO] core.evaluator_v2:   [25/50] avg=13.37
2026-07-04 13:10:52,477 [INFO] core.evaluator_v2: [streaming] pred='The owner of the manor in the story is **Monsieur de Merret**.'
2026-07-04 13:10:52,943 [WARNING] core.model_loader: Input length 32913 > max 16000, truncating...
2026-07-04 13:11:02,379 [INFO] core.evaluator_v2: [streaming] pred="Reiko's job is not explicitly mentioned in the text provided. The narrative focuses on Asakawa and Ryuji's experiences, "
2026-07-04 13:11:09,566 [INFO] core.evaluator_v2: [streaming] pred='Holmes observes that the powder on the shield in the fireplace is remnants of "devil\'s-foot root," a rare and potent poi'
2026-07-04 13:11:16,174 [INFO] core.evaluator_v2: [streaming] pred='Socrates compares citizens and the law to a master and servant. He argues that citizens should obey the laws of the stat'
2026-07-04 13:11:23,947 [INFO] core.evaluator_v2: [streaming] pred='La Grande Breteche is a mansion or estate, specifically a large, old house, which serves as the setting for the story. I'
2026-07-04 13:11:23,949 [INFO] core.evaluator_v2:   [30/50] avg=13.83
2026-07-04 13:11:24,397 [WARNING] core.model_loader: Input length 32921 > max 16000, truncating...
2026-07-04 13:11:33,000 [INFO] core.evaluator_v2: [streaming] pred='Reiko discovers that copying the tape and showing it to someone else breaks the curse.  She realizes that by sharing the'
2026-07-04 13:11:38,121 [INFO] core.evaluator_v2: [streaming] pred='Virginie.'
2026-07-04 13:11:44,935 [INFO] core.evaluator_v2: [streaming] pred='The text does not mention Lazarus or a murder trial. Therefore, there is no one who defends Lazarus during his murder tr'
2026-07-04 13:11:45,603 [WARNING] core.model_loader: Input length 32912 > max 16000, truncating...
2026-07-04 13:11:57,972 [INFO] core.evaluator_v2: [streaming] pred='Tomoko is a character in the story, but she is not the central focus of the narrative. The text does not provide a clear'
2026-07-04 13:12:01,740 [INFO] core.evaluator_v2: [streaming] pred='The Witch wanted the priests to reveal their own lies.'
2026-07-04 13:12:01,742 [INFO] core.evaluator_v2:   [35/50] avg=15.83
2026-07-04 13:12:02,155 [WARNING] core.model_loader: Input length 46740 > max 16000, truncating...
2026-07-04 13:12:09,314 [INFO] core.evaluator_v2: [streaming] pred="Oscar is Dana's son."
2026-07-04 13:12:09,994 [WARNING] core.model_loader: Input length 37020 > max 16000, truncating...
2026-07-04 13:12:20,112 [INFO] core.evaluator_v2: [streaming] pred="Shortly after Otto returns to his father's castle, he confronts Baron Henry of Roderburg, who has been captured and is l"
2026-07-04 13:12:20,769 [WARNING] core.model_loader: Input length 16508 > max 16000, truncating...
2026-07-04 13:12:28,383 [INFO] core.evaluator_v2: [streaming] pred="T.K. Nupton thought that Enoch Soames was a figment of the author's imagination."
2026-07-04 13:12:29,094 [WARNING] core.model_loader: Input length 60369 > max 16000, truncating...
2026-07-04 13:12:36,310 [INFO] core.evaluator_v2: [streaming] pred='The wealthy farmer, Chuck, marries Abby.'
2026-07-04 13:12:44,757 [INFO] core.evaluator_v2: [streaming] pred="The art-dealer, Elie Magus, describes Grassou's skill level to Virginie's father as being on par with or even surpassing"
2026-07-04 13:12:44,758 [INFO] core.evaluator_v2:   [40/50] avg=16.43
2026-07-04 13:12:50,857 [INFO] core.evaluator_v2: [streaming] pred='The Witch was able to perceive the **inner souls and true natures** of mankind, including their **hidden virtues, flaws,'
2026-07-04 13:12:51,253 [WARNING] core.model_loader: Input length 31386 > max 16000, truncating...
2026-07-04 13:12:58,830 [INFO] core.evaluator_v2: [streaming] pred="The text does not provide specific information about how Mary's mother spent her free time when Mary was younger."
2026-07-04 13:13:03,100 [INFO] core.evaluator_v2: [streaming] pred="Crito's purpose in visiting Socrates was to persuade him to escape from prison to avoid death."
2026-07-04 13:13:04,379 [WARNING] core.model_loader: Input length 32918 > max 16000, truncating...
2026-07-04 13:13:14,167 [INFO] core.evaluator_v2: [streaming] pred="The description of the teens' faces when they died is not explicitly provided in the text. The narrative focuses on the "
2026-07-04 13:13:14,901 [WARNING] core.model_loader: Input length 60367 > max 16000, truncating...
2026-07-04 13:13:22,363 [INFO] core.evaluator_v2: [streaming] pred='Bill was shot by Benson while trying to escape from the police.'
2026-07-04 13:13:22,366 [INFO] core.evaluator_v2:   [45/50] avg=16.39
2026-07-04 13:13:22,969 [WARNING] core.model_loader: Input length 31344 > max 16000, truncating...
2026-07-04 13:13:30,276 [INFO] core.evaluator_v2: [streaming] pred='Gravener wants Ruth to destroy the letter containing the money.'
2026-07-04 13:13:31,078 [WARNING] core.model_loader: Input length 64168 > max 16000, truncating...
2026-07-04 13:13:38,350 [INFO] core.evaluator_v2: [streaming] pred="The text does not mention where Alabama's son is born."
2026-07-04 13:13:39,115 [WARNING] core.model_loader: Input length 31338 > max 16000, truncating...
2026-07-04 13:13:46,224 [INFO] core.evaluator_v2: [streaming] pred='Ruth Anvoy is American.'
2026-07-04 13:13:46,856 [WARNING] core.model_loader: Input length 60368 > max 16000, truncating...
2026-07-04 13:13:54,019 [INFO] core.evaluator_v2: [streaming] pred='Abby leaves Chicago with him.'
2026-07-04 13:14:02,255 [INFO] core.evaluator_v2: [streaming] pred="The housekeeper's feet got wet because she was cleaning the window-sill with a cloth, and the gravel that Dr. Sterndale "
2026-07-04 13:14:02,257 [INFO] core.evaluator_v2:   [50/50] avg=16.53
2026-07-04 13:14:02,258 [INFO] __main__:   → score=16.53, mem_red=80.0%, ttft=2290.2ms
2026-07-04 13:14:02,260 [INFO] __main__: 
  Task: qasper
2026-07-04 13:14:02,261 [INFO] core.evaluator_v2: [streaming] qasper (50샘플, budget=20%)
2026-07-04 13:14:05,976 [INFO] core.evaluator_v2: [streaming] pred='The proposed strategies show that KG-A2C-chained is significantly more sample efficient and converges faster, while both'
2026-07-04 13:14:07,666 [INFO] core.evaluator_v2: [streaming] pred='The encoder is a character-based encoder-decoder model.'
2026-07-04 13:14:09,702 [INFO] core.evaluator_v2: [streaming] pred='The text does not mention the size of the Augmented LibriSpeech dataset.'
2026-07-04 13:14:11,678 [INFO] core.evaluator_v2: [streaming] pred='NeuronBlocks includes modules such as CNN, BiLSTM, Attention, and BERT-based models. It also supports knowledge distilla'
2026-07-04 13:14:14,037 [INFO] core.evaluator_v2: [streaming] pred='The text compares the 6-layer and 9-layer sMBR models.'
2026-07-04 13:14:14,038 [INFO] core.evaluator_v2:   [5/50] avg=6.30
2026-07-04 13:14:16,881 [INFO] core.evaluator_v2: [streaming] pred='The datasets used for evaluation are CNN/DailyMail, NYT, and XSum.'
2026-07-04 13:14:19,574 [INFO] core.evaluator_v2: [streaming] pred='The transformer layer (ToBERT) outperforms the RNN layer (RoBERT) in terms of performance on the Fisher dataset, as show'
2026-07-04 13:14:23,146 [INFO] core.evaluator_v2: [streaming] pred='The ancient Chinese dataset is derived from the augmented and unaugmented parallel corpus, which includes both the origi'
2026-07-04 13:14:26,450 [INFO] core.evaluator_v2: [streaming] pred='The baselines used for evaluation are: Pointer-Gen+RL-SEN, Pointer-Gen+ARL-SEN, and the test set headlines.'
2026-07-04 13:14:28,757 [INFO] core.evaluator_v2: [streaming] pred='The Twitter dataset contains 34.5% negative comments and 42.5% positive comments.'
2026-07-04 13:14:28,758 [INFO] core.evaluator_v2:   [10/50] avg=11.54
2026-07-04 13:14:31,243 [INFO] core.evaluator_v2: [streaming] pred='The text does not specify the exact amount of improvement, but it states that the neural network architecture using mult'
2026-07-04 13:14:35,818 [INFO] core.evaluator_v2: [streaming] pred='The metrics used to establish that this makes chatbots more knowledgeable and better at learning and conversation are **'
2026-07-04 13:14:38,680 [INFO] core.evaluator_v2: [streaming] pred='The combination of rewards for reinforcement learning includes irony accuracy, sentiment preservation, and content prese'
2026-07-04 13:14:41,832 [INFO] core.evaluator_v2: [streaming] pred='The attention module is pretrained on the MT (Machine Translation) dataset.'
2026-07-04 13:14:44,860 [INFO] core.evaluator_v2: [streaming] pred='The size of the dataset is not explicitly mentioned in the text. However, it is noted that the "OurNepali dataset" is al'
2026-07-04 13:14:44,862 [INFO] core.evaluator_v2:   [15/50] avg=17.02
2026-07-04 13:14:47,313 [INFO] core.evaluator_v2: [streaming] pred='The text evaluates on the WSJ (Wall Street Journal) dataset.'
2026-07-04 13:14:51,110 [INFO] core.evaluator_v2: [streaming] pred='The model is compared to previous methods such as the Li and Roth model, the CNN sentence classifier by Kim, and the bas'
2026-07-04 13:14:52,700 [INFO] core.evaluator_v2: [streaming] pred='The text mentions that the South African languages are similar to each other.'
2026-07-04 13:14:55,296 [INFO] core.evaluator_v2: [streaming] pred='The 7 Indian languages are not explicitly mentioned in the text. However, it is stated that the audio data was collected'
2026-07-04 13:14:57,964 [INFO] core.evaluator_v2: [streaming] pred='They test their method on tasks such as evaluating performance on posts containing rare words (RW) and frequent words (F'
2026-07-04 13:14:57,967 [INFO] core.evaluator_v2:   [20/50] avg=19.07
2026-07-04 13:15:00,690 [INFO] core.evaluator_v2: [streaming] pred='The tagging scheme employed is a novel scheme designed to incorporate the constraint that each text in the corpora conta'
2026-07-04 13:15:02,929 [INFO] core.evaluator_v2: [streaming] pred='The text considers NLP tasks such as text classification, clustering, and topic modeling.'
2026-07-04 13:15:09,061 [INFO] core.evaluator_v2: [streaming] pred='The NCEL approach is highly effective, achieving the best performance in most cases with an average gain of 2% on Micro '
2026-07-04 13:15:12,386 [INFO] core.evaluator_v2: [streaming] pred='The text mentions that methods to find examples of biases and unwarranted inferences include manually categorizing image'
2026-07-04 13:15:14,026 [INFO] core.evaluator_v2: [streaming] pred='The corpus contains 1,000 case reports.'
2026-07-04 13:15:14,027 [INFO] core.evaluator_v2:   [25/50] avg=19.56
2026-07-04 13:15:17,006 [INFO] core.evaluator_v2: [streaming] pred='An individual model consists of a Bayesian model of semantic role induction (SRI) that uses cross-lingual latent variabl'
2026-07-04 13:15:20,536 [INFO] core.evaluator_v2: [streaming] pred='The text mentions that stylistic features are obtained through the use of gaze-based features and complex features deriv'
2026-07-04 13:15:25,225 [INFO] core.evaluator_v2: [streaming] pred='The highest MRR score achieved was 0.2862 in the final test batch set.'
2026-07-04 13:15:27,179 [INFO] core.evaluator_v2: [streaming] pred='The data presented to the subjects to elicit event-related responses was speech imagery EEG data.'
2026-07-04 13:15:31,147 [INFO] core.evaluator_v2: [streaming] pred='The dataset is annotated to determine whether a tweet contains no evidence of depression (n=6,829 tweets) or evidence of'
2026-07-04 13:15:31,149 [INFO] core.evaluator_v2:   [30/50] avg=18.88
2026-07-04 13:15:33,015 [INFO] core.evaluator_v2: [streaming] pred='They match words by translating each word in the source language into English using a bilingual dictionary (Google Trans'
2026-07-04 13:15:36,228 [INFO] core.evaluator_v2: [streaming] pred='Yes, the text reports results on English data, specifically on three datasets: FSD (social media), Twitter (social media'
2026-07-04 13:15:37,961 [INFO] core.evaluator_v2: [streaming] pred='The text mentions the use of NRC Hashtag Sentiment Lexicon and Emoji embeddings.'
2026-07-04 13:15:40,479 [INFO] core.evaluator_v2: [streaming] pred='Yes, they use pretrained embeddings.'
2026-07-04 13:15:45,350 [INFO] core.evaluator_v2: [streaming] pred='The ensemble method works by averaging the predictions from constituent single models. The best performing model is sele'
2026-07-04 13:15:45,354 [INFO] core.evaluator_v2:   [35/50] avg=18.45
2026-07-04 13:15:46,782 [INFO] core.evaluator_v2: [streaming] pred='Yes, they use attention.'
2026-07-04 13:15:49,532 [INFO] core.evaluator_v2: [streaming] pred='The text mentions the use of a Big Transformer model and a sequence-to-sequence model with encoder and decoder component'
2026-07-04 13:15:52,942 [INFO] core.evaluator_v2: [streaming] pred='Yes, the text reports results on English data.'
2026-07-04 13:15:56,994 [INFO] core.evaluator_v2: [streaming] pred='The clinical datasets used in the paper are the MEDDOCAN 2019 shared task dataset and a novel Spanish clinical reports d'
2026-07-04 13:16:01,428 [INFO] core.evaluator_v2: [streaming] pred='No, the dataset for sentiment analysis is not balanced. The text indicates that the number of correctly predicted sentim'
2026-07-04 13:16:01,431 [INFO] core.evaluator_v2:   [40/50] avg=18.83
2026-07-04 13:16:05,873 [INFO] core.evaluator_v2: [streaming] pred='Yes, it is possible to convert cloze-style questions to naturally-looking questions. The text indicates that cloze-style'
2026-07-04 13:16:10,394 [INFO] core.evaluator_v2: [streaming] pred='The tasks used for evaluation are the tasks that the model is trained on, which are not explicitly stated in the text. H'
2026-07-04 13:16:15,017 [INFO] core.evaluator_v2: [streaming] pred='The text proposes using context tweets, which are tweets that provide additional context to the original tweet, to impro'
2026-07-04 13:16:17,647 [INFO] core.evaluator_v2: [streaming] pred='The text mentions an annotated dataset of over 20,000 blog users.'
2026-07-04 13:16:19,258 [INFO] core.evaluator_v2: [streaming] pred='The text does not mention any specific Chinese datasets used.'
2026-07-04 13:16:19,260 [INFO] core.evaluator_v2:   [45/50] avg=17.76
2026-07-04 13:16:26,179 [INFO] core.evaluator_v2: [streaming] pred='The text mentions that the methods used for RQE (Recognizing Question Entailment) include machine learning and deep lear'
2026-07-04 13:16:28,577 [INFO] core.evaluator_v2: [streaming] pred='The paper studies English.'
2026-07-04 13:16:32,766 [INFO] core.evaluator_v2: [streaming] pred='The proposed approach, GM$\\_$KL, outperforms other word sense disambiguation (WSD) methods employing word embeddings on '
2026-07-04 13:16:33,225 [WARNING] core.model_loader: Input length 20076 > max 16000, truncating...
2026-07-04 13:16:41,304 [INFO] core.evaluator_v2: [streaming] pred='The ML methods aim to identify argument components such as claims, premises, backing, rebuttal, refutation, and non-argu'
2026-07-04 13:16:45,885 [INFO] core.evaluator_v2: [streaming] pred='The resulting annotated data from experts is significantly higher quality than that from crowds. The text indicates that'
2026-07-04 13:16:45,887 [INFO] core.evaluator_v2:   [50/50] avg=18.82
2026-07-04 13:16:45,887 [INFO] __main__:   → score=18.82, mem_red=80.0%, ttft=752.5ms
2026-07-04 13:16:45,888 [INFO] __main__: 
  Task: multifieldqa_en
2026-07-04 13:16:45,888 [INFO] core.evaluator_v2: [streaming] multifieldqa_en (50샘플, budget=20%)
2026-07-04 13:16:47,954 [INFO] core.evaluator_v2: [streaming] pred="After attacking Jacobo at a workers' strike, Ngotho is arrested and imprisoned. His family is forced to move, and he is "
2026-07-04 13:16:55,834 [INFO] core.evaluator_v2: [streaming] pred='Yes, the denoiser can be applied to circuits with non-Clifford noise. The text discusses the use of a denoiser in the co'
2026-07-04 13:17:01,717 [INFO] core.evaluator_v2: [streaming] pred='The generative interactive model used in the method is the **Interactive Matrix**.'
2026-07-04 13:17:09,396 [INFO] core.evaluator_v2: [streaming] pred='The purpose of an ICD (Implantable Cardioverter Defibrillator) is to monitor and treat life-threatening cardiac arrhythm'
2026-07-04 13:17:12,449 [INFO] core.evaluator_v2: [streaming] pred='The PLMS-PPIC method engages the **Normalized Least Mean Squares (NLMS)** algorithm.'
2026-07-04 13:17:12,452 [INFO] core.evaluator_v2:   [5/50] avg=48.40
2026-07-04 13:17:14,337 [INFO] core.evaluator_v2: [streaming] pred='In 2009, Brooksley Born received the Profiles in Courage Award.'
2026-07-04 13:17:21,620 [INFO] core.evaluator_v2: [streaming] pred='A media application determines the context of an event by analyzing the media asset and using a content recognition file'
2026-07-04 13:17:26,570 [INFO] core.evaluator_v2: [streaming] pred='The sticking point in the political showdown over the budget is whether the District of Columbia can spend its own local'
2026-07-04 13:17:28,208 [INFO] core.evaluator_v2: [streaming] pred='Lindsborg.'
2026-07-04 13:17:31,754 [INFO] core.evaluator_v2: [streaming] pred='The new Iraqi Body Count organization provides cover for the war and allows supporters of the illegal war to point to it'
2026-07-04 13:17:31,755 [INFO] core.evaluator_v2:   [10/50] avg=44.61
2026-07-04 13:17:36,082 [INFO] core.evaluator_v2: [streaming] pred="Accounting for path preference reduces the robot's belief entropy over the goal distribution, leading to more stable and"
2026-07-04 13:17:42,860 [INFO] core.evaluator_v2: [streaming] pred='It is important for the sides of the fuselage to be sloped (tumbled home) to ensure proper alignment and structural inte'
2026-07-04 13:17:51,877 [INFO] core.evaluator_v2: [streaming] pred='The court in *In re Ferguson* concluded that the transformation prong of the Bilski test is not satisfied by a claim tha'
2026-07-04 13:17:54,619 [INFO] core.evaluator_v2: [streaming] pred='The text does not mention the duration KSTP-FM 102.1 has been on the air.'
2026-07-04 13:18:02,185 [INFO] core.evaluator_v2: [streaming] pred='Thalassemias are classified based on the polypeptide chains of hemoglobin affected. The two major categories are α-thala'
2026-07-04 13:18:02,188 [INFO] core.evaluator_v2:   [15/50] avg=33.49
2026-07-04 13:18:06,467 [INFO] core.evaluator_v2: [streaming] pred='The transition probability of the environment has an opposite sign from the actual food value. This means that as the tr'
2026-07-04 13:18:11,891 [INFO] core.evaluator_v2: [streaming] pred='The experimental techniques used to study the quantum dot structures in this research include low-temperature scanning t'
2026-07-04 13:18:13,697 [INFO] core.evaluator_v2: [streaming] pred='Margaret Way was born in Australia and died in Australia.'
2026-07-04 13:18:19,339 [INFO] core.evaluator_v2: [streaming] pred='The two ground states observed for indeno[1,2-a]fluorene on NaCl surfaces are the open-shell (5OS) and closed-shell (5pa'
2026-07-04 13:18:31,482 [INFO] core.evaluator_v2: [streaming] pred='The scoring engine generates a stream of content for the channel by first categorizing new content items from heterogene'
2026-07-04 13:18:31,484 [INFO] core.evaluator_v2:   [20/50] avg=34.35
2026-07-04 13:18:44,852 [INFO] core.evaluator_v2: [streaming] pred='The stability conditions for a solution of $-\\Delta u = f(u)$ are determined by the requirement that the solution satisf'
2026-07-04 13:18:46,920 [INFO] core.evaluator_v2: [streaming] pred='McPherson County is located in the state of Kansas.'
2026-07-04 13:18:51,812 [INFO] core.evaluator_v2: [streaming] pred='The main focus of the research paper is to study the nuclear transition and nuclear interactions in the context of latti'
2026-07-04 13:18:52,365 [WARNING] core.model_loader: Input length 16496 > max 16000, truncating...
2026-07-04 13:18:59,883 [INFO] core.evaluator_v2: [streaming] pred='The security parameter for the AES-256 block cipher is **172** bits.'
2026-07-04 13:19:01,382 [INFO] core.evaluator_v2: [streaming] pred='The most active fan club is the South West Fans.'
2026-07-04 13:19:01,383 [INFO] core.evaluator_v2:   [25/50] avg=35.29
2026-07-04 13:19:02,862 [INFO] core.evaluator_v2: [streaming] pred='Based on the text, Margaret Way wrote **over 200 novels**.'
2026-07-04 13:19:06,827 [INFO] core.evaluator_v2: [streaming] pred='The interlayer Berry connection polarizability is significant because it governs the geometric origin of the Hall effect'
2026-07-04 13:19:14,550 [INFO] core.evaluator_v2: [streaming] pred='The text mentions that wearable and ambient sensors are now capable of estimating physical activity levels and physiolog'
2026-07-04 13:19:18,295 [INFO] core.evaluator_v2: [streaming] pred='Chitosan-DNA nanoparticles delivered by intrabiliary infusion enhance liver-targeted gene delivery, International Journa'
2026-07-04 13:19:27,356 [INFO] core.evaluator_v2: [streaming] pred='The symptoms of vitamin K deficiency include bleeding tendencies, such as nosebleeds, blood in urine or stool, and prolo'
2026-07-04 13:19:27,359 [INFO] core.evaluator_v2:   [30/50] avg=34.31
2026-07-04 13:19:44,455 [INFO] core.evaluator_v2: [streaming] pred="Broadjam's servers are subject to the following restrictions:\n\n1. **No Illegal Activity**: Hosting Subscriber's Website "
2026-07-04 13:19:46,887 [INFO] core.evaluator_v2: [streaming] pred='The 2017 general election was held on 19 October 2017.'
2026-07-04 13:19:51,999 [INFO] core.evaluator_v2: [streaming] pred='The text mentions "the strong molecular line emission, its high central gas temperatures and the observed outflow-disk s'
2026-07-04 13:19:54,313 [INFO] core.evaluator_v2: [streaming] pred='Simon English became the leader of the National Party on 24 October 2017.'
2026-07-04 13:19:59,156 [INFO] core.evaluator_v2: [streaming] pred="Governor Rick Scott cited privacy concerns, expressed skepticism about the monitoring program's effectiveness, and raise"
2026-07-04 13:19:59,157 [INFO] core.evaluator_v2:   [35/50] avg=30.99
2026-07-04 13:20:02,577 [INFO] core.evaluator_v2: [streaming] pred='The SI unit of power is the watt (W).'
2026-07-04 13:20:10,869 [INFO] core.evaluator_v2: [streaming] pred='Craig wants to find his own place because he is experiencing meltdowns and behavioral issues, which are affecting his ab'
2026-07-04 13:20:15,790 [INFO] core.evaluator_v2: [streaming] pred='The decision to base the water rates on usage reflected a desire for fairness, as it ensures that individuals who use mo'
2026-07-04 13:20:18,040 [INFO] core.evaluator_v2: [streaming] pred='McPherson County was established as a county in 1867.'
2026-07-04 13:20:24,702 [INFO] core.evaluator_v2: [streaming] pred='The proximity of superconductivity enhances the Kondo effect through the mechanism of CAR (crossed Andreev reflection) e'
2026-07-04 13:20:24,708 [INFO] core.evaluator_v2:   [40/50] avg=30.79
2026-07-04 13:20:29,698 [INFO] core.evaluator_v2: [streaming] pred='The program chair of the conference is Jim Warren.'
2026-07-04 13:20:36,688 [INFO] core.evaluator_v2: [streaming] pred='At dawn or dusk, the high resolution of what we focus on diminishes due to reduced light levels, which affects our abili'
2026-07-04 13:20:40,552 [INFO] core.evaluator_v2: [streaming] pred='The Director is responsible for carrying out the functions assigned under the act.'
2026-07-04 13:20:47,887 [INFO] core.evaluator_v2: [streaming] pred='Ferromagnetic semiconductors have potential applications in spintronics, magnetic memory devices, and quantum computing '
2026-07-04 13:20:56,834 [INFO] core.evaluator_v2: [streaming] pred='The recommended daily intake of vitamin K for adult women and men is not explicitly stated in the text, but it mentions '
2026-07-04 13:20:56,836 [INFO] core.evaluator_v2:   [45/50] avg=30.35
2026-07-04 13:21:00,417 [INFO] core.evaluator_v2: [streaming] pred='Yes, DUO contains more instances per image than COCO.'
2026-07-04 13:21:02,547 [INFO] core.evaluator_v2: [streaming] pred='The population of McPherson County according to the 2020 census was 18,666.'
2026-07-04 13:21:04,233 [INFO] core.evaluator_v2: [streaming] pred='The paper was published in 2021.'
2026-07-04 13:21:05,962 [INFO] core.evaluator_v2: [streaming] pred='The first white settlement in McPherson County was **Lindsborg**.'
2026-07-04 13:21:11,612 [INFO] core.evaluator_v2: [streaming] pred='The reliance of artificial organisms on plasticity is controlled by factors such as environmental variability, the relia'
2026-07-04 13:21:11,613 [INFO] core.evaluator_v2:   [50/50] avg=31.36
2026-07-04 13:21:11,614 [INFO] __main__:   → score=31.36, mem_red=80.0%, ttft=1010.6ms
2026-07-04 13:21:11,614 [INFO] __main__: 
  Task: hotpotqa
2026-07-04 13:21:11,615 [INFO] core.evaluator_v2: [streaming] hotpotqa (50샘플, budget=20%)
2026-07-04 13:21:11,972 [WARNING] core.model_loader: Input length 17130 > max 16000, truncating...
2026-07-04 13:21:18,945 [INFO] core.evaluator_v2: [streaming] pred='Brian Stokes Mitchell'
2026-07-04 13:21:19,552 [WARNING] core.model_loader: Input length 16583 > max 16000, truncating...
2026-07-04 13:21:27,255 [INFO] core.evaluator_v2: [streaming] pred='The large subunit and small subunit that use two types of RNA are major components that make up **ribosomes**.'
2026-07-04 13:21:32,995 [INFO] core.evaluator_v2: [streaming] pred='Sarah Price and Rob Schneider are both film critics.'
2026-07-04 13:21:37,824 [INFO] core.evaluator_v2: [streaming] pred='YIVO.'
2026-07-04 13:21:38,244 [WARNING] core.model_loader: Input length 16934 > max 16000, truncating...
2026-07-04 13:21:45,592 [INFO] core.evaluator_v2: [streaming] pred='Alfred A. Marcus worked as a consultant for Xcel Energy.'
2026-07-04 13:21:45,593 [INFO] core.evaluator_v2:   [5/50] avg=49.38
2026-07-04 13:21:47,112 [INFO] core.evaluator_v2: [streaming] pred='Pleiospilos is a flowering plant.'
2026-07-04 13:21:50,685 [INFO] core.evaluator_v2: [streaming] pred='Steel Venom is farther north.'
2026-07-04 13:21:51,043 [WARNING] core.model_loader: Input length 16637 > max 16000, truncating...
2026-07-04 13:22:00,474 [INFO] core.evaluator_v2: [streaming] pred='During the Abbasid Caliphate, Baghdad was known as the "City of the Caliph" (al-Qal\'at al-Abbasia) and the "Cradle of Ci'
2026-07-04 13:22:06,766 [INFO] core.evaluator_v2: [streaming] pred="The FIBT World Championships 1960 took place in Cortina d'Ampezzo, located in the Veneto region of northern Italy."
2026-07-04 13:22:14,002 [INFO] core.evaluator_v2: [streaming] pred='Mike Leach currently coaches at Washington State.'
2026-07-04 13:22:14,006 [INFO] core.evaluator_v2:   [10/50] avg=38.98
2026-07-04 13:22:19,780 [INFO] core.evaluator_v2: [streaming] pred='The Friday night programming block that included the collective series "Whatever Happened to... Robot Jones?" is **Carto'
2026-07-04 13:22:23,417 [INFO] core.evaluator_v2: [streaming] pred='The text does not mention anyone specifically from "Cosmos" with the lowest vocal range.'
2026-07-04 13:22:23,764 [WARNING] core.model_loader: Input length 16792 > max 16000, truncating...
2026-07-04 13:22:31,792 [INFO] core.evaluator_v2: [streaming] pred='Fredric Rieders testified against Michael Swango, who killed as many as 60 patients and received three consecutive life '
2026-07-04 13:22:38,920 [INFO] core.evaluator_v2: [streaming] pred="The series is *It's Always Sunny in Philadelphia*."
2026-07-04 13:22:39,414 [WARNING] core.model_loader: Input length 16875 > max 16000, truncating...
2026-07-04 13:22:47,103 [INFO] core.evaluator_v2: [streaming] pred='The National Firearms Agreement was in response to the Port Arthur massacre that killed **20,000 people**.'
2026-07-04 13:22:47,106 [INFO] core.evaluator_v2:   [15/50] avg=34.06
2026-07-04 13:22:49,039 [INFO] core.evaluator_v2: [streaming] pred='William'
2026-07-04 13:22:56,025 [INFO] core.evaluator_v2: [streaming] pred='The River Thames.'
2026-07-04 13:23:03,508 [INFO] core.evaluator_v2: [streaming] pred='Gwen Verdon. She is said to be the last muse for choreographer Bob Fosse and starred in the musical "The Nutcracker."'
2026-07-04 13:23:04,010 [WARNING] core.model_loader: Input length 16802 > max 16000, truncating...
2026-07-04 13:23:11,825 [INFO] core.evaluator_v2: [streaming] pred='The host of the American survival skills reality show *The Island* is Bear Grylls, who is originally from the United Kin'
2026-07-04 13:23:14,134 [INFO] core.evaluator_v2: [streaming] pred='Pope Agapetus I.'
2026-07-04 13:23:14,135 [INFO] core.evaluator_v2:   [20/50] avg=35.55
2026-07-04 13:23:16,954 [INFO] core.evaluator_v2: [streaming] pred='Mimosa is a shrub.'
2026-07-04 13:23:26,046 [INFO] core.evaluator_v2: [streaming] pred='The actor who plays Sean Tully is Antony Cotton. The text does not mention any dancing contest that he participated in o'
2026-07-04 13:23:26,680 [WARNING] core.model_loader: Input length 17206 > max 16000, truncating...
2026-07-04 13:23:33,701 [INFO] core.evaluator_v2: [streaming] pred='Mark Donohue.'
2026-07-04 13:23:42,862 [INFO] core.evaluator_v2: [streaming] pred='Yameen and Activision both engage in video game development and publishing. Yameen is involved in the development of gam'
2026-07-04 13:23:46,346 [INFO] core.evaluator_v2: [streaming] pred='The Atherton Bridge spans the **Tualatin River**.'
2026-07-04 13:23:46,348 [INFO] core.evaluator_v2:   [25/50] avg=33.35
2026-07-04 13:23:52,022 [INFO] core.evaluator_v2: [streaming] pred='The streaming service is Netflix.'
2026-07-04 13:23:57,463 [INFO] core.evaluator_v2: [streaming] pred='The high school in question is Blue Valley West High School, which ranked 439th in the 2009 Newsweek ranking of the top '
2026-07-04 13:24:05,246 [INFO] core.evaluator_v2: [streaming] pred='The 53rd National Hockey League All-Star Game took place at the indoor arena that was completed in **1970**.'
2026-07-04 13:24:12,518 [INFO] core.evaluator_v2: [streaming] pred='The Toronto International Film Festival premiered the movie "Salmon Fishing in the Yemen" in 2012, which was produced by'
2026-07-04 13:24:12,990 [WARNING] core.model_loader: Input length 16382 > max 16000, truncating...
2026-07-04 13:24:20,715 [INFO] core.evaluator_v2: [streaming] pred='The arena where the Lewiston Maineiacs played their home games can seat **2,000 people**.'
2026-07-04 13:24:20,716 [INFO] core.evaluator_v2:   [30/50] avg=29.13
2026-07-04 13:24:24,464 [INFO] core.evaluator_v2: [streaming] pred="The winner of the London Riders' Championship in 1953 was **Jack Brabham**. He scored **12 points** in the 1952 Individu"
2026-07-04 13:24:31,399 [INFO] core.evaluator_v2: [streaming] pred="Erik Watts' father was born on 22 September 1863."
2026-07-04 13:24:31,990 [WARNING] core.model_loader: Input length 16268 > max 16000, truncating...
2026-07-04 13:24:40,061 [INFO] core.evaluator_v2: [streaming] pred='Migene González-Wippler is a leading expert on the Afro-Caribbean religion of Santería, which developed among the Afro-C'
2026-07-04 13:24:40,676 [WARNING] core.model_loader: Input length 16733 > max 16000, truncating...
2026-07-04 13:24:48,328 [INFO] core.evaluator_v2: [streaming] pred='The football club that plays in the area between the old tool gates: Brook Bar and Trafford bar is Manchester United.'
2026-07-04 13:24:53,191 [INFO] core.evaluator_v2: [streaming] pred='The female member of Fitz and The Tantrums, Noelle Scaggs, was the front woman for the band The Rebirth for ten years.'
2026-07-04 13:24:53,192 [INFO] core.evaluator_v2:   [35/50] avg=25.86
2026-07-04 13:24:53,559 [WARNING] core.model_loader: Input length 16496 > max 16000, truncating...
2026-07-04 13:25:02,607 [INFO] core.evaluator_v2: [streaming] pred='No, Werther is an opera, while The Odyssey is not an opera. The text mentions "Werther is an opera by Jules Massenet" an'
2026-07-04 13:25:10,027 [INFO] core.evaluator_v2: [streaming] pred='The kingdom surrendered to the French.'
2026-07-04 13:25:14,760 [INFO] core.evaluator_v2: [streaming] pred='"Santa Bring My Baby Back" was released on Elvis Presley\'s fourth studio album, "Blue Suede Shoes," in 1957.'
2026-07-04 13:25:15,225 [WARNING] core.model_loader: Input length 16845 > max 16000, truncating...
2026-07-04 13:25:22,743 [INFO] core.evaluator_v2: [streaming] pred='John Paesano wrote the score for the live-action film "How to Train Your Dragon."'
2026-07-04 13:25:23,348 [WARNING] core.model_loader: Input length 17368 > max 16000, truncating...
2026-07-04 13:25:31,668 [INFO] core.evaluator_v2: [streaming] pred='The airline company that operated United Express Flight 3411 on April 9, 2017, on behalf of United Express is Republic A'
2026-07-04 13:25:31,669 [INFO] core.evaluator_v2:   [40/50] avg=24.58
2026-07-04 13:25:40,471 [INFO] core.evaluator_v2: [streaming] pred='The Bangor Daily News is not directly mentioned in the text as talking about Sawin Millett. However, Sawin Millett is a '
2026-07-04 13:25:40,852 [WARNING] core.model_loader: Input length 16575 > max 16000, truncating...
2026-07-04 13:25:49,408 [INFO] core.evaluator_v2: [streaming] pred='Charles Haughey held the position of Taoiseach (Prime Minister) when he dissolved the list of members who were elected t'
2026-07-04 13:25:49,900 [WARNING] core.model_loader: Input length 16716 > max 16000, truncating...
2026-07-04 13:25:57,321 [INFO] core.evaluator_v2: [streaming] pred='The primary destination of the space missions involving Gary L. Bennett is the Sun.'
2026-07-04 13:25:57,927 [WARNING] core.model_loader: Input length 17636 > max 16000, truncating...
2026-07-04 13:26:05,770 [INFO] core.evaluator_v2: [streaming] pred='The 1958 Pro Bowl was played at the Los Angeles Coliseum, which is the home stadium for the University of Utah.'
2026-07-04 13:26:06,375 [WARNING] core.model_loader: Input length 16912 > max 16000, truncating...
2026-07-04 13:26:13,580 [INFO] core.evaluator_v2: [streaming] pred='Michael Tippett wrote his music most recently.'
2026-07-04 13:26:13,581 [INFO] core.evaluator_v2:   [45/50] avg=23.96
2026-07-04 13:26:20,252 [INFO] core.evaluator_v2: [streaming] pred='The population of the town where The Stelljes House is located, Goshen, New Hampshire, was 796 in 2010.'
2026-07-04 13:26:28,311 [INFO] core.evaluator_v2: [streaming] pred='The last monarch of England to be overthrown before the English General Election, 1690, was **Charles II**.'
2026-07-04 13:26:35,438 [INFO] core.evaluator_v2: [streaming] pred='After Russell D. Moore served at the Southern Baptist Theological Seminary, he became the President of the Ethics & Reli'
2026-07-04 13:26:40,046 [INFO] core.evaluator_v2: [streaming] pred='The person who substituted for Simon Pagenaud secured a contract to drive in the 2017 IndyCar Series.'
2026-07-04 13:26:40,406 [WARNING] core.model_loader: Input length 17549 > max 16000, truncating...
2026-07-04 13:26:48,373 [INFO] core.evaluator_v2: [streaming] pred='The CEO of the football team based in Denver, Colorado, stepped down in 2014 due to the onset and progression of Alzheim'
2026-07-04 13:26:48,374 [INFO] core.evaluator_v2:   [50/50] avg=23.31
2026-07-04 13:26:48,375 [INFO] __main__:   → score=23.31, mem_red=80.0%, ttft=2081.2ms
2026-07-04 13:26:48,376 [INFO] __main__: 
  Task: 2wikimqa
2026-07-04 13:26:48,376 [INFO] core.evaluator_v2: [streaming] 2wikimqa (50샘플, budget=20%)
2026-07-04 13:26:51,759 [INFO] core.evaluator_v2: [streaming] pred='The director of the film *Eisenstein in Guanajuato* is Peter Greenaway, who was born in London, England.'
2026-07-04 13:26:54,753 [INFO] core.evaluator_v2: [streaming] pred='"Jugband Blues" came out first. "Jugband Blues" was released in 1925, while "Joel the Lump of Coal" was released in 2013'
2026-07-04 13:26:59,381 [INFO] core.evaluator_v2: [streaming] pred='No Trees In The Street.'
2026-07-04 13:27:02,700 [INFO] core.evaluator_v2: [streaming] pred="The place of death of Agnes of Hohenstaufen's husband, Henry V, Holy Roman Emperor, was Waiblingen."
2026-07-04 13:27:07,232 [INFO] core.evaluator_v2: [streaming] pred='Lyudmyla Olyanovska was born later than Paul De Scherff.'
2026-07-04 13:27:07,233 [INFO] core.evaluator_v2:   [5/50] avg=30.91
2026-07-04 13:27:15,155 [INFO] core.evaluator_v2: [streaming] pred="The text does not explicitly mention Helmichis's father-in-law. However, based on the context provided, Helmichis is a h"
2026-07-04 13:27:17,484 [INFO] core.evaluator_v2: [streaming] pred="The Drover's Sweetheart came out earlier."
2026-07-04 13:27:20,961 [INFO] core.evaluator_v2: [streaming] pred='The husband of Princess Charlotte of Saxe-Meiningen was **German**.'
2026-07-04 13:27:21,287 [WARNING] core.model_loader: Input length 16424 > max 16000, truncating...
2026-07-04 13:27:28,525 [INFO] core.evaluator_v2: [streaming] pred='Yes, both movies are from the United Kingdom.'
2026-07-04 13:27:31,216 [INFO] core.evaluator_v2: [streaming] pred='Dr. Socrates was released first.'
2026-07-04 13:27:31,217 [INFO] core.evaluator_v2:   [10/50] avg=31.20
2026-07-04 13:27:34,797 [INFO] core.evaluator_v2: [streaming] pred="The place of death of Randi Monsen's father, Fredrik Monsen, is not explicitly mentioned in the provided text. However, "
2026-07-04 13:27:37,371 [INFO] core.evaluator_v2: [streaming] pred='Hissa Abdulla Ahmed Al-Otaiba was born in Ajman.'
2026-07-04 13:27:39,393 [INFO] core.evaluator_v2: [streaming] pred='The director of the film *Nallavan Vazhvan* is P. Neelakantan. The text does not provide the date of his death.'
2026-07-04 13:27:44,952 [INFO] core.evaluator_v2: [streaming] pred='The director of *The Year of the Rabbit* died first. The text mentions that *The Year of the Rabbit* was directed by a d'
2026-07-04 13:27:48,174 [INFO] core.evaluator_v2: [streaming] pred='The paternal grandfather of Bruno II von Berg is Count Adolf III of Berg.'
2026-07-04 13:27:48,176 [INFO] core.evaluator_v2:   [15/50] avg=25.25
2026-07-04 13:27:50,236 [INFO] core.evaluator_v2: [streaming] pred='Prince of Arcadia was released earlier.'
2026-07-04 13:27:54,191 [INFO] core.evaluator_v2: [streaming] pred='Johnny Ekström was born later.'
2026-07-04 13:27:56,843 [INFO] core.evaluator_v2: [streaming] pred='The director of the film "Clowning Around" is Peter Levin. The place of birth of Peter Levin is Fayetteville, Arkansas.'
2026-07-04 13:28:00,961 [INFO] core.evaluator_v2: [streaming] pred='The director of *Solemn Promise* was born in 1945, while the director of *Tarzan the Magnificent* was born in 1922. Ther'
2026-07-04 13:28:08,664 [INFO] core.evaluator_v2: [streaming] pred='The spouse of the director of the film *Streets of Blood* is **Margo Nelson**.'
2026-07-04 13:28:08,666 [INFO] core.evaluator_v2:   [20/50] avg=26.61
2026-07-04 13:28:11,268 [INFO] core.evaluator_v2: [streaming] pred='Contragolpe.'
2026-07-04 13:28:11,555 [WARNING] core.model_loader: Input length 16690 > max 16000, truncating...
2026-07-04 13:28:19,210 [INFO] core.evaluator_v2: [streaming] pred='The composer of "Gretchen am Spinnrade," Franz Schubert, died in Vienna, Austria.'
2026-07-04 13:28:19,816 [WARNING] core.model_loader: Input length 17007 > max 16000, truncating...
2026-07-04 13:28:27,846 [INFO] core.evaluator_v2: [streaming] pred="Gisela of Hungary's father-in-law is **Henry II, Holy Roman Emperor**. She was the sister of Henry II and married King S"
2026-07-04 13:28:35,552 [INFO] core.evaluator_v2: [streaming] pred="Grand Duchess Elena Vladimirovna of Russia's father, Vladimir Kirillovich, died on 21 April 1992."
2026-07-04 13:28:39,818 [INFO] core.evaluator_v2: [streaming] pred='From Corleone to Brooklyn was directed by Umberto Lenzi, born in 1930. Durango Valley Raiders was directed by Sergio Cor'
2026-07-04 13:28:39,819 [INFO] core.evaluator_v2:   [25/50] avg=26.84
2026-07-04 13:28:46,072 [INFO] core.evaluator_v2: [streaming] pred="The place of birth of Sextus Barbour's father is Belfast."
2026-07-04 13:28:47,574 [INFO] core.evaluator_v2: [streaming] pred='Guy Arvely Dolsin is older than Altuğ Çelikbilek.'
2026-07-04 13:28:54,678 [INFO] core.evaluator_v2: [streaming] pred='The maternal grandfather of Marie Louise, Duchess of Parma, is **King Ferdinand I of the Two Sicilies**. He was the fath'
2026-07-04 13:28:57,275 [INFO] core.evaluator_v2: [streaming] pred='Una Prostituta Al Servizio Del Pubblico E In Regola Con Le Leggi Dello Stato (1970) came out first.'
2026-07-04 13:28:59,922 [INFO] core.evaluator_v2: [streaming] pred='Antoine Casavant was born first. He was born in 1926, while Abdul Ali Lalu was born in 1947.'
2026-07-04 13:28:59,923 [INFO] core.evaluator_v2:   [30/50] avg=28.21
2026-07-04 13:29:01,888 [INFO] core.evaluator_v2: [streaming] pred='Sir Paul Gore, 1st Baronet.'
2026-07-04 13:29:08,711 [INFO] core.evaluator_v2: [streaming] pred="The place of death of Shahnawaz Bhutto's mother, Begum Nusrat Bhutto, is not explicitly mentioned in the provided text. "
2026-07-04 13:29:15,856 [INFO] core.evaluator_v2: [streaming] pred='Eleanor of Castile died in 1291.'
2026-07-04 13:29:21,913 [INFO] core.evaluator_v2: [streaming] pred="The text does not explicitly state the birthday of Henrietta Maria of Brandenburg-Schwedt's father, Philip William, Marg"
2026-07-04 13:29:25,544 [INFO] core.evaluator_v2: [streaming] pred='The director of the film *Wine of Morning* is Katherine Stenholm, who worked at Bob Jones University.'
2026-07-04 13:29:25,545 [INFO] core.evaluator_v2:   [35/50] avg=27.99
2026-07-04 13:29:28,381 [INFO] core.evaluator_v2: [streaming] pred='Louis I, Duke of Bourbon.'
2026-07-04 13:29:30,414 [INFO] core.evaluator_v2: [streaming] pred='Anne Manners.'
2026-07-04 13:29:32,580 [INFO] core.evaluator_v2: [streaming] pred="The place of birth of Carrie Watson Fleming's husband is Greenock, Scotland."
2026-07-04 13:29:40,617 [INFO] core.evaluator_v2: [streaming] pred="The director of *The Wind's Fierce* (1935) is Mario Camus, born in 1935. The director of *Special Delivery* (1927 film) "
2026-07-04 13:29:46,449 [INFO] core.evaluator_v2: [streaming] pred='Charles Wheatstone lived longer than Jean-Claude Lauzon.'
2026-07-04 13:29:46,451 [INFO] core.evaluator_v2:   [40/50] avg=28.92
2026-07-04 13:29:48,112 [INFO] core.evaluator_v2: [streaming] pred='Yes, both Howard Lake (British Columbia) and North Buck Lake (Alberta) are located in Canada.'
2026-07-04 13:29:51,551 [INFO] core.evaluator_v2: [streaming] pred='Yes, both directors are British. Reginald Fogwell directed "Betrayal" (1932), and Gabrielle "Gabby" Douglas directed "Th'
2026-07-04 13:29:58,668 [INFO] core.evaluator_v2: [streaming] pred='No, the films "Beauty and the Bad Man" and "Wild Child (Film)" do not have directors from the same country. "Beauty and '
2026-07-04 13:30:02,132 [INFO] core.evaluator_v2: [streaming] pred="The place of birth of Ratna Malla's father is not explicitly mentioned in the provided text."
2026-07-04 13:30:08,776 [INFO] core.evaluator_v2: [streaming] pred="The place of birth of Aleksey Greig's father is not explicitly mentioned in the text. However, it is noted that Samuel G"
2026-07-04 13:30:08,777 [INFO] core.evaluator_v2:   [45/50] avg=26.30
2026-07-04 13:30:13,449 [INFO] core.evaluator_v2: [streaming] pred='The mother of the director of the film *Atomised* is **Kekuʻiapoiwa**, who was the wife of **Kamehameha I**, the first k'
2026-07-04 13:30:15,222 [INFO] core.evaluator_v2: [streaming] pred='No, Ding Yaping is Chinese and German, while Johann Christian Gustav Lucae was German.'
2026-07-04 13:30:17,959 [INFO] core.evaluator_v2: [streaming] pred="Helena Carroll's father, Paul Vincent Carroll, studied at St. Patrick's College, Dublin."
2026-07-04 13:30:22,509 [INFO] core.evaluator_v2: [streaming] pred='Space Probe Taurus. The director of Space Probe Taurus, Thomas Baker, was born in 1897, while the director of Tom Mix In'
2026-07-04 13:30:28,452 [INFO] core.evaluator_v2: [streaming] pred='The film "The Pyrammmid" (likely referring to "The Pyrammmid" as a misspelling or misreference to "The Pyramid") came ou'
2026-07-04 13:30:28,454 [INFO] core.evaluator_v2:   [50/50] avg=24.94
2026-07-04 13:30:28,454 [INFO] __main__:   → score=24.94, mem_red=80.0%, ttft=1143.7ms
2026-07-04 13:30:28,455 [INFO] __main__: 
  Task: gov_report
2026-07-04 13:30:28,456 [INFO] core.evaluator_v2: [streaming] gov_report (50샘플, budget=20%)
2026-07-04 13:30:42,047 [INFO] core.evaluator_v2: [streaming] pred='The National Science Foundation (NSF) has recognized the importance of strategic workforce planning to balance its use o'
2026-07-04 13:31:00,813 [INFO] core.evaluator_v2: [streaming] pred='The U.S. government faces significant challenges in managing its information technology (IT) systems and ensuring their '
2026-07-04 13:31:01,430 [WARNING] core.model_loader: Input length 51949 > max 16000, truncating...
2026-07-04 13:31:22,583 [INFO] core.evaluator_v2: [streaming] pred='The U.S. and China have engaged in a complex and evolving relationship regarding maritime activities in the South China '
2026-07-04 13:31:23,126 [WARNING] core.model_loader: Input length 28135 > max 16000, truncating...
2026-07-04 13:31:47,946 [INFO] core.evaluator_v2: [streaming] pred='The document provides a detailed overview of the funding for the Environmental Protection Agency (EPA) and related progr'
2026-07-04 13:32:10,614 [INFO] core.evaluator_v2: [streaming] pred='**Summary of the GAO Report on the Department of Homeland Security (DHS) Financial Management System Modernization:**\n\nT'
2026-07-04 13:32:10,650 [INFO] core.evaluator_v2:   [5/50] avg=16.61
2026-07-04 13:32:35,901 [INFO] core.evaluator_v2: [streaming] pred="**Summary of the Report:**\n\nThe report evaluates the effectiveness of the federal government's approach to securing agen"
2026-07-04 13:32:58,139 [INFO] core.evaluator_v2: [streaming] pred='The Small Business Administration (SBA) has established federal procurement goals to promote the participation of small '
2026-07-04 13:32:58,601 [WARNING] core.model_loader: Input length 19434 > max 16000, truncating...
2026-07-04 13:33:23,401 [INFO] core.evaluator_v2: [streaming] pred='**Summary:**\n\nThe document outlines the **"Other Transaction Authority" (OTA)** under the **Department of Defense (DOD)*'
2026-07-04 13:33:45,026 [INFO] core.evaluator_v2: [streaming] pred='The transition from cash to non-cash payment systems is a complex issue with significant implications for economic, soci'
2026-07-04 13:33:45,552 [WARNING] core.model_loader: Input length 41630 > max 16000, truncating...
2026-07-04 13:34:10,404 [INFO] core.evaluator_v2: [streaming] pred='**Summary:**\n\nThe Department of Homeland Security (DHS) has taken steps to improve its acquisition management practices,'
2026-07-04 13:34:10,437 [INFO] core.evaluator_v2:   [10/50] avg=16.45
2026-07-04 13:34:30,158 [INFO] core.evaluator_v2: [streaming] pred='**Summary of the Report:**\n\nThis report provides a detailed overview of the Department of Homeland Security (DHS) approp'
2026-07-04 13:34:48,899 [INFO] core.evaluator_v2: [streaming] pred='The U.S. government manages a significant amount of land, much of which is designated as **Federal Non-Foreclosure (NFS)'
2026-07-04 13:35:06,071 [INFO] core.evaluator_v2: [streaming] pred='The Black Lung Disability Trust Fund (Trust Fund) faces significant financial challenges in the coming decades, with pro'
2026-07-04 13:35:28,639 [INFO] core.evaluator_v2: [streaming] pred='The U.S. foreign assistance program is a complex and multifaceted system that involves a wide range of activities, inclu'
2026-07-04 13:35:44,113 [INFO] core.evaluator_v2: [streaming] pred='The Office of Surface Mining Reclamation and Enforcement (OSMRE) oversees the reclamation of coal mines in the United St'
2026-07-04 13:35:44,135 [INFO] core.evaluator_v2:   [15/50] avg=16.51
2026-07-04 13:36:01,860 [INFO] core.evaluator_v2: [streaming] pred="The **Public Safety Officers' Benefits Act (PSOEA)** provides financial assistance to eligible public safety officers an"
2026-07-04 13:36:12,296 [INFO] core.evaluator_v2: [streaming] pred='The GAO report outlines various funding mechanisms and budgetary strategies to support federal real property needs, emph'
2026-07-04 13:36:20,509 [INFO] core.evaluator_v2: [streaming] pred='The GAO report highlights key challenges in the implementation of the BRAC 2005 process, which involved the consolidatio'
2026-07-04 13:36:38,888 [INFO] core.evaluator_v2: [streaming] pred='The Consolidated Appropriations Act of 2019 (P.L. 116-6) provided funding for various U.S. trade and economic programs, '
2026-07-04 13:36:58,985 [INFO] core.evaluator_v2: [streaming] pred='The Black Lung Disability Trust Fund (BLDTF) faces significant financial challenges due to the increasing number of coal'
2026-07-04 13:36:59,009 [INFO] core.evaluator_v2:   [20/50] avg=16.21
2026-07-04 13:37:13,167 [INFO] core.evaluator_v2: [streaming] pred='This report provides an analysis of the demographic trends in the technology workforce in the United States from 2005 to'
2026-07-04 13:37:32,624 [INFO] core.evaluator_v2: [streaming] pred='The Federal Trade Commission (FTC) has been tasked with enforcing laws related to deceptive and unfair business practice'
2026-07-04 13:37:54,763 [INFO] core.evaluator_v2: [streaming] pred='**Summary of the Report:**\n\nThis report examines the factors that contribute to early withdrawals from 401(k) plans and '
2026-07-04 13:38:08,364 [INFO] core.evaluator_v2: [streaming] pred='**Summary:**\n\nThe Government Accountability Office (GAO) evaluated the management of information technology (IT) at the '
2026-07-04 13:38:27,189 [INFO] core.evaluator_v2: [streaming] pred='**Summary of the Report:**\n\nThe U.S. Postal Service (USPS) faces a significant financial challenge with its **Postal Ser'
2026-07-04 13:38:27,229 [INFO] core.evaluator_v2:   [25/50] avg=16.24
2026-07-04 13:38:42,410 [INFO] core.evaluator_v2: [streaming] pred='The 116th Congress is expected to address several key issues related to housing and tax policy. These include:\n\n1. **Nat'
2026-07-04 13:39:05,403 [INFO] core.evaluator_v2: [streaming] pred='The **National Popular Vote (NPV) Initiative** is a proposed U.S. state and local law that would ensure that the preside'
2026-07-04 13:39:27,470 [INFO] core.evaluator_v2: [streaming] pred='The Energy and Water Development Appropriations Bill for Fiscal Year 2020 includes funding for the U.S. Department of En'
2026-07-04 13:39:47,868 [INFO] core.evaluator_v2: [streaming] pred='The General Accounting Office (GAO) conducted an audit to evaluate the approaches and challenges faced by 24 Chief Finan'
2026-07-04 13:39:57,479 [INFO] core.evaluator_v2: [streaming] pred='The U.S. Government Accountability Office (GAO) has issued a report highlighting the need for the Department of Veterans'
2026-07-04 13:39:57,493 [INFO] core.evaluator_v2:   [30/50] avg=16.31
2026-07-04 13:40:22,531 [INFO] core.evaluator_v2: [streaming] pred='The U.S. banking system is undergoing significant transformation due to the rise of fintech and the evolving regulatory '
2026-07-04 13:40:35,860 [INFO] core.evaluator_v2: [streaming] pred='The U.S. Department of Defense (DOD) has been tasked with providing Congress with estimates of the future costs for post'
2026-07-04 13:40:55,425 [INFO] core.evaluator_v2: [streaming] pred='This report evaluates the compliance of lobbyists with new disclosure requirements, focusing on the accuracy and complet'
2026-07-04 13:41:04,776 [INFO] core.evaluator_v2: [streaming] pred="The Government Accountability Office (GAO) conducted an audit to examine the factors contributing to Puerto Rico's finan"
2026-07-04 13:41:24,805 [INFO] core.evaluator_v2: [streaming] pred='The Small Business Lending Fund (SBLF) was established as part of the 2010 Small Business Jobs Act to help community ban'
2026-07-04 13:41:24,834 [INFO] core.evaluator_v2:   [35/50] avg=16.24
2026-07-04 13:41:48,480 [INFO] core.evaluator_v2: [streaming] pred="**Summary of GAO Report on WMATA's Capital Planning and Track Preventive Maintenance Program**\n\nThe U.S. Government Acco"
2026-07-04 13:42:06,994 [INFO] core.evaluator_v2: [streaming] pred='The minority leader in the U.S. House of Representatives plays a critical role in representing the interests of their pa'
2026-07-04 13:42:27,717 [INFO] core.evaluator_v2: [streaming] pred='The **Title IV Student Aid Programs** under the Higher Education Act (HEA) are governed by a complex set of rules and re'
2026-07-04 13:42:28,138 [WARNING] core.model_loader: Input length 18482 > max 16000, truncating...
2026-07-04 13:42:52,977 [INFO] core.evaluator_v2: [streaming] pred='The Department of Homeland Security (DHS) and the Secret Service have implemented a range of IT contracts and workforce '
2026-07-04 13:43:00,637 [INFO] core.evaluator_v2: [streaming] pred='The report highlights the need for interagency collaboration to address research priorities related to the health effect'
2026-07-04 13:43:00,648 [INFO] core.evaluator_v2:   [40/50] avg=16.46
2026-07-04 13:43:19,716 [INFO] core.evaluator_v2: [streaming] pred='**Summary:**\n\nThe document provides a comprehensive review of neonatal abstinence syndrome (NAS) and its management, foc'
2026-07-04 13:43:40,043 [INFO] core.evaluator_v2: [streaming] pred='The U.S. and Japan are considering the deployment of land-based Aegis BMD systems to enhance their defense capabilities '
2026-07-04 13:43:50,405 [INFO] core.evaluator_v2: [streaming] pred='The U.S. is working to develop a comprehensive framework for protecting personal data while balancing the need for open '
2026-07-04 13:43:50,915 [WARNING] core.model_loader: Input length 22562 > max 16000, truncating...
2026-07-04 13:44:15,071 [INFO] core.evaluator_v2: [streaming] pred='The provided text is a detailed list of legislative hearings, reports, and committee meetings related to military and de'
2026-07-04 13:44:29,071 [INFO] core.evaluator_v2: [streaming] pred='The U.S. Department of Commerce generally agreed with the findings of the Government Accountability Office (GAO) regardi'
2026-07-04 13:44:29,090 [INFO] core.evaluator_v2:   [45/50] avg=16.50
2026-07-04 13:44:29,444 [WARNING] core.model_loader: Input length 18237 > max 16000, truncating...
2026-07-04 13:44:54,243 [INFO] core.evaluator_v2: [streaming] pred='**Summary:**\n\nThe document discusses the impacts of climate change on various regions and populations, focusing on risin'
2026-07-04 13:45:11,522 [INFO] core.evaluator_v2: [streaming] pred='**Summary:**\n\nThe U.S. Postal Service (USPS) faces challenges in accurately scanning and tracking competitive products, '
2026-07-04 13:45:29,520 [INFO] core.evaluator_v2: [streaming] pred='**Summary:**\n\nGAO reviewed the treatment, handling, and use of funds provided through the ESF for assistance to the West'
2026-07-04 13:45:49,233 [INFO] core.evaluator_v2: [streaming] pred='This report provides an in-depth analysis of how three federal agencies—the U.S. Air Force (Air Force), the Fish and Wil'
2026-07-04 13:46:09,775 [INFO] core.evaluator_v2: [streaming] pred='**Summary:**\n\nThe U.S. Department of Defense (DOD) has conducted an audit to assess the ability of the Afghan National S'
2026-07-04 13:46:09,798 [INFO] core.evaluator_v2:   [50/50] avg=16.80
2026-07-04 13:46:09,805 [INFO] __main__:   → score=16.80, mem_red=80.0%, ttft=1298.2ms
2026-07-04 13:46:09,806 [INFO] __main__: 
  Task: qmsum
2026-07-04 13:46:09,808 [INFO] core.evaluator_v2: [streaming] qmsum (50샘플, budget=20%)
2026-07-04 13:46:19,068 [INFO] core.evaluator_v2: [streaming] pred='The team is discussing the design of a new remote control. The goal is to create a sleek, stylish, and functional device'
2026-07-04 13:46:28,877 [INFO] core.evaluator_v2: [streaming] pred='The meeting focused on designing a new product with a user-friendly interface and practical functionality. The team disc'
2026-07-04 13:46:51,475 [INFO] core.evaluator_v2: [streaming] pred='The meeting discussed various topics related to research, projects, and academic activities. Key points included:\n\n1. **'
2026-07-04 13:47:08,332 [INFO] core.evaluator_v2: [streaming] pred="The meeting concluded with a discussion on the project's progress, challenges, and future steps. Key points included:\n\n1"
2026-07-04 13:47:23,411 [INFO] core.evaluator_v2: [streaming] pred='The team is working on a new remote control design with a focus on creating a unique and appealing product. Key decision'
2026-07-04 13:47:23,414 [INFO] core.evaluator_v2:   [5/50] avg=7.64
2026-07-04 13:47:23,832 [WARNING] core.model_loader: Input length 18386 > max 16000, truncating...
2026-07-04 13:47:34,630 [INFO] core.evaluator_v2: [streaming] pred='The meeting concluded with a discussion on the progress of various projects, including the integration of neural network'
2026-07-04 13:47:36,413 [WARNING] core.model_loader: Input length 18553 > max 16000, truncating...
2026-07-04 13:47:58,074 [INFO] core.evaluator_v2: [streaming] pred='The meeting discussed the development of a belief-based system for a navigation application, focusing on how to handle d'
2026-07-04 13:47:58,738 [WARNING] core.model_loader: Input length 16224 > max 16000, truncating...
2026-07-04 13:48:24,800 [INFO] core.evaluator_v2: [streaming] pred='The Welsh Government has launched a pilot childcare scheme aimed at improving access to quality childcare for working fa'
2026-07-04 13:48:25,505 [WARNING] core.model_loader: Input length 16924 > max 16000, truncating...
2026-07-04 13:48:45,512 [INFO] core.evaluator_v2: [streaming] pred='The meeting was a discussion about improving a speech recognition system, specifically focusing on the hybrid system and'
2026-07-04 13:48:52,835 [INFO] core.evaluator_v2: [streaming] pred='The meeting discussed the design of a universal remote control that allows users to change channels, adjust volume, and '
2026-07-04 13:48:52,838 [INFO] core.evaluator_v2:   [10/50] avg=6.68
2026-07-04 13:48:53,163 [WARNING] core.model_loader: Input length 16844 > max 16000, truncating...
2026-07-04 13:49:03,179 [INFO] core.evaluator_v2: [streaming] pred='The meeting discussed various topics related to speech processing, including the use of echo cancellation to handle over'
2026-07-04 13:49:03,892 [WARNING] core.model_loader: Input length 16224 > max 16000, truncating...
2026-07-04 13:49:32,147 [INFO] core.evaluator_v2: [streaming] pred='The Welsh Government has launched a pilot childcare scheme aimed at improving access to quality childcare for working fa'
2026-07-04 13:49:42,872 [INFO] core.evaluator_v2: [streaming] pred='The meeting focused on the well-being and support for children and young people during the pandemic, with a particular e'
2026-07-04 13:49:57,149 [INFO] core.evaluator_v2: [streaming] pred='The team successfully completed the project to design a **vibrating, banana-shaped remote control**. The project involve'
2026-07-04 13:50:11,046 [INFO] core.evaluator_v2: [streaming] pred='The team has decided on the following design for the new product:\n\n- **Power Source**: A simple battery will be used, as'
2026-07-04 13:50:11,050 [INFO] core.evaluator_v2:   [15/50] avg=7.09
2026-07-04 13:50:24,072 [INFO] core.evaluator_v2: [streaming] pred='The meeting focused on the design and development of a new universal remote control for television and DVD systems. Key '
2026-07-04 13:50:31,136 [INFO] core.evaluator_v2: [streaming] pred='The meeting discussed the design of a universal remote control that allows users to change channels, adjust volume, and '
2026-07-04 13:50:31,459 [WARNING] core.model_loader: Input length 16844 > max 16000, truncating...
2026-07-04 13:50:41,550 [INFO] core.evaluator_v2: [streaming] pred='The meeting discussed various topics related to speech processing, including the use of echo cancellation to handle over'
2026-07-04 13:50:53,622 [INFO] core.evaluator_v2: [streaming] pred='The project team met to discuss the final report and the challenges they faced during the project. They reviewed the des'
2026-07-04 13:50:54,319 [WARNING] core.model_loader: Input length 16224 > max 16000, truncating...
2026-07-04 13:51:20,572 [INFO] core.evaluator_v2: [streaming] pred='The Welsh Government has launched a pilot childcare scheme aimed at improving access to quality childcare for working fa'
2026-07-04 13:51:20,580 [INFO] core.evaluator_v2:   [20/50] avg=7.91
2026-07-04 13:51:30,557 [INFO] core.evaluator_v2: [streaming] pred="The meeting concluded with a positive evaluation of the project, highlighting its success and the team's strong collabor"
2026-07-04 13:51:31,071 [WARNING] core.model_loader: Input length 25564 > max 16000, truncating...
2026-07-04 13:51:39,608 [INFO] core.evaluator_v2: [streaming] pred='The committee met and adjourned. The Acting Chair (Mr. Bruce Stanton) thanked the members for their efforts and highligh'
2026-07-04 13:51:40,177 [WARNING] core.model_loader: Input length 18386 > max 16000, truncating...
2026-07-04 13:51:50,966 [INFO] core.evaluator_v2: [streaming] pred='The meeting concluded with a discussion on the progress of various projects, including the integration of neural network'
2026-07-04 13:52:04,359 [INFO] core.evaluator_v2: [streaming] pred="The meeting concluded with a discussion on the project's progress, challenges, and future steps. Key points included:\n\n1"
2026-07-04 13:52:11,331 [INFO] core.evaluator_v2: [streaming] pred='The team discussed the design and evaluation of a new project, focusing on the user interface and functionality of a rem'
2026-07-04 13:52:11,334 [INFO] core.evaluator_v2:   [25/50] avg=8.53
2026-07-04 13:52:25,644 [INFO] core.evaluator_v2: [streaming] pred='The team discussed the design and features of a new remote control device, focusing on the following key points:\n\n1. **D'
2026-07-04 13:52:35,037 [INFO] core.evaluator_v2: [streaming] pred="The meeting concluded with a positive evaluation of the project, highlighting its success and the team's strong collabor"
2026-07-04 13:52:35,550 [WARNING] core.model_loader: Input length 18553 > max 16000, truncating...
2026-07-04 13:52:57,174 [INFO] core.evaluator_v2: [streaming] pred='The meeting discussed the development of a belief-based system for a navigation application, focusing on how to handle d'
2026-07-04 13:53:13,312 [INFO] core.evaluator_v2: [streaming] pred='The meeting focused on discussing the design and functionality of a new remote control device, with a particular emphasi'
2026-07-04 13:53:20,521 [INFO] core.evaluator_v2: [streaming] pred='The meeting discussed the design of a universal remote control that allows users to change channels, adjust volume, and '
2026-07-04 13:53:20,524 [INFO] core.evaluator_v2:   [30/50] avg=8.59
2026-07-04 13:53:28,358 [INFO] core.evaluator_v2: [streaming] pred='The meeting focused on designing a new product with a user-friendly interface and practical functionality. The team disc'
2026-07-04 13:53:28,907 [WARNING] core.model_loader: Input length 30305 > max 16000, truncating...
2026-07-04 13:53:35,952 [INFO] core.evaluator_v2: [streaming] pred='The committee adjourned.'
2026-07-04 13:53:51,714 [INFO] core.evaluator_v2: [streaming] pred='The team discussed the design and functionality of a new remote control for a television, focusing on key features and u'
2026-07-04 13:54:05,013 [INFO] core.evaluator_v2: [streaming] pred='The meeting focused on the well-being and support for children and young people during the pandemic, with a particular e'
2026-07-04 13:54:18,602 [INFO] core.evaluator_v2: [streaming] pred='The discussion revolves around the training and analysis of Hidden Markov Models (HMMs) for speech recognition tasks, pa'
2026-07-04 13:54:18,606 [INFO] core.evaluator_v2:   [35/50] avg=8.56
2026-07-04 13:54:27,675 [INFO] core.evaluator_v2: [streaming] pred="The meeting concluded with a positive evaluation of the project, highlighting its success and the team's strong collabor"
2026-07-04 13:54:36,890 [INFO] core.evaluator_v2: [streaming] pred="The meeting concluded with a positive evaluation of the project, highlighting its success and the team's strong collabor"
2026-07-04 13:54:37,526 [WARNING] core.model_loader: Input length 30305 > max 16000, truncating...
2026-07-04 13:54:44,576 [INFO] core.evaluator_v2: [streaming] pred='The committee adjourned.'
2026-07-04 13:55:02,542 [INFO] core.evaluator_v2: [streaming] pred='The team successfully completed the project to design a **vibrating, banana-shaped remote control**. The project involve'
2026-07-04 13:55:12,153 [INFO] core.evaluator_v2: [streaming] pred='The meeting focused on designing a new product with a user-friendly interface and practical functionality. The team disc'
2026-07-04 13:55:12,158 [INFO] core.evaluator_v2:   [40/50] avg=8.58
2026-07-04 13:55:25,540 [INFO] core.evaluator_v2: [streaming] pred='The team is working on a new remote control design with a focus on creating a unique and appealing product. Key decision'
2026-07-04 13:55:36,013 [INFO] core.evaluator_v2: [streaming] pred='The meeting focused on the well-being and support for children and young people during the pandemic, with a particular e'
2026-07-04 13:55:47,757 [INFO] core.evaluator_v2: [streaming] pred='The project team met to discuss the final report and the challenges they faced during the project. They reviewed the des'
2026-07-04 13:56:03,099 [INFO] core.evaluator_v2: [streaming] pred='The meeting focused on the design and functionality of a new remote control device, with a focus on T-V (television) use'
2026-07-04 13:56:16,306 [INFO] core.evaluator_v2: [streaming] pred='The discussion revolves around the training and analysis of Hidden Markov Models (HMMs) for speech recognition tasks, pa'
2026-07-04 13:56:16,308 [INFO] core.evaluator_v2:   [45/50] avg=8.42
2026-07-04 13:56:28,501 [INFO] core.evaluator_v2: [streaming] pred='The team is discussing the design of a new multifunctional remote control that combines touch screen technology with mul'
2026-07-04 13:56:41,751 [INFO] core.evaluator_v2: [streaming] pred='The team is discussing the design of a new multifunctional remote control that combines touch screen technology with mul'
2026-07-04 13:56:48,845 [INFO] core.evaluator_v2: [streaming] pred='The team is discussing the design of a new remote control. The goal is to create a sleek, stylish, and functional device'
2026-07-04 13:57:00,705 [INFO] core.evaluator_v2: [streaming] pred='The project team met to discuss the final report and the challenges they faced during the project. They reviewed the des'
2026-07-04 13:57:11,187 [INFO] core.evaluator_v2: [streaming] pred='The meeting focused on the well-being and support for children and young people during the pandemic, with a particular e'
2026-07-04 13:57:11,192 [INFO] core.evaluator_v2:   [50/50] avg=8.61
2026-07-04 13:57:11,193 [INFO] __main__:   → score=8.61, mem_red=80.0%, ttft=1652.6ms
2026-07-04 13:57:11,193 [INFO] __main__: 
────────────────────────────────────────────────────────────
2026-07-04 13:57:11,194 [INFO] __main__: Method: H2O | Budget: 20%
2026-07-04 13:57:11,194 [INFO] __main__: ────────────────────────────────────────────────────────────
2026-07-04 13:57:11,206 [INFO] __main__: 
  Task: narrativeqa
2026-07-04 13:57:11,208 [INFO] core.evaluator_v2: [h2o] narrativeqa (50샘플, budget=20%)
2026-07-04 13:57:11,780 [WARNING] core.model_loader: Input length 23148 > max 16000, truncating...
2026-07-04 13:57:19,120 [INFO] core.evaluator_v2: [h2o] pred='Daisy encountered Jim in the town of **Cincinnati**.'
2026-07-04 13:57:27,407 [INFO] core.evaluator_v2: [h2o] pred='Socrates ultimately decides it is unjust to escape because he believes in the principles of justice and the laws of the '
2026-07-04 13:57:27,795 [WARNING] core.model_loader: Input length 37016 > max 16000, truncating...
2026-07-04 13:57:40,149 [INFO] core.evaluator_v2: [h2o] pred='The setting of the story is a medieval European kingdom, specifically in the region of Germany, Austria, Italy, and Bohe'
2026-07-04 13:57:40,689 [WARNING] core.model_loader: Input length 37014 > max 16000, truncating...
2026-07-04 13:57:48,001 [INFO] core.evaluator_v2: [h2o] pred='Baron Conrad was killed by Baron Henry of Roderburg.'
2026-07-04 13:57:48,538 [WARNING] core.model_loader: Input length 46744 > max 16000, truncating...
2026-07-04 13:57:56,223 [INFO] core.evaluator_v2: [h2o] pred="The ghost that emerged from a painting at Dana's workplace was **Vigo**, a powerful psychic entity."
2026-07-04 13:57:56,224 [INFO] core.evaluator_v2:   [5/50] avg=8.84
2026-07-04 13:57:56,912 [WARNING] core.model_loader: Input length 46746 > max 16000, truncating...
2026-07-04 13:58:04,389 [INFO] core.evaluator_v2: [h2o] pred="The first person to fall under Vigo's spell is **Janosz**."
2026-07-04 13:58:05,108 [WARNING] core.model_loader: Input length 64167 > max 16000, truncating...
2026-07-04 13:58:12,404 [INFO] core.evaluator_v2: [h2o] pred="Clifford's profession is that of an IA Officer."
2026-07-04 13:58:18,064 [INFO] core.evaluator_v2: [h2o] pred="Mr. and Mrs. Vervelle live in a villa in Ville d'Avray."
2026-07-04 13:58:21,598 [INFO] core.evaluator_v2: [h2o] pred='The Witch threw the body of the deceased into a ditch.'
2026-07-04 13:58:21,983 [WARNING] core.model_loader: Input length 31340 > max 16000, truncating...
2026-07-04 13:58:31,103 [INFO] core.evaluator_v2: [h2o] pred='Frank Saltram works as a **financial advisor** or **investment consultant**, as he is involved in managing and advising '
2026-07-04 13:58:31,105 [INFO] core.evaluator_v2:   [10/50] avg=9.38
2026-07-04 13:58:37,916 [INFO] core.evaluator_v2: [h2o] pred='Mortimer Tregennis was estranged from his siblings due to a family quarrel over money.'
2026-07-04 13:58:38,402 [WARNING] core.model_loader: Input length 16515 > max 16000, truncating...
2026-07-04 13:58:51,890 [INFO] core.evaluator_v2: [h2o] pred='The unique aspect of the phonetic spelling of the "future" article discussed in the text is that it is spelled with a **'
2026-07-04 13:58:52,536 [WARNING] core.model_loader: Input length 31069 > max 16000, truncating...
2026-07-04 13:58:59,692 [INFO] core.evaluator_v2: [h2o] pred='Death is disguised as a chess game.'
2026-07-04 13:59:00,331 [WARNING] core.model_loader: Input length 31342 > max 16000, truncating...
2026-07-04 13:59:07,560 [INFO] core.evaluator_v2: [h2o] pred="Lady Coxon is Ruth Anvoy's mother."
2026-07-04 13:59:08,108 [WARNING] core.model_loader: Input length 36325 > max 16000, truncating...
2026-07-04 13:59:15,560 [INFO] core.evaluator_v2: [h2o] pred='Rogers learned his battle knowledge during the **First World War**.'
2026-07-04 13:59:15,561 [INFO] core.evaluator_v2:   [15/50] avg=12.99
2026-07-04 13:59:16,124 [WARNING] core.model_loader: Input length 36331 > max 16000, truncating...
2026-07-04 13:59:23,642 [INFO] core.evaluator_v2: [h2o] pred='Anthony Rogers was working for the **White Intelligence Division** in 1927.'
2026-07-04 13:59:24,214 [WARNING] core.model_loader: Input length 19086 > max 16000, truncating...
2026-07-04 13:59:49,238 [INFO] core.evaluator_v2: [h2o] pred='The boarder who realizes that none of the boarders like each other is **the tall one, the one with private lessons**.  S'
2026-07-04 13:59:57,588 [INFO] core.evaluator_v2: [h2o] pred='Holmes and Dr. Watson are in Cornwall because they are investigating the murder of Mortimer Tregennis, a local landowner'
2026-07-04 13:59:58,070 [WARNING] core.model_loader: Input length 32917 > max 16000, truncating...
2026-07-04 14:00:11,364 [INFO] core.evaluator_v2: [h2o] pred='The hidden message Reiko finds within the video is that **the curse can be broken by copying the videotape and showing i'
2026-07-04 14:00:12,066 [WARNING] core.model_loader: Input length 37018 > max 16000, truncating...
2026-07-04 14:00:28,466 [INFO] core.evaluator_v2: [h2o] pred='The story "Otto of the Silver Hand" by Howard Pyle explores several key themes, including:\n\n1. **Justice and Redemption*'
2026-07-04 14:00:28,469 [INFO] core.evaluator_v2:   [20/50] avg=10.31
2026-07-04 14:00:28,985 [WARNING] core.model_loader: Input length 32915 > max 16000, truncating...
2026-07-04 14:00:39,235 [INFO] core.evaluator_v2: [h2o] pred='The teenagers were discussing the **curse of the videotape** and the **possibility of breaking it by copying the tape an'
2026-07-04 14:00:39,823 [WARNING] core.model_loader: Input length 60372 > max 16000, truncating...
2026-07-04 14:00:46,956 [INFO] core.evaluator_v2: [h2o] pred='Bill worked as a carpenter.'
2026-07-04 14:00:53,430 [INFO] core.evaluator_v2: [h2o] pred="Two people fainted after seeing Brenda's dead body."
2026-07-04 14:00:54,004 [WARNING] core.model_loader: Input length 37018 > max 16000, truncating...
2026-07-04 14:01:03,343 [INFO] core.evaluator_v2: [h2o] pred='Otto is known for his **silver-hand** (or "Silver Hand") due to the pure, simple wisdom he acquired from the monks of th'
2026-07-04 14:01:03,959 [WARNING] core.model_loader: Input length 19082 > max 16000, truncating...
2026-07-04 14:01:14,263 [INFO] core.evaluator_v2: [h2o] pred='Leon focuses on observing and analyzing the behavior, customs, and characteristics of people in France, particularly thr'
2026-07-04 14:01:14,265 [INFO] core.evaluator_v2:   [25/50] avg=11.00
2026-07-04 14:01:20,960 [INFO] core.evaluator_v2: [h2o] pred='The owner of the manor in the story is **Monsieur de Merret**, who is the husband of **Madame de Merret**. The story rev'
2026-07-04 14:01:21,389 [WARNING] core.model_loader: Input length 32913 > max 16000, truncating...
2026-07-04 14:01:29,820 [INFO] core.evaluator_v2: [h2o] pred="Reiko's job is a **video editor**. She works as a **video editor** and is involved in creating and editing videos, as se"
2026-07-04 14:01:38,243 [INFO] core.evaluator_v2: [h2o] pred='Holmes observes that the fireplace has a strange, reddish-brown powder, which he identifies as "devil\'s-foot root," a po'
2026-07-04 14:01:47,543 [INFO] core.evaluator_v2: [h2o] pred='Socrates compares citizens and the law to a master and apprentice, or a teacher and student.  He argues that just as a t'
2026-07-04 14:01:55,869 [INFO] core.evaluator_v2: [h2o] pred='La Grande Breteche is a short story by Honore de Balzac, part of his novel series "The Human Comedy." It is a narrative '
2026-07-04 14:01:55,870 [INFO] core.evaluator_v2:   [30/50] avg=10.64
2026-07-04 14:01:56,310 [WARNING] core.model_loader: Input length 32921 > max 16000, truncating...
2026-07-04 14:02:04,978 [INFO] core.evaluator_v2: [h2o] pred='Reiko discovers that the only way to break the curse is to copy the videotape and show it to someone else.  The curse ca'
2026-07-04 14:02:10,095 [INFO] core.evaluator_v2: [h2o] pred='Virginie.'
2026-07-04 14:02:17,526 [INFO] core.evaluator_v2: [h2o] pred='Based on the text, **Doctor Nordenfeld** defends **Lazarus** during his murder trial. He is the one who explains the sci'
2026-07-04 14:02:17,960 [WARNING] core.model_loader: Input length 32912 > max 16000, truncating...
2026-07-04 14:02:29,817 [INFO] core.evaluator_v2: [h2o] pred='Tomoko (Sadako) is revealed to be a supernatural entity, a cursed woman who was transformed into a skeleton after being '
2026-07-04 14:02:33,166 [INFO] core.evaluator_v2: [h2o] pred=''
2026-07-04 14:02:33,167 [INFO] core.evaluator_v2:   [35/50] avg=13.04
2026-07-04 14:02:33,556 [WARNING] core.model_loader: Input length 46740 > max 16000, truncating...
2026-07-04 14:02:44,353 [INFO] core.evaluator_v2: [h2o] pred='Oscar is the baby that Dana is holding, who is the son of Vigo and Janosz.  He is a supernatural being, a manifestation '
2026-07-04 14:02:45,004 [WARNING] core.model_loader: Input length 37020 > max 16000, truncating...
2026-07-04 14:02:57,434 [INFO] core.evaluator_v2: [h2o] pred="After Otto returns to his father's castle, he is welcomed by his father's loyal followers, including One-eyed Hans and o"
2026-07-04 14:02:57,918 [WARNING] core.model_loader: Input length 16508 > max 16000, truncating...
2026-07-04 14:03:09,102 [INFO] core.evaluator_v2: [h2o] pred='T.K. Nupton believed that Enoch Soames was a fictional character created by the author, not a real person. He thought So'
2026-07-04 14:03:09,776 [WARNING] core.model_loader: Input length 60369 > max 16000, truncating...
2026-07-04 14:03:17,034 [INFO] core.evaluator_v2: [h2o] pred='The wealthy farmer, Chuck, marries Abby.'
2026-07-04 14:03:23,661 [INFO] core.evaluator_v2: [h2o] pred='The art-dealer, Elie Magus, describes Pierre Grassou\'s skill level as "Rubens, Rembrandt, Titian, Gerard Douw!" indicati'
2026-07-04 14:03:23,662 [INFO] core.evaluator_v2:   [40/50] avg=12.94
2026-07-04 14:03:27,464 [INFO] core.evaluator_v2: [h2o] pred='The Witch was able to perceive the beauty and beauty of mankind, and the beauty of the world.'
2026-07-04 14:03:27,830 [WARNING] core.model_loader: Input length 31386 > max 16000, truncating...
2026-07-04 14:03:35,268 [INFO] core.evaluator_v2: [h2o] pred='When Mary was younger, her mother filled her free time with reading and writing.'
2026-07-04 14:03:42,972 [INFO] core.evaluator_v2: [h2o] pred="Crito's purpose in visiting Socrates was to persuade him to escape from prison. He argued that Socrates should flee to a"
2026-07-04 14:03:43,376 [WARNING] core.model_loader: Input length 32918 > max 16000, truncating...
2026-07-04 14:03:57,780 [INFO] core.evaluator_v2: [h2o] pred="The teens' faces when they died were described as **oddly placid** and **unfrightened**, with **eyes that burned with ma"
2026-07-04 14:03:58,425 [WARNING] core.model_loader: Input length 60367 > max 16000, truncating...
2026-07-04 14:04:06,359 [INFO] core.evaluator_v2: [h2o] pred='Bill was shot by police officers while trying to escape from them after a confrontation. He was running across a mud fla'
2026-07-04 14:04:06,361 [INFO] core.evaluator_v2:   [45/50] avg=13.57
2026-07-04 14:04:06,884 [WARNING] core.model_loader: Input length 31344 > max 16000, truncating...
2026-07-04 14:04:14,180 [INFO] core.evaluator_v2: [h2o] pred='Gravener wants Ruth to destroy the letter.'
2026-07-04 14:04:14,888 [WARNING] core.model_loader: Input length 64168 > max 16000, truncating...
2026-07-04 14:04:22,500 [INFO] core.evaluator_v2: [h2o] pred="Based on the text, Alabama's son is born in the **Beverly Wilshire Hotel**."
2026-07-04 14:04:23,052 [WARNING] core.model_loader: Input length 31338 > max 16000, truncating...
2026-07-04 14:04:30,190 [INFO] core.evaluator_v2: [h2o] pred='Ruth Anvoy is British.'
2026-07-04 14:04:30,832 [WARNING] core.model_loader: Input length 60368 > max 16000, truncating...
2026-07-04 14:04:37,927 [INFO] core.evaluator_v2: [h2o] pred='Bill leaves Chicago with Abby.'
2026-07-04 14:04:49,456 [INFO] core.evaluator_v2: [h2o] pred='The housekeeper\'s feet got wet during Holmes\' visit because she was washing the windows.  The text describes her as "a w'
2026-07-04 14:04:49,457 [INFO] core.evaluator_v2:   [50/50] avg=13.51
2026-07-04 14:04:49,458 [INFO] __main__:   → score=13.51, mem_red=80.0%, ttft=2526.4ms
2026-07-04 14:04:49,458 [INFO] __main__: 
  Task: qasper
2026-07-04 14:04:49,459 [INFO] core.evaluator_v2: [h2o] qasper (50샘플, budget=20%)
2026-07-04 14:04:55,874 [INFO] core.evaluator_v2: [h2o] pred='The proposed strategies, when applied, show that the knowledge graph is a critical component in the decision-making proc'
2026-07-04 14:05:13,214 [INFO] core.evaluator_v2: [h2o] pred='The encoder is a character-based encoder-decoder model with a wide context window, encoding the entire available context'
2026-07-04 14:05:14,990 [INFO] core.evaluator_v2: [h2o] pred='The text does not provide the size of the Augmented LibriSpeech dataset.'
2026-07-04 14:05:21,066 [INFO] core.evaluator_v2: [h2o] pred='NeuronBlocks includes the following neural network modules: Embedding, Neural Network Layers, Loss Function, Metric, Mod'
2026-07-04 14:05:23,448 [INFO] core.evaluator_v2: [h2o] pred='The LSTM models compared are the 6-layers and 9-layers models.'
2026-07-04 14:05:23,449 [INFO] core.evaluator_v2:   [5/50] avg=7.85
2026-07-04 14:05:26,328 [INFO] core.evaluator_v2: [h2o] pred='The three benchmark datasets used for evaluation are CNN/DailyMail, NYT, and XSum.'
2026-07-04 14:05:28,514 [INFO] core.evaluator_v2: [h2o] pred='The RNN layer works better in this scenario. The text suggests that the RNN layer is more effective in this context.'
2026-07-04 14:05:30,793 [INFO] core.evaluator_v2: [h2o] pred='The ancient Chinese dataset is derived from an external ancient corpus containing 134 million tokens.'
2026-07-04 14:05:34,595 [INFO] core.evaluator_v2: [h2o] pred='The baselines used for evaluation are Pointer-Gen, Pointer-Gen+RL-ROUGE, Pointer-Gen+RL-SEN, Pointer-Gen+ARL-SEN, and Po'
2026-07-04 14:05:36,596 [INFO] core.evaluator_v2: [h2o] pred='1,833 Twitter conversation threads.'
2026-07-04 14:05:36,606 [INFO] core.evaluator_v2:   [10/50] avg=19.49
2026-07-04 14:05:54,701 [INFO] core.evaluator_v2: [h2o] pred='The text does not provide a specific percentage or amount of improvement. It only mentions that the performance of the n'
2026-07-04 14:06:00,797 [INFO] core.evaluator_v2: [h2o] pred="The metrics used to evaluate the chatbots' knowledge and learning ability are the average MCC (Mean Correlation Coeffici"
2026-07-04 14:06:03,634 [INFO] core.evaluator_v2: [h2o] pred='The combination of rewards for reinforcement learning is a balance between irony accuracy, sentiment preservation, and c'
2026-07-04 14:06:06,791 [INFO] core.evaluator_v2: [h2o] pred='The attention module is pretrained on MT (Machine Translation) data.'
2026-07-04 14:06:09,612 [INFO] core.evaluator_v2: [h2o] pred='The size of the dataset is not explicitly stated in the text. However, it is mentioned that the OurNepali dataset is alm'
2026-07-04 14:06:09,613 [INFO] core.evaluator_v2:   [15/50] avg=21.00
2026-07-04 14:06:12,007 [INFO] core.evaluator_v2: [h2o] pred='The Wall Street Journal (WSJ) corpus.'
2026-07-04 14:06:15,751 [INFO] core.evaluator_v2: [h2o] pred='The model is compared to previous methods such as learned classifiers, rule-based classifiers, and learned classifiers t'
2026-07-04 14:06:17,507 [INFO] core.evaluator_v2: [h2o] pred='The text mentions that the Nguni languages and the Sotho languages are similar to each other.'
2026-07-04 14:06:19,336 [INFO] core.evaluator_v2: [h2o] pred='The 7 Indian languages are Kannada, Malayalam, Odia, Tamil, Telugu, and Hindi.'
2026-07-04 14:06:22,067 [INFO] core.evaluator_v2: [h2o] pred='The text does not explicitly mention other tasks that were tested. The focus is on the hashtag prediction task and the c'
2026-07-04 14:06:22,068 [INFO] core.evaluator_v2:   [20/50] avg=25.37
2026-07-04 14:06:28,289 [INFO] core.evaluator_v2: [h2o] pred='The tagging scheme employed is a novel tagging scheme that incorporates the constraint that each text in our corpora con'
2026-07-04 14:06:31,545 [INFO] core.evaluator_v2: [h2o] pred='The text considers the task of text classification, specifically the task of classifying documents into positive or nega'
2026-07-04 14:06:36,455 [INFO] core.evaluator_v2: [h2o] pred='The NCEL approach is effective in the context of entity linking, as it outperforms the state-of-the-art collective metho'
2026-07-04 14:06:39,648 [INFO] core.evaluator_v2: [h2o] pred='The text does not explicitly mention which methods are considered to find examples of biases and unwarranted inferences.'
2026-07-04 14:06:57,230 [INFO] core.evaluator_v2: [h2o] pred='The corpus consists of 53 documents, which contain an average of 156 sentences per document, with a total of 156 sentenc'
2026-07-04 14:06:57,231 [INFO] core.evaluator_v2:   [25/50] avg=22.10
2026-07-04 14:07:00,128 [INFO] core.evaluator_v2: [h2o] pred='The individual model consists of the Bayesian model for semantic role induction (SRI) that uses crosslingual latent vari'
2026-07-04 14:07:18,165 [INFO] core.evaluator_v2: [h2o] pred='The text provides the following stylistic features: \n\n1. Lexical features: \n   - 1. 1. 1. 1. 1. 1. 1. 1. 1. 1. 1. 1. 1. '
2026-07-04 14:07:22,508 [INFO] core.evaluator_v2: [h2o] pred='The highest MRR score achieved was 0.2862 in the final test batch set.'
2026-07-04 14:07:40,145 [INFO] core.evaluator_v2: [h2o] pred='The dataset presented to the subjects was a multimodal dataset for stimulus-based, imagined, and articulated speech. The'
2026-07-04 14:07:47,065 [INFO] core.evaluator_v2: [h2o] pred='The dataset is annotated with 1) no evidence of depression (n=6,829 tweets) and 2) evidence of depression (n=2,644 tweet'
2026-07-04 14:07:47,066 [INFO] core.evaluator_v2:   [30/50] avg=20.18
2026-07-04 14:07:49,705 [INFO] core.evaluator_v2: [h2o] pred='The text does not explicitly describe how words are matched before reordering. It focuses on the impact of word order di'
2026-07-04 14:07:54,699 [INFO] core.evaluator_v2: [h2o] pred='No, the text does not report results only on English data. The text mentions experiments on three datasets: FSD (social '
2026-07-04 14:08:12,010 [INFO] core.evaluator_v2: [h2o] pred='The text mentions the use of GloVe embeddings and Edinburgh embeddings. The final feature vector is a combination of wor'
2026-07-04 14:08:14,886 [INFO] core.evaluator_v2: [h2o] pred="Yes, the text mentions that the model uses pretrained embeddings, specifically mentioning the use of Google's Word2Vec e"
2026-07-04 14:08:18,433 [INFO] core.evaluator_v2: [h2o] pred='The ensemble method is formed by simply averaging the predictions from the constituent single models. These single model'
2026-07-04 14:08:18,434 [INFO] core.evaluator_v2:   [35/50] avg=18.49
2026-07-04 14:08:36,037 [INFO] core.evaluator_v2: [h2o] pred='Yes, the model uses attention. The memory generation layer uses attention to fuse passages and questions, and the span d'
2026-07-04 14:08:53,360 [INFO] core.evaluator_v2: [h2o] pred='The language model architectures used are the transformer model with the sequence to sequence architecture and the abstr'
2026-07-04 14:08:56,542 [INFO] core.evaluator_v2: [h2o] pred='Yes, the text reports results on English data.'
2026-07-04 14:08:59,392 [INFO] core.evaluator_v2: [h2o] pred='The clinical datasets used in the paper are NUBes-PHI and MEDDOCAN.'
2026-07-04 14:09:04,780 [INFO] core.evaluator_v2: [h2o] pred='No. The dataset of 1,000 randomly selected tweets contains more than twice as many tweets about Trump than about the oth'
2026-07-04 14:09:04,781 [INFO] core.evaluator_v2:   [40/50] avg=17.88
2026-07-04 14:09:12,668 [INFO] core.evaluator_v2: [h2o] pred='Yes, it is possible to convert cloze-style questions into naturally-looking questions. The text discusses the process of'
2026-07-04 14:09:16,033 [INFO] core.evaluator_v2: [h2o] pred='The text evaluates the proposed adaptively sparse Transformers on four machine translation tasks.'
2026-07-04 14:09:22,250 [INFO] core.evaluator_v2: [h2o] pred='The additional features and context proposed in the text are:\n\n1. Context tweets (to be used in classification and predi'
2026-07-04 14:09:24,169 [INFO] core.evaluator_v2: [h2o] pred='20,000'
2026-07-04 14:09:25,769 [INFO] core.evaluator_v2: [h2o] pred='The text does not explicitly mention which Chinese datasets were used.'
2026-07-04 14:09:25,771 [INFO] core.evaluator_v2:   [45/50] avg=19.17
2026-07-04 14:09:42,762 [INFO] core.evaluator_v2: [h2o] pred='The text discusses the use of **machine learning and deep learning methods** for **Recognizing Question Entailment (RQE)'
2026-07-04 14:09:45,144 [INFO] core.evaluator_v2: [h2o] pred='The paper studies English.'
2026-07-04 14:10:02,629 [INFO] core.evaluator_v2: [h2o] pred='The proposed approach, which uses a KL divergence based energy function for learning multi-sense word embeddings distrib'
2026-07-04 14:10:02,882 [WARNING] core.model_loader: Input length 20076 > max 16000, truncating...
2026-07-04 14:10:13,452 [INFO] core.evaluator_v2: [h2o] pred='The ML methods aim to identify argument components in text, such as claims, premises, backings, rebuttals, and refutatio'
2026-07-04 14:10:20,022 [INFO] core.evaluator_v2: [h2o] pred='The resulting annotated data is higher quality. The model trained with re-annotating the difficult subset (D+Other) achi'
2026-07-04 14:10:20,024 [INFO] core.evaluator_v2:   [50/50] avg=18.90
2026-07-04 14:10:20,024 [INFO] __main__:   → score=18.90, mem_red=80.0%, ttft=770.9ms
2026-07-04 14:10:20,025 [INFO] __main__: 
  Task: multifieldqa_en
2026-07-04 14:10:20,026 [INFO] core.evaluator_v2: [h2o] multifieldqa_en (50샘플, budget=20%)
2026-07-04 14:10:25,747 [INFO] core.evaluator_v2: [h2o] pred='Ngotho is fired and the family is forced to move to another section of the country. Over the course of the book, his pos'
2026-07-04 14:10:32,068 [INFO] core.evaluator_v2: [h2o] pred='Yes, the denoiser can be applied to circuits with non-Clifford noise. The text discusses the use of denoisers in the con'
2026-07-04 14:10:38,210 [INFO] core.evaluator_v2: [h2o] pred='The generative interactive model used in the method is the **C-GDBN (Coupled Generative Dynamic Bayesian Network)**.'
2026-07-04 14:10:45,758 [INFO] core.evaluator_v2: [h2o] pred="The purpose of an ICD (Implantable Cardioverter Defibrillator) is to monitor the heart's rhythm and deliver electrical s"
2026-07-04 14:10:48,517 [INFO] core.evaluator_v2: [h2o] pred='The NLMS algorithm is engaged in the PLMS-PPIC method.'
2026-07-04 14:10:48,518 [INFO] core.evaluator_v2:   [5/50] avg=33.91
2026-07-04 14:10:51,177 [INFO] core.evaluator_v2: [h2o] pred='In 2009, Brooksley Born was awarded the John F. Kennedy Profiles in Courage Award for her "political courage she demonst'
2026-07-04 14:11:10,287 [INFO] core.evaluator_v2: [h2o] pred='A media application determines the context of an event by analyzing the media asset (e.g., video, audio, text) to identi'
2026-07-04 14:11:18,543 [INFO] core.evaluator_v2: [h2o] pred='The sticking point in the political showdown over the budget is whether the District of Columbia can spend its own local'
2026-07-04 14:11:20,173 [INFO] core.evaluator_v2: [h2o] pred='The county seat of McPherson County is McPherson.'
2026-07-04 14:11:23,123 [INFO] core.evaluator_v2: [h2o] pred='The new Iraqi Body Count organization provides cover for the war and allows supporters of the illegal war to point to it'
2026-07-04 14:11:23,125 [INFO] core.evaluator_v2:   [10/50] avg=32.94
2026-07-04 14:11:26,955 [INFO] core.evaluator_v2: [h2o] pred='Accounting for path preference reduces the entropy of the intention distribution, leading to more accurate and less over'
2026-07-04 14:11:46,035 [INFO] core.evaluator_v2: [h2o] pred='It is important for the sides of the fuselage to be sloped (tumbled home) to ensure that the wings are properly aligned '
2026-07-04 14:11:53,469 [INFO] core.evaluator_v2: [h2o] pred='The court in *In re Ferguson* concluded that the transformation prong of the Bilski test is not a separate requirement f'
2026-07-04 14:11:55,495 [INFO] core.evaluator_v2: [h2o] pred='The text does not provide a specific number of years that KSTP-FM 102.1 has been on the air.'
2026-07-04 14:11:59,910 [INFO] core.evaluator_v2: [h2o] pred='Thalassemias are classified based on the chain of hemoglobin affected, into α-thalassemia and β-thalassemia.'
2026-07-04 14:11:59,912 [INFO] core.evaluator_v2:   [15/50] avg=25.61
2026-07-04 14:12:04,835 [INFO] core.evaluator_v2: [h2o] pred='The transition probability in the environment affects the learning rate in the static agent by decreasing it as the prob'
2026-07-04 14:12:09,214 [INFO] core.evaluator_v2: [h2o] pred='The experimental techniques used to study the quantum dot structures in this research were low-temperature scanning tunn'
2026-07-04 14:12:10,165 [INFO] core.evaluator_v2: [h2o] pred=''
2026-07-04 14:12:15,040 [INFO] core.evaluator_v2: [h2o] pred='The two ground states observed for indeno[1,2-a]fluorene on NaCl surfaces are the open-shell (5OS) and closed-shell (5pa'
2026-07-04 14:12:24,552 [INFO] core.evaluator_v2: [h2o] pred='The scoring engine generates a stream of content for the channel by:  \n1. Receiving a request for a channel category and'
2026-07-04 14:12:24,553 [INFO] core.evaluator_v2:   [20/50] avg=23.55
2026-07-04 14:12:30,162 [INFO] core.evaluator_v2: [h2o] pred='The stability conditions for a solution of $-\\Delta u = f(u)$ are that the solution must be stable, meaning that the equ'
2026-07-04 14:12:31,844 [INFO] core.evaluator_v2: [h2o] pred='McPherson County is located in the state of Kansas.'
2026-07-04 14:12:36,789 [INFO] core.evaluator_v2: [h2o] pred='The main focus of the research paper is to study the strong coupling limit of lattice QCD, with an emphasis on the nucle'
2026-07-04 14:12:37,055 [WARNING] core.model_loader: Input length 16496 > max 16000, truncating...
2026-07-04 14:12:44,565 [INFO] core.evaluator_v2: [h2o] pred='The security parameter for the AES-256 block cipher is 172 bits.'
2026-07-04 14:12:45,814 [INFO] core.evaluator_v2: [h2o] pred='South West Ultras fan club.'
2026-07-04 14:12:45,816 [INFO] core.evaluator_v2:   [25/50] avg=28.11
2026-07-04 14:13:03,355 [INFO] core.evaluator_v2: [h2o] pred='1. 1. 1. 1. 1. 1. 1. 1. 1. 1. 1. 1. 1. 1. 1. 1. 1. 1. 1. 1. 1. 1. 1. 1. 1. 1. 1. 1. 1. 1. 1. 1. 1. 1. 1. 1. 1. 1. 1. 1. '
2026-07-04 14:13:08,493 [INFO] core.evaluator_v2: [h2o] pred='The interlayer Berry connection polarizability is significant in the context of the crossed nonlinear dynamical intrinsi'
2026-07-04 14:13:17,239 [INFO] core.evaluator_v2: [h2o] pred='The text discusses the use of wearable and ambient sensors, including accelerometers, electrodermal activity (EDA) senso'
2026-07-04 14:13:21,906 [INFO] core.evaluator_v2: [h2o] pred='Chew, S. Y. and Hufnagel, T. C. and Lim, C. T. and Leong, K. W., Mechanical properties of single electrospun drug-encaps'
2026-07-04 14:13:29,950 [INFO] core.evaluator_v2: [h2o] pred='The symptoms of vitamin K deficiency include coagulation disorders, such as prolonged bleeding and an increased risk of '
2026-07-04 14:13:29,951 [INFO] core.evaluator_v2:   [30/50] avg=26.03
2026-07-04 14:13:50,282 [INFO] core.evaluator_v2: [h2o] pred="Broadjam's servers are subject to the following restrictions:\n\n1. **Prohibition of Illegal Activities**: Hosting Subscri"
2026-07-04 14:13:52,738 [INFO] core.evaluator_v2: [h2o] pred='The 2017 general election was held on 23 September 2017.'
2026-07-04 14:13:54,529 [INFO] core.evaluator_v2: [h2o] pred='21 massive star-forming regions were studied.'
2026-07-04 14:13:56,991 [INFO] core.evaluator_v2: [h2o] pred='Simon English became the leader of the National Party on 24 October 2017.'
2026-07-04 14:14:02,113 [INFO] core.evaluator_v2: [h2o] pred="Governor Rick Scott cited privacy concerns, expressed skepticism about the monitoring program's effectiveness, and raise"
2026-07-04 14:14:02,114 [INFO] core.evaluator_v2:   [35/50] avg=25.60
2026-07-04 14:14:05,581 [INFO] core.evaluator_v2: [h2o] pred='The SI unit of power is the watt (W).'
2026-07-04 14:14:13,084 [INFO] core.evaluator_v2: [h2o] pred='Craig wants to find his own place because he is struggling with behaviors in school and needs a change in environment to'
2026-07-04 14:14:17,838 [INFO] core.evaluator_v2: [h2o] pred='The decision to base the water rates on usage reflected a focus on fairness and the need to ensure that the costs of wat'
2026-07-04 14:14:35,891 [INFO] core.evaluator_v2: [h2o] pred='The text does not explicitly state when McPherson County was established as a county. It is mentioned that the county wa'
2026-07-04 14:14:42,648 [INFO] core.evaluator_v2: [h2o] pred='The proximity of superconductivity enhances the Kondo effect by introducing additional exchange mechanisms, such as the '
2026-07-04 14:14:42,650 [INFO] core.evaluator_v2:   [40/50] avg=23.45
2026-07-04 14:14:47,494 [INFO] core.evaluator_v2: [h2o] pred='The program chair of the conference is **Peter Denning**.'
2026-07-04 14:14:55,476 [INFO] core.evaluator_v2: [h2o] pred='At dawn or dusk, the high resolution of what we focus on diminishes due to the reduced contrast and lower light levels, '
2026-07-04 14:14:59,345 [INFO] core.evaluator_v2: [h2o] pred='The Director is responsible for carrying out the functions assigned under the Act.'
2026-07-04 14:15:09,137 [INFO] core.evaluator_v2: [h2o] pred='Ferromagnetic semiconductors, such as Ge$_{1-x}$Mn$_{x}$, have potential applications in spintronics and magnetic memory'
2026-07-04 14:15:18,181 [INFO] core.evaluator_v2: [h2o] pred='The recommended daily intake of vitamin K for adult women and men is 12 micrograms (mcg) for women and 15 micrograms (mc'
2026-07-04 14:15:18,182 [INFO] core.evaluator_v2:   [45/50] avg=24.79
2026-07-04 14:15:21,854 [INFO] core.evaluator_v2: [h2o] pred='No, DUO does not contain more instances per image than COCO.'
2026-07-04 14:15:23,780 [INFO] core.evaluator_v2: [h2o] pred='The population of McPherson County according to the 2020 census was 2000.'
2026-07-04 14:15:25,383 [INFO] core.evaluator_v2: [h2o] pred='The paper was published in 2023.'
2026-07-04 14:15:43,080 [INFO] core.evaluator_v2: [h2o] pred='First white settlement in McPherson County: 1867.  The first white settlement in McPherson County was 1867.  The first w'
2026-07-04 14:15:46,907 [INFO] core.evaluator_v2: [h2o] pred='The reliance of artificial organisms on plasticity is controlled by environmental variability, the reliability of the se'
2026-07-04 14:15:46,908 [INFO] core.evaluator_v2:   [50/50] avg=25.33
2026-07-04 14:15:46,909 [INFO] __main__:   → score=25.33, mem_red=80.0%, ttft=1207.5ms
2026-07-04 14:15:46,911 [INFO] __main__: 
  Task: hotpotqa
2026-07-04 14:15:46,911 [INFO] core.evaluator_v2: [h2o] hotpotqa (50샘플, budget=20%)
2026-07-04 14:15:47,229 [WARNING] core.model_loader: Input length 17130 > max 16000, truncating...
2026-07-04 14:15:54,162 [INFO] core.evaluator_v2: [h2o] pred='Brian Stokes Mitchell'
2026-07-04 14:15:54,795 [WARNING] core.model_loader: Input length 16583 > max 16000, truncating...
2026-07-04 14:16:02,449 [INFO] core.evaluator_v2: [h2o] pred='The large subunit and small subunit that use two types of RNA are major components that make up ribosomes.'
2026-07-04 14:16:08,260 [INFO] core.evaluator_v2: [h2o] pred='Sarah Price and Rob Schneider are both actors.'
2026-07-04 14:16:13,744 [INFO] core.evaluator_v2: [h2o] pred='Arnold Richards was the former chair of YIVO, which is a member of the Center for Jewish History.'
2026-07-04 14:16:14,283 [WARNING] core.model_loader: Input length 16934 > max 16000, truncating...
2026-07-04 14:16:22,355 [INFO] core.evaluator_v2: [h2o] pred='Alfred A. Marcus worked as a consultant with companies such as 3M, Corning Inc., Xcel Energy, Medtronic, General Mills, '
2026-07-04 14:16:22,356 [INFO] core.evaluator_v2:   [5/50] avg=30.06
2026-07-04 14:16:42,000 [INFO] core.evaluator_v2: [h2o] pred='Pleiospilos is a flowering plant. Pueraria is not a flowering plant. Pleiospilos is a genus of flowering plants in the f'
2026-07-04 14:16:45,816 [INFO] core.evaluator_v2: [h2o] pred='Steel Venom is farther north than Wicked Twister.'
2026-07-04 14:16:46,169 [WARNING] core.model_loader: Input length 16637 > max 16000, truncating...
2026-07-04 14:16:53,505 [INFO] core.evaluator_v2: [h2o] pred='Baghdad was known as the "City of the Caliph."'
2026-07-04 14:17:00,032 [INFO] core.evaluator_v2: [h2o] pred="The FIBT World Championships 1960 took place in Cortina d'Ampezzo, which is located in the northern part of Italy, speci"
2026-07-04 14:17:07,452 [INFO] core.evaluator_v2: [h2o] pred='Mike Leach currently coaches at Mississippi State.'
2026-07-04 14:17:07,453 [INFO] core.evaluator_v2:   [10/50] avg=29.16
2026-07-04 14:17:13,409 [INFO] core.evaluator_v2: [h2o] pred='The Friday night programming block that included the collective series "Whatever Happened to... Robot Jones?" is **The N'
2026-07-04 14:17:17,015 [INFO] core.evaluator_v2: [h2o] pred='The bass singer in the Cosmos band had the lowest vocal range.'
2026-07-04 14:17:17,413 [WARNING] core.model_loader: Input length 16792 > max 16000, truncating...
2026-07-04 14:17:25,411 [INFO] core.evaluator_v2: [h2o] pred='Fredric Rieders testified against Michael Swango, who is estimated to have killed as many as 60 patients and received th'
2026-07-04 14:17:32,976 [INFO] core.evaluator_v2: [h2o] pred='Robbie Tucker plays in the series "It\'s Always Sunny in Philadelphia," which follows a group of friends who run an Irish'
2026-07-04 14:17:33,554 [WARNING] core.model_loader: Input length 16875 > max 16000, truncating...
2026-07-04 14:17:43,251 [INFO] core.evaluator_v2: [h2o] pred='The National Firearms Agreement was in response to the Port Arthur massacre, which killed **approximately 2,600 to 2,700'
2026-07-04 14:17:43,252 [INFO] core.evaluator_v2:   [15/50] avg=23.21
2026-07-04 14:17:45,468 [INFO] core.evaluator_v2: [h2o] pred='The first name of the author is **Viola**.'
2026-07-04 14:17:52,914 [INFO] core.evaluator_v2: [h2o] pred='The London Eye and Waterloo Bridge both sit on the **River Thames** in London.'
2026-07-04 14:18:00,173 [INFO] core.evaluator_v2: [h2o] pred='The answer is Gwen Verdon. She was the last muse for the choreographer Bob Fosse and starred in the Nutcracker.'
2026-07-04 14:18:00,778 [WARNING] core.model_loader: Input length 16802 > max 16000, truncating...
2026-07-04 14:18:08,596 [INFO] core.evaluator_v2: [h2o] pred='The host of the American survival skills reality show "The Island" is Bear Grylls, who is originally from the United Kin'
2026-07-04 14:18:12,101 [INFO] core.evaluator_v2: [h2o] pred='The mother of Alberic II of Spoleto was given the title "patricia" of Rome by her husband, Alberic II of Spoleto.'
2026-07-04 14:18:12,110 [INFO] core.evaluator_v2:   [20/50] avg=18.18
2026-07-04 14:18:17,295 [INFO] core.evaluator_v2: [h2o] pred='Cryptocoryne is a genus of aquatic plants, while Mimosa is a genus of flowering plants. Based on the text, Cryptocoryne '
2026-07-04 14:18:28,669 [INFO] core.evaluator_v2: [h2o] pred='The actor who plays Sean Tully in "Coronation Street" is Antony Cotton. However, the text provided does not mention any '
2026-07-04 14:18:29,177 [WARNING] core.model_loader: Input length 17206 > max 16000, truncating...
2026-07-04 14:18:36,952 [INFO] core.evaluator_v2: [h2o] pred='Mark Donohue, who won the 1971 Canadian Grand Prix, was born in 1937.'
2026-07-04 14:18:47,609 [INFO] core.evaluator_v2: [h2o] pred='Yameen and Activision have in common the form of play that involves collaborative development and publishing of video ga'
2026-07-04 14:18:50,951 [INFO] core.evaluator_v2: [h2o] pred='The Atherton Bridge spans the Lancaster River.'
2026-07-04 14:18:50,952 [INFO] core.evaluator_v2:   [25/50] avg=15.95
2026-07-04 14:18:57,638 [INFO] core.evaluator_v2: [h2o] pred='3 Arts Entertainment had at least one coalition with Netflix, with its 13-episode, 2015 season of the Tina Fey created s'
2026-07-04 14:19:03,536 [INFO] core.evaluator_v2: [h2o] pred='High School Confidential, an eight-part documentary, followed twelve high school teenagers from Blue Valley West High Sc'
2026-07-04 14:19:11,201 [INFO] core.evaluator_v2: [h2o] pred='The 53rd National Hockey League All-Star Game took place at the indoor arena that was completed in **1970**.'
2026-07-04 14:19:19,537 [INFO] core.evaluator_v2: [h2o] pred='The Toronto International Film Festival (TIFF) premiered "Salmon Fishing in the Yemen" in 2012. The film was produced by'
2026-07-04 14:19:19,986 [WARNING] core.model_loader: Input length 16382 > max 16000, truncating...
2026-07-04 14:19:27,869 [INFO] core.evaluator_v2: [h2o] pred='The arena where the Lewiston Maineiacs played their home games, the Colisée, can seat **3,000 people**.'
2026-07-04 14:19:27,871 [INFO] core.evaluator_v2:   [30/50] avg=13.58
2026-07-04 14:19:31,248 [INFO] core.evaluator_v2: [h2o] pred="The winner of the London Riders' Championship in 1953 scored 12 points in the 1952 Individual Speedway World Championshi"
2026-07-04 14:19:38,137 [INFO] core.evaluator_v2: [h2o] pred="Erik Watts' father was born on 22 September 1863."
2026-07-04 14:19:38,618 [WARNING] core.model_loader: Input length 16268 > max 16000, truncating...
2026-07-04 14:19:46,403 [INFO] core.evaluator_v2: [h2o] pred='Migene González-Wippler is a leading expert on the Afro-Caribbean religion of Santería.'
2026-07-04 14:19:47,034 [WARNING] core.model_loader: Input length 16733 > max 16000, truncating...
2026-07-04 14:19:54,785 [INFO] core.evaluator_v2: [h2o] pred='The football club that plays in the area between the old tool gates (Brook Bar and Trafford Bar) is Manchester United.'
2026-07-04 14:19:59,413 [INFO] core.evaluator_v2: [h2o] pred='The female member of Fitz and the Tantrums, Noelle Scaggs, was the front woman for the band for ten years.'
2026-07-04 14:19:59,415 [INFO] core.evaluator_v2:   [35/50] avg=12.21
2026-07-04 14:19:59,766 [WARNING] core.model_loader: Input length 16496 > max 16000, truncating...
2026-07-04 14:20:08,291 [INFO] core.evaluator_v2: [h2o] pred='No, Werther and The Odyssey are not both operas. "Werther" is an opera by Jules Massenet, while "The Odyssey" is a poem '
2026-07-04 14:20:16,648 [INFO] core.evaluator_v2: [h2o] pred='The kingdom of Syria, as proclaimed by the Syrian National Congress in 1920, lasted for only four months and surrendered'
2026-07-04 14:20:21,043 [INFO] core.evaluator_v2: [h2o] pred='Santa Bring My Baby Back was released on the fourth Elvis studio album in 1957.'
2026-07-04 14:20:21,394 [WARNING] core.model_loader: Input length 16845 > max 16000, truncating...
2026-07-04 14:20:28,836 [INFO] core.evaluator_v2: [h2o] pred='John Powell wrote the film "How to Train Your Dragon: The Hidden World."'
2026-07-04 14:20:29,327 [WARNING] core.model_loader: Input length 17368 > max 16000, truncating...
2026-07-04 14:20:37,367 [INFO] core.evaluator_v2: [h2o] pred='The airline company that operated United Express Flight 3411 on April 9, 2017, on behalf of United Express is Republic A'
2026-07-04 14:20:37,368 [INFO] core.evaluator_v2:   [40/50] avg=11.71
2026-07-04 14:20:42,853 [INFO] core.evaluator_v2: [h2o] pred='The Bangor Daily News is talking about Sawin Millett because he was the former editor of the newspaper. He was fired in '
2026-07-04 14:20:43,221 [WARNING] core.model_loader: Input length 16575 > max 16000, truncating...
2026-07-04 14:20:51,774 [INFO] core.evaluator_v2: [h2o] pred='Charles Haughey held the position of Taoiseach (Prime Minister) when he dissolved the list of members who were elected t'
2026-07-04 14:20:52,277 [WARNING] core.model_loader: Input length 16716 > max 16000, truncating...
2026-07-04 14:20:59,931 [INFO] core.evaluator_v2: [h2o] pred='Gary L. Bennett was a part of the space missions that have a primary destination of **Jupiter**.'
2026-07-04 14:21:00,432 [WARNING] core.model_loader: Input length 17636 > max 16000, truncating...
2026-07-04 14:21:08,290 [INFO] core.evaluator_v2: [h2o] pred='The 1958 Pro Bowl was played at the Los Angeles Coliseum, which is the home stadium for the University of Utah.'
2026-07-04 14:21:08,786 [WARNING] core.model_loader: Input length 16912 > max 16000, truncating...
2026-07-04 14:21:15,952 [INFO] core.evaluator_v2: [h2o] pred='Michael Tippett.'
2026-07-04 14:21:15,954 [INFO] core.evaluator_v2:   [45/50] avg=13.04
2026-07-04 14:21:22,782 [INFO] core.evaluator_v2: [h2o] pred='The population of the town where The Stelljes House is located, which is in the District of Panama, was 29,761 as of the'
2026-07-04 14:21:30,093 [INFO] core.evaluator_v2: [h2o] pred='James II.'
2026-07-04 14:21:36,117 [INFO] core.evaluator_v2: [h2o] pred='1970.'
2026-07-04 14:21:40,952 [INFO] core.evaluator_v2: [h2o] pred='The person who substituted for Simon Pagenaud in 2017 secured a contract to drive in the 2017 IndyCar Series.'
2026-07-04 14:21:41,327 [WARNING] core.model_loader: Input length 17549 > max 16000, truncating...
2026-07-04 14:21:50,769 [INFO] core.evaluator_v2: [h2o] pred='The CEO of the football team based in Denver, Colorado, Patrick Dennis Bowlen, stepped down in 2014 due to the onset and'
2026-07-04 14:21:50,773 [INFO] core.evaluator_v2:   [50/50] avg=13.47
2026-07-04 14:21:50,773 [INFO] __main__:   → score=13.47, mem_red=80.0%, ttft=2272.7ms
2026-07-04 14:21:50,774 [INFO] __main__: 
  Task: 2wikimqa
2026-07-04 14:21:50,774 [INFO] core.evaluator_v2: [h2o] 2wikimqa (50샘플, budget=20%)
2026-07-04 14:21:53,568 [INFO] core.evaluator_v2: [h2o] pred='Finland.'
2026-07-04 14:21:55,465 [INFO] core.evaluator_v2: [h2o] pred='Jugband Blues.'
2026-07-04 14:22:00,085 [INFO] core.evaluator_v2: [h2o] pred='True To The Navy.'
2026-07-04 14:22:03,922 [INFO] core.evaluator_v2: [h2o] pred="Agnes of Hohenstaufen's husband was Henry V, Holy Roman Emperor. He died in 1127, and his place of death was in the town"
2026-07-04 14:22:08,530 [INFO] core.evaluator_v2: [h2o] pred='Lyudmyla Olyanovska was born later than Paul De Scherff.'
2026-07-04 14:22:08,531 [INFO] core.evaluator_v2:   [5/50] avg=27.27
2026-07-04 14:22:13,954 [INFO] core.evaluator_v2: [h2o] pred="Helmichis's father-in-law is Alboin."
2026-07-04 14:22:16,385 [INFO] core.evaluator_v2: [h2o] pred="The Drover's Sweetheart came out earlier."
2026-07-04 14:22:20,045 [INFO] core.evaluator_v2: [h2o] pred="Princess Charlotte of Saxe-Meiningen's husband is Prince Frederick of Saxe-Meiningen."
2026-07-04 14:22:20,393 [WARNING] core.model_loader: Input length 16424 > max 16000, truncating...
2026-07-04 14:22:31,723 [INFO] core.evaluator_v2: [h2o] pred='No, the movies "The Hatton Garden Job" and "Carry On Cleo" are not from the same country. "The Hatton Garden Job" is a 2'
2026-07-04 14:22:34,367 [INFO] core.evaluator_v2: [h2o] pred='Vacations in Majorca was released first.'
2026-07-04 14:22:34,368 [INFO] core.evaluator_v2:   [10/50] avg=20.89
2026-07-04 14:22:38,787 [INFO] core.evaluator_v2: [h2o] pred="The place of death of Randi Monsen's father is not explicitly mentioned in the provided text. However, the text mentions"
2026-07-04 14:22:41,202 [INFO] core.evaluator_v2: [h2o] pred='Hissa Abdulla Ahmed Al-Otaiba.'
2026-07-04 14:22:43,084 [INFO] core.evaluator_v2: [h2o] pred='The date of death of the director of film Nallavan Vazhvan is 31 August 1961.'
2026-07-04 14:22:49,792 [INFO] core.evaluator_v2: [h2o] pred='The director who died first is Jack Arnold, who died in 1975. The film "Monster on the Campus" was released in 1958, and'
2026-07-04 14:22:52,624 [INFO] core.evaluator_v2: [h2o] pred='Count Adolf III of Berg.'
2026-07-04 14:22:52,625 [INFO] core.evaluator_v2:   [15/50] avg=19.28
2026-07-04 14:22:54,690 [INFO] core.evaluator_v2: [h2o] pred='Prince of Arcadia was released earlier.'
2026-07-04 14:22:58,650 [INFO] core.evaluator_v2: [h2o] pred='Johnny Ekström was born later.'
2026-07-04 14:23:00,859 [INFO] core.evaluator_v2: [h2o] pred='The place of birth of the director of film "Clowning Around" is Australia.'
2026-07-04 14:23:03,384 [INFO] core.evaluator_v2: [h2o] pred='Solemn Promise.'
2026-07-04 14:23:10,899 [INFO] core.evaluator_v2: [h2o] pred='The spouse of the director of the film "Streets of Blood" is Sandra Nelson.'
2026-07-04 14:23:10,907 [INFO] core.evaluator_v2:   [20/50] avg=22.91
2026-07-04 14:23:13,293 [INFO] core.evaluator_v2: [h2o] pred='Contragolpe.'
2026-07-04 14:23:13,629 [WARNING] core.model_loader: Input length 16690 > max 16000, truncating...
2026-07-04 14:23:21,549 [INFO] core.evaluator_v2: [h2o] pred='The composer of the song "Gretchen am Spinnrade" is Franz Schubert. He died in Westwood Village Memorial Park Cemetery.'
2026-07-04 14:23:22,185 [WARNING] core.model_loader: Input length 17007 > max 16000, truncating...
2026-07-04 14:23:29,623 [INFO] core.evaluator_v2: [h2o] pred="Gisela of Hungary's father-in-law was King Stephen I of Hungary."
2026-07-04 14:23:37,444 [INFO] core.evaluator_v2: [h2o] pred="Grand Duchess Elena Vladimirovna of Russia's father, Vladimir Kirillovich of Russia, died on 21 April 1992."
2026-07-04 14:23:40,622 [INFO] core.evaluator_v2: [h2o] pred='From Corleone to Brooklyn (1979) is the film with the director born later.'
2026-07-04 14:23:40,624 [INFO] core.evaluator_v2:   [25/50] avg=24.46
2026-07-04 14:23:46,942 [INFO] core.evaluator_v2: [h2o] pred="The place of birth of Sextus Barbour's father is Belfast."
2026-07-04 14:24:09,220 [INFO] core.evaluator_v2: [h2o] pred='The text does not provide information about the age of Guy Arvely Dolsin or Altuğ Çelikbilek. The text only provides inf'
2026-07-04 14:24:16,019 [INFO] core.evaluator_v2: [h2o] pred='The maternal grandfather of Marie Louise, Duchess of Parma, is King Ferdinand I of the Two Sicilies.'
2026-07-04 14:24:20,630 [INFO] core.evaluator_v2: [h2o] pred='Una Prostituta Al Servizio Del Pubblico E In Regola Con Le Leggi Dello Stato (1970) came out first. The Bag Man (2014) i'
2026-07-04 14:24:22,845 [INFO] core.evaluator_v2: [h2o] pred='Antoine Casavant was born first.'
2026-07-04 14:24:22,847 [INFO] core.evaluator_v2:   [30/50] avg=26.46
2026-07-04 14:24:25,829 [INFO] core.evaluator_v2: [h2o] pred="Sir William Gore, 3rd Baronet's paternal grandfather is Sir William Gore, 2nd Baronet."
2026-07-04 14:24:28,961 [INFO] core.evaluator_v2: [h2o] pred="Shahnawaz Bhutto's mother was born in Karachi, Pakistan."
2026-07-04 14:24:36,296 [INFO] core.evaluator_v2: [h2o] pred='Eleanor of Castile died in 1291.'
2026-07-04 14:25:07,394 [INFO] core.evaluator_v2: [h2o] pred='Philip William, Margrave of Brandenburg-Schwedt (1669–1711) was the eldest son of the Great Elector and his second wife,'
2026-07-04 14:25:11,374 [INFO] core.evaluator_v2: [h2o] pred='The director of film "Wine of Morning" works at the National Evangelical Film Foundation.'
2026-07-04 14:25:11,377 [INFO] core.evaluator_v2:   [35/50] avg=23.63
2026-07-04 14:25:14,912 [INFO] core.evaluator_v2: [h2o] pred="Isabella of Bourbon's paternal grandfather was Louis I, Duke of Bourbon."
2026-07-04 14:25:18,153 [INFO] core.evaluator_v2: [h2o] pred="Charles Willoughby, 10th Baron Willoughby of Parham's paternal grandmother was Anne Carey."
2026-07-04 14:25:21,086 [INFO] core.evaluator_v2: [h2o] pred="Carrie Watson Fleming's husband is Aretas B. Fleming. He was born in Greenock, Texas."
2026-07-04 14:25:30,864 [INFO] core.evaluator_v2: [h2o] pred='The director of "The Wind\'s Fierce" (1927) is Roscoe Arbuckle, born in 1886. The director of "Special Delivery" (1927 fi'
2026-07-04 14:25:37,407 [INFO] core.evaluator_v2: [h2o] pred='Charles Wheatstone lived longer than Jean-Claude Lauzon.'
2026-07-04 14:25:37,414 [INFO] core.evaluator_v2:   [40/50] avg=23.36
2026-07-04 14:25:40,294 [INFO] core.evaluator_v2: [h2o] pred='The text indicates that Howard Lake (British Columbia) and North Buck Lake (Alberta) are located in the same country, wh'
2026-07-04 14:25:45,929 [INFO] core.evaluator_v2: [h2o] pred='No, they do not share the same nationality. The director of "Betrayal" (1932) is Reginald Fogwell, a British director. T'
2026-07-04 14:25:54,294 [INFO] core.evaluator_v2: [h2o] pred='No, Beauty and the Bad Man and Wild Child (Film) do not have directors from the same country. Beauty and the Bad Man was'
2026-07-04 14:25:58,365 [INFO] core.evaluator_v2: [h2o] pred="The place of birth of Ratna Malla's father is not specified in the text."
2026-07-04 14:26:01,937 [INFO] core.evaluator_v2: [h2o] pred="The place of birth of Aleksey Greig's father is Inverkeithing, Fife, Scotland."
2026-07-04 14:26:01,940 [INFO] core.evaluator_v2:   [45/50] avg=21.23
2026-07-04 14:26:09,095 [INFO] core.evaluator_v2: [h2o] pred='The mother of the director of the film "Atomised" is not explicitly mentioned in the provided text. However, the text me'
2026-07-04 14:26:11,012 [INFO] core.evaluator_v2: [h2o] pred='No. Ding Yaping is Chinese and German, while Johann Christian Gustav Lucae is German.'
2026-07-04 14:26:14,102 [INFO] core.evaluator_v2: [h2o] pred="Helena Carroll's father studied at the Central School of Speech and Drama in London."
2026-07-04 14:26:16,418 [INFO] core.evaluator_v2: [h2o] pred='Space Probe Taurus.'
2026-07-04 14:26:18,483 [INFO] core.evaluator_v2: [h2o] pred='The Pyrammmid came out first.'
2026-07-04 14:26:18,484 [INFO] core.evaluator_v2:   [50/50] avg=19.11
2026-07-04 14:26:18,484 [INFO] __main__:   → score=19.11, mem_red=80.0%, ttft=1327.3ms
2026-07-04 14:26:18,485 [INFO] __main__: 
  Task: gov_report
2026-07-04 14:26:18,486 [INFO] core.evaluator_v2: [h2o] gov_report (50샘플, budget=20%)
2026-07-04 14:26:40,766 [INFO] core.evaluator_v2: [h2o] pred='The National Science Foundation (NSF) has been tasked with developing a comprehensive workforce strategy to balance the '
2026-07-04 14:26:56,452 [INFO] core.evaluator_v2: [h2o] pred='The Federal Information Security Management Act (FISMA) is a federal law that requires federal agencies to develop, docu'
2026-07-04 14:26:56,996 [WARNING] core.model_loader: Input length 51949 > max 16000, truncating...
2026-07-04 14:27:14,739 [INFO] core.evaluator_v2: [h2o] pred='The United States and China have a complex and evolving relationship regarding military and surveillance activities in t'
2026-07-04 14:27:15,337 [WARNING] core.model_loader: Input length 28135 > max 16000, truncating...
2026-07-04 14:27:41,400 [INFO] core.evaluator_v2: [h2o] pred='The Environmental Protection Agency (EPA) has received consistent funding for its Water Infrastructure and Environmental'
2026-07-04 14:28:05,055 [INFO] core.evaluator_v2: [h2o] pred='**Summary of the GAO Report on the Department of Homeland Security (DHS) Financial Management System Modernization Proje'
2026-07-04 14:28:05,095 [INFO] core.evaluator_v2:   [5/50] avg=16.17
2026-07-04 14:28:32,013 [INFO] core.evaluator_v2: [h2o] pred='**Summary of the GAO Report on Federal Cybersecurity and Information Security in the Federal Government**\n\n**Key Finding'
2026-07-04 14:28:47,909 [INFO] core.evaluator_v2: [h2o] pred='The Small Business Administration (SBA) has established federal procurement goals to promote small business participatio'
2026-07-04 14:28:48,508 [WARNING] core.model_loader: Input length 19434 > max 16000, truncating...
2026-07-04 14:29:15,264 [INFO] core.evaluator_v2: [h2o] pred='The Department of Defense (DOD) has issued a report on the use of cost-sharing in other transaction agreements (OTAs) fo'
2026-07-04 14:29:40,082 [INFO] core.evaluator_v2: [h2o] pred='**Summary of the Report on the Role of Cash in the Economy and the Transition to a Cashless Society**\n\nThe report explor'
2026-07-04 14:29:40,828 [WARNING] core.model_loader: Input length 41630 > max 16000, truncating...
2026-07-04 14:29:58,649 [INFO] core.evaluator_v2: [h2o] pred='The Department of Homeland Security (DHS) has been working to improve its acquisition management practices through the *'
2026-07-04 14:29:58,671 [INFO] core.evaluator_v2:   [10/50] avg=15.10
2026-07-04 14:30:20,282 [INFO] core.evaluator_v2: [h2o] pred='The following is a summary of the key points from the provided text:\n\n1. **Budget Authority and Obligations**: \n   - Fed'
2026-07-04 14:30:42,275 [INFO] core.evaluator_v2: [h2o] pred='The summary of the text is as follows:\n\nThe text discusses the process of land acquisition and disposal in the United St'
2026-07-04 14:31:05,388 [INFO] core.evaluator_v2: [h2o] pred='The Black Lung Disability Trust Fund (Trust Fund) is a federal program that provides medical and financial assistance to'
2026-07-04 14:31:26,638 [INFO] core.evaluator_v2: [h2o] pred='The United States has long been a leading global donor of foreign aid, with its foreign assistance programs playing a si'
2026-07-04 14:31:55,879 [INFO] core.evaluator_v2: [h2o] pred='The Office of Surface Mining Reclamation and Enforcement (OSMRE) has issued a policy advisory in August 2016, which stat'
2026-07-04 14:31:55,916 [INFO] core.evaluator_v2:   [15/50] avg=16.04
2026-07-04 14:32:21,824 [INFO] core.evaluator_v2: [h2o] pred="The Public Safety Officers' Benefits Improvement Act (PSOEA) provides for the payment of benefits to the spouse or child"
2026-07-04 14:32:46,949 [INFO] core.evaluator_v2: [h2o] pred='The U.S. federal government has a 2014 report that outlines selected funding mechanisms and considerations for each mech'
2026-07-04 14:32:51,230 [INFO] core.evaluator_v2: [h2o] pred='The document is a work of the United States government and is not subject to copyright protection in the United States. '
2026-07-04 14:33:12,487 [INFO] core.evaluator_v2: [h2o] pred='The 2019 Congressional Budget and Appropriations Process for the U.S. International Trade Commission (ITC) and the U.S. '
2026-07-04 14:33:38,328 [INFO] core.evaluator_v2: [h2o] pred='The Black Lung Disability Trust Fund (BLDTF) is a federal trust fund established to pay benefits to miners and their sur'
2026-07-04 14:33:38,352 [INFO] core.evaluator_v2:   [20/50] avg=15.46
2026-07-04 14:34:09,051 [INFO] core.evaluator_v2: [h2o] pred='**Summary of the Report:**\n\nThe U.S. Government Accountability Office (GAO) conducted a comprehensive analysis of demogr'
2026-07-04 14:34:34,356 [INFO] core.evaluator_v2: [h2o] pred='**Summary of the Report on Federal Oversight of Internet Privacy and Data Security**\n\n**Key Findings and Recommendations'
2026-07-04 14:34:58,616 [INFO] core.evaluator_v2: [h2o] pred='**Summary of the GAO Report on Early Withdrawals from Retirement Savings**\n\nThe U.S. Government Accountability Office (G'
2026-07-04 14:35:12,326 [INFO] core.evaluator_v2: [h2o] pred='The Office of Management and Budget (OMB) has issued a guidance document that outlines the roles and responsibilities of'
2026-07-04 14:35:25,650 [INFO] core.evaluator_v2: [h2o] pred='The report is a comprehensive analysis of the financial and operational challenges faced by the United States Postal Ser'
2026-07-04 14:35:25,675 [INFO] core.evaluator_v2:   [25/50] avg=15.82
2026-07-04 14:35:53,304 [INFO] core.evaluator_v2: [h2o] pred='**Summary:**\n\nThe document discusses several key aspects of housing and tax policies in the United States, focusing on N'
2026-07-04 14:36:19,907 [INFO] core.evaluator_v2: [h2o] pred='The National Popular Vote (NPV) initiative, which seeks to replace the Electoral College with a system where the Preside'
2026-07-04 14:36:44,991 [INFO] core.evaluator_v2: [h2o] pred='The Department of Energy (DOE) manages a wide range of nuclear weapons and energy-related programs, including the **Nucl'
2026-07-04 14:36:59,732 [INFO] core.evaluator_v2: [h2o] pred='The General Services Administration (GSA) and the Office of Management and Budget (OMB) have implemented a policy to red'
2026-07-04 14:37:21,441 [INFO] core.evaluator_v2: [h2o] pred="The analysis of NCA's cost-estimating guidance for cemetery construction projects reveals that it does not fully incorpo"
2026-07-04 14:37:21,494 [INFO] core.evaluator_v2:   [30/50] avg=15.53
2026-07-04 14:37:47,069 [INFO] core.evaluator_v2: [h2o] pred='**Summary of the Financial Technology (Fintech) and Banking Regulatory Landscape in the United States**\n\nThe U.S. financ'
2026-07-04 14:38:07,260 [INFO] core.evaluator_v2: [h2o] pred='**Summary of the Report on the European Reassurance Initiative (ERI) and the Department of Defense (DOD) Funding and Pla'
2026-07-04 14:38:25,261 [INFO] core.evaluator_v2: [h2o] pred='This report provides an analysis of the compliance of lobbyists and lobbying firms with the Lobbying Disclosure Act (LDA'
2026-07-04 14:38:50,717 [INFO] core.evaluator_v2: [h2o] pred="**Summary of the Audit Report on Puerto Rico's Financial Condition and Debt Levels**\n\nThe U.S. Government Accountability"
2026-07-04 14:39:18,370 [INFO] core.evaluator_v2: [h2o] pred='The Small Business Lending Fund (SBLF) was established under the Small Business Jobs Act of 2010 to provide temporary ca'
2026-07-04 14:39:18,407 [INFO] core.evaluator_v2:   [35/50] avg=15.61
2026-07-04 14:39:42,461 [INFO] core.evaluator_v2: [h2o] pred='**Summary of GAO Report on WMATA’s Capital Planning and Track Preventive Maintenance Program**\n\n**Key Findings and Recom'
2026-07-04 14:39:55,233 [INFO] core.evaluator_v2: [h2o] pred="The minority leader in the House of Representatives plays a critical role in representing the minority party's interests"
2026-07-04 14:40:16,221 [INFO] core.evaluator_v2: [h2o] pred='The U.S. Department of Education (ED) has established a comprehensive framework to ensure that institutions of higher ed'
2026-07-04 14:40:16,641 [WARNING] core.model_loader: Input length 18482 > max 16000, truncating...
2026-07-04 14:40:43,377 [INFO] core.evaluator_v2: [h2o] pred='**Summary:**\n\nThe Department of Homeland Security (DHS) and the Secret Service have implemented several IT acquisition a'
2026-07-04 14:41:03,143 [INFO] core.evaluator_v2: [h2o] pred='The summary of the document is as follows:\n\nThe document discusses the role of the U.S. government in the development of'
2026-07-04 14:41:03,171 [INFO] core.evaluator_v2:   [40/50] avg=15.88
2026-07-04 14:41:15,783 [INFO] core.evaluator_v2: [h2o] pred='The following is a summary of the provided text, which is a detailed report on the management of neonatal abstinence syn'
2026-07-04 14:41:36,863 [INFO] core.evaluator_v2: [h2o] pred='The U.S. Navy and the Missile Defense Agency (MDA) are working to enhance the U.S. missile defense system, with a focus '
2026-07-04 14:41:56,176 [INFO] core.evaluator_v2: [h2o] pred='The proposed U.S.-Mexico-Canada Agreement (USMCA) includes provisions on digital trade and data privacy, aiming to balan'
2026-07-04 14:41:56,621 [WARNING] core.model_loader: Input length 22562 > max 16000, truncating...
2026-07-04 14:42:20,377 [INFO] core.evaluator_v2: [h2o] pred='The U.S. Congress has passed several key legislative acts and reports related to military sexual assault and the Departm'
2026-07-04 14:42:40,643 [INFO] core.evaluator_v2: [h2o] pred='The Department of Commerce generally agreed with our findings regarding the improvements the Census Bureau has made in i'
2026-07-04 14:42:40,675 [INFO] core.evaluator_v2:   [45/50] avg=15.90
2026-07-04 14:42:41,070 [WARNING] core.model_loader: Input length 18237 > max 16000, truncating...
2026-07-04 14:43:00,560 [INFO] core.evaluator_v2: [h2o] pred='The report highlights the significant impacts of climate change on migration and displacement in the Pacific Islands, pa'
2026-07-04 14:43:20,018 [INFO] core.evaluator_v2: [h2o] pred='The U.S. Postal Service (USPS) has identified a need to improve its scanning performance for competitive products, which'
2026-07-04 14:43:38,373 [INFO] core.evaluator_v2: [h2o] pred='The report is available at no charge on the GAO website at http://www.gao.gov. If you or your staff have any questions a'
2026-07-04 14:43:58,258 [INFO] core.evaluator_v2: [h2o] pred="The Federal Government's use of heavy equipment in the 24 CFO Act agencies was analyzed to determine the extent to which"
2026-07-04 14:44:17,227 [INFO] core.evaluator_v2: [h2o] pred="**Summary of the Report on the Afghan National Defense and Security Forces (ANDSF) and the U.S. Military's Support for T"
2026-07-04 14:44:17,251 [INFO] core.evaluator_v2:   [50/50] avg=16.27
2026-07-04 14:44:17,251 [INFO] __main__:   → score=16.27, mem_red=80.0%, ttft=1588.8ms
2026-07-04 14:44:17,255 [INFO] __main__: 
  Task: qmsum
2026-07-04 14:44:17,257 [INFO] core.evaluator_v2: [h2o] qmsum (50샘플, budget=20%)
2026-07-04 14:44:25,717 [INFO] core.evaluator_v2: [h2o] pred='The team is discussing the design of a new remote control device, focusing on making it more user-friendly, stylish, and'
2026-07-04 14:44:43,866 [INFO] core.evaluator_v2: [h2o] pred='The meeting concluded with the team agreeing on the following key points for the new remote control device:\n\n1. **Design'
2026-07-04 14:44:56,364 [INFO] core.evaluator_v2: [h2o] pred='The conversation between the professors and students discusses the planning and organization of a research project invol'
2026-07-04 14:45:07,759 [INFO] core.evaluator_v2: [h2o] pred="The meeting concluded with a discussion on the project's presentation and the challenges faced during the design and mar"
2026-07-04 14:45:29,103 [INFO] core.evaluator_v2: [h2o] pred='The team is discussing the design and features of a new remote control device, focusing on the following key points:\n\n1.'
2026-07-04 14:45:29,114 [INFO] core.evaluator_v2:   [5/50] avg=7.26
2026-07-04 14:45:29,644 [WARNING] core.model_loader: Input length 18386 > max 16000, truncating...
2026-07-04 14:45:42,675 [INFO] core.evaluator_v2: [h2o] pred='The conversation between the professors and students discusses the development and evaluation of a neural network model '
2026-07-04 14:45:43,162 [WARNING] core.model_loader: Input length 18553 > max 16000, truncating...
2026-07-04 14:45:56,332 [INFO] core.evaluator_v2: [h2o] pred='The discussion revolves around a group of students and professors discussing the development of a belief-net system for '
2026-07-04 14:45:56,835 [WARNING] core.model_loader: Input length 16224 > max 16000, truncating...
2026-07-04 14:46:21,628 [INFO] core.evaluator_v2: [h2o] pred='The Welsh Government has introduced a new childcare and early education scheme, the **Childcare and Early Years (Welsh) '
2026-07-04 14:46:22,271 [WARNING] core.model_loader: Input length 16924 > max 16000, truncating...
2026-07-04 14:46:33,694 [INFO] core.evaluator_v2: [h2o] pred='The conversation discusses the performance of different machine learning models, specifically comparing a hybrid system '
2026-07-04 14:46:46,569 [INFO] core.evaluator_v2: [h2o] pred='The discussion revolves around the design and functionality of a universal remote control that can perform multiple acti'
2026-07-04 14:46:46,572 [INFO] core.evaluator_v2:   [10/50] avg=6.49
2026-07-04 14:46:46,925 [WARNING] core.model_loader: Input length 16844 > max 16000, truncating...
2026-07-04 14:47:07,327 [INFO] core.evaluator_v2: [h2o] pred='The meeting is about discussing the setup and use of wireless microphones for a conference, with a focus on echo cancell'
2026-07-04 14:47:07,811 [WARNING] core.model_loader: Input length 16224 > max 16000, truncating...
2026-07-04 14:47:32,595 [INFO] core.evaluator_v2: [h2o] pred='The Welsh Government has introduced a new childcare and early education scheme, the **Childcare and Early Years (Welsh) '
2026-07-04 14:47:53,855 [INFO] core.evaluator_v2: [h2o] pred='The committee heard from Julie Morgan, the Welsh Minister for Children, and Nicola Edwards, the Welsh Minister for Econo'
2026-07-04 14:48:05,168 [INFO] core.evaluator_v2: [h2o] pred='The meeting concluded with a positive and productive discussion about the banana-shaped remote control device, which was'
2026-07-04 14:48:26,975 [INFO] core.evaluator_v2: [h2o] pred='The team is discussing the design and features of a new remote control device, focusing on the following key points:\n\n1.'
2026-07-04 14:48:26,981 [INFO] core.evaluator_v2:   [15/50] avg=6.81
2026-07-04 14:48:44,024 [INFO] core.evaluator_v2: [h2o] pred='The meeting concluded with a discussion on the design and functionality of a new remote control device for a television '
2026-07-04 14:48:56,643 [INFO] core.evaluator_v2: [h2o] pred='The discussion revolves around the design and functionality of a universal remote control that can perform multiple acti'
2026-07-04 14:48:56,910 [WARNING] core.model_loader: Input length 16844 > max 16000, truncating...
2026-07-04 14:49:17,322 [INFO] core.evaluator_v2: [h2o] pred='The meeting is about discussing the setup and use of wireless microphones for a conference, with a focus on echo cancell'
2026-07-04 14:49:29,743 [INFO] core.evaluator_v2: [h2o] pred='The meeting concluded with a discussion about the usefulness of a digital whiteboard and its potential for sketching and'
2026-07-04 14:49:30,362 [WARNING] core.model_loader: Input length 16224 > max 16000, truncating...
2026-07-04 14:49:55,355 [INFO] core.evaluator_v2: [h2o] pred='The Welsh Government has introduced a new childcare and early education scheme, the **Childcare and Early Years (Welsh) '
2026-07-04 14:49:55,361 [INFO] core.evaluator_v2:   [20/50] avg=7.21
2026-07-04 14:50:14,905 [INFO] core.evaluator_v2: [h2o] pred='The team has completed the project evaluation and decided to proceed with the following plan:\n\n1. **Project Manager**: T'
2026-07-04 14:50:15,408 [WARNING] core.model_loader: Input length 25564 > max 16000, truncating...
2026-07-04 14:50:29,990 [INFO] core.evaluator_v2: [h2o] pred='The government has been working to ensure that long-term care homes in Canada are providing adequate care for seniors, w'
2026-07-04 14:50:30,631 [WARNING] core.model_loader: Input length 18386 > max 16000, truncating...
2026-07-04 14:50:43,691 [INFO] core.evaluator_v2: [h2o] pred='The conversation between the professors and students discusses the development and evaluation of a neural network model '
2026-07-04 14:50:54,583 [INFO] core.evaluator_v2: [h2o] pred="The meeting concluded with a discussion on the project's presentation and the challenges faced during the design and mar"
2026-07-04 14:51:01,299 [INFO] core.evaluator_v2: [h2o] pred='The project team has completed the design and development of a new product, which is a combination of a regular chip and'
2026-07-04 14:51:01,316 [INFO] core.evaluator_v2:   [25/50] avg=7.53
2026-07-04 14:51:20,050 [INFO] core.evaluator_v2: [h2o] pred='The team is discussing the design and features of a new remote control device, focusing on the following key points:\n\n1.'
2026-07-04 14:51:39,368 [INFO] core.evaluator_v2: [h2o] pred='The team has completed the project evaluation and decided to proceed with the following plan:\n\n1. **Project Manager**: T'
2026-07-04 14:51:39,814 [WARNING] core.model_loader: Input length 18553 > max 16000, truncating...
2026-07-04 14:51:53,015 [INFO] core.evaluator_v2: [h2o] pred='The discussion revolves around a group of students and professors discussing the development of a belief-net system for '
2026-07-04 14:52:04,642 [INFO] core.evaluator_v2: [h2o] pred='The discussion revolves around the development of a new remote control for a television that incorporates voice recognit'
2026-07-04 14:52:17,290 [INFO] core.evaluator_v2: [h2o] pred='The discussion revolves around the design and functionality of a universal remote control that can perform multiple acti'
2026-07-04 14:52:17,296 [INFO] core.evaluator_v2:   [30/50] avg=7.74
2026-07-04 14:52:35,357 [INFO] core.evaluator_v2: [h2o] pred='The meeting concluded with the team agreeing on the following key points for the new remote control device:\n\n1. **Design'
2026-07-04 14:52:35,735 [WARNING] core.model_loader: Input length 30305 > max 16000, truncating...
2026-07-04 14:53:00,553 [INFO] core.evaluator_v2: [h2o] pred='The Acting Chair (Mr. Bruce Stanton): The honourable member for Rimouski-Neigette-Timiskaming will now have 5 minutes.  '
2026-07-04 14:53:25,809 [INFO] core.evaluator_v2: [h2o] pred='The team is discussing the design of a remote control for a new television, focusing on the placement and functionality '
2026-07-04 14:53:47,014 [INFO] core.evaluator_v2: [h2o] pred='The committee heard from Julie Morgan, the Welsh Minister for Children, and Nicola Edwards, the Welsh Minister for Econo'
2026-07-04 14:53:58,037 [INFO] core.evaluator_v2: [h2o] pred='In this conversation, PhD student PhD B discusses their research on Hidden Markov Models (HMMs) for digit recognition, f'
2026-07-04 14:53:58,040 [INFO] core.evaluator_v2:   [35/50] avg=7.76
2026-07-04 14:54:17,468 [INFO] core.evaluator_v2: [h2o] pred='The team has completed the project evaluation and decided to proceed with the following plan:\n\n1. **Project Manager**: T'
2026-07-04 14:54:42,073 [INFO] core.evaluator_v2: [h2o] pred='The team has completed the project evaluation and decided to proceed with the following plan:\n\n1. **Project Manager**: T'
2026-07-04 14:54:42,619 [WARNING] core.model_loader: Input length 30305 > max 16000, truncating...
2026-07-04 14:55:10,685 [INFO] core.evaluator_v2: [h2o] pred='The Acting Chair (Mr. Bruce Stanton): The honourable member for Rimouski-Neigette-Timiskaming will now have 5 minutes.  '
2026-07-04 14:55:24,434 [INFO] core.evaluator_v2: [h2o] pred='The meeting concluded with a positive and productive discussion about the banana-shaped remote control device, which was'
2026-07-04 14:55:53,131 [INFO] core.evaluator_v2: [h2o] pred='The meeting concluded with the team agreeing on the following key points for the new remote control device:\n\n1. **Design'
2026-07-04 14:55:53,142 [INFO] core.evaluator_v2:   [40/50] avg=7.78
2026-07-04 14:56:27,097 [INFO] core.evaluator_v2: [h2o] pred='The team is discussing the design and features of a new remote control device, focusing on the following key points:\n\n1.'
2026-07-04 14:56:59,410 [INFO] core.evaluator_v2: [h2o] pred='The committee heard from Julie Morgan, the Welsh Minister for Children, and Nicola Edwards, the Welsh Minister for Econo'
2026-07-04 14:57:14,131 [INFO] core.evaluator_v2: [h2o] pred='The meeting concluded with a discussion about the usefulness of a digital whiteboard and its potential for sketching and'
2026-07-04 14:57:35,875 [INFO] core.evaluator_v2: [h2o] pred='The project focuses on developing a **remote control device** that uses **speech recognition and gesture control** to in'
2026-07-04 14:57:47,558 [INFO] core.evaluator_v2: [h2o] pred='In this conversation, PhD student PhD B discusses their research on Hidden Markov Models (HMMs) for digit recognition, f'
2026-07-04 14:57:47,560 [INFO] core.evaluator_v2:   [45/50] avg=7.53
2026-07-04 14:57:58,677 [INFO] core.evaluator_v2: [h2o] pred='The project team is discussing the development of a new universal remote control device that combines the functionality '
2026-07-04 14:58:10,417 [INFO] core.evaluator_v2: [h2o] pred='The project team is discussing the development of a new universal remote control device that combines the functionality '
2026-07-04 14:58:21,614 [INFO] core.evaluator_v2: [h2o] pred='The team is discussing the design of a new remote control device, focusing on making it more user-friendly, stylish, and'
2026-07-04 14:58:35,231 [INFO] core.evaluator_v2: [h2o] pred='The meeting concluded with a discussion about the usefulness of a digital whiteboard and its potential for sketching and'
2026-07-04 14:58:59,358 [INFO] core.evaluator_v2: [h2o] pred='The committee heard from Julie Morgan, the Welsh Minister for Children, and Nicola Edwards, the Welsh Minister for Econo'
2026-07-04 14:58:59,365 [INFO] core.evaluator_v2:   [50/50] avg=7.73
2026-07-04 14:58:59,365 [INFO] __main__:   → score=7.73, mem_red=80.0%, ttft=1943.7ms
2026-07-04 14:58:59,366 [INFO] __main__: 
────────────────────────────────────────────────────────────
2026-07-04 14:58:59,366 [INFO] __main__: Method: SNAPKV | Budget: 20%
2026-07-04 14:58:59,367 [INFO] __main__: ────────────────────────────────────────────────────────────
2026-07-04 14:58:59,367 [INFO] __main__: 
  Task: narrativeqa
2026-07-04 14:58:59,367 [INFO] core.evaluator_v2: [snapkv] narrativeqa (50샘플, budget=20%)
2026-07-04 14:59:00,012 [WARNING] core.model_loader: Input length 23148 > max 16000, truncating...
2026-07-04 14:59:07,299 [INFO] core.evaluator_v2: [snapkv] pred='Daisy encountered Jim in the town of **Cincinnati**.'
2026-07-04 14:59:17,760 [INFO] core.evaluator_v2: [snapkv] pred='Socrates ultimately decides it is unjust to escape because he believes in obeying the laws of the state, even when they '
2026-07-04 14:59:18,494 [WARNING] core.model_loader: Input length 37016 > max 16000, truncating...
2026-07-04 14:59:28,671 [INFO] core.evaluator_v2: [snapkv] pred='The story is set in the medieval kingdom of Germany, with key locations including the castle of Drachenhausen, the bridg'
2026-07-04 14:59:29,385 [WARNING] core.model_loader: Input length 37014 > max 16000, truncating...
2026-07-04 14:59:36,602 [INFO] core.evaluator_v2: [snapkv] pred='Baron Conrad killed Baron Henry of Roderburg.'
2026-07-04 14:59:37,318 [WARNING] core.model_loader: Input length 46744 > max 16000, truncating...
2026-07-04 14:59:47,151 [INFO] core.evaluator_v2: [snapkv] pred="The ghost that emerged from a painting at Dana's workplace was **Vigo**, a powerful and menacing figure who was revealed"
2026-07-04 14:59:47,153 [INFO] core.evaluator_v2:   [5/50] avg=8.24
2026-07-04 14:59:47,867 [WARNING] core.model_loader: Input length 46746 > max 16000, truncating...
2026-07-04 14:59:55,419 [INFO] core.evaluator_v2: [snapkv] pred="The first person to fall under Vigo's spell is **Janosz**."
2026-07-04 14:59:56,117 [WARNING] core.model_loader: Input length 64167 > max 16000, truncating...
2026-07-04 15:00:03,396 [INFO] core.evaluator_v2: [snapkv] pred="Clifford's profession is a **cop**."
2026-07-04 15:00:10,131 [INFO] core.evaluator_v2: [snapkv] pred="Mr. and Mrs. Vervelle live in a villa in Ville d'Avray."
2026-07-04 15:00:14,456 [INFO] core.evaluator_v2: [snapkv] pred='The Witch threw the coffin into a ditch.'
2026-07-04 15:00:15,369 [WARNING] core.model_loader: Input length 31340 > max 16000, truncating...
2026-07-04 15:00:27,834 [INFO] core.evaluator_v2: [snapkv] pred='Frank Saltram is a wealthy man who is the owner of the Coxon Fund, a financial institution. He is described as a "fine t'
2026-07-04 15:00:27,837 [INFO] core.evaluator_v2:   [10/50] avg=12.53
2026-07-04 15:00:35,337 [INFO] core.evaluator_v2: [snapkv] pred='Mortimer Tregennis was estranged from his siblings due to a family quarrel about money.'
2026-07-04 15:00:35,999 [WARNING] core.model_loader: Input length 16515 > max 16000, truncating...
2026-07-04 15:00:47,182 [INFO] core.evaluator_v2: [snapkv] pred='The unique aspect of the phonetic spelling of the "future" article that discussed Beerbohm\'s story is that it is spelled'
2026-07-04 15:00:47,927 [WARNING] core.model_loader: Input length 31069 > max 16000, truncating...
2026-07-04 15:00:55,161 [INFO] core.evaluator_v2: [snapkv] pred='Death is disguised as a chess game.'
2026-07-04 15:00:55,877 [WARNING] core.model_loader: Input length 31342 > max 16000, truncating...
2026-07-04 15:01:03,325 [INFO] core.evaluator_v2: [snapkv] pred='Lady Coxon is the mother of Ruth Anvoy.'
2026-07-04 15:01:04,158 [WARNING] core.model_loader: Input length 36325 > max 16000, truncating...
2026-07-04 15:01:11,426 [INFO] core.evaluator_v2: [snapkv] pred='Rogers learned his battle knowledge during World War I.'
2026-07-04 15:01:11,429 [INFO] core.evaluator_v2:   [15/50] avg=14.84
2026-07-04 15:01:11,992 [WARNING] core.model_loader: Input length 36331 > max 16000, truncating...
2026-07-04 15:01:21,712 [INFO] core.evaluator_v2: [snapkv] pred='Anthony Rogers was working for the **Yellow Intelligence Division** in 1927. This is evident from the text, where he is '
2026-07-04 15:01:22,265 [WARNING] core.model_loader: Input length 19086 > max 16000, truncating...
2026-07-04 15:01:30,170 [INFO] core.evaluator_v2: [snapkv] pred='The boarder who realizes that none of the boarders like each other is **the tall one, the one of the private lessons**.'
2026-07-04 15:01:38,363 [INFO] core.evaluator_v2: [snapkv] pred='Holmes and Dr. Watson are in Cornwall because they are investigating a murder case, specifically the death of Mortimer T'
2026-07-04 15:01:38,842 [WARNING] core.model_loader: Input length 32917 > max 16000, truncating...
2026-07-04 15:01:49,661 [INFO] core.evaluator_v2: [snapkv] pred='The hidden message Reiko finds within the video is that the curse can be broken by making a copy of the video and showin'
2026-07-04 15:01:50,364 [WARNING] core.model_loader: Input length 37018 > max 16000, truncating...
2026-07-04 15:02:07,534 [INFO] core.evaluator_v2: [snapkv] pred='The story "Otto of the Silver Hand" by Howard Pyle explores several key themes, including:\n\n1. **Justice and Redemption*'
2026-07-04 15:02:07,536 [INFO] core.evaluator_v2:   [20/50] avg=11.79
2026-07-04 15:02:08,089 [WARNING] core.model_loader: Input length 32915 > max 16000, truncating...
2026-07-04 15:02:17,936 [INFO] core.evaluator_v2: [snapkv] pred='The teenagers were discussing a cursed videotape that could grant immortality to the viewer, but only if it was copied a'
2026-07-04 15:02:18,629 [WARNING] core.model_loader: Input length 60372 > max 16000, truncating...
2026-07-04 15:02:25,728 [INFO] core.evaluator_v2: [snapkv] pred='Bill worked as a fisherman.'
2026-07-04 15:02:32,248 [INFO] core.evaluator_v2: [snapkv] pred=''
2026-07-04 15:02:33,096 [WARNING] core.model_loader: Input length 37018 > max 16000, truncating...
2026-07-04 15:02:45,973 [INFO] core.evaluator_v2: [snapkv] pred='Otto is known for his **silver-hand** (or "Silver Hand") reputation, a symbol of his **pure, silver-tipped sword** and t'
2026-07-04 15:02:46,856 [WARNING] core.model_loader: Input length 19082 > max 16000, truncating...
2026-07-04 15:02:57,815 [INFO] core.evaluator_v2: [snapkv] pred='Leon focuses on observing and analyzing the behavior and characteristics of people, particularly in social and cultural '
2026-07-04 15:02:57,818 [INFO] core.evaluator_v2:   [25/50] avg=12.37
2026-07-04 15:03:04,826 [INFO] core.evaluator_v2: [snapkv] pred='The owner of the manor in the story is **Madame de Merret**, who is the wife of **Monsieur de Merret**. The story revolv'
2026-07-04 15:03:05,297 [WARNING] core.model_loader: Input length 32913 > max 16000, truncating...
2026-07-04 15:03:12,622 [INFO] core.evaluator_v2: [snapkv] pred="Reiko's job is to watch over the dead."
2026-07-04 15:03:21,860 [INFO] core.evaluator_v2: [snapkv] pred='Holmes observes that the fireplace had a "cleared" or "clean" appearance, indicating that the fire had been recently ten'
2026-07-04 15:03:31,876 [INFO] core.evaluator_v2: [snapkv] pred='Socrates compares citizens and the law to a master and his pupil, or a father and his child.  He argues that just as a f'
2026-07-04 15:03:45,837 [INFO] core.evaluator_v2: [snapkv] pred='La Grande Breteche is a **fictional place** in the story, representing a **symbolic or metaphorical setting**. It is the'
2026-07-04 15:03:45,841 [INFO] core.evaluator_v2:   [30/50] avg=12.06
2026-07-04 15:03:46,358 [WARNING] core.model_loader: Input length 32921 > max 16000, truncating...
2026-07-04 15:03:54,259 [INFO] core.evaluator_v2: [snapkv] pred='Reiko discovers that copying the tape and showing it to someone else breaks the curse.'
2026-07-04 15:03:59,692 [INFO] core.evaluator_v2: [snapkv] pred='Virginie.'
2026-07-04 15:04:05,457 [INFO] core.evaluator_v2: [snapkv] pred='Doctor Nordenfeld.'
2026-07-04 15:04:06,303 [WARNING] core.model_loader: Input length 32912 > max 16000, truncating...
2026-07-04 15:04:18,531 [INFO] core.evaluator_v2: [snapkv] pred='Tomoko is killed by Sadako in the well.  She is resurrected as a skeleton, and her body is found by Asakawa, who is then'
2026-07-04 15:04:22,030 [INFO] core.evaluator_v2: [snapkv] pred=''
2026-07-04 15:04:22,032 [INFO] core.evaluator_v2:   [35/50] avg=15.14
2026-07-04 15:04:23,628 [WARNING] core.model_loader: Input length 46740 > max 16000, truncating...
2026-07-04 15:04:31,054 [INFO] core.evaluator_v2: [snapkv] pred="Oscar is Dana's son."
2026-07-04 15:04:31,863 [WARNING] core.model_loader: Input length 37020 > max 16000, truncating...
2026-07-04 15:04:44,618 [INFO] core.evaluator_v2: [snapkv] pred="After Otto returns to his father's castle, he is greeted by his father, Baron Conrad of Vuelph of Drachenhausen, who is "
2026-07-04 15:04:45,201 [WARNING] core.model_loader: Input length 16508 > max 16000, truncating...
2026-07-04 15:04:56,766 [INFO] core.evaluator_v2: [snapkv] pred="T.K. Nupton thought that Enoch Soames was a **figment of the author's imagination**. He believed that Soames was not a r"
2026-07-04 15:04:57,591 [WARNING] core.model_loader: Input length 60369 > max 16000, truncating...
2026-07-04 15:05:04,822 [INFO] core.evaluator_v2: [snapkv] pred='The wealthy farmer in the text is **Bill**.'
2026-07-04 15:05:10,734 [INFO] core.evaluator_v2: [snapkv] pred='The art-dealer describes Grassou\'s skill level to Virginie\'s father as "a great artist."'
2026-07-04 15:05:10,737 [INFO] core.evaluator_v2:   [40/50] avg=14.55
2026-07-04 15:05:32,476 [INFO] core.evaluator_v2: [snapkv] pred='The Witch was able to perceive the beauty and inner strength of mankind, as well as the struggles and triumphs of indivi'
2026-07-04 15:05:32,961 [WARNING] core.model_loader: Input length 31386 > max 16000, truncating...
2026-07-04 15:05:42,013 [INFO] core.evaluator_v2: [snapkv] pred='Based on the text, when Mary was younger, her mother filled her free time by reading. The text mentions: "She frequently'
2026-07-04 15:05:49,570 [INFO] core.evaluator_v2: [snapkv] pred="The purpose of Crito's visit was to persuade Socrates to escape from prison, arguing that Socrates should disobey the At"
2026-07-04 15:05:50,100 [WARNING] core.model_loader: Input length 32918 > max 16000, truncating...
2026-07-04 15:05:57,628 [INFO] core.evaluator_v2: [snapkv] pred="The teens' faces were described as oddly placid when they died."
2026-07-04 15:05:58,645 [WARNING] core.model_loader: Input length 60367 > max 16000, truncating...
2026-07-04 15:06:06,274 [INFO] core.evaluator_v2: [snapkv] pred='Bill dies by being shot by Police Officers while trying to escape.'
2026-07-04 15:06:06,282 [INFO] core.evaluator_v2:   [45/50] avg=13.96
2026-07-04 15:06:07,830 [WARNING] core.model_loader: Input length 31344 > max 16000, truncating...
2026-07-04 15:06:18,957 [INFO] core.evaluator_v2: [snapkv] pred='Gravener wants Ruth to destroy the letter containing the money from The Coxon Fund.  He is concerned that the letter, wh'
2026-07-04 15:06:19,951 [WARNING] core.model_loader: Input length 64168 > max 16000, truncating...
2026-07-04 15:06:28,030 [INFO] core.evaluator_v2: [snapkv] pred="Alabama's son is not mentioned in the text. There is no information provided about Alabama's son or his birthplace."
2026-07-04 15:06:28,908 [WARNING] core.model_loader: Input length 31338 > max 16000, truncating...
2026-07-04 15:06:38,190 [INFO] core.evaluator_v2: [snapkv] pred="The text does not explicitly state Ruth Anvoy's nationality. However, based on the context and the names used, it is lik"
2026-07-04 15:06:39,119 [WARNING] core.model_loader: Input length 60368 > max 16000, truncating...
2026-07-04 15:06:46,184 [INFO] core.evaluator_v2: [snapkv] pred='Bill leaves Chicago with Abby.'
2026-07-04 15:06:57,964 [INFO] core.evaluator_v2: [snapkv] pred="The housekeeper's feet got wet during Holmes' visit because she was washing the dishes in the kitchen, and the water fro"
2026-07-04 15:06:57,966 [INFO] core.evaluator_v2:   [50/50] avg=13.14
2026-07-04 15:06:57,967 [INFO] __main__:   → score=13.14, mem_red=80.0%, ttft=2623.7ms
2026-07-04 15:06:57,967 [INFO] __main__: 
  Task: qasper
2026-07-04 15:06:57,968 [INFO] core.evaluator_v2: [snapkv] qasper (50샘플, budget=20%)
2026-07-04 15:07:13,093 [INFO] core.evaluator_v2: [snapkv] pred='The results from these proposed strategies are that both agents successfully pass the bottleneck corresponding to enteri'
2026-07-04 15:07:14,579 [INFO] core.evaluator_v2: [snapkv] pred='The encoder is a character-based encoder-decoder model.'
2026-07-04 15:07:16,505 [INFO] core.evaluator_v2: [snapkv] pred='The text does not mention the size of the Augmented LibriSpeech dataset.'
2026-07-04 15:07:17,755 [INFO] core.evaluator_v2: [snapkv] pred=''
2026-07-04 15:07:37,786 [INFO] core.evaluator_v2: [snapkv] pred='The LSTM models compared in the text are the 2-layer and 9-layer LSTM models. The 2-layer model is distilled from the 9-'
2026-07-04 15:07:37,787 [INFO] core.evaluator_v2:   [5/50] avg=1.40
2026-07-04 15:07:40,979 [INFO] core.evaluator_v2: [snapkv] pred='The datasets used for evaluation are the CNN/DailyMail, New York Times (NYT), and XSum datasets.'
2026-07-04 15:07:42,294 [INFO] core.evaluator_v2: [snapkv] pred=''
2026-07-04 15:07:48,700 [INFO] core.evaluator_v2: [snapkv] pred='The ancient Chinese dataset comes from the internet, where we collected an external ancient corpus containing 134M token'
2026-07-04 15:07:52,217 [INFO] core.evaluator_v2: [snapkv] pred='The baselines used for evaluation are: Pointer-Gen, Pointer-Gen+RL-ROUGE, Pointer-Gen+RL-SEN, and Pointer-Gen+ARL-SEN.'
2026-07-04 15:08:08,659 [INFO] core.evaluator_v2: [snapkv] pred='The Twitter dataset is crawled from a social media platform, and the data includes 1,000 Twitter threads. The dataset is'
2026-07-04 15:08:08,662 [INFO] core.evaluator_v2:   [10/50] avg=10.65
2026-07-04 15:08:10,026 [INFO] core.evaluator_v2: [snapkv] pred=''
2026-07-04 15:08:13,163 [INFO] core.evaluator_v2: [snapkv] pred=''
2026-07-04 15:08:16,205 [INFO] core.evaluator_v2: [snapkv] pred='The combination of rewards for reinforcement learning is the harmony of irony accuracy, sentiment preservation, and cont'
2026-07-04 15:08:19,330 [INFO] core.evaluator_v2: [snapkv] pred='The attention module is pretrained on the MT dataset.'
2026-07-04 15:08:21,718 [INFO] core.evaluator_v2: [snapkv] pred='The size of the dataset is 30.'
2026-07-04 15:08:21,719 [INFO] core.evaluator_v2:   [15/50] avg=13.89
2026-07-04 15:08:24,908 [INFO] core.evaluator_v2: [snapkv] pred='The datasets they evaluate on are the Penn Treebank (WSJ) and the Wall Street Journal (WSJ) corpus.'
2026-07-04 15:08:44,990 [INFO] core.evaluator_v2: [snapkv] pred='The previous methods compared to the BERT-QC model include:\n\n1. **SVM (Support Vector Machine)**: A traditional machine '
2026-07-04 15:08:46,168 [INFO] core.evaluator_v2: [snapkv] pred=''
2026-07-04 15:08:48,307 [INFO] core.evaluator_v2: [snapkv] pred='The 7 Indian languages they experiment with are: Hindi, Bengali, Tamil, Telugu, Kannada, and Malayalam.'
2026-07-04 15:08:54,354 [INFO] core.evaluator_v2: [snapkv] pred='The text mentions that the authors tested their method on **other tasks**, including **character-level text generation**'
2026-07-04 15:08:54,358 [INFO] core.evaluator_v2:   [20/50] avg=15.91
2026-07-04 15:09:14,315 [INFO] core.evaluator_v2: [snapkv] pred='The text describes a tagging scheme that is employed in the context of pun detection and location tasks. The tagging sch'
2026-07-04 15:09:33,705 [INFO] core.evaluator_v2: [snapkv] pred='The NLP tasks they consider are: (a) Class distribution, (b) LDA, (c) KL divergence, (d) Maximum entropy, (e) Unbalanced'
2026-07-04 15:09:35,729 [INFO] core.evaluator_v2: [snapkv] pred=''
2026-07-04 15:10:00,412 [INFO] core.evaluator_v2: [snapkv] pred='The text considers the following methods to find examples of biases and unwarranted inferences:\n\n1. **Manual detection o'
2026-07-04 15:10:13,760 [INFO] core.evaluator_v2: [snapkv] pred='The corpus consists of 53 documents, which are annotated with medical entities. The corpus is the first of its kind and '
2026-07-04 15:10:13,763 [INFO] core.evaluator_v2:   [25/50] avg=13.29
2026-07-04 15:10:16,644 [INFO] core.evaluator_v2: [snapkv] pred='An individual model consists of a Bayesian model for semantic role induction (SRI) that uses cross-lingual latent variab'
2026-07-04 15:10:18,403 [INFO] core.evaluator_v2: [snapkv] pred=''
2026-07-04 15:10:22,304 [INFO] core.evaluator_v2: [snapkv] pred='0.2862'
2026-07-04 15:10:42,888 [INFO] core.evaluator_v2: [snapkv] pred='The data presented to the subjects to elicit event-related responses was multimodal speech and articulated facial data. '
2026-07-04 15:11:05,704 [INFO] core.evaluator_v2: [snapkv] pred='The dataset is annotated with 7 feature groups, each of which is a set of potentially informative features for classifyi'
2026-07-04 15:11:05,724 [INFO] core.evaluator_v2:   [30/50] avg=12.23
2026-07-04 15:11:25,797 [INFO] core.evaluator_v2: [snapkv] pred='The text describes a process of reordering English sentences to match the word order of Indian languages. The process is'
2026-07-04 15:11:29,003 [INFO] core.evaluator_v2: [snapkv] pred='Yes, the text reports results on English data, specifically the FSD (social media) and Twitter datasets, which are Engli'
2026-07-04 15:11:29,937 [INFO] core.evaluator_v2: [snapkv] pred=''
2026-07-04 15:11:31,882 [INFO] core.evaluator_v2: [snapkv] pred=''
2026-07-04 15:11:35,077 [INFO] core.evaluator_v2: [snapkv] pred='The ensemble method works by averaging the predictions from the constituent single models. These single models were sele'
2026-07-04 15:11:35,079 [INFO] core.evaluator_v2:   [35/50] avg=11.41
2026-07-04 15:11:36,404 [INFO] core.evaluator_v2: [snapkv] pred='Yes, they use attention.'
2026-07-04 15:11:37,493 [INFO] core.evaluator_v2: [snapkv] pred=''
2026-07-04 15:12:00,950 [INFO] core.evaluator_v2: [snapkv] pred='No, they do not report results only on English data. The text is rich with studies aiming to obtain word embeddings that'
2026-07-04 15:12:09,253 [INFO] core.evaluator_v2: [snapkv] pred='The clinical datasets used in the paper are:\n\n1. **NUBES-PHI** (a corpus of Spanish medical reports with sensitive infor'
2026-07-04 15:12:10,422 [INFO] core.evaluator_v2: [snapkv] pred='Yes, the datasets for sentiment analysis are balanced.'
2026-07-04 15:12:10,424 [INFO] core.evaluator_v2:   [40/50] avg=11.08
2026-07-04 15:12:13,052 [INFO] core.evaluator_v2: [snapkv] pred='Based on the text, it is possible to convert a cloze-style questions to a naturally-looking questions. The text provides'
2026-07-04 15:12:16,437 [INFO] core.evaluator_v2: [snapkv] pred='The text uses four machine translation tasks for evaluation.'
2026-07-04 15:12:22,563 [INFO] core.evaluator_v2: [snapkv] pred='The text proposes the use of **context tweets** and **character-level features** as additional features and context in t'
2026-07-04 15:12:24,702 [INFO] core.evaluator_v2: [snapkv] pred='20,000'
2026-07-04 15:12:47,586 [INFO] core.evaluator_v2: [snapkv] pred='The text does not mention any specific Chinese datasets. The text discusses various datasets and models, but it does not'
2026-07-04 15:12:47,589 [INFO] core.evaluator_v2:   [45/50] avg=13.23
2026-07-04 15:12:56,036 [INFO] core.evaluator_v2: [snapkv] pred='The text discusses the use of **Logistic Regression** and a **Deep Learning model** (with **GloVe** embeddings) for Reco'
2026-07-04 15:12:58,380 [INFO] core.evaluator_v2: [snapkv] pred='The paper studies English.'
2026-07-04 15:12:59,630 [INFO] core.evaluator_v2: [snapkv] pred=''
2026-07-04 15:12:59,937 [WARNING] core.model_loader: Input length 20076 > max 16000, truncating...
2026-07-04 15:13:07,793 [INFO] core.evaluator_v2: [snapkv] pred='The ML methods aim to identify argument components such as claims, premises, backing, rebuttal, and refutation in user-g'
2026-07-04 15:13:10,045 [INFO] core.evaluator_v2: [snapkv] pred=''
2026-07-04 15:13:10,047 [INFO] core.evaluator_v2:   [50/50] avg=13.70
2026-07-04 15:13:10,048 [INFO] __main__:   → score=13.70, mem_red=80.0%, ttft=933.7ms
2026-07-04 15:13:10,050 [INFO] __main__: 
  Task: multifieldqa_en
2026-07-04 15:13:10,051 [INFO] core.evaluator_v2: [snapkv] multifieldqa_en (50샘플, budget=20%)
2026-07-04 15:13:10,992 [INFO] core.evaluator_v2: [snapkv] pred=''
2026-07-04 15:13:14,638 [INFO] core.evaluator_v2: [snapkv] pred='Yes, the denoiser can be applied to circuits with non-Clifford noise.'
2026-07-04 15:13:21,203 [INFO] core.evaluator_v2: [snapkv] pred='The generative interactive model used in the method is the **C-GDBN** (Coupled Generative Dynamic Bayesian Network).'
2026-07-04 15:13:29,035 [INFO] core.evaluator_v2: [snapkv] pred='An ICD (Implantable Cardioverter Defibrillator) is a device that is implanted in the chest to monitor and correct abnorm'
2026-07-04 15:13:31,895 [INFO] core.evaluator_v2: [snapkv] pred='The NLMS algorithm is engaged in the PLMS-PPIC method.'
2026-07-04 15:13:31,913 [INFO] core.evaluator_v2:   [5/50] avg=40.02
2026-07-04 15:13:33,254 [INFO] core.evaluator_v2: [snapkv] pred='The Profiles in Courage Award.'
2026-07-04 15:13:35,773 [INFO] core.evaluator_v2: [snapkv] pred=''
2026-07-04 15:13:42,319 [INFO] core.evaluator_v2: [snapkv] pred='The sticking point in the political showdown over the budget is whether the District of Columbia can spend its own local'
2026-07-04 15:13:44,294 [INFO] core.evaluator_v2: [snapkv] pred='The county seat of McPherson County is **McPherson**.'
2026-07-04 15:13:47,555 [INFO] core.evaluator_v2: [snapkv] pred='The new Iraqi Body Count organization provides cover for the war and allows supporters of the illegal war to point to it'
2026-07-04 15:13:47,557 [INFO] core.evaluator_v2:   [10/50] avg=37.16
2026-07-04 15:13:54,230 [INFO] core.evaluator_v2: [snapkv] pred="Accounting for path preference in the robot's belief update reduces the entropy of the intention distribution, leading t"
2026-07-04 15:14:01,280 [INFO] core.evaluator_v2: [snapkv] pred='The sides of the fuselage are sloped (tumbled home) to create a conical shape when the fuselage is bent and sloped. This'
2026-07-04 15:14:08,185 [INFO] core.evaluator_v2: [snapkv] pred='The court in *In re Ferguson* concluded that the transformation prong of the Bilski test was not met because the claimed'
2026-07-04 15:14:09,881 [INFO] core.evaluator_v2: [snapkv] pred='Answer: 1988.'
2026-07-04 15:14:16,425 [INFO] core.evaluator_v2: [snapkv] pred='Thalassemias are classified based on the globin chain affected. The two major categories are α-thalassemia and β-thalass'
2026-07-04 15:14:16,427 [INFO] core.evaluator_v2:   [15/50] avg=29.38
2026-07-04 15:14:37,663 [INFO] core.evaluator_v2: [snapkv] pred='The transition probability of the environment affects the learning rate in the static agent by increasing the learning r'
2026-07-04 15:14:44,099 [INFO] core.evaluator_v2: [snapkv] pred='The experimental techniques used to study the quantum dot structures in this research include low-temperature scanning t'
2026-07-04 15:14:46,525 [INFO] core.evaluator_v2: [snapkv] pred='Based on the text, the answer is:\n\nMargaret Way was born in Australia and died in Australia.'
2026-07-04 15:14:52,177 [INFO] core.evaluator_v2: [snapkv] pred='The two ground states observed for indeno[1,2-a]fluorene on NaCl surfaces are an open-shell (5OS) and a closed-shell (5p'
2026-07-04 15:15:04,830 [INFO] core.evaluator_v2: [snapkv] pred='The scoring engine generates a stream of content for the channel by:  \n1. **Categorizing** new content items from hetero'
2026-07-04 15:15:04,831 [INFO] core.evaluator_v2:   [20/50] avg=28.61
2026-07-04 15:15:12,268 [INFO] core.evaluator_v2: [snapkv] pred='The stability conditions for a solution of $-\\Delta u = f(u)$ are that the solution must satisfy certain integral condit'
2026-07-04 15:15:14,861 [INFO] core.evaluator_v2: [snapkv] pred='The text states that McPherson County is located in the state of Kansas.\n\nAnswer: McPherson County is located in the sta'
2026-07-04 15:15:21,120 [INFO] core.evaluator_v2: [snapkv] pred='The main focus of the research paper is to study the strong coupling limit of lattice QCD, with an emphasis on the chira'
2026-07-04 15:15:21,419 [WARNING] core.model_loader: Input length 16496 > max 16000, truncating...
2026-07-04 15:15:28,905 [INFO] core.evaluator_v2: [snapkv] pred='The security parameter for the AES-256 block cipher is 172 bits.'
2026-07-04 15:15:30,667 [INFO] core.evaluator_v2: [snapkv] pred='The most active fan club is the **Banants** fan club.'
2026-07-04 15:15:30,669 [INFO] core.evaluator_v2:   [25/50] avg=27.68
2026-07-04 15:15:32,119 [INFO] core.evaluator_v2: [snapkv] pred='Answer: 1981 (1981)'
2026-07-04 15:15:39,177 [INFO] core.evaluator_v2: [snapkv] pred='The interlayer Berry connection polarizability is significant because it provides the geometric origin of the crossed no'
2026-07-04 15:15:46,354 [INFO] core.evaluator_v2: [snapkv] pred='Wearable and ambient sensors, specifically those that can track physical activity levels and physiological outcomes such'
2026-07-04 15:15:49,262 [INFO] core.evaluator_v2: [snapkv] pred='Answer: One of Kam W. Leong\'s publications in Journal of Controlled Release is "Gene transfer to hepatocytes using a pol'
2026-07-04 15:15:57,335 [INFO] core.evaluator_v2: [snapkv] pred='The symptoms of vitamin K deficiency include coagulation disorders such as bleeding, jaundice, and a tendency to bleed, '
2026-07-04 15:15:57,337 [INFO] core.evaluator_v2:   [30/50] avg=25.96
2026-07-04 15:16:05,307 [INFO] core.evaluator_v2: [snapkv] pred="Subscriber agrees not to use Broadjam's servers or Website for illegal activities, excessive server overloading, or spam"
2026-07-04 15:16:07,863 [INFO] core.evaluator_v2: [snapkv] pred='The 2017 general election was held on 23 September 2017.'
2026-07-04 15:16:09,427 [INFO] core.evaluator_v2: [snapkv] pred=''
2026-07-04 15:16:11,814 [INFO] core.evaluator_v2: [snapkv] pred='Simon English became the leader of the National Party on 24 October 2017.'
2026-07-04 15:16:16,527 [INFO] core.evaluator_v2: [snapkv] pred='Governor Rick Scott cited privacy concerns and expressed skepticism about the effectiveness of the prescription drug mon'
2026-07-04 15:16:16,529 [INFO] core.evaluator_v2:   [35/50] avg=25.17
2026-07-04 15:16:19,580 [INFO] core.evaluator_v2: [snapkv] pred=''
2026-07-04 15:16:25,005 [INFO] core.evaluator_v2: [snapkv] pred='Craig wants to find his own place because he is looking for independence and a way to manage his own life without relyin'
2026-07-04 15:16:31,407 [INFO] core.evaluator_v2: [snapkv] pred='The decision to base the water rates on usage reflected a desire for fairness in how water is billed and used. It was a '
2026-07-04 15:16:49,816 [INFO] core.evaluator_v2: [snapkv] pred='Answer: McPherson County was established as a county in 1867.\n\nThe text says: "Pioneer Life and Lore of McPherson County'
2026-07-04 15:16:58,783 [INFO] core.evaluator_v2: [snapkv] pred='The proximity of superconductivity enhances the Kondo effect by introducing additional exchange mechanisms, such as CAR '
2026-07-04 15:16:58,784 [INFO] core.evaluator_v2:   [40/50] avg=22.68
2026-07-04 15:17:03,144 [INFO] core.evaluator_v2: [snapkv] pred='Peter.'
2026-07-04 15:17:10,815 [INFO] core.evaluator_v2: [snapkv] pred='At dawn or dusk, the high resolution of what we focus on diminishes. This is because the light is less intense, and our '
2026-07-04 15:17:14,821 [INFO] core.evaluator_v2: [snapkv] pred='The Director is responsible for carrying out the functions assigned under the act.'
2026-07-04 15:17:21,240 [INFO] core.evaluator_v2: [snapkv] pred='Ferromagnetic semiconductors have potential applications in spintronics, magnetic memory devices, and magnetic sensors d'
2026-07-04 15:17:28,053 [INFO] core.evaluator_v2: [snapkv] pred=''
2026-07-04 15:17:28,054 [INFO] core.evaluator_v2:   [45/50] avg=24.06
2026-07-04 15:17:31,694 [INFO] core.evaluator_v2: [snapkv] pred='Yes, DUO contains more instances per image than COCO.'
2026-07-04 15:17:33,874 [INFO] core.evaluator_v2: [snapkv] pred='The population of McPherson County according to the 2020 census was 11,205.'
2026-07-04 15:17:35,521 [INFO] core.evaluator_v2: [snapkv] pred='The paper was published in 2022.'
2026-07-04 15:17:37,495 [INFO] core.evaluator_v2: [snapkv] pred='The first white settlement in McPherson County was **"Filler\'s Ranch"**.\n\n**Answer:** Filler\'s Ranch.'
2026-07-04 15:17:56,325 [INFO] core.evaluator_v2: [snapkv] pred='The factors that control the reliance of artificial organisms on plasticity are:\n\n1. Environmental fluctuation and uncer'
2026-07-04 15:17:56,327 [INFO] core.evaluator_v2:   [50/50] avg=25.43
2026-07-04 15:17:56,328 [INFO] __main__:   → score=25.43, mem_red=80.0%, ttft=1383.5ms
2026-07-04 15:17:56,328 [INFO] __main__: 
  Task: hotpotqa
2026-07-04 15:17:56,329 [INFO] core.evaluator_v2: [snapkv] hotpotqa (50샘플, budget=20%)
2026-07-04 15:17:56,680 [WARNING] core.model_loader: Input length 17130 > max 16000, truncating...
2026-07-04 15:18:03,614 [INFO] core.evaluator_v2: [snapkv] pred='Brian Stokes Mitchell'
2026-07-04 15:18:04,125 [WARNING] core.model_loader: Input length 16583 > max 16000, truncating...
2026-07-04 15:18:11,804 [INFO] core.evaluator_v2: [snapkv] pred='The large subunit and small subunit that use two types of RNA are major components that make up the ribosome.'
2026-07-04 15:18:17,232 [INFO] core.evaluator_v2: [snapkv] pred=''
2026-07-04 15:18:22,213 [INFO] core.evaluator_v2: [snapkv] pred='YIVO.'
2026-07-04 15:18:22,621 [WARNING] core.model_loader: Input length 16934 > max 16000, truncating...
2026-07-04 15:18:29,474 [INFO] core.evaluator_v2: [snapkv] pred=''
2026-07-04 15:18:29,476 [INFO] core.evaluator_v2:   [5/50] avg=40.00
2026-07-04 15:18:30,561 [INFO] core.evaluator_v2: [snapkv] pred=''
2026-07-04 15:18:34,365 [INFO] core.evaluator_v2: [snapkv] pred='Steel Venom is farther north than Wicked Twister.'
2026-07-04 15:18:34,760 [WARNING] core.model_loader: Input length 16637 > max 16000, truncating...
2026-07-04 15:18:41,604 [INFO] core.evaluator_v2: [snapkv] pred=''
2026-07-04 15:18:48,035 [INFO] core.evaluator_v2: [snapkv] pred="The FIBT World Championships 1960 took place in Cortina d'Ampezzo, which is located in the Veneto region of northern Ita"
2026-07-04 15:18:55,445 [INFO] core.evaluator_v2: [snapkv] pred='Mike Leach currently coaches at Washington State University.'
2026-07-04 15:18:55,446 [INFO] core.evaluator_v2:   [10/50] avg=32.35
2026-07-04 15:19:16,955 [INFO] core.evaluator_v2: [snapkv] pred='The New CBS Tuesday Night Movies was a weekly 90-minute motion picture made expressly for television. The series aired o'
2026-07-04 15:19:20,589 [INFO] core.evaluator_v2: [snapkv] pred='The lowest vocal range in Cosmos is that of the bass voice.'
2026-07-04 15:19:20,933 [WARNING] core.model_loader: Input length 16792 > max 16000, truncating...
2026-07-04 15:19:28,830 [INFO] core.evaluator_v2: [snapkv] pred='Fredric Rieders testified against Wayne Williams, who was convicted of killing 60 patients and received three consecutiv'
2026-07-04 15:19:35,603 [INFO] core.evaluator_v2: [snapkv] pred=''
2026-07-04 15:19:36,253 [WARNING] core.model_loader: Input length 16875 > max 16000, truncating...
2026-07-04 15:19:43,804 [INFO] core.evaluator_v2: [snapkv] pred='The National Firearms Agreement was in response to the Port Arthur massacre that killed **21 people**.'
2026-07-04 15:19:43,817 [INFO] core.evaluator_v2:   [15/50] avg=22.40
2026-07-04 15:19:45,894 [INFO] core.evaluator_v2: [snapkv] pred='Answer: William Shakespeare.'
2026-07-04 15:19:52,989 [INFO] core.evaluator_v2: [snapkv] pred='The River Thames.'
2026-07-04 15:20:01,264 [INFO] core.evaluator_v2: [snapkv] pred='The answer is: The last muse for the choreographer and the star in the Nutcracker is the American stage director, choreo'
2026-07-04 15:20:01,809 [WARNING] core.model_loader: Input length 16802 > max 16000, truncating...
2026-07-04 15:20:09,632 [INFO] core.evaluator_v2: [snapkv] pred='The host of the American survival skills reality show, The Island, is Bear Grylls, who is originally from the United Kin'
2026-07-04 15:20:12,772 [INFO] core.evaluator_v2: [snapkv] pred='The mother of Alberic II of Spoleto was Marozia. She was given the title "patricia" of Rome by Pope John X.'
2026-07-04 15:20:12,773 [INFO] core.evaluator_v2:   [20/50] avg=24.00
2026-07-04 15:20:15,631 [INFO] core.evaluator_v2: [snapkv] pred='Cryptocoryne is a shrub.'
2026-07-04 15:20:23,477 [INFO] core.evaluator_v2: [snapkv] pred='The actor that plays Sean Tully, Antony Cotton, defeated Christian in a dancing contest.'
2026-07-04 15:20:24,133 [WARNING] core.model_loader: Input length 17206 > max 16000, truncating...
2026-07-04 15:20:31,934 [INFO] core.evaluator_v2: [snapkv] pred='The 1971 Canadian Grand Prix was won by McLaren driver James Hunt, who was born in 1937.'
2026-07-04 15:20:41,053 [INFO] core.evaluator_v2: [snapkv] pred='The form of play that Yameen and Activision have in common is **video game development and publishing**. Yameen, known a'
2026-07-04 15:20:44,842 [INFO] core.evaluator_v2: [snapkv] pred='The Nashua River is 370 miles (595 km) long.'
2026-07-04 15:20:44,844 [INFO] core.evaluator_v2:   [25/50] avg=19.48
2026-07-04 15:20:51,852 [INFO] core.evaluator_v2: [snapkv] pred='The 2015 season of "30 Rock" was produced by 3 Arts Entertainment and aired on NBC. The show was created by Tina Fey and'
2026-07-04 15:20:58,019 [INFO] core.evaluator_v2: [snapkv] pred='The high school in Overland Park, Kansas, that was followed in the documentary was Blue Valley Northwest High School. It'
2026-07-04 15:21:05,832 [INFO] core.evaluator_v2: [snapkv] pred='The 53rd National Hockey League All-Star Game took place at the indoor arena that was completed in **2003**.'
2026-07-04 15:21:12,800 [INFO] core.evaluator_v2: [snapkv] pred='The Tornoto International Film Fesitval premiered a movie produced by BBC Films in 2012.'
2026-07-04 15:21:13,264 [WARNING] core.model_loader: Input length 16382 > max 16000, truncating...
2026-07-04 15:21:20,921 [INFO] core.evaluator_v2: [snapkv] pred='The arena where the Lewiston Maineiacs played their home games can seat **2008 people**.'
2026-07-04 15:21:20,922 [INFO] core.evaluator_v2:   [30/50] avg=16.23
2026-07-04 15:21:23,636 [INFO] core.evaluator_v2: [snapkv] pred='Answer: 1953.'
2026-07-04 15:21:30,511 [INFO] core.evaluator_v2: [snapkv] pred="Erik Watts' father was born on 19 September 1863."
2026-07-04 15:21:31,046 [WARNING] core.model_loader: Input length 16268 > max 16000, truncating...
2026-07-04 15:21:39,025 [INFO] core.evaluator_v2: [snapkv] pred='The religion that Migene González-Wippler is a leading expert on is Santería, which developed among the Afro-Cuban ethni'
2026-07-04 15:21:39,671 [WARNING] core.model_loader: Input length 16733 > max 16000, truncating...
2026-07-04 15:21:46,839 [INFO] core.evaluator_v2: [snapkv] pred='Ragbi Klub Mornar Bar'
2026-07-04 15:22:07,113 [INFO] core.evaluator_v2: [snapkv] pred='The Rebirth\nStudio albums2006: This Journey In (Vocals, composer)\n\nFitz and the Tantrums\nStudio albums2009: Songs for a '
2026-07-04 15:22:07,118 [INFO] core.evaluator_v2:   [35/50] avg=13.94
2026-07-04 15:22:07,497 [WARNING] core.model_loader: Input length 16496 > max 16000, truncating...
2026-07-04 15:22:17,085 [INFO] core.evaluator_v2: [snapkv] pred='No, Werther and The Odyssey are not both operas. "Werther" is an opera by Jules Massenet, based on Goethe\'s novel. "The '
2026-07-04 15:22:24,467 [INFO] core.evaluator_v2: [snapkv] pred='The kingdom surrendered to the French.'
2026-07-04 15:22:29,298 [INFO] core.evaluator_v2: [snapkv] pred='"Santa Bring My Baby Back" was released on the fourth Elvis studio album in 1957, which is "Elvis\' Christmas Album."'
2026-07-04 15:22:29,824 [WARNING] core.model_loader: Input length 16845 > max 16000, truncating...
2026-07-04 15:22:37,330 [INFO] core.evaluator_v2: [snapkv] pred='John Paesano wrote the score for the live-action film "How to Train Your Dragon."'
2026-07-04 15:22:37,975 [WARNING] core.model_loader: Input length 17368 > max 16000, truncating...
2026-07-04 15:22:46,304 [INFO] core.evaluator_v2: [snapkv] pred='The airline company that operated United Express Flight 3411 on April 9, 2017, on behalf of United Express is Republic A'
2026-07-04 15:22:46,316 [INFO] core.evaluator_v2:   [40/50] avg=14.33
2026-07-04 15:22:52,748 [INFO] core.evaluator_v2: [snapkv] pred='The Bangor Daily News did not talk about Sawin Millett. The text provided discusses Mildred Brown Schrumpf, a food colum'
2026-07-04 15:22:53,248 [WARNING] core.model_loader: Input length 16575 > max 16000, truncating...
2026-07-04 15:23:15,460 [INFO] core.evaluator_v2: [snapkv] pred='The 28th Dáil was elected at the 1992 general election on 15 June 1992 and met on 29 June 1992. The 28th Dáil lasted 1,6'
2026-07-04 15:23:16,111 [WARNING] core.model_loader: Input length 16716 > max 16000, truncating...
2026-07-04 15:23:23,397 [INFO] core.evaluator_v2: [snapkv] pred='The space missions that have a primary destination of the Sun.'
2026-07-04 15:23:23,903 [WARNING] core.model_loader: Input length 17636 > max 16000, truncating...
2026-07-04 15:23:31,596 [INFO] core.evaluator_v2: [snapkv] pred='The 1958 Pro Bowl was played at the California stadium that is the home for the University of California.'
2026-07-04 15:23:32,154 [WARNING] core.model_loader: Input length 16912 > max 16000, truncating...
2026-07-04 15:23:39,242 [INFO] core.evaluator_v2: [snapkv] pred='Michael Tippett.'
2026-07-04 15:23:39,243 [INFO] core.evaluator_v2:   [45/50] avg=15.77
2026-07-04 15:23:45,637 [INFO] core.evaluator_v2: [snapkv] pred='The population of the town where The Stelljes House is located in 2010 was 2,976.'
2026-07-04 15:23:52,924 [INFO] core.evaluator_v2: [snapkv] pred='James II'
2026-07-04 15:23:59,095 [INFO] core.evaluator_v2: [snapkv] pred='1999.'
2026-07-04 15:24:03,775 [INFO] core.evaluator_v2: [snapkv] pred='The person who substituted for Simon Pagenaud secured a contract to drive in the 2017 IndyCar Series.'
2026-07-04 15:24:04,135 [WARNING] core.model_loader: Input length 17549 > max 16000, truncating...
2026-07-04 15:24:12,049 [INFO] core.evaluator_v2: [snapkv] pred='The CEO of the football team based in Denver, Colorado stepped down in 2014 due to the onset and progression of Alzheime'
2026-07-04 15:24:12,050 [INFO] core.evaluator_v2:   [50/50] avg=16.48
2026-07-04 15:24:12,051 [INFO] __main__:   → score=16.48, mem_red=80.0%, ttft=2563.5ms
2026-07-04 15:24:12,052 [INFO] __main__: 
  Task: 2wikimqa
2026-07-04 15:24:12,052 [INFO] core.evaluator_v2: [snapkv] 2wikimqa (50샘플, budget=20%)
2026-07-04 15:24:16,276 [INFO] core.evaluator_v2: [snapkv] pred='Brian Kennedy (1941–2006) was an Irish-born art museum director. He was the director of the Peabody Essex Museum in Sale'
2026-07-04 15:24:20,225 [INFO] core.evaluator_v2: [snapkv] pred='The song "Jugband Blues" came out first. It was released on the band\'s second album, "A Saucer of Slang," in 1968. The s'
2026-07-04 15:24:24,855 [INFO] core.evaluator_v2: [snapkv] pred='No Trees In The Street.'
2026-07-04 15:24:27,859 [INFO] core.evaluator_v2: [snapkv] pred="The place of death of Agnes of Hohenstaufen's husband was Waiblingen."
2026-07-04 15:24:33,353 [INFO] core.evaluator_v2: [snapkv] pred='Paul De Scherff was born in 1817, and Lyudmyla Olyanovska was born in 1993. Therefore, Lyudmyla Olyanovska was born late'
2026-07-04 15:24:33,354 [INFO] core.evaluator_v2:   [5/50] avg=25.80
2026-07-04 15:24:38,562 [INFO] core.evaluator_v2: [snapkv] pred="Helmichis's father-in-law is Alboin."
2026-07-04 15:24:40,910 [INFO] core.evaluator_v2: [snapkv] pred="The Drover's Sweetheart came out earlier."
2026-07-04 15:24:43,906 [INFO] core.evaluator_v2: [snapkv] pred='German.'
2026-07-04 15:24:44,253 [WARNING] core.model_loader: Input length 16424 > max 16000, truncating...
2026-07-04 15:24:51,889 [INFO] core.evaluator_v2: [snapkv] pred='The movies The Hatton Garden Job and Carry On Cleo are from the same country, which is Britain.'
2026-07-04 15:24:55,135 [INFO] core.evaluator_v2: [snapkv] pred='The film, Vacations in Majorca, was released first. Dr. Socrates was released in 1998.'
2026-07-04 15:24:55,137 [INFO] core.evaluator_v2:   [10/50] avg=21.28
2026-07-04 15:24:57,268 [INFO] core.evaluator_v2: [snapkv] pred="The place of death of Randi Monsen's father was Beaulieu in Loiret, France."
2026-07-04 15:25:00,134 [INFO] core.evaluator_v2: [snapkv] pred="The place of birth of Abdulaziz Nasser Al Shamsi's wife is Abu Dhabi, United Arab Emirates."
2026-07-04 15:25:01,930 [INFO] core.evaluator_v2: [snapkv] pred='Answer: The date of death of the director of film Nallavan Vazhvan is not stated in the text.'
2026-07-04 15:25:06,081 [INFO] core.evaluator_v2: [snapkv] pred='The film has the director who died first, The Year Of The Rabbit.'
2026-07-04 15:25:09,249 [INFO] core.evaluator_v2: [snapkv] pred='The paternal grandfather of Bruno II of Berg was Count Adolf III of Berg.'
2026-07-04 15:25:09,251 [INFO] core.evaluator_v2:   [15/50] avg=18.89
2026-07-04 15:25:11,386 [INFO] core.evaluator_v2: [snapkv] pred='Prince Of Arcadia was released earlier.'
2026-07-04 15:25:15,351 [INFO] core.evaluator_v2: [snapkv] pred='Johnny Ekström was born later.'
2026-07-04 15:25:17,162 [INFO] core.evaluator_v2: [snapkv] pred='Australia'
2026-07-04 15:25:20,911 [INFO] core.evaluator_v2: [snapkv] pred='The director of Solemn Promise was born in 1945, and the director of Tarzan The Magnificent was born in 1945. Therefore,'
2026-07-04 15:25:28,410 [INFO] core.evaluator_v2: [snapkv] pred='The spouse of the director of film Streets Of Blood is the director of film Streets Of Blood.'
2026-07-04 15:25:28,420 [INFO] core.evaluator_v2:   [20/50] avg=23.63
2026-07-04 15:25:31,072 [INFO] core.evaluator_v2: [snapkv] pred='The director of Contragolpe died earlier.'
2026-07-04 15:25:31,402 [WARNING] core.model_loader: Input length 16690 > max 16000, truncating...
2026-07-04 15:25:39,075 [INFO] core.evaluator_v2: [snapkv] pred='The composer of "Gretchen am Spinnrade," Franz Schubert, died in Vienna, Austria.'
2026-07-04 15:25:39,736 [WARNING] core.model_loader: Input length 17007 > max 16000, truncating...
2026-07-04 15:25:46,756 [INFO] core.evaluator_v2: [snapkv] pred='Stephen I of Hungary.'
2026-07-04 15:25:54,503 [INFO] core.evaluator_v2: [snapkv] pred="Grand Duchess Elena Vladimirovna of Russia's father, Grand Duke Vladimir Kirillovich of Russia, died in 1992."
2026-07-04 15:26:06,139 [INFO] core.evaluator_v2: [snapkv] pred='From Corleone to Brooklyn is an Italian poliziotteschi film directed by Umberto Lenzi. The film was released in Italy on'
2026-07-04 15:26:06,141 [INFO] core.evaluator_v2:   [25/50] avg=21.08
2026-07-04 15:26:12,692 [INFO] core.evaluator_v2: [snapkv] pred="Sextus Barbour's father, John Templeton, was born in Belfast, Ireland."
2026-07-04 15:26:14,456 [INFO] core.evaluator_v2: [snapkv] pred='Based on the text, Altuğ Çelikbilek is younger than Guy Arvely Dolsin.'
2026-07-04 15:26:21,270 [INFO] core.evaluator_v2: [snapkv] pred='The maternal grandfather of Marie Louise, Duchess of Parma, is King Ferdinand I of the Two Sicilies. She was the daughte'
2026-07-04 15:26:26,347 [INFO] core.evaluator_v2: [snapkv] pred='The Bag Man came out first, in 1973. The film was released on August 25, 1973. It was distributed by P.I.C. in Italy. Th'
2026-07-04 15:26:28,236 [INFO] core.evaluator_v2: [snapkv] pred='Antoine Casavant was born first.'
2026-07-04 15:26:28,237 [INFO] core.evaluator_v2:   [30/50] avg=22.76
2026-07-04 15:26:30,731 [INFO] core.evaluator_v2: [snapkv] pred="Sir William Gore, 3Rd Baronet's paternal grandfather was Sir William Acland, 2nd Baronet."
2026-07-04 15:26:33,697 [INFO] core.evaluator_v2: [snapkv] pred="The place of death of Shahnawaz Bhutto's mother was in Larkana, Sindh."
2026-07-04 15:26:40,698 [INFO] core.evaluator_v2: [snapkv] pred='Eleanor of Castile died in 1291.'
2026-07-04 15:26:44,293 [INFO] core.evaluator_v2: [snapkv] pred='February 19, 1715.'
2026-07-04 15:26:48,320 [INFO] core.evaluator_v2: [snapkv] pred='The director of the film "Wine of Morning," Katherine Stenholm, worked at Bob Jones University, where she founded Unusua'
2026-07-04 15:26:48,321 [INFO] core.evaluator_v2:   [35/50] avg=22.10
2026-07-04 15:26:51,555 [INFO] core.evaluator_v2: [snapkv] pred="Isabella of Bourbon's paternal grandfather was Charles I, Duke of Bourbon."
2026-07-04 15:26:54,750 [INFO] core.evaluator_v2: [snapkv] pred="Charles Willoughby, 10th Baron Willoughby of Parham's paternal grandmother was Elizabeth Manners, daughter of John Manne"
2026-07-04 15:26:57,014 [INFO] core.evaluator_v2: [snapkv] pred="Carrie Watson Fleming's husband, Caroline Watson Fleming, was born in West Virginia."
2026-07-04 15:27:04,887 [INFO] core.evaluator_v2: [snapkv] pred="The Wind's Fierce was directed by Roscoe Arbuckle, born in 1887. Special Delivery (1927 film) was also directed by Rosco"
2026-07-04 15:27:10,729 [INFO] core.evaluator_v2: [snapkv] pred='Charles Wheatstone lived longer than Jean-Claude Lauzon.'
2026-07-04 15:27:10,731 [INFO] core.evaluator_v2:   [40/50] avg=22.84
2026-07-04 15:27:11,614 [INFO] core.evaluator_v2: [snapkv] pred=''
2026-07-04 15:27:14,227 [INFO] core.evaluator_v2: [snapkv] pred='The director of film Betrayal (1932 Film) and the director of film The Godsend (Film) share the same nationality.'
2026-07-04 15:27:19,114 [INFO] core.evaluator_v2: [snapkv] pred=''
2026-07-04 15:27:22,607 [INFO] core.evaluator_v2: [snapkv] pred="The place of birth of Ratna Malla's father is Kantipur."
2026-07-04 15:27:25,540 [INFO] core.evaluator_v2: [snapkv] pred="The place of birth of Aleksey Greig's father is Inverkeithing, Scotland."
2026-07-04 15:27:25,542 [INFO] core.evaluator_v2:   [45/50] avg=20.71
2026-07-04 15:27:27,335 [INFO] core.evaluator_v2: [snapkv] pred=''
2026-07-04 15:27:44,843 [INFO] core.evaluator_v2: [snapkv] pred='No, Ding Yaping and Johann Christian Gustav Lucae are not of the same nationality.\n\nDing Yaping is a female Chinese and '
2026-07-04 15:27:47,426 [INFO] core.evaluator_v2: [snapkv] pred="Helena Carroll's father studied at the Abbey Theatre in Dublin."
2026-07-04 15:27:49,950 [INFO] core.evaluator_v2: [snapkv] pred='The director of Space Probe Taurus is older.'
2026-07-04 15:27:52,124 [INFO] core.evaluator_v2: [snapkv] pred='The Pyrammmid came out first.'
2026-07-04 15:27:52,125 [INFO] core.evaluator_v2:   [50/50] avg=18.64
2026-07-04 15:27:52,126 [INFO] __main__:   → score=18.64, mem_red=80.0%, ttft=1386.1ms
2026-07-04 15:27:52,126 [INFO] __main__: 
  Task: gov_report
2026-07-04 15:27:52,127 [INFO] core.evaluator_v2: [snapkv] gov_report (50샘플, budget=20%)
2026-07-04 15:28:11,202 [INFO] core.evaluator_v2: [snapkv] pred='**Summary of the GAO Report on the National Science Foundation (NSF) Workforce Strategy and Rotator Programs**\n\nThe GAO '
2026-07-04 15:28:30,747 [INFO] core.evaluator_v2: [snapkv] pred='The Federal Information Security Management Act (FISMA) requires each federal agency to develop, document, and implement'
2026-07-04 15:28:31,356 [WARNING] core.model_loader: Input length 51949 > max 16000, truncating...
2026-07-04 15:28:54,300 [INFO] core.evaluator_v2: [snapkv] pred="The United States has long maintained that China's actions in the South China Sea (SCS) and East China Sea (ECS) are inc"
2026-07-04 15:28:55,028 [WARNING] core.model_loader: Input length 28135 > max 16000, truncating...
2026-07-04 15:29:01,926 [INFO] core.evaluator_v2: [snapkv] pred='Summary:'
2026-07-04 15:29:24,712 [INFO] core.evaluator_v2: [snapkv] pred='**Summary of the GAO Audit Report on the Department of Homeland Security (DHS) TRIO Project**\n\n**Background and Purpose:'
2026-07-04 15:29:24,767 [INFO] core.evaluator_v2:   [5/50] avg=15.67
2026-07-04 15:29:50,095 [INFO] core.evaluator_v2: [snapkv] pred='**Summary of the Report on Federal Agency Cybersecurity and Information Security Implementation**\n\n**Key Findings and Re'
2026-07-04 15:30:12,573 [INFO] core.evaluator_v2: [snapkv] pred='**Summary of the Small Business Contracting Programs and Federal Procurement Goals**\n\nThe U.S. Small Business Administra'
2026-07-04 15:30:13,407 [WARNING] core.model_loader: Input length 19434 > max 16000, truncating...
2026-07-04 15:30:28,319 [INFO] core.evaluator_v2: [snapkv] pred='The summary of the provided text is as follows:\n\nThe text discusses the use of FPDS-NG (Federal Procurement Data System '
2026-07-04 15:30:39,025 [INFO] core.evaluator_v2: [snapkv] pred='The summary of the text is as follows:\n\nThe text discusses the declining use of cash in various countries, including Swe'
2026-07-04 15:30:39,537 [WARNING] core.model_loader: Input length 41630 > max 16000, truncating...
2026-07-04 15:30:58,415 [INFO] core.evaluator_v2: [snapkv] pred='The U.S. Coast Guard (USCG) is conducting a series of operations and maintenance (O&M) activities to ensure the readines'
2026-07-04 15:30:58,440 [INFO] core.evaluator_v2:   [10/50] avg=15.15
2026-07-04 15:31:18,231 [INFO] core.evaluator_v2: [snapkv] pred='**Summary of the FY2019 DHS Appropriations Report**\n\nThe FY2019 Department of Homeland Security (DHS) appropriations rep'
2026-07-04 15:31:36,924 [INFO] core.evaluator_v2: [snapkv] pred='The Federal Land Acquisition and Disposal Act (16 U.S.C. §519) authorizes the Secretary of the Interior to dispose of NF'
2026-07-04 15:31:56,212 [INFO] core.evaluator_v2: [snapkv] pred='The Black Lung Disability Trust Fund (Trust Fund) is a federal program that provides medical and financial assistance to'
2026-07-04 15:32:18,776 [INFO] core.evaluator_v2: [snapkv] pred='The United States has led the developed world in net disbursements of economic aid, or "Official Development Assistance '
2026-07-04 15:32:38,200 [INFO] core.evaluator_v2: [snapkv] pred='The Office of Surface Mining Reclamation and Enforcement (OSMRE) has issued a policy advisory in August 2016, noting tha'
2026-07-04 15:32:38,269 [INFO] core.evaluator_v2:   [15/50] avg=15.88
2026-07-04 15:32:56,262 [INFO] core.evaluator_v2: [snapkv] pred="The Public Safety Officers' Benefits Improvement Act of 2017 (P.L. 115-36) provides for the payment of PSOB death and di"
2026-07-04 15:32:57,416 [INFO] core.evaluator_v2: [snapkv] pred='Summary:'
2026-07-04 15:32:58,528 [INFO] core.evaluator_v2: [snapkv] pred='Summary:'
2026-07-04 15:33:06,637 [INFO] core.evaluator_v2: [snapkv] pred="The House and Senate committees reported bills that included $16.4 million in funding for ITA's China AD/CVD enforcement"
2026-07-04 15:33:26,612 [INFO] core.evaluator_v2: [snapkv] pred='The Black Lung Disability Trust Fund (BLDTF) is a federal program established in 1977 to finance the payment of benefits'
2026-07-04 15:33:26,641 [INFO] core.evaluator_v2:   [20/50] avg=14.55
2026-07-04 15:33:50,385 [INFO] core.evaluator_v2: [snapkv] pred='**Summary of the Report on the Technology Workforce and Federal Compliance Efforts**\n\nThis report examines the demograph'
2026-07-04 15:34:12,379 [INFO] core.evaluator_v2: [snapkv] pred='The Federal Trade Commission (FTC) and the Federal Communications Commission (FCC) have been tasked with overseeing Inte'
2026-07-04 15:34:34,531 [INFO] core.evaluator_v2: [snapkv] pred='**Summary of the GAO Report on Early Withdrawals from Retirement Savings**\n\nThe U.S. Government Accountability Office (G'
2026-07-04 15:34:49,531 [INFO] core.evaluator_v2: [snapkv] pred='The Office of Management and Budget (OMB) has issued guidance to federal agencies on the management of software licenses'
2026-07-04 15:34:57,439 [INFO] core.evaluator_v2: [snapkv] pred='The summary of the report is as follows: The report discusses the potential for a financial shortfall in the Postal Serv'
2026-07-04 15:34:57,460 [INFO] core.evaluator_v2:   [25/50] avg=15.04
2026-07-04 15:35:14,336 [INFO] core.evaluator_v2: [snapkv] pred='The 116th Congress may again consider legislation to reauthorize the Native American Housing Block Grant (NAHBG) and the'
2026-07-04 15:35:37,357 [INFO] core.evaluator_v2: [snapkv] pred='The National Popular Vote (NPV) initiative is a proposed reform to the U.S. presidential election system, aiming to ensu'
2026-07-04 15:35:59,334 [INFO] core.evaluator_v2: [snapkv] pred='The Energy and Water Development Appropriations Bill for Fiscal Year 2020 (FY2020) includes several key components and p'
2026-07-04 15:36:19,668 [INFO] core.evaluator_v2: [snapkv] pred='**Summary of the Report on the Reduction of Federal Agency Office and Warehouse Space Under the "Reduce the Footprint" ('
2026-07-04 15:36:38,407 [INFO] core.evaluator_v2: [snapkv] pred="**Summary of the Report:**\n\nThe report evaluates the **Veterans Administration (VA)**'s use of **cost-estimating guidanc"
2026-07-04 15:36:38,435 [INFO] core.evaluator_v2:   [30/50] avg=15.19
2026-07-04 15:37:03,469 [INFO] core.evaluator_v2: [snapkv] pred='The banking industry in the United States is undergoing significant transformation due to the rise of fintech (financial'
2026-07-04 15:37:22,377 [INFO] core.evaluator_v2: [snapkv] pred='The Department of Defense (DOD) has not fully provided Congress with the information it needs to understand the long-ter'
2026-07-04 15:37:42,027 [INFO] core.evaluator_v2: [snapkv] pred='**Summary of the GAO Report on Lobbyists’ Compliance with New Disclosure Requirements**\n\nThis report evaluates the compl'
2026-07-04 15:38:01,625 [INFO] core.evaluator_v2: [snapkv] pred="**Summary of the Audit Report on Puerto Rico's Financial Condition and Debt Levels**\n\n**Objective:**  \nThe audit aimed t"
2026-07-04 15:38:26,437 [INFO] core.evaluator_v2: [snapkv] pred='The Small Business Lending Fund (SBLF) was established under the Small Business Jobs Act of 2010 to provide capital to c'
2026-07-04 15:38:26,469 [INFO] core.evaluator_v2:   [35/50] avg=15.34
2026-07-04 15:38:49,976 [INFO] core.evaluator_v2: [snapkv] pred="**Summary of GAO Report on WMATA's Capital Planning and Track Preventive Maintenance Program**\n\n**Key Findings and Recom"
2026-07-04 15:39:08,744 [INFO] core.evaluator_v2: [snapkv] pred='The minority leader is provided with extra staff resources—beyond those accorded him or her as a Representative—to assis'
2026-07-04 15:39:29,284 [INFO] core.evaluator_v2: [snapkv] pred='**Summary of Key Points from the Report on Title IV Student Aid Programs and Institutional Eligibility:**\n\n1. **Program '
2026-07-04 15:39:29,741 [WARNING] core.model_loader: Input length 18482 > max 16000, truncating...
2026-07-04 15:39:54,543 [INFO] core.evaluator_v2: [snapkv] pred="**Summary of the Audit Report on the Secret Service's Information Technology (IT) and Workforce Management Practices**\n\n"
2026-07-04 15:39:55,825 [INFO] core.evaluator_v2: [snapkv] pred='Summary:'
2026-07-04 15:39:55,827 [INFO] core.evaluator_v2:   [40/50] avg=15.21
2026-07-04 15:40:19,031 [INFO] core.evaluator_v2: [snapkv] pred='The Department of Health and Human Services (HHS) has published several guidance and educational resources related to ne'
2026-07-04 15:40:39,809 [INFO] core.evaluator_v2: [snapkv] pred="The U.S. Navy's Aegis BMD program is a critical component of the nation's missile defense strategy, designed to intercep"
2026-07-04 15:40:43,290 [INFO] core.evaluator_v2: [snapkv] pred=''
2026-07-04 15:40:43,809 [WARNING] core.model_loader: Input length 22562 > max 16000, truncating...
2026-07-04 15:41:11,932 [INFO] core.evaluator_v2: [snapkv] pred='The U.S. Congress, through various committees and subcommittees, has been involved in the review, discussion, and formul'
2026-07-04 15:41:38,123 [INFO] core.evaluator_v2: [snapkv] pred='The Department of Commerce generally agreed with our findings regarding the improvements the Census Bureau has made in i'
2026-07-04 15:41:38,162 [INFO] core.evaluator_v2:   [45/50] avg=14.89
2026-07-04 15:41:38,747 [WARNING] core.model_loader: Input length 18237 > max 16000, truncating...
2026-07-04 15:42:06,553 [INFO] core.evaluator_v2: [snapkv] pred='The effects of climate change on the Marshall Islands, particularly rising sea levels, may significantly impact coastal '
2026-07-04 15:42:28,517 [INFO] core.evaluator_v2: [snapkv] pred='The U.S. Postal Service (USPS) has identified issues with the scanning of competitive products, which are essential to i'
2026-07-04 15:42:51,117 [INFO] core.evaluator_v2: [snapkv] pred='**Summary:**\n\nThe United States Agency for International Development (USAID) conducted a performance audit of the West B'
2026-07-04 15:43:19,176 [INFO] core.evaluator_v2: [snapkv] pred='The Federal Government has a wide range of equipment that is used in the performance of its duties. This includes heavy '
2026-07-04 15:43:44,137 [INFO] core.evaluator_v2: [snapkv] pred='**Summary of the Report on the Afghan National Defense and Security Forces (ANDSF) Capability and Capacity to Operate an'
2026-07-04 15:43:44,162 [INFO] core.evaluator_v2:   [50/50] avg=15.75
2026-07-04 15:43:44,163 [INFO] __main__:   → score=15.75, mem_red=80.0%, ttft=1657.1ms
2026-07-04 15:43:44,164 [INFO] __main__: 
  Task: qmsum
2026-07-04 15:43:44,164 [INFO] core.evaluator_v2: [snapkv] qmsum (50샘플, budget=20%)
2026-07-04 15:43:52,193 [INFO] core.evaluator_v2: [snapkv] pred='The project team is discussing the design of a new remote control. The goal is to create a product that is sleek, stylis'
2026-07-04 15:44:01,837 [INFO] core.evaluator_v2: [snapkv] pred='The project is about designing a remote control device with a screen, battery, and buttons. The team is discussing the d'
2026-07-04 15:44:34,559 [INFO] core.evaluator_v2: [snapkv] pred='The summary of the text is as follows:\n\nThe text is a conversation between several individuals, primarily focusing on a '
2026-07-04 15:44:57,791 [INFO] core.evaluator_v2: [snapkv] pred='**Summary of the Meeting:**\n\nThe meeting focused on the **design and presentation of a product prototype** for a **mug w'
2026-07-04 15:45:14,307 [INFO] core.evaluator_v2: [snapkv] pred='The team is discussing the design of a new remote control device, focusing on the user interface and product evaluation.'
2026-07-04 15:45:14,319 [INFO] core.evaluator_v2:   [5/50] avg=7.96
2026-07-04 15:45:15,001 [WARNING] core.model_loader: Input length 18386 > max 16000, truncating...
2026-07-04 15:45:38,839 [INFO] core.evaluator_v2: [snapkv] pred='The discussion revolves around the development and evaluation of a speech recognition system, with a focus on improving '
2026-07-04 15:45:39,512 [WARNING] core.model_loader: Input length 18553 > max 16000, truncating...
2026-07-04 15:46:02,138 [INFO] core.evaluator_v2: [snapkv] pred='The discussion revolves around the development of a belief network (or belief system) for a project involving XML data a'
2026-07-04 15:46:02,673 [WARNING] core.model_loader: Input length 16224 > max 16000, truncating...
2026-07-04 15:46:27,817 [INFO] core.evaluator_v2: [snapkv] pred='The Welsh Government has introduced a new childcare scheme, the "Childcare Offer," which aims to provide 30 hours of fre'
2026-07-04 15:46:28,467 [WARNING] core.model_loader: Input length 16924 > max 16000, truncating...
2026-07-04 15:46:38,749 [INFO] core.evaluator_v2: [snapkv] pred='The speaker is discussing the development and evaluation of speech recognition systems, particularly focusing on the use'
2026-07-04 15:46:40,846 [INFO] core.evaluator_v2: [snapkv] pred=''
2026-07-04 15:46:40,847 [INFO] core.evaluator_v2:   [10/50] avg=5.99
2026-07-04 15:46:41,285 [WARNING] core.model_loader: Input length 16844 > max 16000, truncating...
2026-07-04 15:47:07,874 [INFO] core.evaluator_v2: [snapkv] pred='The meeting discussed several key topics and decisions related to the project, including the use of wireless microphones'
2026-07-04 15:47:08,617 [WARNING] core.model_loader: Input length 16224 > max 16000, truncating...
2026-07-04 15:47:40,398 [INFO] core.evaluator_v2: [snapkv] pred='The Welsh Government has introduced a new childcare scheme, the "Childcare Offer," which aims to provide 30 hours of fre'
2026-07-04 15:48:12,771 [INFO] core.evaluator_v2: [snapkv] pred='The summary of the meeting is as follows:\n\n- The meeting was held in private, as requested by the Chair.\n- The Minister,'
2026-07-04 15:48:26,846 [INFO] core.evaluator_v2: [snapkv] pred='The project team successfully completed the banana-shaped remote control with a vibrating feature, which was designed to'
2026-07-04 15:48:51,745 [INFO] core.evaluator_v2: [snapkv] pred='The team is discussing the design of a new remote control device with a focus on user interface, industrial design, and '
2026-07-04 15:48:51,753 [INFO] core.evaluator_v2:   [15/50] avg=6.71
2026-07-04 15:49:12,552 [INFO] core.evaluator_v2: [snapkv] pred='The meeting focused on the design and functionality of a new television remote control. Key points discussed include:\n\n1'
2026-07-04 15:49:14,522 [INFO] core.evaluator_v2: [snapkv] pred=''
2026-07-04 15:49:14,826 [WARNING] core.model_loader: Input length 16844 > max 16000, truncating...
2026-07-04 15:49:43,567 [INFO] core.evaluator_v2: [snapkv] pred='The meeting discussed several key topics and decisions related to the project, including the use of wireless microphones'
2026-07-04 15:50:11,586 [INFO] core.evaluator_v2: [snapkv] pred='**Summary of the Meeting:**\n\nThe team discussed the **SMARTboard** and its potential as a tool for **digital drawing and'
2026-07-04 15:50:12,305 [WARNING] core.model_loader: Input length 16224 > max 16000, truncating...
2026-07-04 15:50:41,995 [INFO] core.evaluator_v2: [snapkv] pred='The Welsh Government has introduced a new childcare scheme, the "Childcare Offer," which aims to provide 30 hours of fre'
2026-07-04 15:50:42,018 [INFO] core.evaluator_v2:   [20/50] avg=6.81
2026-07-04 15:51:00,291 [INFO] core.evaluator_v2: [snapkv] pred='The project team has successfully completed the development of a new product, the "Hand Dynamometer," which is a compact'
2026-07-04 15:51:01,155 [WARNING] core.model_loader: Input length 25564 > max 16000, truncating...
2026-07-04 15:51:29,348 [INFO] core.evaluator_v2: [snapkv] pred='The Acting Chair (Mr. Bruce Stanton): We will go back to Ms. Kwan.\n\nMs. Jenny Kwan: I think the minister knows that what'
2026-07-04 15:51:29,901 [WARNING] core.model_loader: Input length 18386 > max 16000, truncating...
2026-07-04 15:51:49,892 [INFO] core.evaluator_v2: [snapkv] pred='The discussion revolves around the development and evaluation of a speech recognition system, with a focus on improving '
2026-07-04 15:52:14,940 [INFO] core.evaluator_v2: [snapkv] pred='**Summary of the Meeting:**\n\nThe meeting focused on the **design and presentation of a product prototype** for a **mug w'
2026-07-04 15:52:21,651 [INFO] core.evaluator_v2: [snapkv] pred='The team discussed a new project called "Disfmarker" which is a advanced chip for the L_C_D_ and a regular chip for the '
2026-07-04 15:52:21,654 [INFO] core.evaluator_v2:   [25/50] avg=7.19
2026-07-04 15:52:42,712 [INFO] core.evaluator_v2: [snapkv] pred='The summary of the provided text is as follows:\n\nThe text is a detailed, technical, and somewhat humorous conversation b'
2026-07-04 15:52:56,926 [INFO] core.evaluator_v2: [snapkv] pred='The project team has successfully completed the development of a new product, the "Hand Dynamometer," which is a compact'
2026-07-04 15:52:57,399 [WARNING] core.model_loader: Input length 18553 > max 16000, truncating...
2026-07-04 15:53:20,101 [INFO] core.evaluator_v2: [snapkv] pred='The discussion revolves around the development of a belief network (or belief system) for a project involving XML data a'
2026-07-04 15:53:42,962 [INFO] core.evaluator_v2: [snapkv] pred='**Summary of the Discussion:**\n\nThe discussion centered on the **design and implementation of a voice-activated remote c'
2026-07-04 15:53:44,941 [INFO] core.evaluator_v2: [snapkv] pred=''
2026-07-04 15:53:44,942 [INFO] core.evaluator_v2:   [30/50] avg=6.74
2026-07-04 15:53:53,088 [INFO] core.evaluator_v2: [snapkv] pred='The project is about designing a remote control device with a screen, battery, and buttons. The team is discussing the d'
2026-07-04 15:53:53,655 [WARNING] core.model_loader: Input length 30305 > max 16000, truncating...
2026-07-04 15:54:09,142 [INFO] core.evaluator_v2: [snapkv] pred='The Acting Chair (Mr. Bruce Stanton): The hon. government House leader is rising on a point of order.\n\nHon. Pablo Rodrig'
2026-07-04 15:54:36,345 [INFO] core.evaluator_v2: [snapkv] pred='**Summary of the Meeting:**\n\nThe team discussed the design and functionality of a remote control for a television, focus'
2026-07-04 15:54:59,567 [INFO] core.evaluator_v2: [snapkv] pred='The summary of the meeting is as follows:\n\n- The meeting was held in private, as requested by the Chair.\n- The Minister,'
2026-07-04 15:55:16,689 [INFO] core.evaluator_v2: [snapkv] pred='In this conversation, the researchers are discussing their work on training Hidden Markov Models (HMMs) for speech recog'
2026-07-04 15:55:16,693 [INFO] core.evaluator_v2:   [35/50] avg=6.76
2026-07-04 15:55:30,866 [INFO] core.evaluator_v2: [snapkv] pred='The project team has successfully completed the development of a new product, the "Hand Dynamometer," which is a compact'
2026-07-04 15:55:45,229 [INFO] core.evaluator_v2: [snapkv] pred='The project team has successfully completed the development of a new product, the "Hand Dynamometer," which is a compact'
2026-07-04 15:55:45,979 [WARNING] core.model_loader: Input length 30305 > max 16000, truncating...
2026-07-04 15:56:01,355 [INFO] core.evaluator_v2: [snapkv] pred='The Acting Chair (Mr. Bruce Stanton): The hon. government House leader is rising on a point of order.\n\nHon. Pablo Rodrig'
2026-07-04 15:56:13,964 [INFO] core.evaluator_v2: [snapkv] pred='The project team successfully completed the banana-shaped remote control with a vibrating feature, which was designed to'
2026-07-04 15:56:24,753 [INFO] core.evaluator_v2: [snapkv] pred='The project is about designing a remote control device with a screen, battery, and buttons. The team is discussing the d'
2026-07-04 15:56:24,758 [INFO] core.evaluator_v2:   [40/50] avg=7.22
2026-07-04 15:56:43,863 [INFO] core.evaluator_v2: [snapkv] pred='The team is discussing the design of a new remote control device, focusing on the user interface and product evaluation.'
2026-07-04 15:57:12,302 [INFO] core.evaluator_v2: [snapkv] pred='The summary of the meeting is as follows:\n\n- The meeting was held in private, as requested by the Chair.\n- The Minister,'
2026-07-04 15:57:43,465 [INFO] core.evaluator_v2: [snapkv] pred='**Summary of the Meeting:**\n\nThe team discussed the **SMARTboard** and its potential as a tool for **digital drawing and'
2026-07-04 15:57:47,814 [INFO] core.evaluator_v2: [snapkv] pred=''
2026-07-04 15:58:04,580 [INFO] core.evaluator_v2: [snapkv] pred='In this conversation, the researchers are discussing their work on training Hidden Markov Models (HMMs) for speech recog'
2026-07-04 15:58:04,582 [INFO] core.evaluator_v2:   [45/50] avg=6.83
2026-07-04 15:58:15,836 [INFO] core.evaluator_v2: [snapkv] pred='The project manager is discussing the design of a new universal remote control with multi-format features, emphasizing t'
2026-07-04 15:58:27,058 [INFO] core.evaluator_v2: [snapkv] pred='The project manager is discussing the design of a new universal remote control with multi-format features, emphasizing t'
2026-07-04 15:58:37,863 [INFO] core.evaluator_v2: [snapkv] pred='The project team is discussing the design of a new remote control. The goal is to create a product that is sleek, stylis'
2026-07-04 15:59:02,829 [INFO] core.evaluator_v2: [snapkv] pred='**Summary of the Meeting:**\n\nThe team discussed the **SMARTboard** and its potential as a tool for **digital drawing and'
2026-07-04 15:59:26,316 [INFO] core.evaluator_v2: [snapkv] pred='The summary of the meeting is as follows:\n\n- The meeting was held in private, as requested by the Chair.\n- The Minister,'
2026-07-04 15:59:26,323 [INFO] core.evaluator_v2:   [50/50] avg=6.96
2026-07-04 15:59:26,324 [INFO] __main__:   → score=6.96, mem_red=80.0%, ttft=1992.4ms
2026-07-04 15:59:26,325 [INFO] __main__: 
────────────────────────────────────────────────────────────
2026-07-04 15:59:26,326 [INFO] __main__: Method: PYRAMIDKV | Budget: 20%
2026-07-04 15:59:26,326 [INFO] __main__: ────────────────────────────────────────────────────────────
2026-07-04 15:59:26,327 [INFO] __main__: 
  Task: narrativeqa
2026-07-04 15:59:26,327 [INFO] core.evaluator_v2: [pyramidkv] narrativeqa (50샘플, budget=20%)
2026-07-04 15:59:26,997 [WARNING] core.model_loader: Input length 23148 > max 16000, truncating...
2026-07-04 15:59:34,472 [INFO] core.evaluator_v2: [pyramidkv] pred='Daisy encountered Jim in the town of **Cincinnati**.'
2026-07-04 15:59:48,119 [INFO] core.evaluator_v2: [pyramidkv] pred='Socrates ultimately decides it is unjust to escape because he believes in the **moral and legal obligation to obey the l'
2026-07-04 15:59:48,671 [WARNING] core.model_loader: Input length 37016 > max 16000, truncating...
2026-07-04 16:00:09,049 [INFO] core.evaluator_v2: [pyramidkv] pred='The setting of the story is a medieval European kingdom, specifically in the region of Germany, Austria, Italy, and Bohe'
2026-07-04 16:00:10,341 [WARNING] core.model_loader: Input length 37014 > max 16000, truncating...
2026-07-04 16:00:17,651 [INFO] core.evaluator_v2: [pyramidkv] pred='Baron Conrad was killed by Baron Henry of Roderburg.'
2026-07-04 16:00:18,208 [WARNING] core.model_loader: Input length 46744 > max 16000, truncating...
2026-07-04 16:00:26,315 [INFO] core.evaluator_v2: [pyramidkv] pred="The ghost that emerged from a painting at Dana's workplace was **Vigo**, a supernatural entity who was trapped in a pain"
2026-07-04 16:00:26,316 [INFO] core.evaluator_v2:   [5/50] avg=6.54
2026-07-04 16:00:26,941 [WARNING] core.model_loader: Input length 46746 > max 16000, truncating...
2026-07-04 16:00:34,398 [INFO] core.evaluator_v2: [pyramidkv] pred="The first person to fall under Vigo's spell is **Janosz**."
2026-07-04 16:00:35,175 [WARNING] core.model_loader: Input length 64167 > max 16000, truncating...
2026-07-04 16:00:43,767 [INFO] core.evaluator_v2: [pyramidkv] pred="Based on the text, Clifford's profession is that of a **film director**. He is mentioned as a character in the screenpla"
2026-07-04 16:00:49,289 [INFO] core.evaluator_v2: [pyramidkv] pred="Mr. and Mrs. Vervelle live in a villa in Ville d'Avray."
2026-07-04 16:00:52,881 [INFO] core.evaluator_v2: [pyramidkv] pred='The Witch threw the body of the deceased into a ditch.'
2026-07-04 16:00:53,340 [WARNING] core.model_loader: Input length 31340 > max 16000, truncating...
2026-07-04 16:01:01,961 [INFO] core.evaluator_v2: [pyramidkv] pred='Frank Saltram works as a financier and is involved in the management of the Coxon Fund, a financial institution. He is d'
2026-07-04 16:01:01,962 [INFO] core.evaluator_v2:   [10/50] avg=8.28
2026-07-04 16:01:08,835 [INFO] core.evaluator_v2: [pyramidkv] pred='Mortimer Tregennis was estranged from his siblings due to a family quarrel over money.'
2026-07-04 16:01:09,517 [WARNING] core.model_loader: Input length 16515 > max 16000, truncating...
2026-07-04 16:01:21,214 [INFO] core.evaluator_v2: [pyramidkv] pred='The unique aspect of the phonetic spelling of the "future" article that discussed Beerbohm\'s story is that it is **"labu'
2026-07-04 16:01:21,876 [WARNING] core.model_loader: Input length 31069 > max 16000, truncating...
2026-07-04 16:01:29,005 [INFO] core.evaluator_v2: [pyramidkv] pred='Death is disguised as a chess game.'
2026-07-04 16:01:29,609 [WARNING] core.model_loader: Input length 31342 > max 16000, truncating...
2026-07-04 16:01:36,845 [INFO] core.evaluator_v2: [pyramidkv] pred='Lady Coxon is the mother of Ruth Anvoy.'
2026-07-04 16:01:37,386 [WARNING] core.model_loader: Input length 36325 > max 16000, truncating...
2026-07-04 16:01:44,766 [INFO] core.evaluator_v2: [pyramidkv] pred='Rogers learned his battle knowledge during the **First World War**.'
2026-07-04 16:01:44,767 [INFO] core.evaluator_v2:   [15/50] avg=11.98
2026-07-04 16:01:45,323 [WARNING] core.model_loader: Input length 36331 > max 16000, truncating...
2026-07-04 16:01:57,407 [INFO] core.evaluator_v2: [pyramidkv] pred='Anthony Rogers was working for the **White Intelligence Division** in 1927. This is evident from the text, where he is d'
2026-07-04 16:01:57,939 [WARNING] core.model_loader: Input length 19086 > max 16000, truncating...
2026-07-04 16:02:09,655 [INFO] core.evaluator_v2: [pyramidkv] pred='The boarder who realizes that none of the boarders like each other is **the tall one with private lessons**.  She is des'
2026-07-04 16:02:18,016 [INFO] core.evaluator_v2: [pyramidkv] pred='Holmes and Dr. Watson are in Cornwall because they are investigating the murder of Mortimer Tregennis, a local man whose'
2026-07-04 16:02:18,516 [WARNING] core.model_loader: Input length 32917 > max 16000, truncating...
2026-07-04 16:02:29,167 [INFO] core.evaluator_v2: [pyramidkv] pred='The hidden message Reiko (Asakawa) finds within the video is that **the curse can be broken by copying the videotape and'
2026-07-04 16:02:29,850 [WARNING] core.model_loader: Input length 37018 > max 16000, truncating...
2026-07-04 16:02:46,674 [INFO] core.evaluator_v2: [pyramidkv] pred='The story "Otto of the Silver Hand" by Howard Pyle explores several important themes, including:\n\n1. **Redemption and Ju'
2026-07-04 16:02:46,676 [INFO] core.evaluator_v2:   [20/50] avg=9.47
2026-07-04 16:02:47,327 [WARNING] core.model_loader: Input length 32915 > max 16000, truncating...
2026-07-04 16:02:58,486 [INFO] core.evaluator_v2: [pyramidkv] pred='The teenagers were discussing a cursed videotape that contains a supernatural entity, Sadako, who is trapped in a well a'
2026-07-04 16:02:59,078 [WARNING] core.model_loader: Input length 60372 > max 16000, truncating...
2026-07-04 16:03:06,351 [INFO] core.evaluator_v2: [pyramidkv] pred='Bill worked as a fisherman when he lived in Chicago.'
2026-07-04 16:03:13,097 [INFO] core.evaluator_v2: [pyramidkv] pred="Two people fainted after seeing Brenda's dead body."
2026-07-04 16:03:13,942 [WARNING] core.model_loader: Input length 37018 > max 16000, truncating...
2026-07-04 16:03:25,056 [INFO] core.evaluator_v2: [pyramidkv] pred='Otto is known for his **silver-hand** (or "Silver Hand") due to the pure, simple wisdom he acquired from the monks of th'
2026-07-04 16:03:25,709 [WARNING] core.model_loader: Input length 19082 > max 16000, truncating...
2026-07-04 16:03:36,171 [INFO] core.evaluator_v2: [pyramidkv] pred='Leon focuses on observing and analyzing the behavior, customs, and characteristics of people in France, particularly the'
2026-07-04 16:03:36,173 [INFO] core.evaluator_v2:   [25/50] avg=10.27
2026-07-04 16:03:42,946 [INFO] core.evaluator_v2: [pyramidkv] pred='The owner of the manor in the story is **Monsieur de Merret**, who is the husband of **Madame de Merret**. The story rev'
2026-07-04 16:03:43,381 [WARNING] core.model_loader: Input length 32913 > max 16000, truncating...
2026-07-04 16:03:50,681 [INFO] core.evaluator_v2: [pyramidkv] pred="Reiko's job is a **veterinarian**."
2026-07-04 16:03:59,613 [INFO] core.evaluator_v2: [pyramidkv] pred='Holmes observes that the fireplace has ashes, which indicates that the fire had been recently extinguished.  This detail'
2026-07-04 16:04:09,218 [INFO] core.evaluator_v2: [pyramidkv] pred='Socrates compares citizens and the law to a father and child, or to a teacher and student. He argues that citizens must '
2026-07-04 16:04:20,183 [INFO] core.evaluator_v2: [pyramidkv] pred='La Grande Breteche is a fictional setting and a key location in the story "La Grande Breteche" by Honore de Balzac. It i'
2026-07-04 16:04:20,185 [INFO] core.evaluator_v2:   [30/50] avg=10.70
2026-07-04 16:04:20,628 [WARNING] core.model_loader: Input length 32921 > max 16000, truncating...
2026-07-04 16:04:29,906 [INFO] core.evaluator_v2: [pyramidkv] pred='Reiko discovers that **copying the videotape and showing it to someone else breaks the curse**. By sharing the tape with'
2026-07-04 16:04:35,153 [INFO] core.evaluator_v2: [pyramidkv] pred='Virginie.'
2026-07-04 16:04:46,127 [INFO] core.evaluator_v2: [pyramidkv] pred='Based on the text, **Doctor Nordenfeld** defends **Lazarus** during his murder trial. The story revolves around the disc'
2026-07-04 16:04:46,584 [WARNING] core.model_loader: Input length 32912 > max 16000, truncating...
2026-07-04 16:04:59,001 [INFO] core.evaluator_v2: [pyramidkv] pred='Tomoko (Sadako) is revealed to be a supernatural entity, a cursed woman who was transformed into a skeletal, monstrous f'
2026-07-04 16:05:02,683 [INFO] core.evaluator_v2: [pyramidkv] pred='The Witch wanted to have reveal their own lies.'
2026-07-04 16:05:02,685 [INFO] core.evaluator_v2:   [35/50] avg=13.03
2026-07-04 16:05:03,280 [WARNING] core.model_loader: Input length 46740 > max 16000, truncating...
2026-07-04 16:05:10,387 [INFO] core.evaluator_v2: [pyramidkv] pred="Oscar is Dana's son."
2026-07-04 16:05:10,948 [WARNING] core.model_loader: Input length 37020 > max 16000, truncating...
2026-07-04 16:05:21,859 [INFO] core.evaluator_v2: [pyramidkv] pred="After Otto returns to his father's castle, he is greeted by the Emperor Rudolph, who has been informed of his father's p"
2026-07-04 16:05:22,505 [WARNING] core.model_loader: Input length 16508 > max 16000, truncating...
2026-07-04 16:05:34,069 [INFO] core.evaluator_v2: [pyramidkv] pred="T.K. Nupton believed that Enoch Soames was a **figment of the author's imagination**. He thought Soames was not a real p"
2026-07-04 16:05:34,830 [WARNING] core.model_loader: Input length 60369 > max 16000, truncating...
2026-07-04 16:05:42,032 [INFO] core.evaluator_v2: [pyramidkv] pred='The wealthy farmer, Chuck, marries Abby.'
2026-07-04 16:05:51,916 [INFO] core.evaluator_v2: [pyramidkv] pred="The art-dealer, Elie Magus, describes Pierre Grassou's skill level as **exceptionally high**, comparing him to **Rubens,"
2026-07-04 16:05:51,918 [INFO] core.evaluator_v2:   [40/50] avg=13.52
2026-07-04 16:06:12,384 [INFO] core.evaluator_v2: [pyramidkv] pred='The Witch was able to perceive the beauty and complexity of mankind, with its myriad forms and expressions. She saw the '
2026-07-04 16:06:12,903 [WARNING] core.model_loader: Input length 31386 > max 16000, truncating...
2026-07-04 16:06:21,518 [INFO] core.evaluator_v2: [pyramidkv] pred='Based on the text, when Mary was younger, her mother filled her free time with **reading and writing**. The text mention'
2026-07-04 16:06:29,920 [INFO] core.evaluator_v2: [pyramidkv] pred="Crito's purpose in visiting Socrates was to persuade him to escape from prison. Crito believed that Socrates should flee"
2026-07-04 16:06:30,503 [WARNING] core.model_loader: Input length 32918 > max 16000, truncating...
2026-07-04 16:06:42,366 [INFO] core.evaluator_v2: [pyramidkv] pred="The description of the teens' faces when they died is characterized by **placidity and eerie stillness**, as if they wer"
2026-07-04 16:06:43,105 [WARNING] core.model_loader: Input length 60367 > max 16000, truncating...
2026-07-04 16:06:50,265 [INFO] core.evaluator_v2: [pyramidkv] pred='Bill died by being shot by police officers.'
2026-07-04 16:06:50,266 [INFO] core.evaluator_v2:   [45/50] avg=13.28
2026-07-04 16:06:50,827 [WARNING] core.model_loader: Input length 31344 > max 16000, truncating...
2026-07-04 16:06:58,110 [INFO] core.evaluator_v2: [pyramidkv] pred='Gravener wants Ruth to destroy the letter.'
2026-07-04 16:06:58,836 [WARNING] core.model_loader: Input length 64168 > max 16000, truncating...
2026-07-04 16:07:06,061 [INFO] core.evaluator_v2: [pyramidkv] pred="Alabama's son is born in the United States."
2026-07-04 16:07:06,587 [WARNING] core.model_loader: Input length 31338 > max 16000, truncating...
2026-07-04 16:07:13,755 [INFO] core.evaluator_v2: [pyramidkv] pred='Ruth Anvoy is British.'
2026-07-04 16:07:14,501 [WARNING] core.model_loader: Input length 60368 > max 16000, truncating...
2026-07-04 16:07:21,601 [INFO] core.evaluator_v2: [pyramidkv] pred='Abby leaves Chicago with Bill.'
2026-07-04 16:07:30,284 [INFO] core.evaluator_v2: [pyramidkv] pred="The housekeeper's feet got wet during Holmes' visit because she had been washing the windows of the vicarage.  This is e"
2026-07-04 16:07:30,286 [INFO] core.evaluator_v2:   [50/50] avg=13.29
2026-07-04 16:07:30,287 [INFO] __main__:   → score=13.29, mem_red=80.0%, ttft=2496.6ms
2026-07-04 16:07:30,287 [INFO] __main__: 
  Task: qasper
2026-07-04 16:07:30,288 [INFO] core.evaluator_v2: [pyramidkv] qasper (50샘플, budget=20%)
2026-07-04 16:07:39,400 [INFO] core.evaluator_v2: [pyramidkv] pred='The results from the proposed strategies are as follows:\n\n1. **KG-A2C-Chained** is significantly more sample efficient a'
2026-07-04 16:07:57,529 [INFO] core.evaluator_v2: [pyramidkv] pred='The encoder is a character-based encoder-decoder model with a wide context window, encoding the entire available context'
2026-07-04 16:07:59,275 [INFO] core.evaluator_v2: [pyramidkv] pred='The text does not mention the size of the Augmented LibriSpeech dataset.'
2026-07-04 16:08:03,745 [INFO] core.evaluator_v2: [pyramidkv] pred='NeuronBlocks includes the following neural network modules: Embedding, Neural Network (NLP) Layers, Loss Function, Metri'
2026-07-04 16:08:22,736 [INFO] core.evaluator_v2: [pyramidkv] pred='The LSTM models compared in the text are the unidirectional LSTM model and the bidirectional LSTM model. The text discus'
2026-07-04 16:08:22,738 [INFO] core.evaluator_v2:   [5/50] avg=5.83
2026-07-04 16:08:25,592 [INFO] core.evaluator_v2: [pyramidkv] pred='The datasets used for evaluation are CNN/DailyMail, NYT, and XSum.'
2026-07-04 16:08:27,465 [INFO] core.evaluator_v2: [pyramidkv] pred='The transformer layer works better than the RNN layer in this context.'
2026-07-04 16:08:29,884 [INFO] core.evaluator_v2: [pyramidkv] pred='The ancient Chinese dataset is derived from an external ancient corpus containing 134M tokens.'
2026-07-04 16:08:33,858 [INFO] core.evaluator_v2: [pyramidkv] pred='The baselines used for evaluation are Pointer-Gen, Pointer-Gen+RL-ROUGE, Pointer-Gen+RL-SEN, Pointer-Gen+Same-FT, Pointe'
2026-07-04 16:08:36,027 [INFO] core.evaluator_v2: [pyramidkv] pred='The Twitter dataset contains 1,833 conversation threads.'
2026-07-04 16:08:36,029 [INFO] core.evaluator_v2:   [10/50] avg=21.10
2026-07-04 16:08:44,060 [INFO] core.evaluator_v2: [pyramidkv] pred='The performance of the models was improved by using multitask learning, which jointly learned the tasks of ternary and f'
2026-07-04 16:08:50,164 [INFO] core.evaluator_v2: [pyramidkv] pred='The metrics used to establish that this makes chat bots more knowledgeable and better at learning and conversation are: '
2026-07-04 16:08:53,040 [INFO] core.evaluator_v2: [pyramidkv] pred='The combination of rewards for reinforcement learning is a balance between irony accuracy, sentiment preservation, and c'
2026-07-04 16:08:56,287 [INFO] core.evaluator_v2: [pyramidkv] pred='The attention module is pretrained on the MT (Machine Translation) dataset.'
2026-07-04 16:08:59,701 [INFO] core.evaluator_v2: [pyramidkv] pred='The size of the dataset is not explicitly stated in the text, but it is mentioned that the OurNepali dataset is almost t'
2026-07-04 16:08:59,708 [INFO] core.evaluator_v2:   [15/50] avg=22.64
2026-07-04 16:09:02,145 [INFO] core.evaluator_v2: [pyramidkv] pred='The Wall Street Journal (WSJ) and the WSJ corpus.'
2026-07-04 16:09:05,693 [INFO] core.evaluator_v2: [pyramidkv] pred='The model is compared to previous methods such as learned classifiers, rule-based classifiers, and CNN models.'
2026-07-04 16:09:07,961 [INFO] core.evaluator_v2: [pyramidkv] pred='The languages that are similar to each other are the Nguni languages and the Sotho languages.'
2026-07-04 16:09:10,596 [INFO] core.evaluator_v2: [pyramidkv] pred='The 7 Indian languages that they experiment with are: Kannada, Malayalam, Odia, Tamil, Telugu, and Hindi.'
2026-07-04 16:09:12,685 [INFO] core.evaluator_v2: [pyramidkv] pred='The text also tests the method on tasks such as predicting hashtags for social media posts.'
2026-07-04 16:09:12,691 [INFO] core.evaluator_v2:   [20/50] avg=26.40
2026-07-04 16:09:14,870 [INFO] core.evaluator_v2: [pyramidkv] pred='The tagging scheme employed is the INLINEFORM0 tagging scheme.'
2026-07-04 16:09:20,176 [INFO] core.evaluator_v2: [pyramidkv] pred='The text considers the problem of text classification, specifically the task of classifying documents into predefined ca'
2026-07-04 16:09:35,258 [INFO] core.evaluator_v2: [pyramidkv] pred='The NCEL approach is effective in the following aspects:\n\n1. **Efficiency**: NCEL is efficient in processing and linking'
2026-07-04 16:09:40,438 [INFO] core.evaluator_v2: [pyramidkv] pred='The text considers the following methods to find examples of biases and unwarranted inferences:\n\n1. Manual detection of '
2026-07-04 16:09:59,899 [INFO] core.evaluator_v2: [pyramidkv] pred='The corpus consists of 53 documents, which contain a total of 156 sentences, on average. The corpus is 156 sentences lon'
2026-07-04 16:09:59,910 [INFO] core.evaluator_v2:   [25/50] avg=24.00
2026-07-04 16:10:10,020 [INFO] core.evaluator_v2: [pyramidkv] pred='An individual model consists of a Bayesian model for semantic role induction (SRI) that uses crosslingual latent variabl'
2026-07-04 16:10:13,730 [INFO] core.evaluator_v2: [pyramidkv] pred='The text does not explicitly mention or describe specific stylistic features that are obtained. It focuses on the cognit'
2026-07-04 16:10:18,112 [INFO] core.evaluator_v2: [pyramidkv] pred='The highest MRR score achieved was 0.2862 in the final test batch set.'
2026-07-04 16:10:38,114 [INFO] core.evaluator_v2: [pyramidkv] pred='The data presented to the subjects to elicit event-related responses was the EEG data, which was processed and analyzed '
2026-07-04 16:10:44,811 [INFO] core.evaluator_v2: [pyramidkv] pred='The dataset is annotated with 1) no evidence of depression (n=6,829 tweets) or 2) evidence of depression (n=2,644 tweets'
2026-07-04 16:10:44,815 [INFO] core.evaluator_v2:   [30/50] avg=21.00
2026-07-04 16:10:49,096 [INFO] core.evaluator_v2: [pyramidkv] pred='To match words before reordering them, the English sentences are pre-ordered to match the word order of the source langu'
2026-07-04 16:11:06,280 [INFO] core.evaluator_v2: [pyramidkv] pred='No, the text does not report results only on English data. The text discusses datasets from social media (Twitter) and n'
2026-07-04 16:11:07,452 [INFO] core.evaluator_v2: [pyramidkv] pred='GloVe, Edinburgh, and Emoji embeddings.'
2026-07-04 16:11:11,005 [INFO] core.evaluator_v2: [pyramidkv] pred='Yes, they use pretrained embeddings. The text mentions that they "initialized the embeddings of these words with 300-dim'
2026-07-04 16:11:15,321 [INFO] core.evaluator_v2: [pyramidkv] pred='The ensemble method works by selecting the best performing models and averaging their predictions. The algorithm starts '
2026-07-04 16:11:15,323 [INFO] core.evaluator_v2:   [35/50] avg=20.45
2026-07-04 16:11:16,358 [INFO] core.evaluator_v2: [pyramidkv] pred='Yes, they use attention.'
2026-07-04 16:11:18,078 [INFO] core.evaluator_v2: [pyramidkv] pred='The language model architectures used are: 2016, 2016, and 2016.'
2026-07-04 16:11:21,235 [INFO] core.evaluator_v2: [pyramidkv] pred='Yes, the text reports results on English data.'
2026-07-04 16:11:24,083 [INFO] core.evaluator_v2: [pyramidkv] pred='The clinical datasets used in the paper are NUBes-PHI and MEDDOCAN.'
2026-07-04 16:11:28,901 [INFO] core.evaluator_v2: [pyramidkv] pred='No, the datasets for sentiment analysis are not balanced. The text indicates that the groundtruth labels contain 210 pos'
2026-07-04 16:11:28,907 [INFO] core.evaluator_v2:   [40/50] avg=20.94
2026-07-04 16:11:45,521 [INFO] core.evaluator_v2: [pyramidkv] pred='Yes, it is possible to convert cloze-style questions into naturally-looking questions. The text discusses the process of'
2026-07-04 16:12:03,619 [INFO] core.evaluator_v2: [pyramidkv] pred='The text evaluates the proposed adaptively sparse Transformers on four machine translation tasks. The specific tasks are'
2026-07-04 16:12:19,986 [INFO] core.evaluator_v2: [pyramidkv] pred='The additional features and context proposed in the text are:\n\n1. **Context Tweets**: The use of context tweets (i.e., t'
2026-07-04 16:12:21,902 [INFO] core.evaluator_v2: [pyramidkv] pred='20,000'
2026-07-04 16:12:24,737 [INFO] core.evaluator_v2: [pyramidkv] pred='The text does not explicitly mention which Chinese datasets were used. It focuses on grammar induction with compound PCF'
2026-07-04 16:12:24,739 [INFO] core.evaluator_v2:   [45/50] avg=21.32
2026-07-04 16:12:37,782 [INFO] core.evaluator_v2: [pyramidkv] pred='The text discusses the use of **machine learning and deep learning methods** for **Question Entailment (RQE)** in the me'
2026-07-04 16:12:40,049 [INFO] core.evaluator_v2: [pyramidkv] pred='The paper studies English.'
2026-07-04 16:12:44,651 [INFO] core.evaluator_v2: [pyramidkv] pred='This approach compares to other WSD approaches employing word embeddings by using a KL divergence based energy function '
2026-07-04 16:12:44,909 [WARNING] core.model_loader: Input length 20076 > max 16000, truncating...
2026-07-04 16:12:56,051 [INFO] core.evaluator_v2: [pyramidkv] pred='The ML methods aim to identify argument components in text, such as claims, premises, backings, rebuttals, and refutatio'
2026-07-04 16:13:02,603 [INFO] core.evaluator_v2: [pyramidkv] pred='The resulting annotated data is higher quality. The model trained with re-annotating the difficult subset (D+Other) achi'
2026-07-04 16:13:02,606 [INFO] core.evaluator_v2:   [50/50] avg=21.07
2026-07-04 16:13:02,607 [INFO] __main__:   → score=21.07, mem_red=80.0%, ttft=765.6ms
2026-07-04 16:13:02,609 [INFO] __main__: 
  Task: multifieldqa_en
2026-07-04 16:13:02,611 [INFO] core.evaluator_v2: [pyramidkv] multifieldqa_en (50샘플, budget=20%)
2026-07-04 16:13:20,379 [INFO] core.evaluator_v2: [pyramidkv] pred="After Ngotho attacks Jacobo at a workers' strike, he is fired and the family is forced to move. Ngotho loses his job and"
2026-07-04 16:13:27,103 [INFO] core.evaluator_v2: [pyramidkv] pred='Yes, the denoiser can be applied to circuits with non-Clifford noise. The text discusses the use of denoisers in the con'
2026-07-04 16:13:33,381 [INFO] core.evaluator_v2: [pyramidkv] pred='The generative interactive model used in the method is the **C-GDBN** (Coupled Generative Dynamic Bayesian Network).'
2026-07-04 16:13:40,955 [INFO] core.evaluator_v2: [pyramidkv] pred="The purpose of an ICD (Implantable Cardioverter Defibrillator) is to monitor the heart's electrical activity and deliver"
2026-07-04 16:13:43,725 [INFO] core.evaluator_v2: [pyramidkv] pred='The NLMS algorithm is engaged in the PLMS-PPIC method.'
2026-07-04 16:13:43,727 [INFO] core.evaluator_v2:   [5/50] avg=32.12
2026-07-04 16:13:45,406 [INFO] core.evaluator_v2: [pyramidkv] pred='In 2009, Brooksley Born was awarded the John F. Kennedy Profiles in Courage Award.'
2026-07-04 16:13:56,611 [INFO] core.evaluator_v2: [pyramidkv] pred='A media application determines the context of an event by analyzing the media asset (e.g., a video clip) and identifying'
2026-07-04 16:14:06,716 [INFO] core.evaluator_v2: [pyramidkv] pred='The sticking point in the political showdown over the budget is the disagreement over whether the District of Columbia s'
2026-07-04 16:14:31,948 [INFO] core.evaluator_v2: [pyramidkv] pred='McPherson County, Kansas, is the county seat of McPherson County, Kansas. The county seat is the city that is the admini'
2026-07-04 16:14:35,154 [INFO] core.evaluator_v2: [pyramidkv] pred='The new Iraqi Body Count organization provides cover for the war and allows supporters of the illegal war to point to it'
2026-07-04 16:14:35,157 [INFO] core.evaluator_v2:   [10/50] avg=33.16
2026-07-04 16:14:40,519 [INFO] core.evaluator_v2: [pyramidkv] pred="Accounting for path preference reduces the entropy of the robot's belief distribution over the goal, leading to more con"
2026-07-04 16:14:47,557 [INFO] core.evaluator_v2: [pyramidkv] pred='It is important for the sides of the fuselage to be sloped (tumbled home) to ensure that the wing is properly aligned an'
2026-07-04 16:14:55,963 [INFO] core.evaluator_v2: [pyramidkv] pred='The court in *In re Ferguson* concluded that the transformation prong of the Bilski test was not satisfied, as the claim'
2026-07-04 16:14:57,434 [INFO] core.evaluator_v2: [pyramidkv] pred='1928-1980.'
2026-07-04 16:15:01,784 [INFO] core.evaluator_v2: [pyramidkv] pred='Thalassemias are classified based on the hemoglobin chain affected, specifically α-thalassemia and β-thalassemia.'
2026-07-04 16:15:01,786 [INFO] core.evaluator_v2:   [15/50] avg=25.75
2026-07-04 16:15:11,211 [INFO] core.evaluator_v2: [pyramidkv] pred='The transition probability of the environment affects the learning rate in the static agent by decreasing the evolved le'
2026-07-04 16:15:18,580 [INFO] core.evaluator_v2: [pyramidkv] pred='The experimental techniques used to study the quantum dot structures in this research include low-temperature scanning t'
2026-07-04 16:15:19,715 [INFO] core.evaluator_v2: [pyramidkv] pred=''
2026-07-04 16:15:24,610 [INFO] core.evaluator_v2: [pyramidkv] pred='The two ground states observed for indeno[1,2-a]fluorene on NaCl surfaces are an open-shell (5OS) and a closed-shell (5p'
2026-07-04 16:15:34,914 [INFO] core.evaluator_v2: [pyramidkv] pred='The scoring engine generates a stream of content for the channel by:  \n1. **Receiving a request** for a channel category'
2026-07-04 16:15:34,916 [INFO] core.evaluator_v2:   [20/50] avg=23.28
2026-07-04 16:15:41,458 [INFO] core.evaluator_v2: [pyramidkv] pred='The stability conditions for a solution of $-\\Delta u = f(u)$ are that the solution must be stable, meaning that any per'
2026-07-04 16:15:59,448 [INFO] core.evaluator_v2: [pyramidkv] pred='The text provides the following information:\n\nMcPherson County is located in the state of Kansas.  The county is named a'
2026-07-04 16:16:04,659 [INFO] core.evaluator_v2: [pyramidkv] pred='The main focus of the research paper is to study the strong coupling limit of lattice QCD, with an emphasis on the nucle'
2026-07-04 16:16:04,942 [WARNING] core.model_loader: Input length 16496 > max 16000, truncating...
2026-07-04 16:16:12,436 [INFO] core.evaluator_v2: [pyramidkv] pred='The security parameter for the AES-256 block cipher is 172 bits.'
2026-07-04 16:16:13,697 [INFO] core.evaluator_v2: [pyramidkv] pred='South West Ultras fan club.'
2026-07-04 16:16:13,708 [INFO] core.evaluator_v2:   [25/50] avg=24.34
2026-07-04 16:16:14,687 [INFO] core.evaluator_v2: [pyramidkv] pred='1978'
2026-07-04 16:16:19,929 [INFO] core.evaluator_v2: [pyramidkv] pred='The interlayer Berry connection polarizability is significant in the context of the crossed nonlinear dynamical intrinsi'
2026-07-04 16:16:28,886 [INFO] core.evaluator_v2: [pyramidkv] pred='Wearable and ambient sensors, including accelerometers, gyroscopes, and physiological sensors like EDA (electrodermal ac'
2026-07-04 16:16:33,511 [INFO] core.evaluator_v2: [pyramidkv] pred='Chew, S. Y. and Hufnagel, T. C. and Lim, C. T. and Leong, K. W., Mechanical properties of single electrospun drug-encaps'
2026-07-04 16:16:41,305 [INFO] core.evaluator_v2: [pyramidkv] pred='The symptoms of vitamin K deficiency include bleeding disorders, such as prolonged bleeding from cuts or injuries, and a'
2026-07-04 16:16:41,311 [INFO] core.evaluator_v2:   [30/50] avg=23.26
2026-07-04 16:16:59,913 [INFO] core.evaluator_v2: [pyramidkv] pred="The restrictions on the use of Broadjam's servers include:\n\n1. **Prohibition of Illegal Activities**: Hosting Subscriber"
2026-07-04 16:17:02,321 [INFO] core.evaluator_v2: [pyramidkv] pred='The 2017 general election was held on 23 September 2017.'
2026-07-04 16:17:03,846 [INFO] core.evaluator_v2: [pyramidkv] pred='21'
2026-07-04 16:17:06,463 [INFO] core.evaluator_v2: [pyramidkv] pred='Simon English became the leader of the National Party on 24 October 2017.'
2026-07-04 16:17:12,028 [INFO] core.evaluator_v2: [pyramidkv] pred="Governor Rick Scott cited privacy concerns, expressed skepticism about the monitoring program's effectiveness, and raise"
2026-07-04 16:17:12,030 [INFO] core.evaluator_v2:   [35/50] avg=25.32
2026-07-04 16:17:15,596 [INFO] core.evaluator_v2: [pyramidkv] pred='The SI unit of power is the watt (W).'
2026-07-04 16:17:23,544 [INFO] core.evaluator_v2: [pyramidkv] pred='Craig wants to find his own place because he is seeking independence and a sense of control over his living situation. T'
2026-07-04 16:17:30,865 [INFO] core.evaluator_v2: [pyramidkv] pred='The decision to base the water rates on usage reflected a commitment to fairness and transparency in the housing market.'
2026-07-04 16:17:32,784 [INFO] core.evaluator_v2: [pyramidkv] pred='The answer is 1867.'
2026-07-04 16:17:41,962 [INFO] core.evaluator_v2: [pyramidkv] pred='The proximity of superconductivity enhances the Kondo effect by introducing additional exchange mechanisms, such as CAR '
2026-07-04 16:17:41,964 [INFO] core.evaluator_v2:   [40/50] avg=23.40
2026-07-04 16:17:46,967 [INFO] core.evaluator_v2: [pyramidkv] pred='Peter DENNING is the program chair of this conference.'
2026-07-04 16:17:57,348 [INFO] core.evaluator_v2: [pyramidkv] pred='At dawn or dusk, the high resolution of what we focus on diminishes due to the reduced light intensity, which affects th'
2026-07-04 16:18:01,689 [INFO] core.evaluator_v2: [pyramidkv] pred='The Director is responsible for carrying out the functions assigned under the act.'
2026-07-04 16:18:09,653 [INFO] core.evaluator_v2: [pyramidkv] pred='Ferromagnetic semiconductors, such as Ge$_{1-x}$Mn$_{x}$, have potential applications in spintronics and magnetic memory'
2026-07-04 16:18:17,752 [INFO] core.evaluator_v2: [pyramidkv] pred='The recommended daily intake of vitamin K for adult women and men is 12 micrograms (mcg) for women and 15 micrograms (mc'
2026-07-04 16:18:17,754 [INFO] core.evaluator_v2:   [45/50] avg=24.51
2026-07-04 16:18:21,360 [INFO] core.evaluator_v2: [pyramidkv] pred='Yes, DUO contains more instances per image than COCO.'
2026-07-04 16:18:39,116 [INFO] core.evaluator_v2: [pyramidkv] pred='2020 census\nMcPherson County population was 2020.  The census of 2020 in McPherson County was 2020.  The census of 2020 '
2026-07-04 16:18:40,758 [INFO] core.evaluator_v2: [pyramidkv] pred='The paper was published in 2023.'
2026-07-04 16:18:42,601 [INFO] core.evaluator_v2: [pyramidkv] pred='The first white settlement in McPherson County was **Ferrell Ranch**, established in 1862.'
2026-07-04 16:18:46,191 [INFO] core.evaluator_v2: [pyramidkv] pred='The reliance of artificial organisms on plasticity is controlled by environmental variability, the reliability of the se'
2026-07-04 16:18:46,192 [INFO] core.evaluator_v2:   [50/50] avg=26.92
2026-07-04 16:18:46,193 [INFO] __main__:   → score=26.92, mem_red=80.0%, ttft=1254.5ms
2026-07-04 16:18:46,194 [INFO] __main__: 
  Task: hotpotqa
2026-07-04 16:18:46,194 [INFO] core.evaluator_v2: [pyramidkv] hotpotqa (50샘플, budget=20%)
2026-07-04 16:18:46,640 [WARNING] core.model_loader: Input length 17130 > max 16000, truncating...
2026-07-04 16:18:53,614 [INFO] core.evaluator_v2: [pyramidkv] pred='Brian Stokes Mitchell'
2026-07-04 16:18:54,288 [WARNING] core.model_loader: Input length 16583 > max 16000, truncating...
2026-07-04 16:19:02,235 [INFO] core.evaluator_v2: [pyramidkv] pred='The large subunit and small subunit that use two types of RNA are major components that make up ribosomes.'
2026-07-04 16:19:08,137 [INFO] core.evaluator_v2: [pyramidkv] pred='Sarah Price and Rob Schneider are both **film directors**.'
2026-07-04 16:19:13,559 [INFO] core.evaluator_v2: [pyramidkv] pred='Arnold Richards was the former chair of YIVO, which is a member of the Center for Jewish History.'
2026-07-04 16:19:13,997 [WARNING] core.model_loader: Input length 16934 > max 16000, truncating...
2026-07-04 16:19:21,637 [INFO] core.evaluator_v2: [pyramidkv] pred='Alfred A. Marcus worked as a consultant for Ebasco Industries.'
2026-07-04 16:19:21,639 [INFO] core.evaluator_v2:   [5/50] avg=24.61
2026-07-04 16:19:23,928 [INFO] core.evaluator_v2: [pyramidkv] pred='Pleiospilos is a flowering plant. Pueraria is not.'
2026-07-04 16:19:28,038 [INFO] core.evaluator_v2: [pyramidkv] pred='Steel Venom is farther north than Wicked Twister.'
2026-07-04 16:19:28,540 [WARNING] core.model_loader: Input length 16637 > max 16000, truncating...
2026-07-04 16:19:36,225 [INFO] core.evaluator_v2: [pyramidkv] pred='Baghdad was known as the "City of the Caliph" during the Abbasid Caliphate.'
2026-07-04 16:19:44,931 [INFO] core.evaluator_v2: [pyramidkv] pred="Cortina d'Ampezzo is located in the northern part of Italy, specifically in the Veneto region. It is a town in the provi"
2026-07-04 16:19:52,285 [INFO] core.evaluator_v2: [pyramidkv] pred='Mike Leach currently coaches at Mississippi State.'
2026-07-04 16:19:52,287 [INFO] core.evaluator_v2:   [10/50] avg=25.74
2026-07-04 16:20:00,577 [INFO] core.evaluator_v2: [pyramidkv] pred='The Friday night programming block that included the collective series "Whatever Happened to... Robot Jones?" is **The N'
2026-07-04 16:20:04,011 [INFO] core.evaluator_v2: [pyramidkv] pred='The lowest vocal range in Cosmos is that of the bass.'
2026-07-04 16:20:04,491 [WARNING] core.model_loader: Input length 16792 > max 16000, truncating...
2026-07-04 16:20:12,813 [INFO] core.evaluator_v2: [pyramidkv] pred='Fredric Rieders testified against Michael Swango, who killed as many as 60 patients and received three consecutive life '
2026-07-04 16:20:20,234 [INFO] core.evaluator_v2: [pyramidkv] pred='The series is "It\'s Always Sunny in Philadelphia."'
2026-07-04 16:20:21,008 [WARNING] core.model_loader: Input length 16875 > max 16000, truncating...
2026-07-04 16:20:31,068 [INFO] core.evaluator_v2: [pyramidkv] pred='The National Firearms Agreement was in response to the Port Arthur massacre, which killed **approximately 2,600 to 2,700'
2026-07-04 16:20:31,070 [INFO] core.evaluator_v2:   [15/50] avg=23.74
2026-07-04 16:20:33,511 [INFO] core.evaluator_v2: [pyramidkv] pred='The first name of the author is William.'
2026-07-04 16:20:41,238 [INFO] core.evaluator_v2: [pyramidkv] pred='The London Eye and Waterloo Bridge both sit on the **River Thames** in London.'
2026-07-04 16:20:49,198 [INFO] core.evaluator_v2: [pyramidkv] pred='The answer is Gwen Verdon. She was the last muse for the choreographer Bob Fosse and starred in the Nutcracker.'
2026-07-04 16:20:49,853 [WARNING] core.model_loader: Input length 16802 > max 16000, truncating...
2026-07-04 16:20:57,961 [INFO] core.evaluator_v2: [pyramidkv] pred='The host of the American survival skills reality show "The Island" is Bear Grylls, who is originally from the United Kin'
2026-07-04 16:21:01,259 [INFO] core.evaluator_v2: [pyramidkv] pred='The mother of Alberic II of Spoleto was given the title "patricia" of Rome by Pope John X.'
2026-07-04 16:21:01,261 [INFO] core.evaluator_v2:   [20/50] avg=21.58
2026-07-04 16:21:04,401 [INFO] core.evaluator_v2: [pyramidkv] pred='Cryptocoryne is a shrub.'
2026-07-04 16:21:12,546 [INFO] core.evaluator_v2: [pyramidkv] pred='The actor who plays Sean Tully, Antony Cotton, defeated Lee Thompson in a dancing contest.'
2026-07-04 16:21:13,240 [WARNING] core.model_loader: Input length 17206 > max 16000, truncating...
2026-07-04 16:21:20,289 [INFO] core.evaluator_v2: [pyramidkv] pred='Mark Donohue'
2026-07-04 16:21:37,090 [INFO] core.evaluator_v2: [pyramidkv] pred='Yameen and Activision have in common the form of play known as "intellivision" or "Intellivision", which is a video game'
2026-07-04 16:21:44,784 [INFO] core.evaluator_v2: [pyramidkv] pred='The Atherton Bridge spans the Nashua River, which is 12.5 miles (20.1 km) long. The bridge is 470 feet (143 m) long and '
2026-07-04 16:21:44,787 [INFO] core.evaluator_v2:   [25/50] avg=20.04
2026-07-04 16:21:50,590 [INFO] core.evaluator_v2: [pyramidkv] pred='The streaming service is Netflix.'
2026-07-04 16:21:57,194 [INFO] core.evaluator_v2: [pyramidkv] pred='High School Confidential, an eight-part documentary, followed twelve high school teenagers from Blue Valley West High Sc'
2026-07-04 16:22:05,130 [INFO] core.evaluator_v2: [pyramidkv] pred='The 53rd National Hockey League All-Star Game took place at the indoor arena that was completed in **1970**.'
2026-07-04 16:22:13,227 [INFO] core.evaluator_v2: [pyramidkv] pred='The Toronto International Film Festival (TIFF) premiered the movie "Salmon Fishing in the Yemen" in 2012. This film was '
2026-07-04 16:22:13,953 [WARNING] core.model_loader: Input length 16382 > max 16000, truncating...
2026-07-04 16:22:21,840 [INFO] core.evaluator_v2: [pyramidkv] pred='The arena where the Lewiston Maineiacs played their home games, the Colisée, could seat **2,000 people**.'
2026-07-04 16:22:21,842 [INFO] core.evaluator_v2:   [30/50] avg=18.03
2026-07-04 16:22:25,130 [INFO] core.evaluator_v2: [pyramidkv] pred="The winner of the London Riders' Championship in 1953 scored 10 points in the 1952 Individual Speedway World Championshi"
2026-07-04 16:22:31,959 [INFO] core.evaluator_v2: [pyramidkv] pred="Erik Watts' father was born on 22 September 1863."
2026-07-04 16:22:32,444 [WARNING] core.model_loader: Input length 16268 > max 16000, truncating...
2026-07-04 16:22:40,152 [INFO] core.evaluator_v2: [pyramidkv] pred='Migene González-Wippler is a leading expert on the Afro-Caribbean religion of Santería.'
2026-07-04 16:22:40,660 [WARNING] core.model_loader: Input length 16733 > max 16000, truncating...
2026-07-04 16:22:48,393 [INFO] core.evaluator_v2: [pyramidkv] pred='The football club that plays in the area between the old tool gates: Brook Bar and Trafford Bar is **Manchester United**'
2026-07-04 16:22:53,302 [INFO] core.evaluator_v2: [pyramidkv] pred='The female member of Fitz and The Tantrums, Noelle Scaggs, was the front woman for the band The Rebirth for ten years.'
2026-07-04 16:22:53,307 [INFO] core.evaluator_v2:   [35/50] avg=16.34
2026-07-04 16:22:53,665 [WARNING] core.model_loader: Input length 16496 > max 16000, truncating...
2026-07-04 16:23:03,036 [INFO] core.evaluator_v2: [pyramidkv] pred='No, Werther and The Odyssey are not both operas. "Werther" is an opera by Jules Massenet, based on Goethe\'s novel "The S'
2026-07-04 16:23:10,598 [INFO] core.evaluator_v2: [pyramidkv] pred='The kingdom surrendered to the French.'
2026-07-04 16:23:15,316 [INFO] core.evaluator_v2: [pyramidkv] pred='Santa Bring My Baby Back was released on the fourth Elvis studio album in 1957.'
2026-07-04 16:23:15,808 [WARNING] core.model_loader: Input length 16845 > max 16000, truncating...
2026-07-04 16:23:23,699 [INFO] core.evaluator_v2: [pyramidkv] pred='John Paesano wrote the film "How to Train Your Dragon: The Hidden World" for DreamWorks Dragons.'
2026-07-04 16:23:24,530 [WARNING] core.model_loader: Input length 17368 > max 16000, truncating...
2026-07-04 16:23:32,954 [INFO] core.evaluator_v2: [pyramidkv] pred='The airline company that operated United Express Flight 3411 on April 9, 2017, on behalf of United Express is Republic A'
2026-07-04 16:23:32,956 [INFO] core.evaluator_v2:   [40/50] avg=16.30
2026-07-04 16:23:38,087 [INFO] core.evaluator_v2: [pyramidkv] pred='The Bangor Daily News discussed Sawin Millett because he was the publisher of the newspaper.'
2026-07-04 16:23:38,752 [WARNING] core.model_loader: Input length 16575 > max 16000, truncating...
2026-07-04 16:23:47,284 [INFO] core.evaluator_v2: [pyramidkv] pred='Charles Haughey held the position of Taoiseach (Prime Minister) when he dissolved the list of members who were elected t'
2026-07-04 16:23:47,791 [WARNING] core.model_loader: Input length 16716 > max 16000, truncating...
2026-07-04 16:23:55,413 [INFO] core.evaluator_v2: [pyramidkv] pred='Gary L. Bennett was a part of the space missions that have a primary destination of **Jupiter**.'
2026-07-04 16:23:56,075 [WARNING] core.model_loader: Input length 17636 > max 16000, truncating...
2026-07-04 16:24:04,333 [INFO] core.evaluator_v2: [pyramidkv] pred="The 1958 Pro Bowl was played at the Los Angeles Coliseum, which is the home stadium for the University of Utah's footbal"
2026-07-04 16:24:05,203 [WARNING] core.model_loader: Input length 16912 > max 16000, truncating...
2026-07-04 16:24:12,407 [INFO] core.evaluator_v2: [pyramidkv] pred='Michael Tippett wrote his music most recently.'
2026-07-04 16:24:12,409 [INFO] core.evaluator_v2:   [45/50] avg=16.20
2026-07-04 16:24:18,959 [INFO] core.evaluator_v2: [pyramidkv] pred='The population of the town where The Stelljes House is located in 2010 was 29,761.'
2026-07-04 16:24:26,111 [INFO] core.evaluator_v2: [pyramidkv] pred='James II.'
2026-07-04 16:24:33,840 [INFO] core.evaluator_v2: [pyramidkv] pred='After Russell D. Moore served at the Southern Baptist Theological Seminary, he became the President of the Ethics & Reli'
2026-07-04 16:24:39,266 [INFO] core.evaluator_v2: [pyramidkv] pred='The person who substituted for Simon Pagenaud in 2017 secured a contract to drive in the 2017 IndyCar Series.'
2026-07-04 16:24:39,813 [WARNING] core.model_loader: Input length 17549 > max 16000, truncating...
2026-07-04 16:24:48,943 [INFO] core.evaluator_v2: [pyramidkv] pred='The CEO of the football team based in Denver, Colorado, Patrick Dennis Bowlen, stepped down in 2014 due to the onset and'
2026-07-04 16:24:48,944 [INFO] core.evaluator_v2:   [50/50] avg=16.39
2026-07-04 16:24:48,944 [INFO] __main__:   → score=16.39, mem_red=80.0%, ttft=2288.9ms
2026-07-04 16:24:48,945 [INFO] __main__: 
  Task: 2wikimqa
2026-07-04 16:24:48,945 [INFO] core.evaluator_v2: [pyramidkv] 2wikimqa (50샘플, budget=20%)
2026-07-04 16:24:52,362 [INFO] core.evaluator_v2: [pyramidkv] pred='The director of the film "Eisenstein in Guanajuato" was born in Finland.'
2026-07-04 16:24:54,155 [INFO] core.evaluator_v2: [pyramidkv] pred='Jugband Blues.'
2026-07-04 16:24:58,867 [INFO] core.evaluator_v2: [pyramidkv] pred='No Trees in the Street.'
2026-07-04 16:25:01,891 [INFO] core.evaluator_v2: [pyramidkv] pred="The place of death of Agnes of Hohenstaufen's husband was in 1190."
2026-07-04 16:25:06,350 [INFO] core.evaluator_v2: [pyramidkv] pred='Lyudmyla Olyanovska was born later than Paul De Scherff.'
2026-07-04 16:25:06,351 [INFO] core.evaluator_v2:   [5/50] avg=47.27
2026-07-04 16:25:11,713 [INFO] core.evaluator_v2: [pyramidkv] pred="Helmichis's father-in-law is Alboin."
2026-07-04 16:25:14,260 [INFO] core.evaluator_v2: [pyramidkv] pred="The Drover's Sweetheart came out earlier."
2026-07-04 16:25:17,291 [INFO] core.evaluator_v2: [pyramidkv] pred='German.'
2026-07-04 16:25:17,773 [WARNING] core.model_loader: Input length 16424 > max 16000, truncating...
2026-07-04 16:25:26,477 [INFO] core.evaluator_v2: [pyramidkv] pred='Yes, both films are from the United Kingdom. "The Hatton Garden Job" is a British crime thriller, and "Carry On Cleo" is'
2026-07-04 16:25:29,242 [INFO] core.evaluator_v2: [pyramidkv] pred='Vacations in Majorca was released first.'
2026-07-04 16:25:29,244 [INFO] core.evaluator_v2:   [10/50] avg=29.96
2026-07-04 16:25:31,378 [INFO] core.evaluator_v2: [pyramidkv] pred="The place of death of Randi Monsen's father was in Kristiania, Norway."
2026-07-04 16:25:33,775 [INFO] core.evaluator_v2: [pyramidkv] pred='Hissa Abdulla Ahmed Al-Otaiba.'
2026-07-04 16:25:35,598 [INFO] core.evaluator_v2: [pyramidkv] pred='The date of death of the director of film Nallavan Vazhvan is 31 August 1961.'
2026-07-04 16:25:42,054 [INFO] core.evaluator_v2: [pyramidkv] pred='The director of *The Year of the Rabbit* died first. The film *Monster on the Campus* was directed by Jack Arnold, who d'
2026-07-04 16:25:45,200 [INFO] core.evaluator_v2: [pyramidkv] pred='The paternal grandfather of Bruno II von Berg is Count Adolf III of Berg.'
2026-07-04 16:25:45,209 [INFO] core.evaluator_v2:   [15/50] avg=25.13
2026-07-04 16:25:47,371 [INFO] core.evaluator_v2: [pyramidkv] pred='Prince of Arcadia was released earlier.'
2026-07-04 16:25:51,418 [INFO] core.evaluator_v2: [pyramidkv] pred='Johnny Ekström was born later.'
2026-07-04 16:25:53,852 [INFO] core.evaluator_v2: [pyramidkv] pred='The place of birth of the director of film "Clowning Around" is Perth, Australia.'
2026-07-04 16:25:57,738 [INFO] core.evaluator_v2: [pyramidkv] pred='Solemn Promise was released in 1989, while Tarzan The Magnificent was released in 1960. Therefore, Tarzan The Magnificen'
2026-07-04 16:26:05,380 [INFO] core.evaluator_v2: [pyramidkv] pred='The spouse of the director of the film *Streets of Blood* is Sandra Nelson.'
2026-07-04 16:26:05,381 [INFO] core.evaluator_v2:   [20/50] avg=28.19
2026-07-04 16:26:07,880 [INFO] core.evaluator_v2: [pyramidkv] pred='Contragolpe.'
2026-07-04 16:26:08,160 [WARNING] core.model_loader: Input length 16690 > max 16000, truncating...
2026-07-04 16:26:16,053 [INFO] core.evaluator_v2: [pyramidkv] pred='The composer of the song "Gretchen am Spinnrade" is Franz Schubert. Franz Schubert died in Vienna, Austria.'
2026-07-04 16:26:16,679 [WARNING] core.model_loader: Input length 17007 > max 16000, truncating...
2026-07-04 16:26:24,082 [INFO] core.evaluator_v2: [pyramidkv] pred="Gisela of Hungary's father-in-law is King Stephen I of Hungary."
2026-07-04 16:26:31,812 [INFO] core.evaluator_v2: [pyramidkv] pred="Grand Duchess Elena Vladimirovna of Russia's father, Grand Duke Vladimir Kirillovich of Russia, died in 1992."
2026-07-04 16:26:36,493 [INFO] core.evaluator_v2: [pyramidkv] pred='From Corleone to Brooklyn (1979) is the film with the director born later. Umberto Lenzi was born in 1933, while the dir'
2026-07-04 16:26:36,506 [INFO] core.evaluator_v2:   [25/50] avg=27.82
2026-07-04 16:26:42,755 [INFO] core.evaluator_v2: [pyramidkv] pred="The place of birth of Sextus Barbour's father is Belfast."
2026-07-04 16:26:44,261 [INFO] core.evaluator_v2: [pyramidkv] pred='Guy Arvely Dolsin is younger than Altuğ Çelikbilek.'
2026-07-04 16:26:50,482 [INFO] core.evaluator_v2: [pyramidkv] pred='The maternal grandfather of Marie Louise, Duchess of Parma, is King Ferdinand I of the Two Sicilies.'
2026-07-04 16:26:53,510 [INFO] core.evaluator_v2: [pyramidkv] pred='Una Prostituta Al Servizio Del Pubblico E In Regola Con Le Leggi Dello Stato (1970) came out first. The Bag Man (2014) i'
2026-07-04 16:26:55,356 [INFO] core.evaluator_v2: [pyramidkv] pred='Antoine Casavant was born first.'
2026-07-04 16:26:55,357 [INFO] core.evaluator_v2:   [30/50] avg=30.54
2026-07-04 16:26:57,617 [INFO] core.evaluator_v2: [pyramidkv] pred="Sir William Gore, 3rd Baronet's paternal grandfather is Sir William Gore, 2nd Baronet."
2026-07-04 16:26:59,936 [INFO] core.evaluator_v2: [pyramidkv] pred='Switzerland.'
2026-07-04 16:27:06,834 [INFO] core.evaluator_v2: [pyramidkv] pred='Eleanor of Castile died in 1291.'
2026-07-04 16:27:10,720 [INFO] core.evaluator_v2: [pyramidkv] pred='Philip William of Brandenburg-Schwedt was born on 19 May 1669.'
2026-07-04 16:27:14,278 [INFO] core.evaluator_v2: [pyramidkv] pred='The director of film "Wine of Morning" works at the National Gallery of Art in Washington, D.C.'
2026-07-04 16:27:14,279 [INFO] core.evaluator_v2:   [35/50] avg=28.45
2026-07-04 16:27:17,360 [INFO] core.evaluator_v2: [pyramidkv] pred="Isabella of Bourbon's paternal grandfather was Louis I, Duke of Bourbon."
2026-07-04 16:27:19,269 [INFO] core.evaluator_v2: [pyramidkv] pred='Anne Carey.'
2026-07-04 16:27:21,260 [INFO] core.evaluator_v2: [pyramidkv] pred="Carrie Watson Fleming's husband was born in West Virginia."
2026-07-04 16:27:32,952 [INFO] core.evaluator_v2: [pyramidkv] pred="The director of *The Wind's Fierce* (1927) is Roscoe Arbuckle, born in 1886. The director of *Special Delivery* (1927 fi"
2026-07-04 16:27:40,019 [INFO] core.evaluator_v2: [pyramidkv] pred='Charles Wheatstone lived longer than Jean-Claude Lauzon. Charles Wheatstone died in 1876, while Jean-Claude Lauzon died '
2026-07-04 16:27:40,021 [INFO] core.evaluator_v2:   [40/50] avg=27.50
2026-07-04 16:27:41,906 [INFO] core.evaluator_v2: [pyramidkv] pred='No. Howard Lake (British Columbia) is in Canada, while North Buck Lake (Alberta) is in Canada. Both are in the same coun'
2026-07-04 16:27:44,657 [INFO] core.evaluator_v2: [pyramidkv] pred='No, they do not share the same nationality. Reginald Fogwell was a British film director, while Howard W. Koch was an Am'
2026-07-04 16:27:51,260 [INFO] core.evaluator_v2: [pyramidkv] pred='No, Beauty and the Bad Man and Wild Child (Film) do not have directors from the same country. Beauty and the Bad Man was'
2026-07-04 16:27:58,387 [INFO] core.evaluator_v2: [pyramidkv] pred="The place of birth of Ratna Malla's father is not explicitly stated in the provided text. However, based on the text, we"
2026-07-04 16:28:01,802 [INFO] core.evaluator_v2: [pyramidkv] pred="The place of birth of Aleksey Greig's father is Inverkeithing, Fife, Scotland."
2026-07-04 16:28:01,809 [INFO] core.evaluator_v2:   [45/50] avg=24.93
2026-07-04 16:28:04,679 [INFO] core.evaluator_v2: [pyramidkv] pred='The mother of the director of the film "Atomised" is Sheikha Fatima bint Sultan Al Nahyan.'
2026-07-04 16:28:06,849 [INFO] core.evaluator_v2: [pyramidkv] pred='No. Ding Yaping is Chinese and German, while Johann Christian Gustav Lucae is German.'
2026-07-04 16:28:09,370 [INFO] core.evaluator_v2: [pyramidkv] pred='University of Dublin.'
2026-07-04 16:28:11,979 [INFO] core.evaluator_v2: [pyramidkv] pred='Space Probe Taurus.'
2026-07-04 16:28:14,160 [INFO] core.evaluator_v2: [pyramidkv] pred='The Pyrammmid came out first.'
2026-07-04 16:28:14,162 [INFO] core.evaluator_v2:   [50/50] avg=22.44
2026-07-04 16:28:14,163 [INFO] __main__:   → score=22.44, mem_red=80.0%, ttft=1317.4ms
2026-07-04 16:28:14,164 [INFO] __main__: 
  Task: gov_report
2026-07-04 16:28:14,164 [INFO] core.evaluator_v2: [pyramidkv] gov_report (50샘플, budget=20%)
2026-07-04 16:28:32,149 [INFO] core.evaluator_v2: [pyramidkv] pred='The National Science Foundation (NSF) has been tasked with developing a comprehensive workforce strategy to balance the '
2026-07-04 16:28:51,397 [INFO] core.evaluator_v2: [pyramidkv] pred='The Federal Information Security Management Act (FISMA) is a federal law that requires federal agencies to develop, docu'
2026-07-04 16:28:51,975 [WARNING] core.model_loader: Input length 51949 > max 16000, truncating...
2026-07-04 16:29:08,313 [INFO] core.evaluator_v2: [pyramidkv] pred='The United States and China have a complex and evolving relationship regarding military and surveillance activities in t'
2026-07-04 16:29:09,132 [WARNING] core.model_loader: Input length 28135 > max 16000, truncating...
2026-07-04 16:29:34,109 [INFO] core.evaluator_v2: [pyramidkv] pred='The Environmental Protection Agency (EPA) has received consistent funding for its Water Infrastructure and Environmental'
2026-07-04 16:29:57,066 [INFO] core.evaluator_v2: [pyramidkv] pred='**Summary of the GAO Report on the Department of Homeland Security (DHS) Financial Management System Modernization Proje'
2026-07-04 16:29:57,119 [INFO] core.evaluator_v2:   [5/50] avg=16.77
2026-07-04 16:30:23,075 [INFO] core.evaluator_v2: [pyramidkv] pred='**Summary of the GAO Report on Federal Cybersecurity and Information Security in the Federal Government**\n\n**Key Finding'
2026-07-04 16:30:38,667 [INFO] core.evaluator_v2: [pyramidkv] pred='The Small Business Administration (SBA) has established federal procurement goals to promote small business participatio'
2026-07-04 16:30:39,246 [WARNING] core.model_loader: Input length 19434 > max 16000, truncating...
2026-07-04 16:31:00,887 [INFO] core.evaluator_v2: [pyramidkv] pred='The Department of Defense (DOD) has authority under 10 U.S.C. §2371b to enter into transactions (other than contracts, c'
2026-07-04 16:31:22,898 [INFO] core.evaluator_v2: [pyramidkv] pred='**Summary of the Report on the Role of Cash in the Economy and the Transition to a Cashless Society**\n\nThe report explor'
2026-07-04 16:31:23,462 [WARNING] core.model_loader: Input length 41630 > max 16000, truncating...
2026-07-04 16:31:49,313 [INFO] core.evaluator_v2: [pyramidkv] pred='The Department of Homeland Security (DHS) has been working to improve its acquisition management practices through the *'
2026-07-04 16:31:49,353 [INFO] core.evaluator_v2:   [10/50] avg=15.85
2026-07-04 16:32:12,080 [INFO] core.evaluator_v2: [pyramidkv] pred='The following is a summary of the key points and findings from the provided text, which outlines the budgetary and fisca'
2026-07-04 16:32:30,182 [INFO] core.evaluator_v2: [pyramidkv] pred='The summary of the text is as follows:\n\nThe text discusses the process of land acquisition and disposal in the United St'
2026-07-04 16:32:48,493 [INFO] core.evaluator_v2: [pyramidkv] pred='The Black Lung Disability Trust Fund (Trust Fund) is a federal program that provides medical and financial assistance to'
2026-07-04 16:33:11,253 [INFO] core.evaluator_v2: [pyramidkv] pred='The United States has long been a leading global donor of foreign aid, with its foreign assistance programs playing a si'
2026-07-04 16:33:30,000 [INFO] core.evaluator_v2: [pyramidkv] pred='The Office of Surface Mining Reclamation and Enforcement (OSMRE) has issued a policy advisory in August 2016, which stat'
2026-07-04 16:33:30,034 [INFO] core.evaluator_v2:   [15/50] avg=16.52
2026-07-04 16:33:46,848 [INFO] core.evaluator_v2: [pyramidkv] pred="The Public Safety Officers' Benefits Improvement Act of 2017 (P.L. 115-36) provides for the payment of PSOB death and di"
2026-07-04 16:34:03,261 [INFO] core.evaluator_v2: [pyramidkv] pred='**Summary of the GSA Swap Exchange Process and Funding Mechanisms**\n\nThe U.S. federal government, through the General Se'
2026-07-04 16:34:06,573 [INFO] core.evaluator_v2: [pyramidkv] pred='The document is a work of the United States government and is not subject to copyright protection in the United States. '
2026-07-04 16:34:26,723 [INFO] core.evaluator_v2: [pyramidkv] pred='The 2019 budget for the U.S. International Trade Commission (ITC) and the U.S. Trade Representative (USTR) included seve'
2026-07-04 16:34:46,001 [INFO] core.evaluator_v2: [pyramidkv] pred='The Black Lung Disability Trust Fund (BLDTF) is a federal trust fund established to pay benefits to miners and their sur'
2026-07-04 16:34:46,033 [INFO] core.evaluator_v2:   [20/50] avg=16.36
2026-07-04 16:35:10,710 [INFO] core.evaluator_v2: [pyramidkv] pred="The U.S. Department of Labor's Office of Federal Contract Compliance (OFCCP) and the Equal Employment Opportunity Commis"
2026-07-04 16:35:33,614 [INFO] core.evaluator_v2: [pyramidkv] pred='**Summary of the Report on Federal Oversight of Internet Privacy and Data Security**\n\n**Overview**  \nThe Federal Trade C'
2026-07-04 16:35:55,808 [INFO] core.evaluator_v2: [pyramidkv] pred='**Summary of the GAO Report on Early Withdrawals from Retirement Savings**\n\nThe U.S. Government Accountability Office (G'
2026-07-04 16:36:15,090 [INFO] core.evaluator_v2: [pyramidkv] pred='The Office of Management and Budget (OMB) has issued a guidance document that outlines the roles and responsibilities of'
2026-07-04 16:36:21,431 [INFO] core.evaluator_v2: [pyramidkv] pred='The report outlines the financial challenges and potential solutions for the Postal Service Retiree Health Benefits (RHB'
2026-07-04 16:36:21,445 [INFO] core.evaluator_v2:   [25/50] avg=16.27
2026-07-04 16:36:41,278 [INFO] core.evaluator_v2: [pyramidkv] pred='**Summary:**\n\nThe document discusses several key aspects of housing policy and tax provisions in the United States, focu'
2026-07-04 16:37:04,431 [INFO] core.evaluator_v2: [pyramidkv] pred='The National Popular Vote (NPV) initiative, which seeks to replace the Electoral College with a system where the Preside'
2026-07-04 16:37:26,243 [INFO] core.evaluator_v2: [pyramidkv] pred='The U.S. Department of Energy (DOE) manages a complex and multifaceted portfolio of nuclear weapons and energy programs,'
2026-07-04 16:37:45,540 [INFO] core.evaluator_v2: [pyramidkv] pred='The General Services Administration (GSA) and the Office of Management and Budget (OMB) have implemented a policy to red'
2026-07-04 16:37:55,625 [INFO] core.evaluator_v2: [pyramidkv] pred='The U.S. Government Accountability Office (GAO) has issued a report on the National Cemetery Administration (NCA) and it'
2026-07-04 16:37:55,641 [INFO] core.evaluator_v2:   [30/50] avg=16.05
2026-07-04 16:38:20,785 [INFO] core.evaluator_v2: [pyramidkv] pred='**Summary of the Financial Technology (Fintech) and Regulatory Landscape in the United States**\n\nThe U.S. financial sect'
2026-07-04 16:38:47,595 [INFO] core.evaluator_v2: [pyramidkv] pred='**Summary of the Report on the European Reassurance Initiative (ERI) and the Department of Defense (DOD) Funding Process'
2026-07-04 16:39:00,533 [INFO] core.evaluator_v2: [pyramidkv] pred="The report provides an analysis of the Lobbying Disclosure Act (LDA) and its implementation by the U.S. Attorney's Offic"
2026-07-04 16:39:10,949 [INFO] core.evaluator_v2: [pyramidkv] pred="The audit of Puerto Rico's financial condition and debt levels, conducted by the Government Accountability Office (GAO),"
2026-07-04 16:39:27,710 [INFO] core.evaluator_v2: [pyramidkv] pred='The Small Business Lending Fund (SBLF) was established under the Small Business Jobs Act of 2010 to provide temporary ca'
2026-07-04 16:39:27,730 [INFO] core.evaluator_v2:   [35/50] avg=15.72
2026-07-04 16:39:54,079 [INFO] core.evaluator_v2: [pyramidkv] pred="**Summary of GAO Report on WMATA's Capital Planning and Track Preventive Maintenance Program**\n\n**Key Findings and Recom"
2026-07-04 16:40:12,342 [INFO] core.evaluator_v2: [pyramidkv] pred="The minority leader in the House of Representatives plays a critical role in shaping the party's agenda, promoting its p"
2026-07-04 16:40:35,220 [INFO] core.evaluator_v2: [pyramidkv] pred='The U.S. Department of Education (ED) has established a comprehensive framework to ensure that institutions participatin'
2026-07-04 16:40:35,817 [WARNING] core.model_loader: Input length 18482 > max 16000, truncating...
2026-07-04 16:41:01,189 [INFO] core.evaluator_v2: [pyramidkv] pred='**Summary:**\n\nThe Department of Homeland Security (DHS) and the Secret Service have implemented a comprehensive IT acqui'
2026-07-04 16:41:24,895 [INFO] core.evaluator_v2: [pyramidkv] pred='The 2016 report of DOE’s Biological and Environmental Research Advisory Committee provided information about research ne'
2026-07-04 16:41:24,939 [INFO] core.evaluator_v2:   [40/50] avg=15.80
2026-07-04 16:41:38,006 [INFO] core.evaluator_v2: [pyramidkv] pred='The following is a summary of the provided text, which is a detailed report on neonatal abstinence syndrome (NAS) and it'
2026-07-04 16:41:54,259 [INFO] core.evaluator_v2: [pyramidkv] pred='The U.S. Navy and the Missile Defense Agency (MDA) are working to enhance the U.S. missile defense capability in the Pac'
2026-07-04 16:42:17,607 [INFO] core.evaluator_v2: [pyramidkv] pred='The proposed U.S.-Mexico-Canada Agreement (USMCA) includes provisions on digital trade and data privacy, aiming to balan'
2026-07-04 16:42:18,192 [WARNING] core.model_loader: Input length 22562 > max 16000, truncating...
2026-07-04 16:42:43,235 [INFO] core.evaluator_v2: [pyramidkv] pred='The U.S. Congress has passed several key legislative acts and reports related to military sexual assault and the Departm'
2026-07-04 16:43:05,389 [INFO] core.evaluator_v2: [pyramidkv] pred='The Department of Commerce generally agreed with our findings regarding the improvements the Census Bureau has made in i'
2026-07-04 16:43:05,430 [INFO] core.evaluator_v2:   [45/50] avg=15.87
2026-07-04 16:43:06,057 [WARNING] core.model_loader: Input length 18237 > max 16000, truncating...
2026-07-04 16:43:21,280 [INFO] core.evaluator_v2: [pyramidkv] pred='The report highlights the significant impacts of climate change on migration and displacement in the Pacific Islands, pa'
2026-07-04 16:43:39,682 [INFO] core.evaluator_v2: [pyramidkv] pred='The U.S. Postal Service (USPS) has implemented a system to monitor the scanning performance of competitive products, whi'
2026-07-04 16:43:57,194 [INFO] core.evaluator_v2: [pyramidkv] pred='The summary of the report is as follows: \n\nThe report examines the status of ESF assistance and projects provided to the'
2026-07-04 16:44:08,340 [INFO] core.evaluator_v2: [pyramidkv] pred="The Federal Government's use of heavy equipment in the 24 CFO Act agencies was analyzed to determine the extent to which"
2026-07-04 16:44:31,643 [INFO] core.evaluator_v2: [pyramidkv] pred="**Summary of the Report on the Afghan National Defense and Security Forces (ANDSF) and the U.S. Military's Support for T"
2026-07-04 16:44:31,671 [INFO] core.evaluator_v2:   [50/50] avg=16.30
2026-07-04 16:44:31,672 [INFO] __main__:   → score=16.30, mem_red=80.0%, ttft=1581.8ms
2026-07-04 16:44:31,673 [INFO] __main__: 
  Task: qmsum
2026-07-04 16:44:31,674 [INFO] core.evaluator_v2: [pyramidkv] qmsum (50샘플, budget=20%)
2026-07-04 16:44:42,103 [INFO] core.evaluator_v2: [pyramidkv] pred='The team is discussing the design of a new remote control device, focusing on making it more user-friendly, stylish, and'
2026-07-04 16:45:02,340 [INFO] core.evaluator_v2: [pyramidkv] pred='The meeting concluded with the team agreeing on the following key points for the new remote control device:\n\n1. **Design'
2026-07-04 16:45:29,066 [INFO] core.evaluator_v2: [pyramidkv] pred='The conversation between the professors and students discusses the planning and organization of a research project invol'
2026-07-04 16:45:44,155 [INFO] core.evaluator_v2: [pyramidkv] pred="The meeting concluded with a discussion on the project's presentation and the challenges faced during the design and mar"
2026-07-04 16:46:05,327 [INFO] core.evaluator_v2: [pyramidkv] pred='**Summary of the Meeting:**\n\nThe team is discussing the design and development of a new remote control device, focusing '
2026-07-04 16:46:05,331 [INFO] core.evaluator_v2:   [5/50] avg=7.42
2026-07-04 16:46:05,731 [WARNING] core.model_loader: Input length 18386 > max 16000, truncating...
2026-07-04 16:46:20,146 [INFO] core.evaluator_v2: [pyramidkv] pred='The conversation between Professor D and the students discusses the development and evaluation of a neural network model'
2026-07-04 16:46:20,817 [WARNING] core.model_loader: Input length 18553 > max 16000, truncating...
2026-07-04 16:46:38,580 [INFO] core.evaluator_v2: [pyramidkv] pred='The discussion revolves around the development of a belief-net system for natural language processing, with a focus on i'
2026-07-04 16:46:39,319 [WARNING] core.model_loader: Input length 16224 > max 16000, truncating...
2026-07-04 16:47:07,292 [INFO] core.evaluator_v2: [pyramidkv] pred='The Welsh Government has introduced a new childcare and early education scheme, the **Childcare and Early Education (Wal'
2026-07-04 16:47:07,983 [WARNING] core.model_loader: Input length 16924 > max 16000, truncating...
2026-07-04 16:47:19,043 [INFO] core.evaluator_v2: [pyramidkv] pred='The conversation discusses the performance of different machine learning models, specifically comparing a hybrid system '
2026-07-04 16:47:28,777 [INFO] core.evaluator_v2: [pyramidkv] pred='The discussion revolves around the design and functionality of a universal remote control that can handle multiple actio'
2026-07-04 16:47:28,781 [INFO] core.evaluator_v2:   [10/50] avg=7.28
2026-07-04 16:47:29,187 [WARNING] core.model_loader: Input length 16844 > max 16000, truncating...
2026-07-04 16:47:43,356 [INFO] core.evaluator_v2: [pyramidkv] pred='The meeting is about discussing the setup and use of a wireless microphone system for a conference or event, with a focu'
2026-07-04 16:47:44,124 [WARNING] core.model_loader: Input length 16224 > max 16000, truncating...
2026-07-04 16:48:09,302 [INFO] core.evaluator_v2: [pyramidkv] pred='The Welsh Government has introduced a new childcare and early education scheme, the **Childcare and Early Education (Wal'
2026-07-04 16:48:36,130 [INFO] core.evaluator_v2: [pyramidkv] pred="The committee heard from Julie Morgan (Wales' Minister for Children and Families) and Nicola Edwards (Minister for Econo"
2026-07-04 16:48:47,495 [INFO] core.evaluator_v2: [pyramidkv] pred='The meeting concluded with a positive and productive discussion about the banana-shaped remote control device, which was'
2026-07-04 16:49:01,120 [INFO] core.evaluator_v2: [pyramidkv] pred='The team is discussing the design of a new remote control device with a focus on integrating a spinning wheel, a touchsc'
2026-07-04 16:49:01,124 [INFO] core.evaluator_v2:   [15/50] avg=7.50
2026-07-04 16:49:16,125 [INFO] core.evaluator_v2: [pyramidkv] pred='The meeting concluded with a discussion on the design and functionality of a universal remote control for television and'
2026-07-04 16:49:23,181 [INFO] core.evaluator_v2: [pyramidkv] pred='The discussion revolves around the design and functionality of a universal remote control that can handle multiple actio'
2026-07-04 16:49:23,475 [WARNING] core.model_loader: Input length 16844 > max 16000, truncating...
2026-07-04 16:49:36,620 [INFO] core.evaluator_v2: [pyramidkv] pred='The meeting is about discussing the setup and use of a wireless microphone system for a conference or event, with a focu'
2026-07-04 16:49:50,607 [INFO] core.evaluator_v2: [pyramidkv] pred='The meeting concluded with a discussion about the usefulness of a digital whiteboard and its potential for sketching and'
2026-07-04 16:49:51,134 [WARNING] core.model_loader: Input length 16224 > max 16000, truncating...
2026-07-04 16:50:16,178 [INFO] core.evaluator_v2: [pyramidkv] pred='The Welsh Government has introduced a new childcare and early education scheme, the **Childcare and Early Education (Wal'
2026-07-04 16:50:16,183 [INFO] core.evaluator_v2:   [20/50] avg=8.05
2026-07-04 16:50:25,752 [INFO] core.evaluator_v2: [pyramidkv] pred='The team has completed the project on time and within budget, and the product design has been finalized. The team is now'
2026-07-04 16:50:26,303 [WARNING] core.model_loader: Input length 25564 > max 16000, truncating...
2026-07-04 16:50:39,287 [INFO] core.evaluator_v2: [pyramidkv] pred='The government is committed to ensuring that long-term care homes in Canada provide high-quality, safe, and dignified ca'
2026-07-04 16:50:39,862 [WARNING] core.model_loader: Input length 18386 > max 16000, truncating...
2026-07-04 16:50:53,487 [INFO] core.evaluator_v2: [pyramidkv] pred='The conversation between Professor D and the students discusses the development and evaluation of a neural network model'
2026-07-04 16:51:05,630 [INFO] core.evaluator_v2: [pyramidkv] pred="The meeting concluded with a discussion on the project's presentation and the challenges faced during the design and mar"
2026-07-04 16:51:22,980 [INFO] core.evaluator_v2: [pyramidkv] pred='The team discussed the design and features of a new device, focusing on the following key points:\n\n1. **Device Features '
2026-07-04 16:51:22,985 [INFO] core.evaluator_v2:   [25/50] avg=8.24
2026-07-04 16:51:40,815 [INFO] core.evaluator_v2: [pyramidkv] pred='The team is discussing the design and features of a new remote control device, focusing on the following key points:\n\n1.'
2026-07-04 16:51:50,536 [INFO] core.evaluator_v2: [pyramidkv] pred='The team has completed the project on time and within budget, and the product design has been finalized. The team is now'
2026-07-04 16:51:51,192 [WARNING] core.model_loader: Input length 18553 > max 16000, truncating...
2026-07-04 16:52:06,185 [INFO] core.evaluator_v2: [pyramidkv] pred='The discussion revolves around the development of a belief-net system for natural language processing, with a focus on i'
2026-07-04 16:52:17,434 [INFO] core.evaluator_v2: [pyramidkv] pred='The discussion revolves around the development of a new remote control for a television that incorporates voice recognit'
2026-07-04 16:52:24,424 [INFO] core.evaluator_v2: [pyramidkv] pred='The discussion revolves around the design and functionality of a universal remote control that can handle multiple actio'
2026-07-04 16:52:24,428 [INFO] core.evaluator_v2:   [30/50] avg=8.68
2026-07-04 16:52:41,234 [INFO] core.evaluator_v2: [pyramidkv] pred='The meeting concluded with the team agreeing on the following key points for the new remote control device:\n\n1. **Design'
2026-07-04 16:52:41,772 [WARNING] core.model_loader: Input length 30305 > max 16000, truncating...
2026-07-04 16:53:06,599 [INFO] core.evaluator_v2: [pyramidkv] pred='The Acting Chair (Mr. Bruce Stanton): The honourable member for Carleton, Mr. Poilievre, has the floor.\n\nHon. Pierre Poi'
2026-07-04 16:53:29,146 [INFO] core.evaluator_v2: [pyramidkv] pred='The team is discussing the design of a remote control for a new television, focusing on the placement and functionality '
2026-07-04 16:53:50,294 [INFO] core.evaluator_v2: [pyramidkv] pred="The committee heard from Julie Morgan (Wales' Minister for Children and Families) and Nicola Edwards (Minister for Econo"
2026-07-04 16:54:00,218 [INFO] core.evaluator_v2: [pyramidkv] pred='In this conversation, PhD student PhD B discusses their research on Hidden Markov Models (HMMs) for digit recognition, f'
2026-07-04 16:54:00,220 [INFO] core.evaluator_v2:   [35/50] avg=8.63
2026-07-04 16:54:09,688 [INFO] core.evaluator_v2: [pyramidkv] pred='The team has completed the project on time and within budget, and the product design has been finalized. The team is now'
2026-07-04 16:54:19,061 [INFO] core.evaluator_v2: [pyramidkv] pred='The team has completed the project on time and within budget, and the product design has been finalized. The team is now'
2026-07-04 16:54:19,549 [WARNING] core.model_loader: Input length 30305 > max 16000, truncating...
2026-07-04 16:54:44,335 [INFO] core.evaluator_v2: [pyramidkv] pred='The Acting Chair (Mr. Bruce Stanton): The honourable member for Carleton, Mr. Poilievre, has the floor.\n\nHon. Pierre Poi'
2026-07-04 16:54:54,854 [INFO] core.evaluator_v2: [pyramidkv] pred='The meeting concluded with a positive and productive discussion about the banana-shaped remote control device, which was'
2026-07-04 16:55:12,120 [INFO] core.evaluator_v2: [pyramidkv] pred='The meeting concluded with the team agreeing on the following key points for the new remote control device:\n\n1. **Design'
2026-07-04 16:55:12,126 [INFO] core.evaluator_v2:   [40/50] avg=8.73
2026-07-04 16:55:32,119 [INFO] core.evaluator_v2: [pyramidkv] pred='**Summary of the Meeting:**\n\nThe team is discussing the design and development of a new remote control device, focusing '
2026-07-04 16:55:53,122 [INFO] core.evaluator_v2: [pyramidkv] pred="The committee heard from Julie Morgan (Wales' Minister for Children and Families) and Nicola Edwards (Minister for Econo"
2026-07-04 16:56:07,070 [INFO] core.evaluator_v2: [pyramidkv] pred='The meeting concluded with a discussion about the usefulness of a digital whiteboard and its potential for sketching and'
2026-07-04 16:56:21,448 [INFO] core.evaluator_v2: [pyramidkv] pred='The project team is discussing the design of a remote control device that uses speech recognition and gesture control to'
2026-07-04 16:56:31,364 [INFO] core.evaluator_v2: [pyramidkv] pred='In this conversation, PhD student PhD B discusses their research on Hidden Markov Models (HMMs) for digit recognition, f'
2026-07-04 16:56:31,366 [INFO] core.evaluator_v2:   [45/50] avg=8.41
2026-07-04 16:56:49,782 [INFO] core.evaluator_v2: [pyramidkv] pred='The team is discussing the concept of a **universal touch-screen remote** that combines **multiformat functionality** wi'
2026-07-04 16:57:08,011 [INFO] core.evaluator_v2: [pyramidkv] pred='The team is discussing the concept of a **universal touch-screen remote** that combines **multiformat functionality** wi'
2026-07-04 16:57:16,516 [INFO] core.evaluator_v2: [pyramidkv] pred='The team is discussing the design of a new remote control device, focusing on making it more user-friendly, stylish, and'
2026-07-04 16:57:30,281 [INFO] core.evaluator_v2: [pyramidkv] pred='The meeting concluded with a discussion about the usefulness of a digital whiteboard and its potential for sketching and'
2026-07-04 16:57:51,296 [INFO] core.evaluator_v2: [pyramidkv] pred="The committee heard from Julie Morgan (Wales' Minister for Children and Families) and Nicola Edwards (Minister for Econo"
2026-07-04 16:57:51,312 [INFO] core.evaluator_v2:   [50/50] avg=8.29
2026-07-04 16:57:51,313 [INFO] __main__:   → score=8.29, mem_red=80.0%, ttft=1932.2ms
2026-07-04 16:57:51,314 [INFO] __main__: 
────────────────────────────────────────────────────────────
2026-07-04 16:57:51,314 [INFO] __main__: Method: ADAKV | Budget: 20%
2026-07-04 16:57:51,315 [INFO] __main__: ────────────────────────────────────────────────────────────
2026-07-04 16:57:51,315 [INFO] __main__: 
  Task: narrativeqa
2026-07-04 16:57:51,316 [INFO] core.evaluator_v2: [adakv] narrativeqa (50샘플, budget=20%)
2026-07-04 16:57:51,898 [WARNING] core.model_loader: Input length 23148 > max 16000, truncating...
2026-07-04 16:57:59,231 [INFO] core.evaluator_v2: [adakv] pred='Daisy encountered Jim in the town of **Cincinnati**.'
2026-07-04 16:58:12,628 [INFO] core.evaluator_v2: [adakv] pred='Socrates ultimately decides it is unjust to escape because he believes in the **moral and legal obligation to obey the l'
2026-07-04 16:58:13,067 [WARNING] core.model_loader: Input length 37016 > max 16000, truncating...
2026-07-04 16:58:33,169 [INFO] core.evaluator_v2: [adakv] pred='The setting of the story is a medieval European kingdom, specifically in the region of Germany, Austria, Italy, and Bohe'
2026-07-04 16:58:33,710 [WARNING] core.model_loader: Input length 37014 > max 16000, truncating...
2026-07-04 16:58:41,013 [INFO] core.evaluator_v2: [adakv] pred='Baron Conrad was killed by Baron Henry of Roderburg.'
2026-07-04 16:58:41,586 [WARNING] core.model_loader: Input length 46744 > max 16000, truncating...
2026-07-04 16:58:49,697 [INFO] core.evaluator_v2: [adakv] pred="The ghost that emerged from a painting at Dana's workplace was **Vigo**, a supernatural entity who was trapped in a pain"
2026-07-04 16:58:49,711 [INFO] core.evaluator_v2:   [5/50] avg=6.54
2026-07-04 16:58:50,281 [WARNING] core.model_loader: Input length 46746 > max 16000, truncating...
2026-07-04 16:58:57,719 [INFO] core.evaluator_v2: [adakv] pred="The first person to fall under Vigo's spell is **Janosz**."
2026-07-04 16:58:58,321 [WARNING] core.model_loader: Input length 64167 > max 16000, truncating...
2026-07-04 16:59:06,929 [INFO] core.evaluator_v2: [adakv] pred="Based on the text, Clifford's profession is that of a **film director**. He is mentioned as a character in the screenpla"
2026-07-04 16:59:12,510 [INFO] core.evaluator_v2: [adakv] pred="Mr. and Mrs. Vervelle live in a villa in Ville d'Avray."
2026-07-04 16:59:16,109 [INFO] core.evaluator_v2: [adakv] pred='The Witch threw the body of the deceased into a ditch.'
2026-07-04 16:59:16,586 [WARNING] core.model_loader: Input length 31340 > max 16000, truncating...
2026-07-04 16:59:25,287 [INFO] core.evaluator_v2: [adakv] pred='Frank Saltram works as a financier and is involved in the management of the Coxon Fund, a financial institution. He is d'
2026-07-04 16:59:25,289 [INFO] core.evaluator_v2:   [10/50] avg=8.28
2026-07-04 16:59:32,125 [INFO] core.evaluator_v2: [adakv] pred='Mortimer Tregennis was estranged from his siblings due to a family quarrel over money.'
2026-07-04 16:59:32,564 [WARNING] core.model_loader: Input length 16515 > max 16000, truncating...
2026-07-04 16:59:44,242 [INFO] core.evaluator_v2: [adakv] pred='The unique aspect of the phonetic spelling of the "future" article that discussed Beerbohm\'s story is that it is **"labu'
2026-07-04 16:59:44,833 [WARNING] core.model_loader: Input length 31069 > max 16000, truncating...
2026-07-04 16:59:51,978 [INFO] core.evaluator_v2: [adakv] pred='Death is disguised as a chess game.'
2026-07-04 16:59:52,588 [WARNING] core.model_loader: Input length 31342 > max 16000, truncating...
2026-07-04 16:59:59,873 [INFO] core.evaluator_v2: [adakv] pred='Lady Coxon is the mother of Ruth Anvoy.'
2026-07-04 17:00:00,508 [WARNING] core.model_loader: Input length 36325 > max 16000, truncating...
2026-07-04 17:00:08,527 [INFO] core.evaluator_v2: [adakv] pred='Rogers learned his battle knowledge during the **First World War**.'
2026-07-04 17:00:08,529 [INFO] core.evaluator_v2:   [15/50] avg=11.98
2026-07-04 17:00:10,150 [WARNING] core.model_loader: Input length 36331 > max 16000, truncating...
2026-07-04 17:00:22,135 [INFO] core.evaluator_v2: [adakv] pred='Anthony Rogers was working for the **White Intelligence Division** in 1927. This is evident from the text, where he is d'
2026-07-04 17:00:22,737 [WARNING] core.model_loader: Input length 19086 > max 16000, truncating...
2026-07-04 17:00:33,169 [INFO] core.evaluator_v2: [adakv] pred='The boarder who realizes that none of the boarders like each other is **the tall one with private lessons**.  She is des'
2026-07-04 17:00:41,471 [INFO] core.evaluator_v2: [adakv] pred='Holmes and Dr. Watson are in Cornwall because they are investigating the murder of Mortimer Tregennis, a local man whose'
2026-07-04 17:00:42,057 [WARNING] core.model_loader: Input length 32917 > max 16000, truncating...
2026-07-04 17:00:52,736 [INFO] core.evaluator_v2: [adakv] pred='The hidden message Reiko (Asakawa) finds within the video is that **the curse can be broken by copying the videotape and'
2026-07-04 17:00:53,288 [WARNING] core.model_loader: Input length 37018 > max 16000, truncating...
2026-07-04 17:01:09,927 [INFO] core.evaluator_v2: [adakv] pred='The story "Otto of the Silver Hand" by Howard Pyle explores several important themes, including:\n\n1. **Redemption and Ju'
2026-07-04 17:01:09,929 [INFO] core.evaluator_v2:   [20/50] avg=9.47
2026-07-04 17:01:10,520 [WARNING] core.model_loader: Input length 32915 > max 16000, truncating...
2026-07-04 17:01:21,671 [INFO] core.evaluator_v2: [adakv] pred='The teenagers were discussing a cursed videotape that contains a supernatural entity, Sadako, who is trapped in a well a'
2026-07-04 17:01:22,341 [WARNING] core.model_loader: Input length 60372 > max 16000, truncating...
2026-07-04 17:01:29,633 [INFO] core.evaluator_v2: [adakv] pred='Bill worked as a fisherman when he lived in Chicago.'
2026-07-04 17:01:36,100 [INFO] core.evaluator_v2: [adakv] pred="Two people fainted after seeing Brenda's dead body."
2026-07-04 17:01:36,648 [WARNING] core.model_loader: Input length 37018 > max 16000, truncating...
2026-07-04 17:01:46,636 [INFO] core.evaluator_v2: [adakv] pred='Otto is known for his **silver-hand** (or "Silver Hand") due to the pure, simple wisdom he acquired from the monks of th'
2026-07-04 17:01:47,225 [WARNING] core.model_loader: Input length 19082 > max 16000, truncating...
2026-07-04 17:01:57,722 [INFO] core.evaluator_v2: [adakv] pred='Leon focuses on observing and analyzing the behavior, customs, and characteristics of people in France, particularly the'
2026-07-04 17:01:57,723 [INFO] core.evaluator_v2:   [25/50] avg=10.27
2026-07-04 17:02:05,143 [INFO] core.evaluator_v2: [adakv] pred='The owner of the manor in the story is **Monsieur de Merret**, who is the husband of **Madame de Merret**. The story rev'
2026-07-04 17:02:05,697 [WARNING] core.model_loader: Input length 32913 > max 16000, truncating...
2026-07-04 17:02:13,127 [INFO] core.evaluator_v2: [adakv] pred="Reiko's job is a **veterinarian**."
2026-07-04 17:02:22,152 [INFO] core.evaluator_v2: [adakv] pred='Holmes observes that the fireplace has ashes, which indicates that the fire had been recently extinguished.  This detail'
2026-07-04 17:02:31,336 [INFO] core.evaluator_v2: [adakv] pred='Socrates compares citizens and the law to a father and child, or to a teacher and student. He argues that citizens must '
2026-07-04 17:02:41,821 [INFO] core.evaluator_v2: [adakv] pred='La Grande Breteche is a fictional setting and a key location in the story "La Grande Breteche" by Honore de Balzac. It i'
2026-07-04 17:02:41,823 [INFO] core.evaluator_v2:   [30/50] avg=10.70
2026-07-04 17:02:42,244 [WARNING] core.model_loader: Input length 32921 > max 16000, truncating...
2026-07-04 17:02:51,778 [INFO] core.evaluator_v2: [adakv] pred='Reiko discovers that **copying the videotape and showing it to someone else breaks the curse**. By sharing the tape with'
2026-07-04 17:02:56,881 [INFO] core.evaluator_v2: [adakv] pred='Virginie.'
2026-07-04 17:03:07,035 [INFO] core.evaluator_v2: [adakv] pred='Based on the text, **Doctor Nordenfeld** defends **Lazarus** during his murder trial. The story revolves around the disc'
2026-07-04 17:03:07,615 [WARNING] core.model_loader: Input length 32912 > max 16000, truncating...
2026-07-04 17:03:19,926 [INFO] core.evaluator_v2: [adakv] pred='Tomoko (Sadako) is revealed to be a supernatural entity, a cursed woman who was transformed into a skeletal, monstrous f'
2026-07-04 17:03:23,637 [INFO] core.evaluator_v2: [adakv] pred='The Witch wanted to have reveal their own lies.'
2026-07-04 17:03:23,638 [INFO] core.evaluator_v2:   [35/50] avg=13.03
2026-07-04 17:03:24,067 [WARNING] core.model_loader: Input length 46740 > max 16000, truncating...
2026-07-04 17:03:31,184 [INFO] core.evaluator_v2: [adakv] pred="Oscar is Dana's son."
2026-07-04 17:03:31,711 [WARNING] core.model_loader: Input length 37020 > max 16000, truncating...
2026-07-04 17:03:42,654 [INFO] core.evaluator_v2: [adakv] pred="After Otto returns to his father's castle, he is greeted by the Emperor Rudolph, who has been informed of his father's p"
2026-07-04 17:03:43,196 [WARNING] core.model_loader: Input length 16508 > max 16000, truncating...
2026-07-04 17:03:54,934 [INFO] core.evaluator_v2: [adakv] pred="T.K. Nupton believed that Enoch Soames was a **figment of the author's imagination**. He thought Soames was not a real p"
2026-07-04 17:03:55,641 [WARNING] core.model_loader: Input length 60369 > max 16000, truncating...
2026-07-04 17:04:02,861 [INFO] core.evaluator_v2: [adakv] pred='The wealthy farmer, Chuck, marries Abby.'
2026-07-04 17:04:09,523 [INFO] core.evaluator_v2: [adakv] pred='The art-dealer, Elie Magus, describes Pierre Grassou\'s skill level as "Rubens, Rembrandt, Titian, Gerard Douw," indicati'
2026-07-04 17:04:09,524 [INFO] core.evaluator_v2:   [40/50] avg=13.68
2026-07-04 17:04:29,133 [INFO] core.evaluator_v2: [adakv] pred='The Witch was able to perceive the beauty and complexity of mankind, with its myriad forms and expressions. She saw the '
2026-07-04 17:04:29,519 [WARNING] core.model_loader: Input length 31386 > max 16000, truncating...
2026-07-04 17:04:38,213 [INFO] core.evaluator_v2: [adakv] pred='Based on the text, when Mary was younger, her mother filled her free time with **reading and writing**. The text mention'
2026-07-04 17:04:46,429 [INFO] core.evaluator_v2: [adakv] pred="Crito's purpose in visiting Socrates was to persuade him to escape from prison. Crito believed that Socrates should flee"
2026-07-04 17:04:46,796 [WARNING] core.model_loader: Input length 32918 > max 16000, truncating...
2026-07-04 17:04:58,738 [INFO] core.evaluator_v2: [adakv] pred="The description of the teens' faces when they died is characterized by **placidity and eerie stillness**, as if they wer"
2026-07-04 17:04:59,390 [WARNING] core.model_loader: Input length 60367 > max 16000, truncating...
2026-07-04 17:05:06,546 [INFO] core.evaluator_v2: [adakv] pred='Bill died by being shot by police officers.'
2026-07-04 17:05:06,548 [INFO] core.evaluator_v2:   [45/50] avg=13.43
2026-07-04 17:05:07,152 [WARNING] core.model_loader: Input length 31344 > max 16000, truncating...
2026-07-04 17:05:14,344 [INFO] core.evaluator_v2: [adakv] pred='Gravener wants Ruth to destroy the letter.'
2026-07-04 17:05:14,969 [WARNING] core.model_loader: Input length 64168 > max 16000, truncating...
2026-07-04 17:05:22,181 [INFO] core.evaluator_v2: [adakv] pred="Alabama's son is born in the United States."
2026-07-04 17:05:22,904 [WARNING] core.model_loader: Input length 31338 > max 16000, truncating...
2026-07-04 17:05:30,022 [INFO] core.evaluator_v2: [adakv] pred='Ruth Anvoy is British.'
2026-07-04 17:05:30,796 [WARNING] core.model_loader: Input length 60368 > max 16000, truncating...
2026-07-04 17:05:37,935 [INFO] core.evaluator_v2: [adakv] pred='Abby leaves Chicago with Bill.'
2026-07-04 17:05:47,589 [INFO] core.evaluator_v2: [adakv] pred='The housekeeper\'s feet got wet during Holmes\' visit because she was standing in the rain.  The text describes her as "st'
2026-07-04 17:05:47,592 [INFO] core.evaluator_v2:   [50/50] avg=13.41
2026-07-04 17:05:47,593 [INFO] __main__:   → score=13.41, mem_red=80.0%, ttft=2506.4ms
2026-07-04 17:05:47,593 [INFO] __main__: 
  Task: qasper
2026-07-04 17:05:47,593 [INFO] core.evaluator_v2: [adakv] qasper (50샘플, budget=20%)
2026-07-04 17:05:56,097 [INFO] core.evaluator_v2: [adakv] pred='The results from the proposed strategies are as follows:\n\n1. **KG-A2C-Chained** is significantly more sample efficient a'
2026-07-04 17:06:13,090 [INFO] core.evaluator_v2: [adakv] pred='The encoder is a character-based encoder-decoder model with a wide context window, encoding the entire available context'
2026-07-04 17:06:14,766 [INFO] core.evaluator_v2: [adakv] pred='The text does not mention the size of the Augmented LibriSpeech dataset.'
2026-07-04 17:06:19,022 [INFO] core.evaluator_v2: [adakv] pred='NeuronBlocks includes the following neural network modules: Embedding, Neural Network (NLP) Layers, Loss Function, Metri'
2026-07-04 17:06:38,173 [INFO] core.evaluator_v2: [adakv] pred='The LSTM models compared in the text are the unidirectional LSTM model and the bidirectional LSTM model. The text discus'
2026-07-04 17:06:38,175 [INFO] core.evaluator_v2:   [5/50] avg=5.83
2026-07-04 17:06:41,187 [INFO] core.evaluator_v2: [adakv] pred='The three datasets used for evaluation are:\n1. CNN/DailyMail\n2. NYT\n3. XSum'
2026-07-04 17:06:42,937 [INFO] core.evaluator_v2: [adakv] pred='The transformer layer works better than the RNN layer in this context.'
2026-07-04 17:06:45,218 [INFO] core.evaluator_v2: [adakv] pred='The ancient Chinese dataset is derived from an external ancient corpus containing 134M tokens.'
2026-07-04 17:06:48,954 [INFO] core.evaluator_v2: [adakv] pred='The baselines used for evaluation are Pointer-Gen, Pointer-Gen+RL-ROUGE, Pointer-Gen+RL-SEN, Pointer-Gen+ARL-SEN, and Po'
2026-07-04 17:06:51,052 [INFO] core.evaluator_v2: [adakv] pred='The Twitter dataset contains 1,833 conversation threads.'
2026-07-04 17:06:51,054 [INFO] core.evaluator_v2:   [10/50] avg=19.95
2026-07-04 17:06:59,423 [INFO] core.evaluator_v2: [adakv] pred='The performance of the models was improved by using multitask learning, which jointly learned the tasks of ternary and f'
2026-07-04 17:07:06,012 [INFO] core.evaluator_v2: [adakv] pred='The metrics used to establish that this makes chat bots more knowledgeable and better at learning and conversation are: '
2026-07-04 17:07:08,963 [INFO] core.evaluator_v2: [adakv] pred='The combination of rewards for reinforcement learning is a balance between irony accuracy, sentiment preservation, and c'
2026-07-04 17:07:12,078 [INFO] core.evaluator_v2: [adakv] pred='The attention module is pretrained on the MT (Machine Translation) dataset.'
2026-07-04 17:07:15,597 [INFO] core.evaluator_v2: [adakv] pred='The size of the dataset is not explicitly stated in the text, but it is mentioned that the OurNepali dataset is almost t'
2026-07-04 17:07:15,610 [INFO] core.evaluator_v2:   [15/50] avg=21.88
2026-07-04 17:07:18,104 [INFO] core.evaluator_v2: [adakv] pred='The Wall Street Journal (WSJ) and the WSJ corpus.'
2026-07-04 17:07:21,720 [INFO] core.evaluator_v2: [adakv] pred='The model is compared to previous methods such as learned classifiers, rule-based classifiers, and CNN models.'
2026-07-04 17:07:23,480 [INFO] core.evaluator_v2: [adakv] pred='The languages that are similar to each other are the Nguni languages and the Sotho languages.'
2026-07-04 17:07:25,556 [INFO] core.evaluator_v2: [adakv] pred='The 7 Indian languages that they experiment with are: Kannada, Malayalam, Odia, Tamil, Telugu, and Hindi.'
2026-07-04 17:07:27,311 [INFO] core.evaluator_v2: [adakv] pred='The text also tests the method on tasks such as predicting hashtags for social media posts.'
2026-07-04 17:07:27,313 [INFO] core.evaluator_v2:   [20/50] avg=25.82
2026-07-04 17:07:28,980 [INFO] core.evaluator_v2: [adakv] pred='The tagging scheme employed is the INLINEFORM0 tagging scheme.'
2026-07-04 17:07:33,806 [INFO] core.evaluator_v2: [adakv] pred='The text considers the problem of text classification, specifically the task of classifying documents into predefined ca'
2026-07-04 17:07:49,701 [INFO] core.evaluator_v2: [adakv] pred='The NCEL approach is effective in the following aspects:\n\n1. **Efficiency**: NCEL is efficient in processing and linking'
2026-07-04 17:07:55,847 [INFO] core.evaluator_v2: [adakv] pred='The text considers the following methods to find examples of biases and unwarranted inferences:\n\n1. Manual detection of '
2026-07-04 17:08:13,166 [INFO] core.evaluator_v2: [adakv] pred='The corpus consists of 53 documents, which contain a total of 156 sentences, on average. The corpus is 156 sentences lon'
2026-07-04 17:08:13,168 [INFO] core.evaluator_v2:   [25/50] avg=23.54
2026-07-04 17:08:23,540 [INFO] core.evaluator_v2: [adakv] pred='An individual model consists of a Bayesian model for semantic role induction (SRI) that uses crosslingual latent variabl'
2026-07-04 17:08:27,392 [INFO] core.evaluator_v2: [adakv] pred='The text does not explicitly mention or describe specific stylistic features that are obtained. It focuses on the cognit'
2026-07-04 17:08:31,940 [INFO] core.evaluator_v2: [adakv] pred='The highest MRR score achieved was 0.2862 in the final test batch set.'
2026-07-04 17:08:53,540 [INFO] core.evaluator_v2: [adakv] pred='The data presented to the subjects to elicit event-related responses was the EEG data, which was processed and analyzed '
2026-07-04 17:09:00,798 [INFO] core.evaluator_v2: [adakv] pred='The dataset is annotated with 1) no evidence of depression (n=6,829 tweets) or 2) evidence of depression (n=2,644 tweets'
2026-07-04 17:09:00,808 [INFO] core.evaluator_v2:   [30/50] avg=20.61
2026-07-04 17:09:05,334 [INFO] core.evaluator_v2: [adakv] pred='To match words before reordering them, the English sentences are pre-ordered to match the word order of the source langu'
2026-07-04 17:09:08,953 [INFO] core.evaluator_v2: [adakv] pred='No, the text does not report results only on English data. The text mentions datasets from social media (FSD and Twitter'
2026-07-04 17:09:10,160 [INFO] core.evaluator_v2: [adakv] pred='GloVe, Edinburgh, and Emoji embeddings.'
2026-07-04 17:09:13,776 [INFO] core.evaluator_v2: [adakv] pred='Yes, they use pretrained embeddings. The text mentions that they "initialized the embeddings of these words with 300-dim'
2026-07-04 17:09:18,199 [INFO] core.evaluator_v2: [adakv] pred='The ensemble method works by selecting the best performing models and averaging their predictions. The algorithm starts '
2026-07-04 17:09:18,206 [INFO] core.evaluator_v2:   [35/50] avg=20.12
2026-07-04 17:09:19,289 [INFO] core.evaluator_v2: [adakv] pred='Yes, they use attention.'
2026-07-04 17:09:21,057 [INFO] core.evaluator_v2: [adakv] pred='The language model architectures used are: 2016, 2016, and 2016.'
2026-07-04 17:09:24,405 [INFO] core.evaluator_v2: [adakv] pred='Yes, the text reports results on English data.'
2026-07-04 17:09:27,161 [INFO] core.evaluator_v2: [adakv] pred='The clinical datasets used in the paper are NUBes-PHI and MEDDOCAN.'
2026-07-04 17:09:32,246 [INFO] core.evaluator_v2: [adakv] pred='No, the datasets for sentiment analysis are not balanced. The text indicates that the groundtruth labels contain 210 pos'
2026-07-04 17:09:32,248 [INFO] core.evaluator_v2:   [40/50] avg=20.65
2026-07-04 17:09:50,643 [INFO] core.evaluator_v2: [adakv] pred='Yes, it is possible to convert cloze-style questions into naturally-looking questions. The text discusses the process of'
2026-07-04 17:10:11,852 [INFO] core.evaluator_v2: [adakv] pred='The text evaluates the proposed adaptively sparse Transformers on four machine translation tasks. The specific tasks are'
2026-07-04 17:10:28,898 [INFO] core.evaluator_v2: [adakv] pred='The additional features and context proposed in the text are:\n\n1. **Context Tweets**: The use of context tweets (i.e., t'
2026-07-04 17:10:30,941 [INFO] core.evaluator_v2: [adakv] pred='20,000'
2026-07-04 17:10:33,865 [INFO] core.evaluator_v2: [adakv] pred='The text does not explicitly mention which Chinese datasets were used. It focuses on grammar induction with compound PCF'
2026-07-04 17:10:33,866 [INFO] core.evaluator_v2:   [45/50] avg=21.06
2026-07-04 17:10:48,012 [INFO] core.evaluator_v2: [adakv] pred='The text discusses the use of **machine learning and deep learning methods** for **Question Entailment (RQE)** in the me'
2026-07-04 17:10:50,363 [INFO] core.evaluator_v2: [adakv] pred='The paper studies English.'
2026-07-04 17:10:55,789 [INFO] core.evaluator_v2: [adakv] pred='This approach compares to other WSD approaches employing word embeddings by using a KL divergence based energy function '
2026-07-04 17:10:56,071 [WARNING] core.model_loader: Input length 20076 > max 16000, truncating...
2026-07-04 17:11:07,574 [INFO] core.evaluator_v2: [adakv] pred='The ML methods aim to identify argument components in text, such as claims, premises, backings, rebuttals, and refutatio'
2026-07-04 17:11:15,713 [INFO] core.evaluator_v2: [adakv] pred='The resulting annotated data is higher quality. The model trained with re-annotating the difficult subset (D+Other) achi'
2026-07-04 17:11:15,715 [INFO] core.evaluator_v2:   [50/50] avg=20.84
2026-07-04 17:11:15,716 [INFO] __main__:   → score=20.84, mem_red=80.0%, ttft=770.7ms
2026-07-04 17:11:15,717 [INFO] __main__: 
  Task: multifieldqa_en
2026-07-04 17:11:15,717 [INFO] core.evaluator_v2: [adakv] multifieldqa_en (50샘플, budget=20%)
2026-07-04 17:11:33,633 [INFO] core.evaluator_v2: [adakv] pred="After Ngotho attacks Jacobo at a workers' strike, he is fired and the family is forced to move. Ngotho loses his job and"
2026-07-04 17:11:40,784 [INFO] core.evaluator_v2: [adakv] pred='Yes, the denoiser can be applied to circuits with non-Clifford noise. The text discusses the use of denoisers in the con'
2026-07-04 17:11:47,055 [INFO] core.evaluator_v2: [adakv] pred='The generative interactive model used in the method is the **C-GDBN** (Coupled Generative Dynamic Bayesian Network).'
2026-07-04 17:11:54,940 [INFO] core.evaluator_v2: [adakv] pred="The purpose of an ICD (Implantable Cardioverter Defibrillator) is to monitor the heart's electrical activity and deliver"
2026-07-04 17:11:57,911 [INFO] core.evaluator_v2: [adakv] pred='The NLMS algorithm is engaged in the PLMS-PPIC method.'
2026-07-04 17:11:57,913 [INFO] core.evaluator_v2:   [5/50] avg=32.12
2026-07-04 17:12:00,176 [INFO] core.evaluator_v2: [adakv] pred='In 2009, Brooksley Born was awarded the John F. Kennedy Profiles in Courage Award.'
2026-07-04 17:12:09,680 [INFO] core.evaluator_v2: [adakv] pred='A media application determines the context of an event by analyzing the media asset (e.g., a video clip) and identifying'
2026-07-04 17:12:18,727 [INFO] core.evaluator_v2: [adakv] pred='The sticking point in the political showdown over the budget is the disagreement over whether the District of Columbia s'
2026-07-04 17:12:37,328 [INFO] core.evaluator_v2: [adakv] pred='McPherson County, Kansas, is the county seat of McPherson County, Kansas. The county seat is the city that is the admini'
2026-07-04 17:12:40,375 [INFO] core.evaluator_v2: [adakv] pred='The new Iraqi Body Count organization provides cover for the war and allows supporters of the illegal war to point to it'
2026-07-04 17:12:40,377 [INFO] core.evaluator_v2:   [10/50] avg=33.16
2026-07-04 17:12:44,636 [INFO] core.evaluator_v2: [adakv] pred="Accounting for path preference reduces the entropy of the robot's belief distribution over the goal, leading to more con"
2026-07-04 17:12:50,560 [INFO] core.evaluator_v2: [adakv] pred='It is important for the sides of the fuselage to be sloped (tumbled home) to ensure that the wing is properly aligned an'
2026-07-04 17:13:00,088 [INFO] core.evaluator_v2: [adakv] pred='The court in *In re Ferguson* concluded that the transformation prong of the Bilski test was not satisfied, as the claim'
2026-07-04 17:13:01,903 [INFO] core.evaluator_v2: [adakv] pred='1928-1980.'
2026-07-04 17:13:07,093 [INFO] core.evaluator_v2: [adakv] pred='Thalassemias are classified based on the hemoglobin chain affected, specifically α-thalassemia and β-thalassemia.'
2026-07-04 17:13:07,095 [INFO] core.evaluator_v2:   [15/50] avg=25.75
2026-07-04 17:13:14,962 [INFO] core.evaluator_v2: [adakv] pred='The transition probability of the environment affects the learning rate in the static agent by decreasing the evolved le'
2026-07-04 17:13:20,941 [INFO] core.evaluator_v2: [adakv] pred='The experimental techniques used to study the quantum dot structures in this research include low-temperature scanning t'
2026-07-04 17:13:21,891 [INFO] core.evaluator_v2: [adakv] pred=''
2026-07-04 17:13:26,727 [INFO] core.evaluator_v2: [adakv] pred='The two ground states observed for indeno[1,2-a]fluorene on NaCl surfaces are an open-shell (5OS) and a closed-shell (5p'
2026-07-04 17:13:39,312 [INFO] core.evaluator_v2: [adakv] pred='The scoring engine generates a stream of content for the channel by:  \n1. **Receiving a request** for a channel category'
2026-07-04 17:13:39,315 [INFO] core.evaluator_v2:   [20/50] avg=23.28
2026-07-04 17:13:46,676 [INFO] core.evaluator_v2: [adakv] pred='The stability conditions for a solution of $-\\Delta u = f(u)$ are that the solution must be stable, meaning that any per'
2026-07-04 17:14:13,323 [INFO] core.evaluator_v2: [adakv] pred='The text provides the following information:\n\nMcPherson County is located in the state of Kansas.  The county is named a'
2026-07-04 17:14:20,139 [INFO] core.evaluator_v2: [adakv] pred='The main focus of the research paper is to study the strong coupling limit of lattice QCD, with an emphasis on the nucle'
2026-07-04 17:14:20,563 [WARNING] core.model_loader: Input length 16496 > max 16000, truncating...
2026-07-04 17:14:28,400 [INFO] core.evaluator_v2: [adakv] pred='The security parameter for the AES-256 block cipher is 172 bits.'
2026-07-04 17:14:30,002 [INFO] core.evaluator_v2: [adakv] pred='South West Ultras fan club.'
2026-07-04 17:14:30,009 [INFO] core.evaluator_v2:   [25/50] avg=24.37
2026-07-04 17:14:31,280 [INFO] core.evaluator_v2: [adakv] pred='1978'
2026-07-04 17:14:38,294 [INFO] core.evaluator_v2: [adakv] pred='The interlayer Berry connection polarizability is significant in the context of the crossed nonlinear dynamical intrinsi'
2026-07-04 17:14:47,615 [INFO] core.evaluator_v2: [adakv] pred='Wearable and ambient sensors, including accelerometers, gyroscopes, and physiological sensors like EDA (electrodermal ac'
2026-07-04 17:14:52,366 [INFO] core.evaluator_v2: [adakv] pred='Chew, S. Y. and Hufnagel, T. C. and Lim, C. T. and Leong, K. W., Mechanical properties of single electrospun drug-encaps'
2026-07-04 17:15:00,066 [INFO] core.evaluator_v2: [adakv] pred='The symptoms of vitamin K deficiency include **coagulation disorders**, **bleeding tendencies**, and **delayed wound hea'
2026-07-04 17:15:00,068 [INFO] core.evaluator_v2:   [30/50] avg=23.28
2026-07-04 17:15:20,511 [INFO] core.evaluator_v2: [adakv] pred="The restrictions on the use of Broadjam's servers include:\n\n1. **Prohibition of Illegal Activities**: Hosting Subscriber"
2026-07-04 17:15:22,980 [INFO] core.evaluator_v2: [adakv] pred='The 2017 general election was held on 23 September 2017.'
2026-07-04 17:15:24,607 [INFO] core.evaluator_v2: [adakv] pred='21'
2026-07-04 17:15:26,908 [INFO] core.evaluator_v2: [adakv] pred='Simon English became the leader of the National Party on 24 October 2017.'
2026-07-04 17:15:31,860 [INFO] core.evaluator_v2: [adakv] pred="Governor Rick Scott cited privacy concerns, expressed skepticism about the monitoring program's effectiveness, and raise"
2026-07-04 17:15:31,862 [INFO] core.evaluator_v2:   [35/50] avg=25.34
2026-07-04 17:15:35,462 [INFO] core.evaluator_v2: [adakv] pred='The SI unit of power is the watt (W).'
2026-07-04 17:15:42,950 [INFO] core.evaluator_v2: [adakv] pred='Craig wants to find his own place because he is seeking independence and a sense of control over his living situation. T'
2026-07-04 17:15:48,959 [INFO] core.evaluator_v2: [adakv] pred='The decision to base the water rates on usage reflected a commitment to fairness and transparency in the housing market.'
2026-07-04 17:15:50,525 [INFO] core.evaluator_v2: [adakv] pred='The answer is 1867.'
2026-07-04 17:16:01,201 [INFO] core.evaluator_v2: [adakv] pred='The proximity of superconductivity enhances the Kondo effect by introducing additional exchange mechanisms, such as CAR '
2026-07-04 17:16:01,209 [INFO] core.evaluator_v2:   [40/50] avg=23.41
2026-07-04 17:16:06,335 [INFO] core.evaluator_v2: [adakv] pred='Peter DENNING is the program chair of this conference.'
2026-07-04 17:16:15,400 [INFO] core.evaluator_v2: [adakv] pred='At dawn or dusk, the high resolution of what we focus on diminishes due to the reduced light intensity, which affects th'
2026-07-04 17:16:19,523 [INFO] core.evaluator_v2: [adakv] pred='The Director is responsible for carrying out the functions assigned under the act.'
2026-07-04 17:16:28,081 [INFO] core.evaluator_v2: [adakv] pred='Ferromagnetic semiconductors, such as Ge$_{1-x}$Mn$_{x}$, have potential applications in spintronics and magnetic memory'
2026-07-04 17:16:36,747 [INFO] core.evaluator_v2: [adakv] pred='The recommended daily intake of vitamin K for adult women and men is 12 micrograms (mcg) for women and 15 micrograms (mc'
2026-07-04 17:16:36,750 [INFO] core.evaluator_v2:   [45/50] avg=24.53
2026-07-04 17:16:40,676 [INFO] core.evaluator_v2: [adakv] pred='Yes, DUO contains more instances per image than COCO.'
2026-07-04 17:17:05,878 [INFO] core.evaluator_v2: [adakv] pred='2020 census\nMcPherson County population was 2020.  The census of 2020 in McPherson County was 2020.  The census of 2020 '
2026-07-04 17:17:07,698 [INFO] core.evaluator_v2: [adakv] pred='The paper was published in 2023.'
2026-07-04 17:17:10,289 [INFO] core.evaluator_v2: [adakv] pred='The first white settlement in McPherson County was **Ferrell Ranch**, established in 1862.'
2026-07-04 17:17:14,747 [INFO] core.evaluator_v2: [adakv] pred='The reliance of artificial organisms on plasticity is controlled by environmental variability, the reliability of the se'
2026-07-04 17:17:14,750 [INFO] core.evaluator_v2:   [50/50] avg=26.93
2026-07-04 17:17:14,751 [INFO] __main__:   → score=26.93, mem_red=80.0%, ttft=1234.5ms
2026-07-04 17:17:14,752 [INFO] __main__: 
  Task: hotpotqa
2026-07-04 17:17:14,754 [INFO] core.evaluator_v2: [adakv] hotpotqa (50샘플, budget=20%)
2026-07-04 17:17:15,219 [WARNING] core.model_loader: Input length 17130 > max 16000, truncating...
2026-07-04 17:17:22,258 [INFO] core.evaluator_v2: [adakv] pred='Brian Stokes Mitchell'
2026-07-04 17:17:23,025 [WARNING] core.model_loader: Input length 16583 > max 16000, truncating...
2026-07-04 17:17:30,942 [INFO] core.evaluator_v2: [adakv] pred='The large subunit and small subunit that use two types of RNA are major components that make up ribosomes.'
2026-07-04 17:17:37,023 [INFO] core.evaluator_v2: [adakv] pred='Sarah Price and Rob Schneider are both **film directors**.'
2026-07-04 17:17:43,123 [INFO] core.evaluator_v2: [adakv] pred='Arnold Richards was the former chair of YIVO, which is a member of the Center for Jewish History.'
2026-07-04 17:17:43,741 [WARNING] core.model_loader: Input length 16934 > max 16000, truncating...
2026-07-04 17:17:51,372 [INFO] core.evaluator_v2: [adakv] pred='Alfred A. Marcus worked as a consultant for Ebasco Industries.'
2026-07-04 17:17:51,375 [INFO] core.evaluator_v2:   [5/50] avg=24.61
2026-07-04 17:17:53,386 [INFO] core.evaluator_v2: [adakv] pred='Pleiospilos is a flowering plant. Pueraria is not.'
2026-07-04 17:17:57,477 [INFO] core.evaluator_v2: [adakv] pred='Steel Venom is farther north than Wicked Twister.'
2026-07-04 17:17:58,006 [WARNING] core.model_loader: Input length 16637 > max 16000, truncating...
2026-07-04 17:18:05,714 [INFO] core.evaluator_v2: [adakv] pred='Baghdad was known as the "City of the Caliph" during the Abbasid Caliphate.'
2026-07-04 17:18:15,678 [INFO] core.evaluator_v2: [adakv] pred="Cortina d'Ampezzo is located in the northern part of Italy, specifically in the Veneto region. It is a town in the provi"
2026-07-04 17:18:23,325 [INFO] core.evaluator_v2: [adakv] pred='Mike Leach currently coaches at Mississippi State.'
2026-07-04 17:18:23,327 [INFO] core.evaluator_v2:   [10/50] avg=25.74
2026-07-04 17:18:32,791 [INFO] core.evaluator_v2: [adakv] pred='The Friday night programming block that included the collective series "Whatever Happened to... Robot Jones?" is **The N'
2026-07-04 17:18:36,636 [INFO] core.evaluator_v2: [adakv] pred='The lowest vocal range in Cosmos is that of the bass.'
2026-07-04 17:18:37,122 [WARNING] core.model_loader: Input length 16792 > max 16000, truncating...
2026-07-04 17:18:45,537 [INFO] core.evaluator_v2: [adakv] pred='Fredric Rieders testified against Michael Swango, who killed as many as 60 patients and received three consecutive life '
2026-07-04 17:18:52,854 [INFO] core.evaluator_v2: [adakv] pred='The series is "It\'s Always Sunny in Philadelphia."'
2026-07-04 17:18:53,477 [WARNING] core.model_loader: Input length 16875 > max 16000, truncating...
2026-07-04 17:19:04,117 [INFO] core.evaluator_v2: [adakv] pred='The National Firearms Agreement was in response to the Port Arthur massacre, which killed **approximately 2,600 to 2,700'
2026-07-04 17:19:04,119 [INFO] core.evaluator_v2:   [15/50] avg=23.74
2026-07-04 17:19:06,550 [INFO] core.evaluator_v2: [adakv] pred='The first name of the author is William.'
2026-07-04 17:19:14,449 [INFO] core.evaluator_v2: [adakv] pred='The London Eye and Waterloo Bridge both sit on the **River Thames** in London.'
2026-07-04 17:19:22,420 [INFO] core.evaluator_v2: [adakv] pred='The answer is Gwen Verdon. She was the last muse for the choreographer Bob Fosse and starred in the Nutcracker.'
2026-07-04 17:19:23,114 [WARNING] core.model_loader: Input length 16802 > max 16000, truncating...
2026-07-04 17:19:31,391 [INFO] core.evaluator_v2: [adakv] pred='The host of the American survival skills reality show "The Island" is Bear Grylls, who is originally from the United Kin'
2026-07-04 17:19:34,832 [INFO] core.evaluator_v2: [adakv] pred='The mother of Alberic II of Spoleto was given the title "patricia" of Rome by Pope John X.'
2026-07-04 17:19:34,834 [INFO] core.evaluator_v2:   [20/50] avg=21.58
2026-07-04 17:19:38,151 [INFO] core.evaluator_v2: [adakv] pred='Cryptocoryne is a shrub.'
2026-07-04 17:19:49,202 [INFO] core.evaluator_v2: [adakv] pred='The actor who plays Sean Tully, Antony Cotton, did not defeat anyone in a dancing contest. The text does not mention any'
2026-07-04 17:19:49,752 [WARNING] core.model_loader: Input length 17206 > max 16000, truncating...
2026-07-04 17:19:56,795 [INFO] core.evaluator_v2: [adakv] pred='Mark Donohue'
2026-07-04 17:20:11,995 [INFO] core.evaluator_v2: [adakv] pred='Yameen and Activision have in common the form of play known as "intellivision" or "Intellivision", which is a video game'
2026-07-04 17:20:34,877 [INFO] core.evaluator_v2: [adakv] pred='The Atherton Bridge spans the **North Branch of the Nashua River** in **Lancaster, Massachusetts**. The bridge is **250 '
2026-07-04 17:20:34,882 [INFO] core.evaluator_v2:   [25/50] avg=20.04
2026-07-04 17:20:40,694 [INFO] core.evaluator_v2: [adakv] pred='The streaming service is Netflix.'
2026-07-04 17:20:47,499 [INFO] core.evaluator_v2: [adakv] pred='High School Confidential, an eight-part documentary, followed twelve high school teenagers from Blue Valley West High Sc'
2026-07-04 17:20:55,444 [INFO] core.evaluator_v2: [adakv] pred='The 53rd National Hockey League All-Star Game took place at the indoor arena that was completed in **1970**.'
2026-07-04 17:21:03,314 [INFO] core.evaluator_v2: [adakv] pred='The Toronto International Film Festival (TIFF) premiered the movie "Salmon Fishing in the Yemen" in 2012. This film was '
2026-07-04 17:21:03,866 [WARNING] core.model_loader: Input length 16382 > max 16000, truncating...
2026-07-04 17:21:12,235 [INFO] core.evaluator_v2: [adakv] pred='The arena where the Lewiston Maineiacs played their home games, the Colisée, could seat **2,000 people**.'
2026-07-04 17:21:12,239 [INFO] core.evaluator_v2:   [30/50] avg=18.03
2026-07-04 17:21:16,311 [INFO] core.evaluator_v2: [adakv] pred="The winner of the London Riders' Championship in 1953 scored 10 points in the 1952 Individual Speedway World Championshi"
2026-07-04 17:21:23,655 [INFO] core.evaluator_v2: [adakv] pred="Erik Watts' father was born on 22 September 1863."
2026-07-04 17:21:24,422 [WARNING] core.model_loader: Input length 16268 > max 16000, truncating...
2026-07-04 17:21:32,552 [INFO] core.evaluator_v2: [adakv] pred='Migene González-Wippler is a leading expert on the Afro-Caribbean religion of Santería.'
2026-07-04 17:21:33,268 [WARNING] core.model_loader: Input length 16733 > max 16000, truncating...
2026-07-04 17:21:41,330 [INFO] core.evaluator_v2: [adakv] pred='The football club that plays in the area between the old tool gates: Brook Bar and Trafford Bar is **Manchester United**'
2026-07-04 17:21:46,870 [INFO] core.evaluator_v2: [adakv] pred='The female member of Fitz and The Tantrums, Noelle Scaggs, was the front woman for the band The Rebirth for ten years.'
2026-07-04 17:21:46,874 [INFO] core.evaluator_v2:   [35/50] avg=16.34
2026-07-04 17:21:47,506 [WARNING] core.model_loader: Input length 16496 > max 16000, truncating...
2026-07-04 17:21:56,997 [INFO] core.evaluator_v2: [adakv] pred='No, Werther and The Odyssey are not both operas. "Werther" is an opera by Jules Massenet, based on Goethe\'s novel "The S'
2026-07-04 17:22:04,501 [INFO] core.evaluator_v2: [adakv] pred='The kingdom surrendered to the French.'
2026-07-04 17:22:09,280 [INFO] core.evaluator_v2: [adakv] pred='Santa Bring My Baby Back was released on the fourth Elvis studio album in 1957.'
2026-07-04 17:22:09,865 [WARNING] core.model_loader: Input length 16845 > max 16000, truncating...
2026-07-04 17:22:17,614 [INFO] core.evaluator_v2: [adakv] pred='John Paesano wrote the film "How to Train Your Dragon: The Hidden World" for DreamWorks Dragons.'
2026-07-04 17:22:18,188 [WARNING] core.model_loader: Input length 17368 > max 16000, truncating...
2026-07-04 17:22:26,695 [INFO] core.evaluator_v2: [adakv] pred='The airline company that operated United Express Flight 3411 on April 9, 2017, on behalf of United Express is Republic A'
2026-07-04 17:22:26,708 [INFO] core.evaluator_v2:   [40/50] avg=16.30
2026-07-04 17:22:31,987 [INFO] core.evaluator_v2: [adakv] pred='The Bangor Daily News discussed Sawin Millett because he was the publisher of the newspaper.'
2026-07-04 17:22:32,486 [WARNING] core.model_loader: Input length 16575 > max 16000, truncating...
2026-07-04 17:22:41,721 [INFO] core.evaluator_v2: [adakv] pred='Charles Haughey held the position of Taoiseach (Prime Minister) when he dissolved the list of members who were elected t'
2026-07-04 17:22:42,524 [WARNING] core.model_loader: Input length 16716 > max 16000, truncating...
2026-07-04 17:22:50,402 [INFO] core.evaluator_v2: [adakv] pred='Gary L. Bennett was a part of the space missions that have a primary destination of **Jupiter**.'
2026-07-04 17:22:51,235 [WARNING] core.model_loader: Input length 17636 > max 16000, truncating...
2026-07-04 17:22:59,607 [INFO] core.evaluator_v2: [adakv] pred="The 1958 Pro Bowl was played at the Los Angeles Coliseum, which is the home stadium for the University of Utah's footbal"
2026-07-04 17:23:00,358 [WARNING] core.model_loader: Input length 16912 > max 16000, truncating...
2026-07-04 17:23:07,711 [INFO] core.evaluator_v2: [adakv] pred='Michael Tippett wrote his music most recently.'
2026-07-04 17:23:07,714 [INFO] core.evaluator_v2:   [45/50] avg=16.20
2026-07-04 17:23:14,343 [INFO] core.evaluator_v2: [adakv] pred='The population of the town where The Stelljes House is located in 2010 was 29,761.'
2026-07-04 17:23:21,619 [INFO] core.evaluator_v2: [adakv] pred='James II.'
2026-07-04 17:23:29,089 [INFO] core.evaluator_v2: [adakv] pred='After Russell D. Moore served at the Southern Baptist Theological Seminary, he became the President of the Ethics & Reli'
2026-07-04 17:23:34,583 [INFO] core.evaluator_v2: [adakv] pred='The person who substituted for Simon Pagenaud in 2017 secured a contract to drive in the 2017 IndyCar Series.'
2026-07-04 17:23:35,125 [WARNING] core.model_loader: Input length 17549 > max 16000, truncating...
2026-07-04 17:23:45,434 [INFO] core.evaluator_v2: [adakv] pred='The CEO of the football team based in Denver, Colorado, Patrick Dennis Bowlen, stepped down in 2014 due to the onset and'
2026-07-04 17:23:45,437 [INFO] core.evaluator_v2:   [50/50] avg=16.39
2026-07-04 17:23:45,438 [INFO] __main__:   → score=16.39, mem_red=80.0%, ttft=2297.6ms
2026-07-04 17:23:45,440 [INFO] __main__: 
  Task: 2wikimqa
2026-07-04 17:23:45,441 [INFO] core.evaluator_v2: [adakv] 2wikimqa (50샘플, budget=20%)
2026-07-04 17:23:49,079 [INFO] core.evaluator_v2: [adakv] pred='The director of the film "Eisenstein in Guanajuato" was born in Finland.'
2026-07-04 17:23:54,130 [INFO] core.evaluator_v2: [adakv] pred='"Jugband Blues" came out first. It was released on the English psychedelic rock band Pink Floyd\'s second album, "Saucer '
2026-07-04 17:23:58,941 [INFO] core.evaluator_v2: [adakv] pred='No Trees in the Street.'
2026-07-04 17:24:02,386 [INFO] core.evaluator_v2: [adakv] pred="The place of death of Agnes of Hohenstaufen's husband was in 1190."
2026-07-04 17:24:07,262 [INFO] core.evaluator_v2: [adakv] pred='Lyudmyla Olyanovska was born later than Paul De Scherff.'
2026-07-04 17:24:07,264 [INFO] core.evaluator_v2:   [5/50] avg=29.56
2026-07-04 17:24:12,928 [INFO] core.evaluator_v2: [adakv] pred="Helmichis's father-in-law is Alboin."
2026-07-04 17:24:15,484 [INFO] core.evaluator_v2: [adakv] pred="The Drover's Sweetheart came out earlier."
2026-07-04 17:24:18,622 [INFO] core.evaluator_v2: [adakv] pred='German.'
2026-07-04 17:24:19,372 [WARNING] core.model_loader: Input length 16424 > max 16000, truncating...
2026-07-04 17:24:28,539 [INFO] core.evaluator_v2: [adakv] pred='Yes, both films are from the United Kingdom. "The Hatton Garden Job" is a British crime thriller, and "Carry On Cleo" is'
2026-07-04 17:24:31,672 [INFO] core.evaluator_v2: [adakv] pred='Vacations in Majorca was released first.'
2026-07-04 17:24:31,674 [INFO] core.evaluator_v2:   [10/50] avg=21.10
2026-07-04 17:24:36,734 [INFO] core.evaluator_v2: [adakv] pred="The place of death of Randi Monsen's father, Ludvig Monsen, is not explicitly stated in the provided text. However, it i"
2026-07-04 17:24:39,479 [INFO] core.evaluator_v2: [adakv] pred='Hissa Abdulla Ahmed Al-Otaiba.'
2026-07-04 17:24:42,322 [INFO] core.evaluator_v2: [adakv] pred='The date of death of the director of film Nallavan Vazhvan is 31 August 1961.'
2026-07-04 17:24:49,952 [INFO] core.evaluator_v2: [adakv] pred='The director of *The Year of the Rabbit* died first. The film *Monster on the Campus* was directed by Jack Arnold, who d'
2026-07-04 17:24:53,277 [INFO] core.evaluator_v2: [adakv] pred='The paternal grandfather of Bruno II von Berg is Count Adolf III of Berg.'
2026-07-04 17:24:53,278 [INFO] core.evaluator_v2:   [15/50] avg=18.38
2026-07-04 17:24:55,462 [INFO] core.evaluator_v2: [adakv] pred='Prince of Arcadia was released earlier.'
2026-07-04 17:24:59,475 [INFO] core.evaluator_v2: [adakv] pred='Johnny Ekström was born later.'
2026-07-04 17:25:01,997 [INFO] core.evaluator_v2: [adakv] pred='The place of birth of the director of film "Clowning Around" is **Castlemorton, England**.'
2026-07-04 17:25:06,481 [INFO] core.evaluator_v2: [adakv] pred='Solemn Promise was released in 1989, while Tarzan The Magnificent was released in 1960. Therefore, Tarzan The Magnificen'
2026-07-04 17:25:14,411 [INFO] core.evaluator_v2: [adakv] pred='The spouse of the director of the film *Streets of Blood* is Sandra Nelson.'
2026-07-04 17:25:14,413 [INFO] core.evaluator_v2:   [20/50] avg=22.47
2026-07-04 17:25:17,171 [INFO] core.evaluator_v2: [adakv] pred='Contragolpe.'
2026-07-04 17:25:17,505 [WARNING] core.model_loader: Input length 16690 > max 16000, truncating...
2026-07-04 17:25:25,537 [INFO] core.evaluator_v2: [adakv] pred='The composer of the song "Gretchen am Spinnrade" is Franz Schubert. Franz Schubert died in Vienna, Austria.'
2026-07-04 17:25:26,151 [WARNING] core.model_loader: Input length 17007 > max 16000, truncating...
2026-07-04 17:25:33,660 [INFO] core.evaluator_v2: [adakv] pred="Gisela of Hungary's father-in-law is King Stephen I of Hungary."
2026-07-04 17:25:41,934 [INFO] core.evaluator_v2: [adakv] pred="Grand Duchess Elena Vladimirovna of Russia's father, Grand Duke Vladimir Kirillovich of Russia, died in 1992."
2026-07-04 17:25:48,174 [INFO] core.evaluator_v2: [adakv] pred='From Corleone to Brooklyn (1979) is the film with the director born later. Umberto Lenzi was born in 1933, while the dir'
2026-07-04 17:25:48,177 [INFO] core.evaluator_v2:   [25/50] avg=23.24
2026-07-04 17:25:54,903 [INFO] core.evaluator_v2: [adakv] pred="The place of birth of Sextus Barbour's father is Belfast."
2026-07-04 17:25:57,146 [INFO] core.evaluator_v2: [adakv] pred='Guy Arvely Dolsin is younger than Altuğ Çelikbilek.'
2026-07-04 17:26:04,041 [INFO] core.evaluator_v2: [adakv] pred='The maternal grandfather of Marie Louise, Duchess of Parma, is King Ferdinand I of the Two Sicilies.'
2026-07-04 17:26:08,094 [INFO] core.evaluator_v2: [adakv] pred='Una Prostituta Al Servizio Del Pubblico E In Regola Con Le Leggi Dello Stato (1970) came out first. The Bag Man (2014) i'
2026-07-04 17:26:10,499 [INFO] core.evaluator_v2: [adakv] pred='Antoine Casavant was born first.'
2026-07-04 17:26:10,508 [INFO] core.evaluator_v2:   [30/50] avg=26.73
2026-07-04 17:26:13,454 [INFO] core.evaluator_v2: [adakv] pred="Sir William Gore, 3rd Baronet's paternal grandfather is Sir William Gore, 2nd Baronet."
2026-07-04 17:26:15,981 [INFO] core.evaluator_v2: [adakv] pred='Switzerland.'
2026-07-04 17:26:23,351 [INFO] core.evaluator_v2: [adakv] pred='Eleanor of Castile died in 1291.'
2026-07-04 17:26:27,849 [INFO] core.evaluator_v2: [adakv] pred='Philip William of Brandenburg-Schwedt was born on 19 May 1669.'
2026-07-04 17:26:32,210 [INFO] core.evaluator_v2: [adakv] pred='The director of film "Wine of Morning" works at the National Gallery of Art in Washington, D.C.'
2026-07-04 17:26:32,212 [INFO] core.evaluator_v2:   [35/50] avg=25.18
2026-07-04 17:26:35,827 [INFO] core.evaluator_v2: [adakv] pred="Isabella of Bourbon's paternal grandfather was Louis I, Duke of Bourbon."
2026-07-04 17:26:38,113 [INFO] core.evaluator_v2: [adakv] pred='Anne Carey.'
2026-07-04 17:26:40,595 [INFO] core.evaluator_v2: [adakv] pred="Carrie Watson Fleming's husband was born in West Virginia."
2026-07-04 17:26:55,839 [INFO] core.evaluator_v2: [adakv] pred="The director of *The Wind's Fierce* (1927) is Roscoe Arbuckle, born in 1886. The director of *Special Delivery* (1927 fi"
2026-07-04 17:27:04,100 [INFO] core.evaluator_v2: [adakv] pred='Charles Wheatstone lived longer than Jean-Claude Lauzon. Charles Wheatstone died in 1876, while Jean-Claude Lauzon died '
2026-07-04 17:27:04,108 [INFO] core.evaluator_v2:   [40/50] avg=24.64
2026-07-04 17:27:06,901 [INFO] core.evaluator_v2: [adakv] pred='No. Howard Lake (British Columbia) is in Canada, while North Buck Lake (Alberta) is in Canada. Both are in the same coun'
2026-07-04 17:27:10,119 [INFO] core.evaluator_v2: [adakv] pred='No, they do not share the same nationality. Reginald Fogwell was a British film director, while Howard W. Koch was an Am'
2026-07-04 17:27:17,496 [INFO] core.evaluator_v2: [adakv] pred='No, Beauty and the Bad Man and Wild Child (Film) do not have directors from the same country. Beauty and the Bad Man was'
2026-07-04 17:27:25,139 [INFO] core.evaluator_v2: [adakv] pred="The place of birth of Ratna Malla's father is not explicitly stated in the provided text. However, based on the text, we"
2026-07-04 17:27:28,508 [INFO] core.evaluator_v2: [adakv] pred="The place of birth of Aleksey Greig's father is Inverkeithing, Fife, Scotland."
2026-07-04 17:27:28,510 [INFO] core.evaluator_v2:   [45/50] avg=22.39
2026-07-04 17:27:31,642 [INFO] core.evaluator_v2: [adakv] pred='The mother of the director of the film "Atomised" is Sheikha Fatima bint Sultan Al Nahyan.'
2026-07-04 17:27:33,734 [INFO] core.evaluator_v2: [adakv] pred='No. Ding Yaping is Chinese and German, while Johann Christian Gustav Lucae is German.'
2026-07-04 17:27:36,135 [INFO] core.evaluator_v2: [adakv] pred='University of Dublin.'
2026-07-04 17:27:38,637 [INFO] core.evaluator_v2: [adakv] pred='Space Probe Taurus.'
2026-07-04 17:27:40,967 [INFO] core.evaluator_v2: [adakv] pred='The Pyrammmid came out first.'
2026-07-04 17:27:40,973 [INFO] core.evaluator_v2:   [50/50] avg=20.15
2026-07-04 17:27:40,975 [INFO] __main__:   → score=20.15, mem_red=80.0%, ttft=1345.3ms
2026-07-04 17:27:40,977 [INFO] __main__: 
  Task: gov_report
2026-07-04 17:27:40,978 [INFO] core.evaluator_v2: [adakv] gov_report (50샘플, budget=20%)
2026-07-04 17:28:01,462 [INFO] core.evaluator_v2: [adakv] pred='The National Science Foundation (NSF) has been tasked with developing a comprehensive workforce strategy to balance the '
2026-07-04 17:28:22,439 [INFO] core.evaluator_v2: [adakv] pred='The Federal Information Security Management Act (FISMA) is a federal law that requires federal agencies to develop, docu'
2026-07-04 17:28:23,251 [WARNING] core.model_loader: Input length 51949 > max 16000, truncating...
2026-07-04 17:28:41,705 [INFO] core.evaluator_v2: [adakv] pred='The United States and China have a complex and evolving relationship regarding military and surveillance activities in t'
2026-07-04 17:28:42,550 [WARNING] core.model_loader: Input length 28135 > max 16000, truncating...
2026-07-04 17:29:09,907 [INFO] core.evaluator_v2: [adakv] pred='The Environmental Protection Agency (EPA) has received consistent funding for its Water Infrastructure and Environmental'
2026-07-04 17:29:40,575 [INFO] core.evaluator_v2: [adakv] pred='**Summary of the GAO Report on the Department of Homeland Security (DHS) Financial Management System Modernization Proje'
2026-07-04 17:29:40,651 [INFO] core.evaluator_v2:   [5/50] avg=16.77
2026-07-04 17:30:09,452 [INFO] core.evaluator_v2: [adakv] pred='**Summary of the GAO Report on Federal Cybersecurity and Information Security in the Federal Government**\n\n**Key Finding'
2026-07-04 17:30:27,026 [INFO] core.evaluator_v2: [adakv] pred='The Small Business Administration (SBA) has established federal procurement goals to promote small business participatio'
2026-07-04 17:30:27,672 [WARNING] core.model_loader: Input length 19434 > max 16000, truncating...
2026-07-04 17:30:54,173 [INFO] core.evaluator_v2: [adakv] pred='The Department of Defense (DOD) has authority under 10 U.S.C. §2371b to enter into transactions (other than contracts, c'
2026-07-04 17:31:18,873 [INFO] core.evaluator_v2: [adakv] pred='**Summary of the Report on the Role of Cash in the Economy and the Transition to a Cashless Society**\n\nThe report explor'
2026-07-04 17:31:19,650 [WARNING] core.model_loader: Input length 41630 > max 16000, truncating...
2026-07-04 17:31:48,837 [INFO] core.evaluator_v2: [adakv] pred='The Department of Homeland Security (DHS) has been working to improve its acquisition management practices through the *'
2026-07-04 17:31:48,878 [INFO] core.evaluator_v2:   [10/50] avg=15.85
2026-07-04 17:32:11,355 [INFO] core.evaluator_v2: [adakv] pred='The following is a summary of the key points and findings from the provided text, which outlines the budgetary and fisca'
2026-07-04 17:32:30,429 [INFO] core.evaluator_v2: [adakv] pred='The summary of the text is as follows:\n\nThe text discusses the process of land acquisition and disposal in the United St'
2026-07-04 17:32:57,261 [INFO] core.evaluator_v2: [adakv] pred='The Black Lung Disability Trust Fund (Trust Fund) is a federal program that provides medical and financial assistance to'
2026-07-04 17:33:20,405 [INFO] core.evaluator_v2: [adakv] pred='The United States has long been a leading global donor of foreign aid, with its foreign assistance programs playing a si'
2026-07-04 17:33:45,749 [INFO] core.evaluator_v2: [adakv] pred='The Office of Surface Mining Reclamation and Enforcement (OSMRE) has issued a policy advisory in August 2016, which stat'
2026-07-04 17:33:45,787 [INFO] core.evaluator_v2:   [15/50] avg=16.52
2026-07-04 17:34:12,392 [INFO] core.evaluator_v2: [adakv] pred="The Public Safety Officers' Benefits Improvement Act of 2017 (P.L. 115-36) provides for the payment of PSOB death and di"
2026-07-04 17:34:39,141 [INFO] core.evaluator_v2: [adakv] pred='The U.S. federal government has a 2014 report that outlines selected funding mechanisms and considerations for each mech'
2026-07-04 17:34:43,747 [INFO] core.evaluator_v2: [adakv] pred='The document is a work of the United States government and is not subject to copyright protection in the United States. '
2026-07-04 17:35:06,256 [INFO] core.evaluator_v2: [adakv] pred='The 2019 Congressional Budget and Appropriations Process for the U.S. International Trade Commission (ITC) and the U.S. '
2026-07-04 17:35:34,863 [INFO] core.evaluator_v2: [adakv] pred='The Black Lung Disability Trust Fund (BLDTF) is a federal trust fund established to pay benefits to miners and their sur'
2026-07-04 17:35:34,938 [INFO] core.evaluator_v2:   [20/50] avg=15.90
2026-07-04 17:36:04,775 [INFO] core.evaluator_v2: [adakv] pred='**Summary of the Report:**\n\nThe U.S. Government Accountability Office (GAO) conducted a comprehensive analysis of demogr'
2026-07-04 17:36:34,477 [INFO] core.evaluator_v2: [adakv] pred='**Summary of the FTC’s Role in Internet Privacy Regulation and the Need for Comprehensive Legislation**\n\nThe Federal Tra'
2026-07-04 17:37:01,197 [INFO] core.evaluator_v2: [adakv] pred='**Summary of the GAO Report on Early Withdrawals from Retirement Savings**\n\nThe U.S. Government Accountability Office (G'
2026-07-04 17:37:22,419 [INFO] core.evaluator_v2: [adakv] pred='The Office of Management and Budget (OMB) has issued a guidance document that outlines the roles and responsibilities of'
2026-07-04 17:37:30,326 [INFO] core.evaluator_v2: [adakv] pred='The report outlines the financial challenges and potential solutions for the Postal Service Retiree Health Benefits (RHB'
2026-07-04 17:37:30,347 [INFO] core.evaluator_v2:   [25/50] avg=15.96
2026-07-04 17:37:54,899 [INFO] core.evaluator_v2: [adakv] pred='**Summary:**\n\nThe document discusses several key aspects of housing policy and tax provisions in the United States, focu'
2026-07-04 17:38:24,197 [INFO] core.evaluator_v2: [adakv] pred='The National Popular Vote (NPV) initiative, which seeks to replace the Electoral College with a system where the Preside'
2026-07-04 17:38:48,788 [INFO] core.evaluator_v2: [adakv] pred='The U.S. Department of Energy (DOE) manages a complex and multifaceted portfolio of nuclear weapons and energy programs,'
2026-07-04 17:39:16,632 [INFO] core.evaluator_v2: [adakv] pred='The General Services Administration (GSA) and the Office of Management and Budget (OMB) have implemented a policy to red'
2026-07-04 17:39:42,214 [INFO] core.evaluator_v2: [adakv] pred="The analysis of NCA's cost-estimating guidance for cemetery construction projects, as outlined in the report, reveals th"
2026-07-04 17:39:42,258 [INFO] core.evaluator_v2:   [30/50] avg=15.61
2026-07-04 17:40:12,072 [INFO] core.evaluator_v2: [adakv] pred='**Summary of the Financial Technology (Fintech) and Regulatory Landscape in the United States**\n\nThe U.S. financial sect'
2026-07-04 17:40:36,773 [INFO] core.evaluator_v2: [adakv] pred='**Summary of the Report on the European Reassurance Initiative (ERI) and the Department of Defense (DOD) Funding and Pla'
2026-07-04 17:40:48,125 [INFO] core.evaluator_v2: [adakv] pred="The report provides an analysis of the Lobbying Disclosure Act (LDA) and its implementation by the U.S. Attorney's Offic"
2026-07-04 17:41:09,387 [INFO] core.evaluator_v2: [adakv] pred="The report outlines the factors contributing to Puerto Rico's financial condition and debt levels, as well as federal ac"
2026-07-04 17:41:36,096 [INFO] core.evaluator_v2: [adakv] pred='The Small Business Lending Fund (SBLF) was established under the Small Business Jobs Act of 2010 to provide temporary ca'
2026-07-04 17:41:36,152 [INFO] core.evaluator_v2:   [35/50] avg=15.50
2026-07-04 17:42:04,509 [INFO] core.evaluator_v2: [adakv] pred='**Summary of GAO Report on WMATA’s Capital Planning and Track Preventive Maintenance Program**\n\n**Key Findings and Recom'
2026-07-04 17:42:19,656 [INFO] core.evaluator_v2: [adakv] pred="The minority leader in the House of Representatives plays a critical role in shaping the party's agenda, promoting its p"
2026-07-04 17:42:40,548 [INFO] core.evaluator_v2: [adakv] pred='The U.S. Department of Education (ED) has established a comprehensive framework to ensure that institutions participatin'
2026-07-04 17:42:41,092 [WARNING] core.model_loader: Input length 18482 > max 16000, truncating...
2026-07-04 17:43:09,106 [INFO] core.evaluator_v2: [adakv] pred='**Summary:**\n\nThe Department of Homeland Security (DHS) and the Secret Service have implemented a comprehensive IT acqui'
2026-07-04 17:43:28,126 [INFO] core.evaluator_v2: [adakv] pred='The 2016 report of DOE’s Biological and Environmental Research Advisory Committee provided information about research ne'
2026-07-04 17:43:28,159 [INFO] core.evaluator_v2:   [40/50] avg=15.63
2026-07-04 17:43:41,632 [INFO] core.evaluator_v2: [adakv] pred='The following is a summary of the provided text, which is a detailed report on neonatal abstinence syndrome (NAS) and it'
2026-07-04 17:43:58,486 [INFO] core.evaluator_v2: [adakv] pred='The U.S. Navy and the Missile Defense Agency (MDA) are working to enhance the U.S. missile defense capability in the Pac'
2026-07-04 17:44:26,630 [INFO] core.evaluator_v2: [adakv] pred='The proposed U.S.-Mexico-Canada Agreement (USMCA) includes provisions on digital trade and data privacy, aiming to balan'
2026-07-04 17:44:27,276 [WARNING] core.model_loader: Input length 22562 > max 16000, truncating...
2026-07-04 17:44:56,535 [INFO] core.evaluator_v2: [adakv] pred='The U.S. Congress has passed several key legislative acts and reports related to military sexual assault and the Departm'
2026-07-04 17:45:21,023 [INFO] core.evaluator_v2: [adakv] pred='The Department of Commerce generally agreed with our findings regarding the improvements the Census Bureau has made in i'
2026-07-04 17:45:21,063 [INFO] core.evaluator_v2:   [45/50] avg=15.72
2026-07-04 17:45:21,481 [WARNING] core.model_loader: Input length 18237 > max 16000, truncating...
2026-07-04 17:45:39,522 [INFO] core.evaluator_v2: [adakv] pred='The report highlights the significant impacts of climate change on migration and displacement in the Pacific Islands, pa'
2026-07-04 17:46:04,568 [INFO] core.evaluator_v2: [adakv] pred='The U.S. Postal Service (USPS) has implemented a system to monitor the scanning performance of competitive products, whi'
2026-07-04 17:46:29,993 [INFO] core.evaluator_v2: [adakv] pred='The summary of the report is as follows: \n\nThe report examines the status of ESF assistance and projects provided to the'
2026-07-04 17:46:42,770 [INFO] core.evaluator_v2: [adakv] pred="The Federal Government's use of heavy equipment in the 24 CFO Act agencies was analyzed to determine the extent to which"
2026-07-04 17:47:08,763 [INFO] core.evaluator_v2: [adakv] pred="**Summary of the Report on the Afghan National Defense and Security Forces (ANDSF) and the U.S. Military's Support for T"
2026-07-04 17:47:08,795 [INFO] core.evaluator_v2:   [50/50] avg=16.16
2026-07-04 17:47:08,825 [INFO] __main__:   → score=16.16, mem_red=80.0%, ttft=1599.1ms
2026-07-04 17:47:08,828 [INFO] __main__: 
  Task: qmsum
2026-07-04 17:47:08,829 [INFO] core.evaluator_v2: [adakv] qmsum (50샘플, budget=20%)
2026-07-04 17:47:21,698 [INFO] core.evaluator_v2: [adakv] pred='The team is discussing the design of a new remote control device, focusing on making it more user-friendly, stylish, and'
2026-07-04 17:47:47,974 [INFO] core.evaluator_v2: [adakv] pred='The meeting concluded with the team agreeing on the following key points for the new remote control device:\n\n1. **Design'
2026-07-04 17:48:12,651 [INFO] core.evaluator_v2: [adakv] pred='The conversation between the professors and students discusses the planning and organization of a research project invol'
2026-07-04 17:48:25,407 [INFO] core.evaluator_v2: [adakv] pred="The meeting concluded with a discussion on the project's presentation and the challenges faced during the design and mar"
2026-07-04 17:48:54,781 [INFO] core.evaluator_v2: [adakv] pred='**Summary of the Meeting:**\n\nThe team is discussing the design and development of a new remote control device, focusing '
2026-07-04 17:48:54,785 [INFO] core.evaluator_v2:   [5/50] avg=7.42
2026-07-04 17:48:55,366 [WARNING] core.model_loader: Input length 18386 > max 16000, truncating...
2026-07-04 17:49:09,928 [INFO] core.evaluator_v2: [adakv] pred='The conversation between Professor D and the students discusses the development and evaluation of a neural network model'
2026-07-04 17:49:10,711 [WARNING] core.model_loader: Input length 18553 > max 16000, truncating...
2026-07-04 17:49:25,720 [INFO] core.evaluator_v2: [adakv] pred='The discussion revolves around the development of a belief-net system for natural language processing, with a focus on i'
2026-07-04 17:49:26,297 [WARNING] core.model_loader: Input length 16224 > max 16000, truncating...
2026-07-04 17:49:56,256 [INFO] core.evaluator_v2: [adakv] pred='The Welsh Government has introduced a new childcare and early education scheme, the **Childcare and Early Education (Wal'
2026-07-04 17:49:56,800 [WARNING] core.model_loader: Input length 16924 > max 16000, truncating...
2026-07-04 17:50:07,970 [INFO] core.evaluator_v2: [adakv] pred='The conversation discusses the performance of different machine learning models, specifically comparing a hybrid system '
2026-07-04 17:50:20,169 [INFO] core.evaluator_v2: [adakv] pred='The discussion revolves around the design and functionality of a universal remote control that can perform multiple acti'
2026-07-04 17:50:20,172 [INFO] core.evaluator_v2:   [10/50] avg=7.04
2026-07-04 17:50:20,472 [WARNING] core.model_loader: Input length 16844 > max 16000, truncating...
2026-07-04 17:50:34,851 [INFO] core.evaluator_v2: [adakv] pred='The meeting is about discussing the setup and use of a wireless microphone system for a conference or event, with a focu'
2026-07-04 17:50:35,604 [WARNING] core.model_loader: Input length 16224 > max 16000, truncating...
2026-07-04 17:51:03,373 [INFO] core.evaluator_v2: [adakv] pred='The Welsh Government has introduced a new childcare and early education scheme, the **Childcare and Early Education (Wal'
2026-07-04 17:51:31,770 [INFO] core.evaluator_v2: [adakv] pred='The committee heard from Julie Morgan (Minister for Children, Schools and Families) and Nicola Edwards (Director of Chil'
2026-07-04 17:51:44,387 [INFO] core.evaluator_v2: [adakv] pred='The meeting concluded with a positive and productive discussion about the banana-shaped remote control device, which was'
2026-07-04 17:51:59,973 [INFO] core.evaluator_v2: [adakv] pred='The team is discussing the design of a new remote control device with a focus on integrating a spinning wheel, a touchsc'
2026-07-04 17:51:59,977 [INFO] core.evaluator_v2:   [15/50] avg=7.40
2026-07-04 17:52:19,304 [INFO] core.evaluator_v2: [adakv] pred='The meeting concluded with a discussion on the design and functionality of a universal remote control for television and'
2026-07-04 17:52:36,744 [INFO] core.evaluator_v2: [adakv] pred='The discussion revolves around the design and functionality of a universal remote control that can perform multiple acti'
2026-07-04 17:52:37,176 [WARNING] core.model_loader: Input length 16844 > max 16000, truncating...
2026-07-04 17:52:50,461 [INFO] core.evaluator_v2: [adakv] pred='The meeting is about discussing the setup and use of a wireless microphone system for a conference or event, with a focu'
2026-07-04 17:53:06,914 [INFO] core.evaluator_v2: [adakv] pred='The meeting concluded with a discussion about the usefulness of a digital whiteboard and its potential for sketching and'
2026-07-04 17:53:07,702 [WARNING] core.model_loader: Input length 16224 > max 16000, truncating...
2026-07-04 17:53:38,613 [INFO] core.evaluator_v2: [adakv] pred='The Welsh Government has introduced a new childcare and early education scheme, the **Childcare and Early Education (Wal'
2026-07-04 17:53:38,622 [INFO] core.evaluator_v2:   [20/50] avg=7.80
2026-07-04 17:53:49,964 [INFO] core.evaluator_v2: [adakv] pred='The team has completed the project on time and within budget, and the product design has been finalized. The team is now'
2026-07-04 17:53:50,747 [WARNING] core.model_loader: Input length 25564 > max 16000, truncating...
2026-07-04 17:54:06,542 [INFO] core.evaluator_v2: [adakv] pred='The government is committed to ensuring that long-term care homes in Canada provide high-quality, safe, and dignified ca'
2026-07-04 17:54:07,172 [WARNING] core.model_loader: Input length 18386 > max 16000, truncating...
2026-07-04 17:54:22,408 [INFO] core.evaluator_v2: [adakv] pred='The conversation between Professor D and the students discusses the development and evaluation of a neural network model'
2026-07-04 17:54:38,003 [INFO] core.evaluator_v2: [adakv] pred="The meeting concluded with a discussion on the project's presentation and the challenges faced during the design and mar"
2026-07-04 17:55:04,509 [INFO] core.evaluator_v2: [adakv] pred='The team discussed the design and features of a new device, focusing on the following key points:\n\n1. **Device Features '
2026-07-04 17:55:04,521 [INFO] core.evaluator_v2:   [25/50] avg=8.04
2026-07-04 17:55:30,729 [INFO] core.evaluator_v2: [adakv] pred='The team is discussing the design and features of a new remote control device, focusing on the following key points:\n\n1.'
2026-07-04 17:55:41,951 [INFO] core.evaluator_v2: [adakv] pred='The team has completed the project on time and within budget, and the product design has been finalized. The team is now'
2026-07-04 17:55:42,633 [WARNING] core.model_loader: Input length 18553 > max 16000, truncating...
2026-07-04 17:56:00,238 [INFO] core.evaluator_v2: [adakv] pred='The discussion revolves around the development of a belief-net system for natural language processing, with a focus on i'
2026-07-04 17:56:14,728 [INFO] core.evaluator_v2: [adakv] pred='The discussion revolves around the development of a new remote control for a television that incorporates voice recognit'
2026-07-04 17:56:31,193 [INFO] core.evaluator_v2: [adakv] pred='The discussion revolves around the design and functionality of a universal remote control that can perform multiple acti'
2026-07-04 17:56:31,203 [INFO] core.evaluator_v2:   [30/50] avg=8.29
2026-07-04 17:56:51,572 [INFO] core.evaluator_v2: [adakv] pred='The meeting concluded with the team agreeing on the following key points for the new remote control device:\n\n1. **Design'
2026-07-04 17:56:51,996 [WARNING] core.model_loader: Input length 30305 > max 16000, truncating...
2026-07-04 17:57:19,984 [INFO] core.evaluator_v2: [adakv] pred='The Acting Chair (Mr. Bruce Stanton): The honourable member for Carleton, Mr. Poilievre, has the floor.\n\nHon. Pierre Poi'
2026-07-04 17:57:50,759 [INFO] core.evaluator_v2: [adakv] pred='The team is discussing the design of a remote control for a new television, focusing on the placement and functionality '
2026-07-04 17:58:15,106 [INFO] core.evaluator_v2: [adakv] pred='The committee heard from Julie Morgan (Minister for Children, Schools and Families) and Nicola Edwards (Director of Chil'
2026-07-04 17:58:26,367 [INFO] core.evaluator_v2: [adakv] pred='In this conversation, PhD student PhD B discusses their research on Hidden Markov Models (HMMs) for digit recognition, f'
2026-07-04 17:58:26,372 [INFO] core.evaluator_v2:   [35/50] avg=8.22
2026-07-04 17:58:36,145 [INFO] core.evaluator_v2: [adakv] pred='The team has completed the project on time and within budget, and the product design has been finalized. The team is now'
2026-07-04 17:58:47,395 [INFO] core.evaluator_v2: [adakv] pred='The team has completed the project on time and within budget, and the product design has been finalized. The team is now'
2026-07-04 17:58:48,183 [WARNING] core.model_loader: Input length 30305 > max 16000, truncating...
2026-07-04 17:59:17,659 [INFO] core.evaluator_v2: [adakv] pred='The Acting Chair (Mr. Bruce Stanton): The honourable member for Carleton, Mr. Poilievre, has the floor.\n\nHon. Pierre Poi'
2026-07-04 17:59:28,783 [INFO] core.evaluator_v2: [adakv] pred='The meeting concluded with a positive and productive discussion about the banana-shaped remote control device, which was'
2026-07-04 17:59:50,938 [INFO] core.evaluator_v2: [adakv] pred='The meeting concluded with the team agreeing on the following key points for the new remote control device:\n\n1. **Design'
2026-07-04 17:59:50,945 [INFO] core.evaluator_v2:   [40/50] avg=8.37
2026-07-04 18:00:12,558 [INFO] core.evaluator_v2: [adakv] pred='**Summary of the Meeting:**\n\nThe team is discussing the design and development of a new remote control device, focusing '
2026-07-04 18:00:43,722 [INFO] core.evaluator_v2: [adakv] pred='The committee heard from Julie Morgan (Minister for Children, Schools and Families) and Nicola Edwards (Director of Chil'
2026-07-04 18:01:00,626 [INFO] core.evaluator_v2: [adakv] pred='The meeting concluded with a discussion about the usefulness of a digital whiteboard and its potential for sketching and'
2026-07-04 18:01:20,525 [INFO] core.evaluator_v2: [adakv] pred='The project team is discussing the design of a remote control device that uses speech recognition and gesture control to'
2026-07-04 18:01:33,499 [INFO] core.evaluator_v2: [adakv] pred='In this conversation, PhD student PhD B discusses their research on Hidden Markov Models (HMMs) for digit recognition, f'
2026-07-04 18:01:33,509 [INFO] core.evaluator_v2:   [45/50] avg=8.09
2026-07-04 18:01:51,605 [INFO] core.evaluator_v2: [adakv] pred='The discussion revolves around the development of a **touch-screen remote control** with **multi-format capabilities**, '
2026-07-04 18:02:09,337 [INFO] core.evaluator_v2: [adakv] pred='The discussion revolves around the development of a **touch-screen remote control** with **multi-format capabilities**, '
2026-07-04 18:02:22,519 [INFO] core.evaluator_v2: [adakv] pred='The team is discussing the design of a new remote control device, focusing on making it more user-friendly, stylish, and'
2026-07-04 18:02:39,329 [INFO] core.evaluator_v2: [adakv] pred='The meeting concluded with a discussion about the usefulness of a digital whiteboard and its potential for sketching and'
2026-07-04 18:03:08,944 [INFO] core.evaluator_v2: [adakv] pred='The committee heard from Julie Morgan (Minister for Children, Schools and Families) and Nicola Edwards (Director of Chil'
2026-07-04 18:03:08,954 [INFO] core.evaluator_v2:   [50/50] avg=8.05
2026-07-04 18:03:08,956 [INFO] __main__:   → score=8.05, mem_red=80.0%, ttft=1949.9ms
2026-07-04 18:03:08,957 [INFO] __main__: 
────────────────────────────────────────────────────────────
2026-07-04 18:03:08,959 [INFO] __main__: Method: OURS | Budget: 20%
2026-07-04 18:03:08,960 [INFO] __main__: ────────────────────────────────────────────────────────────
2026-07-04 18:03:08,961 [INFO] __main__: 
  Task: narrativeqa
2026-07-04 18:03:08,963 [INFO] core.evaluator_v2: [ours] narrativeqa (50샘플, budget=20%)
2026-07-04 18:03:09,608 [WARNING] core.model_loader: Input length 23148 > max 16000, truncating...
2026-07-04 18:03:17,162 [INFO] core.evaluator_v2: [ours] pred='Daisy encountered Jim in the town of **Cincinnati**.'
2026-07-04 18:03:25,786 [INFO] core.evaluator_v2: [ours] pred='Socrates ultimately decides it is unjust to escape because he believes in obeying the laws of his city and the moral pri'
2026-07-04 18:03:26,187 [WARNING] core.model_loader: Input length 37016 > max 16000, truncating...
2026-07-04 18:03:39,254 [INFO] core.evaluator_v2: [ours] pred='The setting of the story is a medieval castle and its surrounding area, specifically the bridge over a river, which serv'
2026-07-04 18:03:40,021 [WARNING] core.model_loader: Input length 37014 > max 16000, truncating...
2026-07-04 18:03:47,679 [INFO] core.evaluator_v2: [ours] pred='Baron Conrad killed the robber baron, Baron Henry of Roderburg.'
2026-07-04 18:03:48,483 [WARNING] core.model_loader: Input length 46744 > max 16000, truncating...
2026-07-04 18:03:56,474 [INFO] core.evaluator_v2: [ours] pred="The ghost that emerged from the painting at Dana's workplace was **Vigo**, a powerful supernatural entity."
2026-07-04 18:03:56,476 [INFO] core.evaluator_v2:   [5/50] avg=8.70
2026-07-04 18:03:57,321 [WARNING] core.model_loader: Input length 46746 > max 16000, truncating...
2026-07-04 18:04:05,149 [INFO] core.evaluator_v2: [ours] pred="The first person to fall under Vigo's spell is **Janosz**."
2026-07-04 18:04:05,996 [WARNING] core.model_loader: Input length 64167 > max 16000, truncating...
2026-07-04 18:04:13,602 [INFO] core.evaluator_v2: [ours] pred="Clifford's profession is a **detective**."
2026-07-04 18:04:19,598 [INFO] core.evaluator_v2: [ours] pred="Mr. and Mrs. Vervelle live at Ville d'Avray."
2026-07-04 18:04:23,340 [INFO] core.evaluator_v2: [ours] pred='The Witch threw the coffin into a ditch.'
2026-07-04 18:04:23,892 [WARNING] core.model_loader: Input length 31340 > max 16000, truncating...
2026-07-04 18:04:36,631 [INFO] core.evaluator_v2: [ours] pred='Based on the text, Frank Saltram is a **writer and intellectual adventurer**, described as a "great intellectual adventu'
2026-07-04 18:04:36,633 [INFO] core.evaluator_v2:   [10/50] avg=9.77
2026-07-04 18:04:43,999 [INFO] core.evaluator_v2: [ours] pred='Mortimer Tregennis was once estranged from his siblings due to a family quarrel about money.'
2026-07-04 18:04:44,756 [WARNING] core.model_loader: Input length 16515 > max 16000, truncating...
2026-07-04 18:04:57,418 [INFO] core.evaluator_v2: [ours] pred='The unique aspect of the phonetic spelling in the "future" article that discussed Beerbohm\'s story is that it is **"labu'
2026-07-04 18:04:58,028 [WARNING] core.model_loader: Input length 31069 > max 16000, truncating...
2026-07-04 18:05:05,295 [INFO] core.evaluator_v2: [ours] pred='Death is disguised as a chess game.'
2026-07-04 18:05:06,046 [WARNING] core.model_loader: Input length 31342 > max 16000, truncating...
2026-07-04 18:05:13,468 [INFO] core.evaluator_v2: [ours] pred="Lady Coxon is Ruth Anvoy's mother."
2026-07-04 18:05:14,056 [WARNING] core.model_loader: Input length 36325 > max 16000, truncating...
2026-07-04 18:05:21,430 [INFO] core.evaluator_v2: [ours] pred='Rogers learned his battle knowledge during the First World War.'
2026-07-04 18:05:21,432 [INFO] core.evaluator_v2:   [15/50] avg=13.25
2026-07-04 18:05:22,152 [WARNING] core.model_loader: Input length 36331 > max 16000, truncating...
2026-07-04 18:05:29,872 [INFO] core.evaluator_v2: [ours] pred='Anthony Rogers was working for the **Yellow Intelligence Division** in 1927.'
2026-07-04 18:05:30,621 [WARNING] core.model_loader: Input length 19086 > max 16000, truncating...
2026-07-04 18:05:38,557 [INFO] core.evaluator_v2: [ours] pred='The boarder who realizes that none of the boarders like each other is the young lady from New York.'
2026-07-04 18:05:49,381 [INFO] core.evaluator_v2: [ours] pred='Holmes and Dr. Watson are in Cornwall because they are investigating the murder of Mortimer Tregennis, a local landowner'
2026-07-04 18:05:50,086 [WARNING] core.model_loader: Input length 32917 > max 16000, truncating...
2026-07-04 18:06:04,719 [INFO] core.evaluator_v2: [ours] pred='The hidden message Reiko (Asakawa) finds within the video is that **she is the one who broke the curse by copying the vi'
2026-07-04 18:06:05,548 [WARNING] core.model_loader: Input length 37018 > max 16000, truncating...
2026-07-04 18:06:27,917 [INFO] core.evaluator_v2: [ours] pred='The story "Otto of the Silver Hand" by Howard Pyle explores several important themes, including:\n\n1. **Redemption and Fo'
2026-07-04 18:06:27,921 [INFO] core.evaluator_v2:   [20/50] avg=10.26
2026-07-04 18:06:28,519 [WARNING] core.model_loader: Input length 32915 > max 16000, truncating...
2026-07-04 18:06:38,144 [INFO] core.evaluator_v2: [ours] pred='The teenagers were discussing a cursed videotape that involves a supernatural entity, likely related to a ritual or curs'
2026-07-04 18:06:38,932 [WARNING] core.model_loader: Input length 60372 > max 16000, truncating...
2026-07-04 18:06:46,216 [INFO] core.evaluator_v2: [ours] pred='Bill worked as a fisherman.'
2026-07-04 18:06:53,801 [INFO] core.evaluator_v2: [ours] pred="Based on the text, two people fainted after seeing Brenda's dead body: Dr. Sterndale and Watson."
2026-07-04 18:06:54,603 [WARNING] core.model_loader: Input length 37018 > max 16000, truncating...
2026-07-04 18:07:03,647 [INFO] core.evaluator_v2: [ours] pred='Otto is known for his pure, simple wisdom and his silver-hand, a symbol of his innocence and the teachings of the monks '
2026-07-04 18:07:04,251 [WARNING] core.model_loader: Input length 19082 > max 16000, truncating...
2026-07-04 18:07:15,466 [INFO] core.evaluator_v2: [ours] pred='Leon focuses on observing and analyzing the French character and behavior through his experiences in Paris, particularly'
2026-07-04 18:07:15,468 [INFO] core.evaluator_v2:   [25/50] avg=11.35
2026-07-04 18:07:22,673 [INFO] core.evaluator_v2: [ours] pred='The owner of the manor in the story is **Monsieur de Merret**, who is the husband of **Madame de Merret**. The story rev'
2026-07-04 18:07:23,230 [WARNING] core.model_loader: Input length 32913 > max 16000, truncating...
2026-07-04 18:07:30,695 [INFO] core.evaluator_v2: [ours] pred="Reiko's job is a **doctor**."
2026-07-04 18:07:39,670 [INFO] core.evaluator_v2: [ours] pred='Holmes observes that the fireplace has a "calm assurance of power" and that it is "more suggestive of danger than his ho'
2026-07-04 18:07:48,184 [INFO] core.evaluator_v2: [ours] pred='Socrates compares citizens and the law to a parent and child, or to a teacher and student. He argues that citizens (chil'
2026-07-04 18:07:59,336 [INFO] core.evaluator_v2: [ours] pred='La Grande Breteche is a short story by Honore de Balzac, part of his novel series "The Human Comedy." It is a narrative '
2026-07-04 18:07:59,337 [INFO] core.evaluator_v2:   [30/50] avg=11.80
2026-07-04 18:07:59,800 [WARNING] core.model_loader: Input length 32921 > max 16000, truncating...
2026-07-04 18:08:09,739 [INFO] core.evaluator_v2: [ours] pred='Reiko discovers that **copying the tape and showing it to someone else** saves viewers of the tape from their imminent d'
2026-07-04 18:08:14,939 [INFO] core.evaluator_v2: [ours] pred='Virginie.'
2026-07-04 18:08:31,488 [INFO] core.evaluator_v2: [ours] pred='Based on the text provided, there is no mention of a character named Lazarus or a murder trial. The story focuses on Doc'
2026-07-04 18:08:32,236 [WARNING] core.model_loader: Input length 32912 > max 16000, truncating...
2026-07-04 18:08:44,582 [INFO] core.evaluator_v2: [ours] pred='Tomoko (Sadako) is resurrected and emerges from the television, having been killed by her father, Ikuma. She is a supern'
2026-07-04 18:08:47,979 [INFO] core.evaluator_v2: [ours] pred=''
2026-07-04 18:08:47,980 [INFO] core.evaluator_v2:   [35/50] avg=13.93
2026-07-04 18:08:48,498 [WARNING] core.model_loader: Input length 46740 > max 16000, truncating...
2026-07-04 18:09:02,491 [INFO] core.evaluator_v2: [ours] pred='Oscar is the baby that Dana is holding, who is the son of Janosz and Vigo.  He is the central figure in the story, and t'
2026-07-04 18:09:03,080 [WARNING] core.model_loader: Input length 37020 > max 16000, truncating...
2026-07-04 18:09:15,417 [INFO] core.evaluator_v2: [ours] pred="After Otto returns to his father's castle, he is greeted by his father, Baron Conrad of Drachenhausen, who is already wo"
2026-07-04 18:09:16,056 [WARNING] core.model_loader: Input length 16508 > max 16000, truncating...
2026-07-04 18:09:29,914 [INFO] core.evaluator_v2: [ours] pred="T.K. Nupton believed that Enoch Soames was a **figment of the author's imagination**. He thought Soames was a fictional "
2026-07-04 18:09:30,869 [WARNING] core.model_loader: Input length 60369 > max 16000, truncating...
2026-07-04 18:09:38,097 [INFO] core.evaluator_v2: [ours] pred='The wealthy farmer is Bill.'
2026-07-04 18:09:44,100 [INFO] core.evaluator_v2: [ours] pred='The art-dealer, Elie Magus, describes Grassou\'s skill level as "a famous picture-dealer."'
2026-07-04 18:09:44,109 [INFO] core.evaluator_v2:   [40/50] avg=12.70
2026-07-04 18:09:52,753 [INFO] core.evaluator_v2: [ours] pred='The Witch was able to perceive the various states of mind and emotions of mankind, as well as the moral and ethical code'
2026-07-04 18:09:53,323 [WARNING] core.model_loader: Input length 31386 > max 16000, truncating...
2026-07-04 18:10:01,195 [INFO] core.evaluator_v2: [ours] pred="The text does not provide specific information about how Mary's mother filled her free time when Mary was younger."
2026-07-04 18:10:08,310 [INFO] core.evaluator_v2: [ours] pred="Crito's purpose in visiting Socrates was to persuade him to escape from prison and avoid the death penalty. He argued th"
2026-07-04 18:10:08,779 [WARNING] core.model_loader: Input length 32918 > max 16000, truncating...
2026-07-04 18:10:22,562 [INFO] core.evaluator_v2: [ours] pred="The teens' faces when they died were described as **oddly placid** and **fearful**, with a **pale, thin arm** emerging f"
2026-07-04 18:10:23,315 [WARNING] core.model_loader: Input length 60367 > max 16000, truncating...
2026-07-04 18:10:31,682 [INFO] core.evaluator_v2: [ours] pred='Bill dies in the river. He is shot by police officers who have surrounded him. He tries to escape but is ultimately kill'
2026-07-04 18:10:31,684 [INFO] core.evaluator_v2:   [45/50] avg=12.55
2026-07-04 18:10:32,400 [WARNING] core.model_loader: Input length 31344 > max 16000, truncating...
2026-07-04 18:10:42,550 [INFO] core.evaluator_v2: [ours] pred='Gravener wants Ruth to destroy the letter.  He is trying to prevent her from reading it, as it contains information that'
2026-07-04 18:10:43,236 [WARNING] core.model_loader: Input length 64168 > max 16000, truncating...
2026-07-04 18:10:50,556 [INFO] core.evaluator_v2: [ours] pred="Alabama's son is not mentioned in the text."
2026-07-04 18:10:51,207 [WARNING] core.model_loader: Input length 31338 > max 16000, truncating...
2026-07-04 18:10:58,567 [INFO] core.evaluator_v2: [ours] pred='Ruth Anvoy is of British nationality.'
2026-07-04 18:10:59,443 [WARNING] core.model_loader: Input length 60368 > max 16000, truncating...
2026-07-04 18:11:06,714 [INFO] core.evaluator_v2: [ours] pred='Abby leaves Chicago with Bill.'
2026-07-04 18:11:17,462 [INFO] core.evaluator_v2: [ours] pred="The housekeeper's feet got wet during Holmes' visit because she was standing on a wet floor, which was the result of the"
2026-07-04 18:11:17,464 [INFO] core.evaluator_v2:   [50/50] avg=12.24
2026-07-04 18:11:17,466 [INFO] __main__:   → score=12.24, mem_red=80.0%, ttft=2611.1ms
2026-07-04 18:11:17,467 [INFO] __main__: 
  Task: qasper
2026-07-04 18:11:17,469 [INFO] core.evaluator_v2: [ours] qasper (50샘플, budget=20%)
2026-07-04 18:11:42,661 [INFO] core.evaluator_v2: [ours] pred='The proposed strategies (KG-A2C-chained and KG-A2C-Explore) both successfully pass the bottleneck (enter the cellar and '
2026-07-04 18:11:45,159 [INFO] core.evaluator_v2: [ours] pred='The encoder has a character-based encoder-decoder architecture, with a wide context window and a multi-task learning app'
2026-07-04 18:11:47,177 [INFO] core.evaluator_v2: [ours] pred='The text does not mention the size of the Augmented LibriSpeech dataset.'
2026-07-04 18:12:06,196 [INFO] core.evaluator_v2: [ours] pred='NeuronBlocks includes the following neural network modules: Word/Character Embedding, CNN/LSTM, and Attention based mode'
2026-07-04 18:12:08,969 [INFO] core.evaluator_v2: [ours] pred='The LSTM models compared in the text are the 6-layers and 9-layers sMBR models.'
2026-07-04 18:12:08,971 [INFO] core.evaluator_v2:   [5/50] avg=10.75
2026-07-04 18:12:12,183 [INFO] core.evaluator_v2: [ours] pred='The datasets used for evaluation are the CNN/DailyMail, NYT, and XSum datasets.'
2026-07-04 18:12:19,671 [INFO] core.evaluator_v2: [ours] pred='The RNN layer (RoBERT) works better than the Transformer layer (ToBERT) in this study. ToBERT outperformed RoBERT in all'
2026-07-04 18:12:27,261 [INFO] core.evaluator_v2: [ours] pred='The ancient Chinese dataset is derived from an external ancient corpus, which contains 134 million tokens. This corpus i'
2026-07-04 18:12:31,624 [INFO] core.evaluator_v2: [ours] pred='Pointer-Gen, Pointer-Gen+RL-ROUGE, Pointer-Gen+RL-SEN, and Pointer-Gen+ARL-SEN are used as baselines for evaluation.'
2026-07-04 18:12:34,222 [INFO] core.evaluator_v2: [ours] pred='The Twitter dataset consists of 1,873 posts and comments.'
2026-07-04 18:12:34,224 [INFO] core.evaluator_v2:   [10/50] avg=15.83
2026-07-04 18:12:59,969 [INFO] core.evaluator_v2: [ours] pred='The performance of the models for the different data representations is illustrated in Table TABREF9. The upper part of '
2026-07-04 18:13:06,955 [INFO] core.evaluator_v2: [ours] pred='The metrics used to establish that this makes chatbots more knowledgeable and better at learning and conversation are **'
2026-07-04 18:13:10,311 [INFO] core.evaluator_v2: [ours] pred='The combination of rewards for reinforcement learning is a balance between irony accuracy, sentiment preservation, and c'
2026-07-04 18:13:14,256 [INFO] core.evaluator_v2: [ours] pred='The attention module is pretrained on the ASR (Automatic Speech Recognition) and MT (Machine Translation) tasks.'
2026-07-04 18:13:19,879 [INFO] core.evaluator_v2: [ours] pred='The size of the dataset is not explicitly stated in the text, but it is mentioned that the "OurNepali" dataset is "almos'
2026-07-04 18:13:19,881 [INFO] core.evaluator_v2:   [15/50] avg=19.18
2026-07-04 18:13:22,395 [INFO] core.evaluator_v2: [ours] pred='The WSJ corpus.'
2026-07-04 18:13:27,010 [INFO] core.evaluator_v2: [ours] pred='The model is compared to previous methods such as the CNN sentence classifier of Kim (2014) and the BERT-Base model.'
2026-07-04 18:13:48,400 [INFO] core.evaluator_v2: [ours] pred='The languages that are described as being similar to each other are the following: the languages that are described as b'
2026-07-04 18:13:50,665 [INFO] core.evaluator_v2: [ours] pred='The 7 Indian languages they experiment with are: Hindi, Tamil, Telugu, Malayalam, Kannada, and Bengali.'
2026-07-04 18:13:54,738 [INFO] core.evaluator_v2: [ours] pred='They test their method on tasks such as predicting hashtags for a held-out test set of posts, and evaluating the perform'
2026-07-04 18:13:54,739 [INFO] core.evaluator_v2:   [20/50] avg=19.28
2026-07-04 18:13:58,595 [INFO] core.evaluator_v2: [ours] pred='The tagging scheme employed is a novel tagging scheme that incorporates the constraint that each text in our corpora con'
2026-07-04 18:14:01,682 [INFO] core.evaluator_v2: [ours] pred='The text discusses the use of KL divergence and maximum entropy in the context of text classification and feature select'
2026-07-04 18:14:05,814 [INFO] core.evaluator_v2: [ours] pred='The NCEL approach is effective in the context of the problem, as it outperforms the state-of-the-art collective methods '
2026-07-04 18:14:10,904 [INFO] core.evaluator_v2: [ours] pred='The methods considered to find examples of biases and unwarranted inferences are: 1) manually categorizing each of the b'
2026-07-04 18:14:12,448 [INFO] core.evaluator_v2: [ours] pred='The corpus is 53 documents.'
2026-07-04 18:14:12,450 [INFO] core.evaluator_v2:   [25/50] avg=18.59
2026-07-04 18:14:16,395 [INFO] core.evaluator_v2: [ours] pred='An individual model consists of a Bayesian model for semantic role induction (SRI) that uses cross-lingual latent variab'
2026-07-04 18:14:22,679 [INFO] core.evaluator_v2: [ours] pred='The text discusses the use of gaze features and linguistic features for sarcasm detection. It mentions that the gaze fea'
2026-07-04 18:14:26,922 [INFO] core.evaluator_v2: [ours] pred='0.2862'
2026-07-04 18:14:29,618 [INFO] core.evaluator_v2: [ours] pred='The data presented to the subjects to elicit event-related responses was the EEG (electroencephalogram) data.'
2026-07-04 18:14:39,848 [INFO] core.evaluator_v2: [ours] pred='The dataset is annotated to determine whether a tweet contains no evidence of depression (n=6,829 tweets) or evidence of'
2026-07-04 18:14:39,851 [INFO] core.evaluator_v2:   [30/50] avg=17.18
2026-07-04 18:14:46,617 [INFO] core.evaluator_v2: [ours] pred='To match words before reordering them, the English sentences are processed through a bilingual dictionary (Google Transl'
2026-07-04 18:14:49,848 [INFO] core.evaluator_v2: [ours] pred='No, they do not. The text is written in English, but the results are reported on English data.'
2026-07-04 18:14:51,645 [INFO] core.evaluator_v2: [ours] pred='The pretrained word embeddings used are: GloVe and Edinburgh embeddings.'
2026-07-04 18:14:56,710 [INFO] core.evaluator_v2: [ours] pred='Yes, they use pretrained embeddings. Specifically, they mention that the model was trained on a large scale WikiBio data'
2026-07-04 18:15:01,109 [INFO] core.evaluator_v2: [ours] pred='The ensemble method works by gradually adding the best performing models that have not been previously tried, and keepin'
2026-07-04 18:15:01,112 [INFO] core.evaluator_v2:   [35/50] avg=16.51
2026-07-04 18:15:02,505 [INFO] core.evaluator_v2: [ours] pred='Yes, they use attention.'
2026-07-04 18:15:29,289 [INFO] core.evaluator_v2: [ours] pred='The language model architectures used are: 160K bitext setup, 2016, 2016, 2016, 2016, 2016, 2016, 2016, 2016, 2016, 2016'
2026-07-04 18:15:32,606 [INFO] core.evaluator_v2: [ours] pred='Yes, the text reports results on English data.'
2026-07-04 18:15:36,208 [INFO] core.evaluator_v2: [ours] pred='The clinical datasets used in the paper are:\n1. NUBes-PHI: A novel Spanish clinical reports dataset.\n2. MEDDOCAN 2019 sh'
2026-07-04 18:15:45,850 [INFO] core.evaluator_v2: [ours] pred='Based on the text, the datasets for sentiment analysis are not balanced. The text provides a three-class (positive, neut'
2026-07-04 18:15:45,853 [INFO] core.evaluator_v2:   [40/50] avg=16.64
2026-07-04 18:15:50,241 [INFO] core.evaluator_v2: [ours] pred='Yes, it is possible to convert a cloze-style question to a naturally-looking question. The text discusses the process of'
2026-07-04 18:15:53,831 [INFO] core.evaluator_v2: [ours] pred='The tasks used for evaluation are neural attention and sparsemax.'
2026-07-04 18:16:18,485 [INFO] core.evaluator_v2: [ours] pred='Additional features and context proposed in the text include:\n\n1. **Context Tweets**: The use of context tweets (which c'
2026-07-04 18:16:21,034 [INFO] core.evaluator_v2: [ours] pred='The text mentions an annotated dataset of over 20,000 blog users.'
2026-07-04 18:16:25,983 [INFO] core.evaluator_v2: [ours] pred='The text does not explicitly mention any specific Chinese datasets used in the research. However, it references the PTB '
2026-07-04 18:16:25,985 [INFO] core.evaluator_v2:   [45/50] avg=15.77
2026-07-04 18:16:40,206 [INFO] core.evaluator_v2: [ours] pred='The text discusses the use of **machine learning and deep learning methods** for **Question Entailment Recognition (RQE)'
2026-07-04 18:16:42,777 [INFO] core.evaluator_v2: [ours] pred='The paper studies English.'
2026-07-04 18:16:45,847 [INFO] core.evaluator_v2: [ours] pred='This approach compares to other WSD approaches by using a Gaussian mixture model with KL divergence as the energy functi'
2026-07-04 18:16:46,234 [WARNING] core.model_loader: Input length 20076 > max 16000, truncating...
2026-07-04 18:16:54,412 [INFO] core.evaluator_v2: [ours] pred='The ML methods aim to identify argument components in text, such as claims, premises, backing, rebuttals, and refutation'
2026-07-04 18:16:59,300 [INFO] core.evaluator_v2: [ours] pred='The resulting annotated data from expert annotations is significantly higher quality compared to crowd annotations. Expe'
2026-07-04 18:16:59,309 [INFO] core.evaluator_v2:   [50/50] avg=16.39
2026-07-04 18:16:59,311 [INFO] __main__:   → score=16.39, mem_red=80.0%, ttft=856.6ms
2026-07-04 18:16:59,312 [INFO] __main__: 
  Task: multifieldqa_en
2026-07-04 18:16:59,313 [INFO] core.evaluator_v2: [ours] multifieldqa_en (50샘플, budget=20%)
2026-07-04 18:17:07,437 [INFO] core.evaluator_v2: [ours] pred='Ngotho is fired and the family is forced to move to another section of the country. Over the course of the book, his pos'
2026-07-04 18:17:16,785 [INFO] core.evaluator_v2: [ours] pred='Yes, the denoiser can be applied to circuits with non-Clifford noise. The text discusses the use of a denoiser to mitiga'
2026-07-04 18:17:23,279 [INFO] core.evaluator_v2: [ours] pred='The generative interactive model used in the method is called the **Interactive Transition Matrix** (ITM).'
2026-07-04 18:17:31,782 [INFO] core.evaluator_v2: [ours] pred='The purpose of an ICD (Implantable Cardioverter Defibrillator) is to monitor and treat life-threatening heart rhythms, s'
2026-07-04 18:17:35,210 [INFO] core.evaluator_v2: [ours] pred='The algorithm engaged in the PLMS-PPIC method is the NLMS (Normalized Least Mean Squares) algorithm.'
2026-07-04 18:17:35,212 [INFO] core.evaluator_v2:   [5/50] avg=33.47
2026-07-04 18:17:38,190 [INFO] core.evaluator_v2: [ours] pred='In 2009, Brooksley Born was awarded the John F. Kennedy Profiles in Courage Award for her "political courage" in soundin'
2026-07-04 18:17:44,647 [INFO] core.evaluator_v2: [ours] pred='A media application determines the context of an event by analyzing the media asset (e.g., a video or audio file) and id'
2026-07-04 18:17:52,051 [INFO] core.evaluator_v2: [ours] pred='The sticking point in the political showdown over the budget is whether the District of Columbia can spend its own local'
2026-07-04 18:17:54,187 [INFO] core.evaluator_v2: [ours] pred='The county seat of McPherson County is **McPherson**.'
2026-07-04 18:17:57,771 [INFO] core.evaluator_v2: [ours] pred='The new Iraqi Body Count organization provides cover for the war and allows supporters of the illegal war to point to it'
2026-07-04 18:17:57,773 [INFO] core.evaluator_v2:   [10/50] avg=34.12
2026-07-04 18:18:04,290 [INFO] core.evaluator_v2: [ours] pred="Accounting for path preference in the robot's belief update process leads to a more stable and accurate belief distribut"
2026-07-04 18:18:09,614 [INFO] core.evaluator_v2: [ours] pred='It is important for the sides of the fuselage to be sloped (tumbled home) to ensure proper aerodynamic performance and s'
2026-07-04 18:18:19,645 [INFO] core.evaluator_v2: [ours] pred='The court in *In re Ferguson* concluded that the transformation prong of the Bilski test is not a standalone requirement'
2026-07-04 18:18:38,040 [INFO] core.evaluator_v2: [ours] pred='The text does not provide a specific number of years that KSTP-FM 102.1 has been on the air.  The text only mentions tha'
2026-07-04 18:18:44,505 [INFO] core.evaluator_v2: [ours] pred='Thalassemias are classified based on the polypeptide chains of hemoglobin that are impaired in synthesis. The two major '
2026-07-04 18:18:44,507 [INFO] core.evaluator_v2:   [15/50] avg=26.66
2026-07-04 18:18:51,536 [INFO] core.evaluator_v2: [ours] pred='The transition probability of the environment affects the learning rate in the static agent by influencing the output of'
2026-07-04 18:18:56,122 [INFO] core.evaluator_v2: [ours] pred='The experimental techniques used to study the quantum dot structures in this research were low-temperature STM/STS measu'
2026-07-04 18:18:57,952 [INFO] core.evaluator_v2: [ours] pred='The text does not provide specific information about where Margaret Way was born or where she died.'
2026-07-04 18:19:03,538 [INFO] core.evaluator_v2: [ours] pred='The two ground states observed for indeno[1,2-a]fluorene on NaCl surfaces are the open-shell (5OS) and closed-shell (5pa'
2026-07-04 18:19:15,568 [INFO] core.evaluator_v2: [ours] pred='The scoring engine generates a stream of content for the channel by:  \n1. Receiving a request for a stream of content ba'
2026-07-04 18:19:15,572 [INFO] core.evaluator_v2:   [20/50] avg=25.21
2026-07-04 18:19:39,714 [INFO] core.evaluator_v2: [ours] pred='The stability conditions for a solution of $-\\Delta u = f(u)$ are that the solution must be stable, meaning that the sol'
2026-07-04 18:19:41,755 [INFO] core.evaluator_v2: [ours] pred='McPherson County is located in Kansas.'
2026-07-04 18:19:47,154 [INFO] core.evaluator_v2: [ours] pred='The main focus of the research paper is to study the strong coupling limit of lattice QCD, with an emphasis on the sign '
2026-07-04 18:19:47,606 [WARNING] core.model_loader: Input length 16496 > max 16000, truncating...
2026-07-04 18:19:55,418 [INFO] core.evaluator_v2: [ours] pred='The security parameter for the AES-256 block cipher is 172 bits.'
2026-07-04 18:19:57,356 [INFO] core.evaluator_v2: [ours] pred='The most active fan club is the South West Ultras fan club.'
2026-07-04 18:19:57,358 [INFO] core.evaluator_v2:   [25/50] avg=27.46
2026-07-04 18:19:58,678 [INFO] core.evaluator_v2: [ours] pred='1980'
2026-07-04 18:20:03,214 [INFO] core.evaluator_v2: [ours] pred='The interlayer Berry connection polarizability is significant for the geometric origin of the crossed nonlinear dynamica'
2026-07-04 18:20:12,273 [INFO] core.evaluator_v2: [ours] pred='Wearable and ambient sensors, such as accelerometers, gyroscopes, and heart rate monitors, are now capable of estimating'
2026-07-04 18:20:17,883 [INFO] core.evaluator_v2: [ours] pred='Chew, S. Y. and Hufnagel, T. C. and Lim, C. T. and Leong, K. W., Mechanical properties of single electrospun drug-encaps'
2026-07-04 18:20:26,962 [INFO] core.evaluator_v2: [ours] pred='Symptoms of vitamin K deficiency include bleeding tendencies, such as prolonged bleeding time, and an increased risk of '
2026-07-04 18:20:26,963 [INFO] core.evaluator_v2:   [30/50] avg=25.83
2026-07-04 18:20:47,075 [INFO] core.evaluator_v2: [ours] pred="The restrictions on the use of Broadjam's servers include:\n\n1. **Prohibition of Illegal Activities**: Hosting Subscriber"
2026-07-04 18:20:49,587 [INFO] core.evaluator_v2: [ours] pred='The 2017 general election was held on 13 June 2017.'
2026-07-04 18:20:52,955 [INFO] core.evaluator_v2: [ours] pred='The text mentions "how many massive star-forming regions were studied" and provides the answer as 18089-1732. Therefore,'
2026-07-04 18:20:55,650 [INFO] core.evaluator_v2: [ours] pred='Simon English became the leader of the National Party on 24 October 2017.'
2026-07-04 18:21:01,635 [INFO] core.evaluator_v2: [ours] pred="Governor Rick Scott cited privacy concerns, expressed skepticism about the monitoring program's effectiveness, and raise"
2026-07-04 18:21:01,638 [INFO] core.evaluator_v2:   [35/50] avg=23.60
2026-07-04 18:21:05,529 [INFO] core.evaluator_v2: [ours] pred='The SI unit of power is the **watt** (W).'
2026-07-04 18:21:12,137 [INFO] core.evaluator_v2: [ours] pred='Craig wants to find his own place because he is experiencing meltdowns and needs a change of environment to manage his b'
2026-07-04 18:21:16,823 [INFO] core.evaluator_v2: [ours] pred='The decision to base the water rates on usage reflected a focus on fairness and accountability, ensuring that users who '
2026-07-04 18:21:18,864 [INFO] core.evaluator_v2: [ours] pred='The text states that McPherson County was established as a county in 1867.'
2026-07-04 18:21:29,763 [INFO] core.evaluator_v2: [ours] pred='The proximity of superconductivity to quantum dots (QDs) significantly affects the Kondo effect by introducing a second '
2026-07-04 18:21:29,770 [INFO] core.evaluator_v2:   [40/50] avg=23.62
2026-07-04 18:21:34,825 [INFO] core.evaluator_v2: [ours] pred='The program chair of the conference is Jim Warren.'
2026-07-04 18:21:43,141 [INFO] core.evaluator_v2: [ours] pred='At dawn or dusk, the high resolution of what we focus on diminishes due to the dimming of light, which reduces the clari'
2026-07-04 18:21:47,173 [INFO] core.evaluator_v2: [ours] pred='The Director is responsible for carrying out the functions assigned under the act.'
2026-07-04 18:21:56,166 [INFO] core.evaluator_v2: [ours] pred='Ferromagnetic semiconductors have potential applications in spintronics, magnetic memory devices, and quantum computing '
2026-07-04 18:22:04,879 [INFO] core.evaluator_v2: [ours] pred='The recommended daily intake of vitamin K for adult women is 12 micrograms (mcg) and for men is 15 micrograms (mcg).'
2026-07-04 18:22:04,883 [INFO] core.evaluator_v2:   [45/50] avg=23.92
2026-07-04 18:22:08,874 [INFO] core.evaluator_v2: [ours] pred='Yes, DUO contains more instances per image than COCO.'
2026-07-04 18:22:11,585 [INFO] core.evaluator_v2: [ours] pred='The population of McPherson County according to the 2020 census was 41,138.'
2026-07-04 18:22:13,519 [INFO] core.evaluator_v2: [ours] pred='The paper was published in 2023.'
2026-07-04 18:22:14,872 [INFO] core.evaluator_v2: [ours] pred='Conway'
2026-07-04 18:22:26,617 [INFO] core.evaluator_v2: [ours] pred='The reliance of artificial organisms on plasticity is controlled by several factors, including:\n\n1. **Environmental Vari'
2026-07-04 18:22:26,619 [INFO] core.evaluator_v2:   [50/50] avg=24.48
2026-07-04 18:22:26,620 [INFO] __main__:   → score=24.48, mem_red=80.0%, ttft=1276.9ms
2026-07-04 18:22:26,621 [INFO] __main__: 
  Task: hotpotqa
2026-07-04 18:22:26,622 [INFO] core.evaluator_v2: [ours] hotpotqa (50샘플, budget=20%)
2026-07-04 18:22:27,123 [WARNING] core.model_loader: Input length 17130 > max 16000, truncating...
2026-07-04 18:22:34,150 [INFO] core.evaluator_v2: [ours] pred='Brian Stokes Mitchell'
2026-07-04 18:22:34,881 [WARNING] core.model_loader: Input length 16583 > max 16000, truncating...
2026-07-04 18:22:42,876 [INFO] core.evaluator_v2: [ours] pred='The large subunit and small subunit that use two types of RNA are major components that make up ribosomes.'
2026-07-04 18:22:49,120 [INFO] core.evaluator_v2: [ours] pred='Sarah Price and Rob Schneider are both film directors.'
2026-07-04 18:22:54,532 [INFO] core.evaluator_v2: [ours] pred='YIVO.'
2026-07-04 18:22:55,150 [WARNING] core.model_loader: Input length 16934 > max 16000, truncating...
2026-07-04 18:23:02,884 [INFO] core.evaluator_v2: [ours] pred='Alfred A. Marcus worked as a consultant for Xcel Energy.'
2026-07-04 18:23:02,887 [INFO] core.evaluator_v2:   [5/50] avg=49.38
2026-07-04 18:23:04,843 [INFO] core.evaluator_v2: [ours] pred='Pleiospilos is a flowering plant. Pueraria is not.'
2026-07-04 18:23:08,815 [INFO] core.evaluator_v2: [ours] pred='Steel Venom is farther north than Wicked Twister.'
2026-07-04 18:23:09,330 [WARNING] core.model_loader: Input length 16637 > max 16000, truncating...
2026-07-04 18:23:17,303 [INFO] core.evaluator_v2: [ours] pred='During the Abbasid Caliphate, Baghdad was known as the "City of the Caliph."'
2026-07-04 18:23:28,741 [INFO] core.evaluator_v2: [ours] pred="Cortina d'Ampezzo, located in the northern part of Italy, is a town in the Veneto region, specifically in the province o"
2026-07-04 18:23:36,121 [INFO] core.evaluator_v2: [ours] pred='Mike Leach currently coaches at Mississippi State.'
2026-07-04 18:23:36,122 [INFO] core.evaluator_v2:   [10/50] avg=37.72
2026-07-04 18:23:44,180 [INFO] core.evaluator_v2: [ours] pred='The Friday night programming block that included the collective series "Whatever Happened to... Robot Jones?" was **Cart'
2026-07-04 18:23:47,744 [INFO] core.evaluator_v2: [ours] pred='The lowest vocal range in Cosmos is that of the bass voice.'
2026-07-04 18:23:48,142 [WARNING] core.model_loader: Input length 16792 > max 16000, truncating...
2026-07-04 18:23:56,872 [INFO] core.evaluator_v2: [ours] pred='Fredric Rieders testified against Michael Swango, who had killed as many as 60 patients and received three consecutive l'
2026-07-04 18:24:05,153 [INFO] core.evaluator_v2: [ours] pred='Robbie Tucker plays in the series "It\'s Always Sunny in Philadelphia," which follows a group of friends who run an Irish'
2026-07-04 18:24:05,897 [WARNING] core.model_loader: Input length 16875 > max 16000, truncating...
2026-07-04 18:24:14,736 [INFO] core.evaluator_v2: [ours] pred='The National Firearms Agreement was in response to the Port Arthur massacre that killed **2,600 to 2,700 civilians and 2'
2026-07-04 18:24:14,739 [INFO] core.evaluator_v2:   [15/50] avg=29.28
2026-07-04 18:24:18,646 [INFO] core.evaluator_v2: [ours] pred='The first name of the author who wrote the play in which Rønnaug Alten made her stage debut at Den Nationale Scene in 19'
2026-07-04 18:24:25,828 [INFO] core.evaluator_v2: [ours] pred='The River Thames.'
2026-07-04 18:24:33,763 [INFO] core.evaluator_v2: [ours] pred='The answer is Gwen Verdon. She was the last muse for the choreographer Bob Fosse and starred in the Nutcracker.'
2026-07-04 18:24:34,501 [WARNING] core.model_loader: Input length 16802 > max 16000, truncating...
2026-07-04 18:24:42,923 [INFO] core.evaluator_v2: [ours] pred='The host of the American survival skills reality show "The Island" is Bear Grylls, who is originally from the United Kin'
2026-07-04 18:24:45,468 [INFO] core.evaluator_v2: [ours] pred='Agapetus.'
2026-07-04 18:24:45,472 [INFO] core.evaluator_v2:   [20/50] avg=25.68
2026-07-04 18:24:48,622 [INFO] core.evaluator_v2: [ours] pred='Cryptocoryne is a shrub.'
2026-07-04 18:24:59,820 [INFO] core.evaluator_v2: [ours] pred='The actor who plays Sean Tully, Antony Cotton, did not defeat anyone in a dancing contest. The text does not mention any'
2026-07-04 18:25:00,421 [WARNING] core.model_loader: Input length 17206 > max 16000, truncating...
2026-07-04 18:25:08,343 [INFO] core.evaluator_v2: [ours] pred='Mark Donohue, who was born in 1937, performed in the 1971 Canadian Grand Prix.'
2026-07-04 18:25:21,259 [INFO] core.evaluator_v2: [ours] pred='Yameen and Activision have in common the form of play known as "video game development and publishing." Yameen, a video '
2026-07-04 18:25:25,449 [INFO] core.evaluator_v2: [ours] pred='The Atherton Bridge spans the River 470 metres (1,540 ft) long.'
2026-07-04 18:25:25,452 [INFO] core.evaluator_v2:   [25/50] avg=21.65
2026-07-04 18:25:31,247 [INFO] core.evaluator_v2: [ours] pred='The streaming service is Netflix.'
2026-07-04 18:25:37,985 [INFO] core.evaluator_v2: [ours] pred='The high school in Overland Park, Kansas, followed in the documentary "High School Confidential" is Blue Valley West Hig'
2026-07-04 18:25:46,022 [INFO] core.evaluator_v2: [ours] pred='The 53rd National Hockey League All-Star Game took place at the indoor arena that was completed in **1998**.'
2026-07-04 18:25:53,936 [INFO] core.evaluator_v2: [ours] pred='The Toronto International Film Festival (TIFF) premiered the film "Salmon Fishing in the Yemen" in 2011. The film was pr'
2026-07-04 18:25:54,598 [WARNING] core.model_loader: Input length 16382 > max 16000, truncating...
2026-07-04 18:26:02,837 [INFO] core.evaluator_v2: [ours] pred='The arena where the Lewiston Maineiacs played their home games can seat **20,000 people**.'
2026-07-04 18:26:02,839 [INFO] core.evaluator_v2:   [30/50] avg=20.10
2026-07-04 18:26:06,921 [INFO] core.evaluator_v2: [ours] pred="The winner of the 1953 London Riders' Championship scored 14 points in the 1952 Individual Speedway World Championship."
2026-07-04 18:26:14,268 [INFO] core.evaluator_v2: [ours] pred="Erik Watts' father was born on 22 September 1863."
2026-07-04 18:26:14,841 [WARNING] core.model_loader: Input length 16268 > max 16000, truncating...
2026-07-04 18:26:22,935 [INFO] core.evaluator_v2: [ours] pred='Migene González-Wippler is a leading expert on the Afro-Caribbean religion of Santería.'
2026-07-04 18:26:23,618 [WARNING] core.model_loader: Input length 16733 > max 16000, truncating...
2026-07-04 18:26:31,858 [INFO] core.evaluator_v2: [ours] pred='The football club that plays in the area between the old tool gates: Brook Bar and Trafford Bar is **Manchester United**'
2026-07-04 18:26:37,333 [INFO] core.evaluator_v2: [ours] pred='The female member of Fitz and The Tantrums, Noelle Scaggs, was the front woman for the band for ten years.'
2026-07-04 18:26:37,337 [INFO] core.evaluator_v2:   [35/50] avg=18.16
2026-07-04 18:26:37,962 [WARNING] core.model_loader: Input length 16496 > max 16000, truncating...
2026-07-04 18:26:48,950 [INFO] core.evaluator_v2: [ours] pred='No, Werther and The Odyssey are not both operas. "Werther" is an opera by Jules Massenet, while "The Odyssey" is a novel'
2026-07-04 18:26:56,761 [INFO] core.evaluator_v2: [ours] pred='The kingdom surrendered to the French.'
2026-07-04 18:27:02,273 [INFO] core.evaluator_v2: [ours] pred='"Santa Bring My Baby Back" was released on Elvis\'s fourth studio album, "Love Me, Love Me, Love Me," in 1957.'
2026-07-04 18:27:02,709 [WARNING] core.model_loader: Input length 16845 > max 16000, truncating...
2026-07-04 18:27:10,395 [INFO] core.evaluator_v2: [ours] pred='John Paesano wrote the film "How to Train Your Dragon" for DreamWorks Dragons.'
2026-07-04 18:27:11,053 [WARNING] core.model_loader: Input length 17368 > max 16000, truncating...
2026-07-04 18:27:18,988 [INFO] core.evaluator_v2: [ours] pred='The airline company that operated United Express Flight 3411 on April 9, 2017, was Republic Airways.'
2026-07-04 18:27:18,990 [INFO] core.evaluator_v2:   [40/50] avg=17.53
2026-07-04 18:27:28,735 [INFO] core.evaluator_v2: [ours] pred='The Bangor Daily News is not talking about Sawin Millett. The text provided discusses Mildred Brown Schrumpf, a food col'
2026-07-04 18:27:29,293 [WARNING] core.model_loader: Input length 16575 > max 16000, truncating...
2026-07-04 18:27:38,633 [INFO] core.evaluator_v2: [ours] pred='Charles Haughey held the position of Taoiseach (Prime Minister) when he dissolved the list of members who were elected t'
2026-07-04 18:27:39,343 [WARNING] core.model_loader: Input length 16716 > max 16000, truncating...
2026-07-04 18:27:47,234 [INFO] core.evaluator_v2: [ours] pred='The space missions that Gary L. Bennett was part of had a primary destination of **Jupiter**.'
2026-07-04 18:27:47,892 [WARNING] core.model_loader: Input length 17636 > max 16000, truncating...
2026-07-04 18:27:56,008 [INFO] core.evaluator_v2: [ours] pred='The 1958 Pro Bowl was played at the California stadium that is the home for the University of Utah.'
2026-07-04 18:27:56,855 [WARNING] core.model_loader: Input length 16912 > max 16000, truncating...
2026-07-04 18:28:04,024 [INFO] core.evaluator_v2: [ours] pred='Michael Tippett.'
2026-07-04 18:28:04,026 [INFO] core.evaluator_v2:   [45/50] avg=18.49
2026-07-04 18:28:11,003 [INFO] core.evaluator_v2: [ours] pred='The population of the town where The Stelljes House is located in 2010 was 29,761.'
2026-07-04 18:28:19,493 [INFO] core.evaluator_v2: [ours] pred='James II was the last monarch of England to be overthrown before the English General Election of 1690.'
2026-07-04 18:28:25,878 [INFO] core.evaluator_v2: [ours] pred='1967.'
2026-07-04 18:28:31,188 [INFO] core.evaluator_v2: [ours] pred='The person who substituted for Simon Pagenaud in 2017 secured a contract to drive in the 2017 IndyCar Series.'
2026-07-04 18:28:31,795 [WARNING] core.model_loader: Input length 17549 > max 16000, truncating...
2026-07-04 18:28:40,051 [INFO] core.evaluator_v2: [ours] pred='The CEO of the football team based in Denver, Colorado, stepped down in 2014 due to the onset and progression of Alzheim'
2026-07-04 18:28:40,052 [INFO] core.evaluator_v2:   [50/50] avg=18.54
2026-07-04 18:28:40,053 [INFO] __main__:   → score=18.54, mem_red=80.0%, ttft=2382.2ms
2026-07-04 18:28:40,053 [INFO] __main__: 
  Task: 2wikimqa
2026-07-04 18:28:40,054 [INFO] core.evaluator_v2: [ours] 2wikimqa (50샘플, budget=20%)
2026-07-04 18:28:43,967 [INFO] core.evaluator_v2: [ours] pred='The director of the film "Eisenstein in Guanajuato" is Peter Greenaway, who was born in England.'
2026-07-04 18:28:46,045 [INFO] core.evaluator_v2: [ours] pred='Jugband Blues.'
2026-07-04 18:28:50,894 [INFO] core.evaluator_v2: [ours] pred='No Trees In The Street.'
2026-07-04 18:28:54,252 [INFO] core.evaluator_v2: [ours] pred="The place of death of Agnes of Hohenstaufen's husband was in Thuringia."
2026-07-04 18:28:59,352 [INFO] core.evaluator_v2: [ours] pred='Lyudmyla Olyanovska was born later than Paul De Scherff.'
2026-07-04 18:28:59,355 [INFO] core.evaluator_v2:   [5/50] avg=47.27
2026-07-04 18:29:05,150 [INFO] core.evaluator_v2: [ours] pred="Helmichis's father-in-law is Paul the Deacon."
2026-07-04 18:29:07,921 [INFO] core.evaluator_v2: [ours] pred="The Drover's Sweetheart came out earlier."
2026-07-04 18:29:11,123 [INFO] core.evaluator_v2: [ours] pred='German.'
2026-07-04 18:29:11,611 [WARNING] core.model_loader: Input length 16424 > max 16000, truncating...
2026-07-04 18:29:20,920 [INFO] core.evaluator_v2: [ours] pred='No, The Hatton Garden Job and Carry On Cleo are not from the same country. The Hatton Garden Job is a British film, whil'
2026-07-04 18:29:24,056 [INFO] core.evaluator_v2: [ours] pred='Vacations in Majorca was released first.'
2026-07-04 18:29:24,058 [INFO] core.evaluator_v2:   [10/50] avg=29.35
2026-07-04 18:29:29,034 [INFO] core.evaluator_v2: [ours] pred="The place of death of Randi Monsen's father, Fredrik Monsen, is not explicitly stated in the provided text. However, bas"
2026-07-04 18:29:31,707 [INFO] core.evaluator_v2: [ours] pred='Hissa Abdulla Ahmed Al-Otaiba.'
2026-07-04 18:29:34,218 [INFO] core.evaluator_v2: [ours] pred='The date of death of the director of film Nallavan Vazhvan is 31 August 1961.'
2026-07-04 18:29:38,684 [INFO] core.evaluator_v2: [ours] pred='The director of *The Year of the Rabbit* died first.'
2026-07-04 18:29:42,326 [INFO] core.evaluator_v2: [ours] pred='The paternal grandfather of Bruno II von Berg was Count Adolf III of Berg.'
2026-07-04 18:29:42,328 [INFO] core.evaluator_v2:   [15/50] avg=22.95
2026-07-04 18:29:44,672 [INFO] core.evaluator_v2: [ours] pred='Prince Of Arcadia was released earlier.'
2026-07-04 18:29:48,724 [INFO] core.evaluator_v2: [ours] pred='Johnny Ekström was born later.'
2026-07-04 18:29:51,044 [INFO] core.evaluator_v2: [ours] pred='The place of birth of the director of film "Clowning Around" is Marshall, Indiana.'
2026-07-04 18:29:53,638 [INFO] core.evaluator_v2: [ours] pred='Solemn Promise.'
2026-07-04 18:30:01,630 [INFO] core.evaluator_v2: [ours] pred='The spouse of the director of the film "Streets of Blood" is Sandra Nelson.'
2026-07-04 18:30:01,632 [INFO] core.evaluator_v2:   [20/50] avg=24.94
2026-07-04 18:30:06,414 [INFO] core.evaluator_v2: [ours] pred='Contragolpe.'
2026-07-04 18:30:07,162 [WARNING] core.model_loader: Input length 16690 > max 16000, truncating...
2026-07-04 18:30:16,301 [INFO] core.evaluator_v2: [ours] pred='The composer of the song "Gretchen am Spinnrade" is Franz Schubert. According to the text, Franz Schubert died in Vienna'
2026-07-04 18:30:17,137 [WARNING] core.model_loader: Input length 17007 > max 16000, truncating...
2026-07-04 18:30:24,963 [INFO] core.evaluator_v2: [ours] pred="Gisela of Hungary's father-in-law is King Stephen I of Hungary."
2026-07-04 18:30:33,464 [INFO] core.evaluator_v2: [ours] pred="Grand Duchess Elena Vladimirovna of Russia's father, Vladimir Kirillovich, died on 21 April 1992."
2026-07-04 18:30:43,825 [INFO] core.evaluator_v2: [ours] pred='From Corleone to Brooklyn (1979) is an Italian poliziotteschi film directed by Umberto Lenzi. The film was released in I'
2026-07-04 18:30:43,827 [INFO] core.evaluator_v2:   [25/50] avg=24.69
2026-07-04 18:30:50,183 [INFO] core.evaluator_v2: [ours] pred="The place of birth of Sextus Barbour's father is Belfast."
2026-07-04 18:30:51,619 [INFO] core.evaluator_v2: [ours] pred='Guy Arvely Dolsin is younger.'
2026-07-04 18:30:58,361 [INFO] core.evaluator_v2: [ours] pred='The maternal grandfather of Marie Louise, Duchess of Parma, is King Ferdinand I of the Two Sicilies.'
2026-07-04 18:31:02,474 [INFO] core.evaluator_v2: [ours] pred='Una Prostituta Al Servizio Del Pubblico E In Regola Con Le Leggi Dello Stato (1970) came out first. The Bag Man (2014) i'
2026-07-04 18:31:04,693 [INFO] core.evaluator_v2: [ours] pred='Antoine Casavant was born first.'
2026-07-04 18:31:04,695 [INFO] core.evaluator_v2:   [30/50] avg=26.60
2026-07-04 18:31:07,597 [INFO] core.evaluator_v2: [ours] pred="Sir William Gore, 3rd Baronet's paternal grandfather is Sir Paul Gore, 1st Baronet."
2026-07-04 18:31:15,308 [INFO] core.evaluator_v2: [ours] pred="The place of death of Shahnawaz Bhutto's mother, Begum Nusrat Bhutto, is not explicitly stated in the provided text. How"
2026-07-04 18:31:22,800 [INFO] core.evaluator_v2: [ours] pred='Eleanor of Castile died in 1291.'
2026-07-04 18:31:27,233 [INFO] core.evaluator_v2: [ours] pred='Philip William, Margrave of Brandenburg-Schwedt, was born on 19 May 1692.'
2026-07-04 18:31:31,191 [INFO] core.evaluator_v2: [ours] pred='The director of film "Wine of Morning" works at Bob Jones University.'
2026-07-04 18:31:31,194 [INFO] core.evaluator_v2:   [35/50] avg=26.43
2026-07-04 18:31:34,645 [INFO] core.evaluator_v2: [ours] pred="Isabella of Bourbon's paternal grandfather was Louis I, Duke of Bourbon."
2026-07-04 18:31:38,089 [INFO] core.evaluator_v2: [ours] pred='Answer: The paternal grandmother of Charles Willoughby, 10th Baron Willoughby of Parham, was Anne Carey.'
2026-07-04 18:31:40,664 [INFO] core.evaluator_v2: [ours] pred="The place of birth of Carrie Watson Fleming's husband is West Virginia."
2026-07-04 18:31:50,381 [INFO] core.evaluator_v2: [ours] pred='The director of "The Wind\'s Fierce" (1927 film) is Roscoe Arbuckle, born in 1880. The director of "Special Delivery" (19'
2026-07-04 18:31:56,696 [INFO] core.evaluator_v2: [ours] pred='Charles Wheatstone lived longer than Jean-Claude Lauzon.'
2026-07-04 18:31:56,707 [INFO] core.evaluator_v2:   [40/50] avg=26.49
2026-07-04 18:31:58,988 [INFO] core.evaluator_v2: [ours] pred='Yes, both Howard Lake (British Columbia) and North Buck Lake (Alberta) are located in the same country, which is Canada.'
2026-07-04 18:32:03,001 [INFO] core.evaluator_v2: [ours] pred='No, they do not share the same nationality. Reginald Fogwell was a British film director, while the director of "The God'
2026-07-04 18:32:11,156 [INFO] core.evaluator_v2: [ours] pred='No, Beauty and the Bad Man and Wild Child (Film) do not have directors from the same country. Beauty and the Bad Man was'
2026-07-04 18:32:14,356 [INFO] core.evaluator_v2: [ours] pred=''
2026-07-04 18:32:17,835 [INFO] core.evaluator_v2: [ours] pred="The place of birth of Aleksey Greig's father is Inverkeithing, Scotland."
2026-07-04 18:32:17,837 [INFO] core.evaluator_v2:   [45/50] avg=24.27
2026-07-04 18:32:20,950 [INFO] core.evaluator_v2: [ours] pred='The mother of the director of the film *Atomised* is **Kekuʻiapoiwa**, the mother of Kamehameha I.'
2026-07-04 18:32:22,876 [INFO] core.evaluator_v2: [ours] pred='No. Ding Yaping is Chinese and German, while Johann Christian Gustav Lucae is German.'
2026-07-04 18:32:25,328 [INFO] core.evaluator_v2: [ours] pred="St Patrick's College, Dublin."
2026-07-04 18:32:27,804 [INFO] core.evaluator_v2: [ours] pred='Space Probe Taurus.'
2026-07-04 18:32:30,170 [INFO] core.evaluator_v2: [ours] pred='The Pyrammmid came out first.'
2026-07-04 18:32:30,172 [INFO] core.evaluator_v2:   [50/50] avg=23.56
2026-07-04 18:32:30,174 [INFO] __main__:   → score=23.56, mem_red=80.0%, ttft=1429.2ms
2026-07-04 18:32:30,175 [INFO] __main__: 
  Task: gov_report
2026-07-04 18:32:30,176 [INFO] core.evaluator_v2: [ours] gov_report (50샘플, budget=20%)
2026-07-04 18:32:41,995 [INFO] core.evaluator_v2: [ours] pred='The National Science Foundation (NSF) has been tasked with developing a comprehensive workforce strategy that balances t'
2026-07-04 18:32:50,130 [INFO] core.evaluator_v2: [ours] pred='The U.S. federal government has made significant progress in improving the management of IT acquisitions and operations,'
2026-07-04 18:32:50,798 [WARNING] core.model_loader: Input length 51949 > max 16000, truncating...
2026-07-04 18:33:16,068 [INFO] core.evaluator_v2: [ours] pred="**Summary of the Document:**\n\nThe document discusses the United States' response to China's military activities in the S"
2026-07-04 18:33:16,714 [WARNING] core.model_loader: Input length 28135 > max 16000, truncating...
2026-07-04 18:33:42,206 [INFO] core.evaluator_v2: [ours] pred='The U.S. Environmental Protection Agency (EPA) has received consistent funding for its Water Infrastructure and Revolvin'
2026-07-04 18:34:07,059 [INFO] core.evaluator_v2: [ours] pred='**Summary of the GAO Report on the Department of Homeland Security (DHS) and the TRIO Project**\n\n**Key Findings and Reco'
2026-07-04 18:34:07,103 [INFO] core.evaluator_v2:   [5/50] avg=15.92
2026-07-04 18:34:31,352 [INFO] core.evaluator_v2: [ours] pred='**Summary:**\n\nThe Department of Homeland Security (DHS) and the Office of Management and Budget (OMB) have been tasked w'
2026-07-04 18:34:45,968 [INFO] core.evaluator_v2: [ours] pred='The Small Business Administration (SBA) has established federal procurement goals to promote the participation of small '
2026-07-04 18:34:46,612 [WARNING] core.model_loader: Input length 19434 > max 16000, truncating...
2026-07-04 18:35:16,712 [INFO] core.evaluator_v2: [ours] pred='**Summary:**\n\nThe Department of Defense (DOD) has issued a report on the use of cost-sharing in federal contracts, focus'
2026-07-04 18:35:40,482 [INFO] core.evaluator_v2: [ours] pred='The report explores the **potential benefits and drawbacks of reducing or eliminating the use of cash in the economy**, '
2026-07-04 18:35:41,106 [WARNING] core.model_loader: Input length 41630 > max 16000, truncating...
2026-07-04 18:36:06,842 [INFO] core.evaluator_v2: [ours] pred='The Department of Homeland Security (DHS) has been working to improve its acquisition management and portfolio managemen'
2026-07-04 18:36:06,875 [INFO] core.evaluator_v2:   [10/50] avg=15.52
2026-07-04 18:36:27,430 [INFO] core.evaluator_v2: [ours] pred='The following is a summary of the key points and findings from the detailed analysis of the 2019 Department of Homeland '
2026-07-04 18:36:47,828 [INFO] core.evaluator_v2: [ours] pred='The summary of the provided text is as follows:\n\nThe text discusses the legal and administrative framework for the dispo'
2026-07-04 18:37:08,385 [INFO] core.evaluator_v2: [ours] pred='The Black Lung Disability Trust Fund (Trust Fund) is a federal program that provides benefits to coal miners who have be'
2026-07-04 18:37:39,981 [INFO] core.evaluator_v2: [ours] pred='The U.S. foreign aid system is a complex and multifaceted framework that involves various legislative, budgetary, and ad'
2026-07-04 18:38:06,865 [INFO] core.evaluator_v2: [ours] pred='**Summary of the Report on Self-Bonding for Coal Mine Reclamation Under SMCRA**\n\nThe report examines the use of self-bon'
2026-07-04 18:38:06,897 [INFO] core.evaluator_v2:   [15/50] avg=16.15
2026-07-04 18:38:32,942 [INFO] core.evaluator_v2: [ours] pred="The Public Safety Officers' Education and Assistance (PSOEA) program provides financial assistance with costs associated"
2026-07-04 18:38:47,862 [INFO] core.evaluator_v2: [ours] pred='The U.S. federal government has identified several alternative funding mechanisms to support the acquisition, renovation'
2026-07-04 18:38:51,539 [INFO] core.evaluator_v2: [ours] pred='The U.S. government and are not subject to copyright protection in the United States. The published product may be repro'
2026-07-04 18:39:15,341 [INFO] core.evaluator_v2: [ours] pred='The 2019 Congressional Budget Justification for the U.S. International Trade Commission (ITC) and the U.S. International'
2026-07-04 18:39:30,477 [INFO] core.evaluator_v2: [ours] pred='The Black Lung Disability Trust Fund (BLDTF) is a federal trust fund established to pay benefits to miners who have been'
2026-07-04 18:39:30,502 [INFO] core.evaluator_v2:   [20/50] avg=15.36
2026-07-04 18:39:55,934 [INFO] core.evaluator_v2: [ours] pred="The U.S. Department of Labor's Office of Federal Contract Compliance (OFCCP) and the Equal Employment Opportunity Commis"
2026-07-04 18:40:11,619 [INFO] core.evaluator_v2: [ours] pred='The Federal Trade Commission (FTC) and the Federal Communications Commission (FCC) have been tasked with addressing Inte'
2026-07-04 18:40:37,916 [INFO] core.evaluator_v2: [ours] pred='**Summary of the GAO Report on Early Withdrawals from Retirement Savings**\n\nThe U.S. Government Accountability Office (G'
2026-07-04 18:40:43,408 [INFO] core.evaluator_v2: [ours] pred='The agency has taken steps to improve its management of IT acquisitions and operations by implementing 14 of the 15 reco'
2026-07-04 18:40:51,606 [INFO] core.evaluator_v2: [ours] pred='The report outlines the financial challenges and potential solutions for the Postal Service Retiree Health Benefits (RHB'
2026-07-04 18:40:51,621 [INFO] core.evaluator_v2:   [25/50] avg=15.06
2026-07-04 18:41:11,936 [INFO] core.evaluator_v2: [ours] pred='**Summary:**\n\nThe Native American Housing Assistance and Self-Determination Act (NAHASDA) is a federal program that prov'
2026-07-04 18:41:42,283 [INFO] core.evaluator_v2: [ours] pred='The **National Popular Vote (NPV) Initiative** is a proposed reform to the U.S. presidential election system that seeks '
2026-07-04 18:42:08,670 [INFO] core.evaluator_v2: [ours] pred='**Summary:**\n\nThe U.S. Department of Energy (DOE) manages a complex and multifaceted portfolio of programs and agencies,'
2026-07-04 18:42:37,218 [INFO] core.evaluator_v2: [ours] pred='**Summary of the Report on Federal Agency Space Reduction Efforts Under the Reduce the Footprint (RTF) Policy**\n\n**Objec'
2026-07-04 18:43:02,463 [INFO] core.evaluator_v2: [ours] pred='The U.S. Department of Veterans Affairs (VA) and the National Cemetery Administration (NCA) have been working to improve'
2026-07-04 18:43:02,495 [INFO] core.evaluator_v2:   [30/50] avg=15.16
2026-07-04 18:43:28,607 [INFO] core.evaluator_v2: [ours] pred='**Summary of the Financial Technology (Fintech) and Regulatory Landscape in the U.S.**\n\nThe U.S. financial sector is und'
2026-07-04 18:43:56,320 [INFO] core.evaluator_v2: [ours] pred="**Summary of the Report on the European Reassurance Initiative (ERI) and DOD's Funding and Planning Processes**\n\n**Backg"
2026-07-04 18:44:23,249 [INFO] core.evaluator_v2: [ours] pred='The report provides an analysis of the compliance of lobbyists and lobbying firms with the requirements of the Lobbying '
2026-07-04 18:44:46,291 [INFO] core.evaluator_v2: [ours] pred="**Summary of the GAO Report on Puerto Rico's Fiscal Condition and Debt Levels (2017–2018)**\n\nThe U.S. Government Account"
2026-07-04 18:45:11,952 [INFO] core.evaluator_v2: [ours] pred='The Small Business Lending Fund (SBLF) was established under the **Small Business Jobs Act of 2010** (P.L. 111-240) to a'
2026-07-04 18:45:11,987 [INFO] core.evaluator_v2:   [35/50] avg=15.40
2026-07-04 18:45:36,708 [INFO] core.evaluator_v2: [ours] pred='**Summary of GAO Report on WMATA’s Capital Planning and Asset Management**\n\n**GAO-22-113, April 2018**  \n**Title: Evalua'
2026-07-04 18:45:58,533 [INFO] core.evaluator_v2: [ours] pred='The minority leader in the House of Representatives faces a complex set of responsibilities and challenges. As the leade'
2026-07-04 18:46:23,942 [INFO] core.evaluator_v2: [ours] pred='The Federal Student Aid (FSA) program, administered by the Department of Education (ED), provides financial assistance t'
2026-07-04 18:46:24,493 [WARNING] core.model_loader: Input length 18482 > max 16000, truncating...
2026-07-04 18:46:42,714 [INFO] core.evaluator_v2: [ours] pred='**Summary:**\n\nThe Department of Homeland Security (DHS) and the Secret Service (SS) have implemented a range of IT and w'
2026-07-04 18:47:05,424 [INFO] core.evaluator_v2: [ours] pred='The Atomic Energy Act of 1954 (the Atomic Energy Act of 1954) is a federal law that authorizes the Secretary of Energy t'
2026-07-04 18:47:05,463 [INFO] core.evaluator_v2:   [40/50] avg=15.53
2026-07-04 18:47:19,345 [INFO] core.evaluator_v2: [ours] pred='The article discusses the challenges and considerations in the care of pregnant women with substance use disorders and t'
2026-07-04 18:47:48,696 [INFO] core.evaluator_v2: [ours] pred="The U.S. military's decision to shift from ship-based to land-based missile defense (BMD) systems, particularly the Aegi"
2026-07-04 18:48:16,899 [INFO] core.evaluator_v2: [ours] pred='The U.S. is working on a comprehensive privacy framework to balance data protection with cross-border data flows, influe'
2026-07-04 18:48:17,494 [WARNING] core.model_loader: Input length 22562 > max 16000, truncating...
2026-07-04 18:48:43,813 [INFO] core.evaluator_v2: [ours] pred='The U.S. Congress has passed several key legislative acts and reports related to military sexual assault and the Departm'
2026-07-04 18:49:04,623 [INFO] core.evaluator_v2: [ours] pred='The Department of Commerce generally agreed with our findings regarding the improvements the Census Bureau has made in i'
2026-07-04 18:49:04,658 [INFO] core.evaluator_v2:   [45/50] avg=15.59
2026-07-04 18:49:05,049 [WARNING] core.model_loader: Input length 18237 > max 16000, truncating...
2026-07-04 18:49:30,542 [INFO] core.evaluator_v2: [ours] pred='**Summary of the Document:**\n\nThe document provides a comprehensive analysis of the impacts of climate change on migrati'
2026-07-04 18:49:49,423 [INFO] core.evaluator_v2: [ours] pred='The U.S. Postal Service (USPS) has identified issues with the scanning of competitive products, which are essential to i'
2026-07-04 18:50:08,330 [INFO] core.evaluator_v2: [ours] pred='The report examines the status of ESF assistance and projects provided to the West Bank and Gaza for fiscal years 2015 a'
2026-07-04 18:50:28,465 [INFO] core.evaluator_v2: [ours] pred='This report examines how three federal agencies— the U.S. Air Force (Air Force), the Fish and Wildlife Service (FWS), an'
2026-07-04 18:50:49,684 [INFO] core.evaluator_v2: [ours] pred="**Summary of the GAO Report on the ANDSF's Ability to Operate and Maintain U.S.-Purchased Equipment**\n\nThe U.S. Departme"
2026-07-04 18:50:49,709 [INFO] core.evaluator_v2:   [50/50] avg=15.98
2026-07-04 18:50:49,714 [INFO] __main__:   → score=15.98, mem_red=80.0%, ttft=1660.4ms
2026-07-04 18:50:49,715 [INFO] __main__: 
  Task: qmsum
2026-07-04 18:50:49,717 [INFO] core.evaluator_v2: [ours] qmsum (50샘플, budget=20%)
2026-07-04 18:51:07,076 [INFO] core.evaluator_v2: [ours] pred='The team is discussing the design of a new remote control device. The goal is to create a sleek, stylish, and functional'
2026-07-04 18:51:29,014 [INFO] core.evaluator_v2: [ours] pred='The team is discussing the design and implementation of a new remote control device, focusing on the following key point'
2026-07-04 18:51:55,019 [INFO] core.evaluator_v2: [ours] pred='The conversation between Professor C and their team members discusses the planning and execution of a research project, '
2026-07-04 18:52:08,215 [INFO] core.evaluator_v2: [ours] pred="The meeting concluded with a discussion about the project's presentation and the design of the product. The team reviewe"
2026-07-04 18:52:26,168 [INFO] core.evaluator_v2: [ours] pred='The team is discussing the design of a new remote control device that incorporates speech recognition and a user-friendl'
2026-07-04 18:52:26,173 [INFO] core.evaluator_v2:   [5/50] avg=8.31
2026-07-04 18:52:26,578 [WARNING] core.model_loader: Input length 18386 > max 16000, truncating...
2026-07-04 18:52:51,645 [INFO] core.evaluator_v2: [ours] pred='The discussion revolves around the development and evaluation of a neural network model for speech recognition, with a f'
2026-07-04 18:52:52,315 [WARNING] core.model_loader: Input length 18553 > max 16000, truncating...
2026-07-04 18:53:08,126 [INFO] core.evaluator_v2: [ours] pred='The discussion centered around the development of a belief network (or "belief-net") for natural language processing, wi'
2026-07-04 18:53:08,777 [WARNING] core.model_loader: Input length 16224 > max 16000, truncating...
2026-07-04 18:53:38,475 [INFO] core.evaluator_v2: [ours] pred='The Welsh Government has announced a new childcare and early education initiative, the **Childcare and Early Years (Wale'
2026-07-04 18:53:39,103 [WARNING] core.model_loader: Input length 16924 > max 16000, truncating...
2026-07-04 18:53:54,668 [INFO] core.evaluator_v2: [ours] pred='The conversation discusses the development and evaluation of a hybrid speech recognition system, focusing on the use of '
2026-07-04 18:54:04,766 [INFO] core.evaluator_v2: [ours] pred='The team is discussing the design of a universal remote control that can perform multiple functions, such as changing ch'
2026-07-04 18:54:04,769 [INFO] core.evaluator_v2:   [10/50] avg=7.09
2026-07-04 18:54:05,082 [WARNING] core.model_loader: Input length 16844 > max 16000, truncating...
2026-07-04 18:54:31,659 [INFO] core.evaluator_v2: [ours] pred='The discussion revolves around the setup and management of a speech recognition project, with a focus on improving the s'
2026-07-04 18:54:32,213 [WARNING] core.model_loader: Input length 16224 > max 16000, truncating...
2026-07-04 18:54:58,923 [INFO] core.evaluator_v2: [ours] pred='The Welsh Government has announced a new childcare and early education initiative, the **Childcare and Early Years (Wale'
2026-07-04 18:55:28,313 [INFO] core.evaluator_v2: [ours] pred='The Welsh Government has been working to ensure that children and families are supported during the pandemic, with a foc'
2026-07-04 18:55:42,857 [INFO] core.evaluator_v2: [ours] pred='The meeting concluded with a positive and productive discussion about the project, with the team reflecting on the proce'
2026-07-04 18:55:57,551 [INFO] core.evaluator_v2: [ours] pred='The team is discussing the design of a new product, a remote control with a spinning wheel and a touchscreen interface. '
2026-07-04 18:55:57,555 [INFO] core.evaluator_v2:   [15/50] avg=7.23
2026-07-04 18:56:15,200 [INFO] core.evaluator_v2: [ours] pred='The meeting focused on the design and functionality of a new remote control device, with the goal of creating a user-fri'
2026-07-04 18:56:24,175 [INFO] core.evaluator_v2: [ours] pred='The team is discussing the design of a universal remote control that can perform multiple functions, such as changing ch'
2026-07-04 18:56:24,476 [WARNING] core.model_loader: Input length 16844 > max 16000, truncating...
2026-07-04 18:56:52,998 [INFO] core.evaluator_v2: [ours] pred='The discussion revolves around the setup and management of a speech recognition project, with a focus on improving the s'
2026-07-04 18:57:22,777 [INFO] core.evaluator_v2: [ours] pred='**Summary of the Meeting:**\n\nThe meeting focused on discussing the **SMARTboard** and its potential as a tool for **digi'
2026-07-04 18:57:23,348 [WARNING] core.model_loader: Input length 16224 > max 16000, truncating...
2026-07-04 18:57:50,747 [INFO] core.evaluator_v2: [ours] pred='The Welsh Government has announced a new childcare and early education initiative, the **Childcare and Early Years (Wale'
2026-07-04 18:57:50,752 [INFO] core.evaluator_v2:   [20/50] avg=7.57
2026-07-04 18:58:03,045 [INFO] core.evaluator_v2: [ours] pred='The team is discussing the development of a new product, focusing on the design and marketing of a device that combines '
2026-07-04 18:58:03,684 [WARNING] core.model_loader: Input length 25564 > max 16000, truncating...
2026-07-04 18:58:33,054 [INFO] core.evaluator_v2: [ours] pred='The following is a summary of the key points and discussions from the parliamentary session:\n\n1. **Long-Term Care and Pr'
2026-07-04 18:58:33,805 [WARNING] core.model_loader: Input length 18386 > max 16000, truncating...
2026-07-04 18:58:59,974 [INFO] core.evaluator_v2: [ours] pred='The discussion revolves around the development and evaluation of a neural network model for speech recognition, with a f'
2026-07-04 18:59:15,011 [INFO] core.evaluator_v2: [ours] pred="The meeting concluded with a discussion about the project's presentation and the design of the product. The team reviewe"
2026-07-04 18:59:21,069 [INFO] core.evaluator_v2: [ours] pred='The project manager, industrial designer, and marketing team discussed the design and features of a new product. They de'
2026-07-04 18:59:21,072 [INFO] core.evaluator_v2:   [25/50] avg=7.93
2026-07-04 18:59:32,689 [INFO] core.evaluator_v2: [ours] pred='The team is discussing the design and features of a new remote control device, focusing on the user interface, battery l'
2026-07-04 18:59:45,280 [INFO] core.evaluator_v2: [ours] pred='The team is discussing the development of a new product, focusing on the design and marketing of a device that combines '
2026-07-04 18:59:45,784 [WARNING] core.model_loader: Input length 18553 > max 16000, truncating...
2026-07-04 19:00:00,904 [INFO] core.evaluator_v2: [ours] pred='The discussion centered around the development of a belief network (or "belief-net") for natural language processing, wi'
2026-07-04 19:00:24,906 [INFO] core.evaluator_v2: [ours] pred='**Summary of the Meeting:**\n\nThe team discussed the development of a new remote control with voice recognition and a use'
2026-07-04 19:00:33,533 [INFO] core.evaluator_v2: [ours] pred='The team is discussing the design of a universal remote control that can perform multiple functions, such as changing ch'
2026-07-04 19:00:33,536 [INFO] core.evaluator_v2:   [30/50] avg=8.29
2026-07-04 19:00:54,687 [INFO] core.evaluator_v2: [ours] pred='The team is discussing the design and implementation of a new remote control device, focusing on the following key point'
2026-07-04 19:00:55,128 [WARNING] core.model_loader: Input length 30305 > max 16000, truncating...
2026-07-04 19:01:23,545 [INFO] core.evaluator_v2: [ours] pred='The following is a summary of the key points and discussions from the parliamentary session:\n\n1. **Canada Emergency Comm'
2026-07-04 19:01:52,170 [INFO] core.evaluator_v2: [ours] pred='**Summary of the Meeting:**\n\n**Participants:**  \n- **Project Manager (PM)**: Leads the discussion on the remote control '
2026-07-04 19:02:17,901 [INFO] core.evaluator_v2: [ours] pred='The Welsh Government has been working to ensure that children and families are supported during the pandemic, with a foc'
2026-07-04 19:02:27,052 [INFO] core.evaluator_v2: [ours] pred='In this conversation, the researchers are discussing the training of a Hidden Markov Model (HMM) for digit recognition, '
2026-07-04 19:02:27,055 [INFO] core.evaluator_v2:   [35/50] avg=8.20
2026-07-04 19:02:39,621 [INFO] core.evaluator_v2: [ours] pred='The team is discussing the development of a new product, focusing on the design and marketing of a device that combines '
2026-07-04 19:02:52,448 [INFO] core.evaluator_v2: [ours] pred='The team is discussing the development of a new product, focusing on the design and marketing of a device that combines '
2026-07-04 19:02:53,115 [WARNING] core.model_loader: Input length 30305 > max 16000, truncating...
2026-07-04 19:03:17,231 [INFO] core.evaluator_v2: [ours] pred='The following is a summary of the key points and discussions from the parliamentary session:\n\n1. **Canada Emergency Comm'
2026-07-04 19:03:29,742 [INFO] core.evaluator_v2: [ours] pred='The meeting concluded with a positive and productive discussion about the project, with the team reflecting on the proce'
2026-07-04 19:03:57,966 [INFO] core.evaluator_v2: [ours] pred='The team is discussing the design and implementation of a new remote control device, focusing on the following key point'
2026-07-04 19:03:57,978 [INFO] core.evaluator_v2:   [40/50] avg=8.37
2026-07-04 19:04:20,942 [INFO] core.evaluator_v2: [ours] pred='The team is discussing the design of a new remote control device that incorporates speech recognition and a user-friendl'
2026-07-04 19:04:48,821 [INFO] core.evaluator_v2: [ours] pred='The Welsh Government has been working to ensure that children and families are supported during the pandemic, with a foc'
2026-07-04 19:05:16,350 [INFO] core.evaluator_v2: [ours] pred='**Summary of the Meeting:**\n\nThe meeting focused on discussing the **SMARTboard** and its potential as a tool for **digi'
2026-07-04 19:05:41,469 [INFO] core.evaluator_v2: [ours] pred='The team is discussing the development of a new remote control device that focuses on the **T-V (TV) remote control**. T'
2026-07-04 19:05:52,299 [INFO] core.evaluator_v2: [ours] pred='In this conversation, the researchers are discussing the training of a Hidden Markov Model (HMM) for digit recognition, '
2026-07-04 19:05:52,308 [INFO] core.evaluator_v2:   [45/50] avg=8.11
2026-07-04 19:06:03,429 [INFO] core.evaluator_v2: [ours] pred='The team is discussing the design and features of a new universal remote control that incorporates a touch screen interf'
2026-07-04 19:06:13,944 [INFO] core.evaluator_v2: [ours] pred='The team is discussing the design and features of a new universal remote control that incorporates a touch screen interf'
2026-07-04 19:06:35,475 [INFO] core.evaluator_v2: [ours] pred='The team is discussing the design of a new remote control device. The goal is to create a sleek, stylish, and functional'
2026-07-04 19:07:00,790 [INFO] core.evaluator_v2: [ours] pred='**Summary of the Meeting:**\n\nThe meeting focused on discussing the **SMARTboard** and its potential as a tool for **digi'
2026-07-04 19:07:24,143 [INFO] core.evaluator_v2: [ours] pred='The Welsh Government has been working to ensure that children and families are supported during the pandemic, with a foc'
2026-07-04 19:07:24,149 [INFO] core.evaluator_v2:   [50/50] avg=8.23
2026-07-04 19:07:24,150 [INFO] __main__:   → score=8.23, mem_red=80.0%, ttft=2037.7ms
2026-07-04 19:07:24,169 [INFO] core.results_manager: Results saved to results/exp1_qwen3-4b_full_20260704_122521.csv
2026-07-04 19:07:24,183 [INFO] core.results_manager: JSON saved to results/exp1_qwen3-4b_full_20260704_122521.json
2026-07-04 19:07:24,184 [INFO] __main__: Experiment 1 completed!
