2026-06-28 08:04:07,016 [INFO] __main__: Experiment 1: Main Results
2026-06-28 08:04:07,017 [INFO] __main__:   Model: qwen3-4b
2026-06-28 08:04:07,017 [INFO] __main__:   Mode: full
2026-06-28 08:04:07,018 [INFO] __main__:   Budget: 20%
2026-06-28 08:04:07,018 [INFO] __main__:   Tasks: ['gov_report', 'qmsum']
2026-06-28 08:04:07,019 [INFO] __main__:   Methods: ['fullkv', 'streaming', 'h2o', 'snapkv', 'pyramidkv', 'adakv', 'ours']
2026-06-28 08:04:07,019 [INFO] __main__:   Samples/task: 50
2026-06-28 08:04:07,019 [INFO] __main__: 
Loading model: qwen3-4b ...
2026-06-28 08:04:07,020 [INFO] core.model_loader: Loading tokenizer: Qwen/Qwen3-4B
2026-06-28 08:04:07,118 [INFO] httpx: HTTP Request: HEAD https://huggingface.co/Qwen/Qwen3-4B/resolve/main/config.json "HTTP/1.1 307 Temporary Redirect"
2026-06-28 08:04:07,123 [INFO] httpx: HTTP Request: HEAD https://huggingface.co/api/resolve-cache/models/Qwen/Qwen3-4B/1cfa9a7208912126459214e8b04321603b3df60c/config.json "HTTP/1.1 200 OK"
2026-06-28 08:04:07,177 [INFO] httpx: HTTP Request: HEAD https://huggingface.co/Qwen/Qwen3-4B/resolve/main/tokenizer_config.json "HTTP/1.1 307 Temporary Redirect"
2026-06-28 08:04:07,185 [INFO] httpx: HTTP Request: HEAD https://huggingface.co/api/resolve-cache/models/Qwen/Qwen3-4B/1cfa9a7208912126459214e8b04321603b3df60c/tokenizer_config.json "HTTP/1.1 200 OK"
2026-06-28 08:04:07,278 [INFO] httpx: HTTP Request: GET https://huggingface.co/api/models/Qwen/Qwen3-4B/tree/main/additional_chat_templates?recursive=false&expand=false "HTTP/1.1 404 Not Found"
2026-06-28 08:04:07,315 [INFO] httpx: HTTP Request: GET https://huggingface.co/api/models/Qwen/Qwen3-4B/tree/main?recursive=true&expand=false "HTTP/1.1 200 OK"
2026-06-28 08:04:08,544 [INFO] httpx: HTTP Request: GET https://huggingface.co/api/models/Qwen/Qwen3-4B "HTTP/1.1 200 OK"
2026-06-28 08:04:08,547 [INFO] core.model_loader: Loading model: Qwen/Qwen3-4B in torch.float16
2026-06-28 08:04:08,581 [INFO] httpx: HTTP Request: HEAD https://huggingface.co/Qwen/Qwen3-4B/resolve/main/config.json "HTTP/1.1 307 Temporary Redirect"
2026-06-28 08:04:08,583 [WARNING] huggingface_hub.utils._http: Warning: You are sending unauthenticated requests to the HF Hub. Please set a HF_TOKEN to enable higher rate limits and faster downloads.
2026-06-28 08:04:08,589 [INFO] httpx: HTTP Request: HEAD https://huggingface.co/api/resolve-cache/models/Qwen/Qwen3-4B/1cfa9a7208912126459214e8b04321603b3df60c/config.json "HTTP/1.1 200 OK"
2026-06-28 08:04:36,407 [INFO] httpx: HTTP Request: HEAD https://huggingface.co/Qwen/Qwen3-4B/resolve/main/generation_config.json "HTTP/1.1 307 Temporary Redirect"
2026-06-28 08:04:36,414 [INFO] httpx: HTTP Request: HEAD https://huggingface.co/api/resolve-cache/models/Qwen/Qwen3-4B/1cfa9a7208912126459214e8b04321603b3df60c/generation_config.json "HTTP/1.1 200 OK"
2026-06-28 08:04:36,502 [INFO] httpx: HTTP Request: HEAD https://huggingface.co/Qwen/Qwen3-4B/resolve/main/custom_generate/generate.py "HTTP/1.1 404 Not Found"
2026-06-28 08:04:36,542 [INFO] core.model_loader: Model loaded: layers=36, num_heads=32, num_kv_heads=8
2026-06-28 08:04:36,558 [INFO] __main__: 사전 데이터 로딩 중...
2026-06-28 08:04:36,559 [INFO] core.dataset_loader: Loading LongBench/gov_report ...
2026-06-28 08:04:36,593 [INFO] httpx: HTTP Request: GET https://huggingface.co/api/datasets/THUDM/LongBench "HTTP/1.1 307 Temporary Redirect"
2026-06-28 08:04:36,638 [INFO] httpx: HTTP Request: GET https://huggingface.co/api/datasets/zai-org/LongBench "HTTP/1.1 200 OK"
2026-06-28 08:04:37,302 [INFO] httpx: HTTP Request: GET https://huggingface.co/api/datasets/THUDM/LongBench/revision/main "HTTP/1.1 307 Temporary Redirect"
2026-06-28 08:04:37,340 [INFO] httpx: HTTP Request: GET https://huggingface.co/api/datasets/zai-org/LongBench/revision/main "HTTP/1.1 200 OK"
2026-06-28 08:04:37,376 [INFO] httpx: HTTP Request: GET https://huggingface.co/api/datasets/THUDM/LongBench/tree/main?recursive=false&expand=false "HTTP/1.1 307 Temporary Redirect"
2026-06-28 08:04:37,413 [INFO] httpx: HTTP Request: GET https://huggingface.co/api/datasets/zai-org/LongBench/tree/main?recursive=false&expand=false "HTTP/1.1 200 OK"
2026-06-28 08:04:38,086 [INFO] core.dataset_loader: Loaded 50 samples from gov_report
2026-06-28 08:04:38,089 [INFO] __main__:   ✓ gov_report: 50샘플 로드 완료
2026-06-28 08:04:38,091 [INFO] core.dataset_loader: Loading LongBench/qmsum ...
2026-06-28 08:04:38,142 [INFO] httpx: HTTP Request: GET https://huggingface.co/api/datasets/THUDM/LongBench "HTTP/1.1 307 Temporary Redirect"
2026-06-28 08:04:38,514 [INFO] httpx: HTTP Request: GET https://huggingface.co/api/datasets/zai-org/LongBench "HTTP/1.1 200 OK"
2026-06-28 08:04:39,539 [INFO] core.dataset_loader: Loaded 50 samples from qmsum
2026-06-28 08:04:39,541 [INFO] __main__:   ✓ qmsum: 50샘플 로드 완료
2026-06-28 08:04:39,543 [INFO] __main__: 모든 태스크 데이터 로딩 완료!
2026-06-28 08:04:39,545 [INFO] __main__: 
────────────────────────────────────────────────────────────
2026-06-28 08:04:39,546 [INFO] __main__: Method: FULLKV | Budget: 20%
2026-06-28 08:04:39,547 [INFO] __main__: ────────────────────────────────────────────────────────────
2026-06-28 08:04:39,549 [INFO] __main__: 
  Task: gov_report
2026-06-28 08:04:39,551 [INFO] core.evaluator_v2: [fullkv] gov_report (50샘플, budget=20%)
2026-06-28 08:04:53,160 [INFO] core.evaluator_v2: [fullkv] pred='The National Science Foundation (NSF) uses two programs, IPA and VSEE, to bring in rotators. IPA rotators are employed b'
2026-06-28 08:05:06,667 [INFO] core.evaluator_v2: [fullkv] pred='The document outlines the challenges and efforts in managing federal IT systems and cybersecurity. Despite a $96 billion'
2026-06-28 08:05:23,513 [INFO] core.evaluator_v2: [fullkv] pred="**Summary:**\n\nThis report examines China's actions in the South China Sea (SCS) and East China Sea (ECS), focusing on th"
2026-06-28 08:05:42,027 [INFO] core.evaluator_v2: [fullkv] pred='The Clean Water Act (CWA) and the Safe Drinking Water Act (SDWA) established federal programs to support wastewater and '
2026-06-28 08:05:56,250 [INFO] core.evaluator_v2: [fullkv] pred='The Department of Homeland Security (DHS) has faced significant internal control and financial management system deficie'
2026-06-28 08:05:56,272 [INFO] core.evaluator_v2:   [5/50] avg=16.41
2026-06-28 08:06:10,502 [INFO] core.evaluator_v2: [fullkv] pred='The document outlines the ongoing challenges federal agencies face with cybersecurity incidents, highlighting the signif'
2026-06-28 08:06:21,647 [INFO] core.evaluator_v2: [fullkv] pred='The Small Business Act of 1953 established the Small Business Administration (SBA) to promote small businesses and ensur'
2026-06-28 08:06:35,162 [INFO] core.evaluator_v2: [fullkv] pred='The Department of Defense (DOD) uses "other transaction" (OT) authorities to conduct research, develop prototypes, and c'
2026-06-28 08:06:48,892 [INFO] core.evaluator_v2: [fullkv] pred='The document discusses the evolving role of cash in the payment system, highlighting the increasing adoption of electron'
2026-06-28 08:07:05,124 [INFO] core.evaluator_v2: [fullkv] pred='The Department of Homeland Security (DHS) has established comprehensive policies and processes to manage its major acqui'
2026-06-28 08:07:05,142 [INFO] core.evaluator_v2:   [10/50] avg=14.80
2026-06-28 08:07:20,586 [INFO] core.evaluator_v2: [fullkv] pred='This report provides a detailed analysis of the Department of Homeland Security (DHS) appropriations for FY2019, compari'
2026-06-28 08:07:32,966 [INFO] core.evaluator_v2: [fullkv] pred='The U.S. federal government owns about 640 million acres, mostly in the western states, managed by four agencies: NPS, F'
2026-06-28 08:07:44,298 [INFO] core.evaluator_v2: [fullkv] pred='The document outlines the financial and operational aspects of the Black Lung Disability Trust Fund. It details the bene'
2026-06-28 08:07:58,747 [INFO] core.evaluator_v2: [fullkv] pred='The document provides an overview of U.S. foreign aid, its role in foreign policy, and its evolution over time. It outli'
2026-06-28 08:08:19,697 [INFO] core.evaluator_v2: [fullkv] pred='The document provides an overview of coal mining in the United States, focusing on the regulatory framework established '
2026-06-28 08:08:19,728 [INFO] core.evaluator_v2:   [15/50] avg=15.02
2026-06-28 08:08:29,583 [INFO] core.evaluator_v2: [fullkv] pred="The Public Safety Officers' Benefits (PSOB) and Educational Assistance (PSOEA) programs provide financial support to the"
2026-06-28 08:08:36,005 [INFO] core.evaluator_v2: [fullkv] pred="The document outlines the FBI's challenges with its Hoover Building headquarters since 2011, including security concerns"
2026-06-28 08:08:47,088 [INFO] core.evaluator_v2: [fullkv] pred='The document discusses challenges faced by the Department of Veterans Affairs (VA) in aligning its medical facilities an'
2026-06-28 08:09:12,001 [INFO] core.evaluator_v2: [fullkv] pred='The document provides an overview of the FY2019 budget request and appropriations for the International Trade Administra'
2026-06-28 08:09:24,218 [INFO] core.evaluator_v2: [fullkv] pred='The document outlines the federal Black Lung Program, which provides benefits to coal miners and their survivors affecte'
2026-06-28 08:09:24,227 [INFO] core.evaluator_v2:   [20/50] avg=15.86
2026-06-28 08:09:41,457 [INFO] core.evaluator_v2: [fullkv] pred="The document discusses the technology sector's significant employment hubs and the employment of technology workers acro"
2026-06-28 08:10:00,072 [INFO] core.evaluator_v2: [fullkv] pred='The document provides an overview of the current U.S. federal framework for Internet privacy, highlighting the lack of c'
2026-06-28 08:10:16,683 [INFO] core.evaluator_v2: [fullkv] pred='**Summary:**\n\nOver the past 30 years, there has been a shift from defined benefit (DB) to defined contribution (DC) reti'
2026-06-28 08:10:30,440 [INFO] core.evaluator_v2: [fullkv] pred='The Social Security Administration (SSA) is responsible for administering three major programs: Old-Age and Survivors In'
2026-06-28 08:10:47,790 [INFO] core.evaluator_v2: [fullkv] pred='The document outlines the financial challenges facing the RHB Fund, which supports postal retiree health benefits under '
2026-06-28 08:10:47,815 [INFO] core.evaluator_v2:   [25/50] avg=15.94
2026-06-28 08:11:01,417 [INFO] core.evaluator_v2: [fullkv] pred='The 116th Congress may address various housing-related issues, including housing finance, assistance programs, and tax p'
2026-06-28 08:11:13,913 [INFO] core.evaluator_v2: [fullkv] pred='The National Popular Vote (NPV) initiative, established in 2006, seeks to achieve direct popular election of the Preside'
2026-06-28 08:11:30,399 [INFO] core.evaluator_v2: [fullkv] pred='The Energy and Water Development appropriations bill includes funding for various federal agencies, including the U.S. A'
2026-06-28 08:11:42,887 [INFO] core.evaluator_v2: [fullkv] pred='The federal government manages hundreds of thousands of buildings costing billions annually. To improve efficiency and r'
2026-06-28 08:11:56,453 [INFO] core.evaluator_v2: [fullkv] pred='The National Cemeteries Act of 1973 established the modern veterans’ cemetery system, managed by the VA’s National Cemet'
2026-06-28 08:11:56,464 [INFO] core.evaluator_v2:   [30/50] avg=15.90
2026-06-28 08:12:11,484 [INFO] core.evaluator_v2: [fullkv] pred='The document discusses the critical role of banking in the U.S. economy, highlighting both its potential benefits and ri'
2026-06-28 08:12:23,621 [INFO] core.evaluator_v2: [fullkv] pred='**Summary:**\n\nThe U.S. global defense posture is a critical component of U.S. defense strategy, encompassing forces, foo'
2026-06-28 08:12:41,188 [INFO] core.evaluator_v2: [fullkv] pred='The document outlines the Lobbying Disclosure Act (LDA) requirements for lobbyists in the U.S. Congress, detailing regis'
2026-06-28 08:13:01,734 [INFO] core.evaluator_v2: [fullkv] pred='**Summary:**\n\nPuerto Rico, a U.S. territory with approximately 3.3 million residents, is subject to federal laws but has'
2026-06-28 08:13:17,300 [INFO] core.evaluator_v2: [fullkv] pred='The document discusses the increasing congressional interest in improving small business access to capital, driven by co'
2026-06-28 08:13:17,325 [INFO] core.evaluator_v2:   [35/50] avg=15.60
2026-06-28 08:13:33,864 [INFO] core.evaluator_v2: [fullkv] pred='WMATA, established in 1967 through an interstate compact, operates a regional transit system in the National Capital reg'
2026-06-28 08:13:46,424 [INFO] core.evaluator_v2: [fullkv] pred='The minority leader of the U.S. House of Representatives serves as the head of the "loyal opposition," tasked with repre'
2026-06-28 08:14:05,729 [INFO] core.evaluator_v2: [fullkv] pred='The document outlines the eligibility criteria for institutions of higher education (IHEs) to participate in Title IV st'
2026-06-28 08:14:22,282 [INFO] core.evaluator_v2: [fullkv] pred='The Secret Service is responsible for protecting the President, Vice President, their families, and national leaders, as'
2026-06-28 08:14:32,901 [INFO] core.evaluator_v2: [fullkv] pred='The document discusses the understanding and regulation of low-dose radiation exposure in the United States. It explains'
2026-06-28 08:14:32,919 [INFO] core.evaluator_v2:   [40/50] avg=15.77
2026-06-28 08:14:47,495 [INFO] core.evaluator_v2: [fullkv] pred='**Summary:**\n\nNeonatal Abstinence Syndrome (NAS) is a condition in infants caused by prenatal opioid exposure. Prenatal '
2026-06-28 08:15:02,459 [INFO] core.evaluator_v2: [fullkv] pred='The document provides an overview of the Aegis Ballistic Missile Defense (BMD) program, managed by the Missile Defense A'
2026-06-28 08:15:17,663 [INFO] core.evaluator_v2: [fullkv] pred='**Summary:**\n\nCross-border data flows are vital to global trade, enabling digital commerce, innovation, and economic gro'
2026-06-28 08:15:31,054 [INFO] core.evaluator_v2: [fullkv] pred='This document provides a detailed chronology of official responses to military sexual assault incidents from 2013 to 201'
2026-06-28 08:15:44,691 [INFO] core.evaluator_v2: [fullkv] pred='The document discusses the importance of reliable cost estimates for the 2020 Census, emphasizing that they are essentia'
2026-06-28 08:15:44,704 [INFO] core.evaluator_v2:   [45/50] avg=15.87
2026-06-28 08:16:01,950 [INFO] core.evaluator_v2: [fullkv] pred='**Summary:**\n\nThe document outlines the growing recognition of climate change as a significant driver of migration, with'
2026-06-28 08:16:12,838 [INFO] core.evaluator_v2: [fullkv] pred="The document discusses USPS's growing reliance on competitive products, which now account for 28% of its revenue. These "
2026-06-28 08:16:28,372 [INFO] core.evaluator_v2: [fullkv] pred='**Summary:**\n\nSince 1993, USAID has provided over $5 billion in bilateral assistance to the Palestinians in the West Ban'
2026-06-28 08:16:41,297 [INFO] core.evaluator_v2: [fullkv] pred='This document outlines how federal agencies acquire and manage heavy equipment, detailing the use of leases versus purch'
2026-06-28 08:16:57,234 [INFO] core.evaluator_v2: [fullkv] pred="The U.S. has been involved in Afghanistan since 2001, focusing on building the country's security and governance to prev"
2026-06-28 08:16:57,247 [INFO] core.evaluator_v2:   [50/50] avg=16.09
2026-06-28 08:16:57,248 [INFO] __main__:   → score=16.09, mem_red=0.0%, ttft=2730.9ms
2026-06-28 08:16:57,248 [INFO] __main__: 
  Task: qmsum
2026-06-28 08:16:57,249 [INFO] core.evaluator_v2: [fullkv] qmsum (50샘플, budget=20%)
2026-06-28 08:17:09,646 [INFO] core.evaluator_v2: [fullkv] pred='The document is a transcript of a project meeting where the team discusses the goals and structure of a design project t'
2026-06-28 08:17:25,862 [INFO] core.evaluator_v2: [fullkv] pred='The document is a meeting transcript between a Project Manager, User Interface specialist, Industrial Designer, and Mark'
2026-06-28 08:17:34,955 [INFO] core.evaluator_v2: [fullkv] pred='The meeting discusses progress on the SmartKom project, focusing on advancements in speech synthesis and dialogue manage'
2026-06-28 08:17:46,626 [INFO] core.evaluator_v2: [fullkv] pred='The document is a transcript of a meeting discussing the design and development of a new remote control device, featurin'
2026-06-28 08:18:01,961 [INFO] core.evaluator_v2: [fullkv] pred='The document is a transcript of a conceptual design meeting for a remote control device. Key points include:\n\n- **Energy'
2026-06-28 08:18:01,963 [INFO] core.evaluator_v2:   [5/50] avg=9.83
2026-06-28 08:18:16,079 [INFO] core.evaluator_v2: [fullkv] pred='The document is a conversation among researchers discussing their recent experiments in speech recognition, focusing on '
2026-06-28 08:18:26,556 [INFO] core.evaluator_v2: [fullkv] pred='The document is a conversation among graduate students and a professor discussing a research project called "Meeting Rec'
2026-06-28 08:18:39,519 [INFO] core.evaluator_v2: [fullkv] pred="The Welsh Government's childcare offer, introduced through a pilot program, is being rolled out gradually to learn lesso"
2026-06-28 08:18:50,841 [INFO] core.evaluator_v2: [fullkv] pred='The meeting discusses the status of transcription work, with Jane not attending. IBM has sent the tape for transcription'
2026-06-28 08:19:02,432 [INFO] core.evaluator_v2: [fullkv] pred='The document is a transcript of a kick-off meeting for the design of a new remote control. The project manager, Christa '
2026-06-28 08:19:02,434 [INFO] core.evaluator_v2:   [10/50] avg=8.56
2026-06-28 08:19:15,431 [INFO] core.evaluator_v2: [fullkv] pred='The document is a meeting transcript discussing a speech recognition project. Key points include:\n\n- **Microphone Setup*'
2026-06-28 08:19:28,432 [INFO] core.evaluator_v2: [fullkv] pred="The Welsh Government's childcare offer, introduced through a pilot program, is being rolled out gradually to learn lesso"
2026-06-28 08:19:39,363 [INFO] core.evaluator_v2: [fullkv] pred='The Children, Young People and Education Committee held a virtual meeting to discuss the impact of the coronavirus pande'
2026-06-28 08:19:51,405 [INFO] core.evaluator_v2: [fullkv] pred='The document is a meeting transcript where the team reviews the design of a new remote control shaped like a banana. Key'
2026-06-28 08:20:04,788 [INFO] core.evaluator_v2: [fullkv] pred='The project team is preparing for a meeting to discuss the design of a remote control. The Industrial Designer presented'
2026-06-28 08:20:04,791 [INFO] core.evaluator_v2:   [15/50] avg=9.03
2026-06-28 08:20:19,267 [INFO] core.evaluator_v2: [fullkv] pred='The document is a transcript of a meeting between a Project Manager, Marketing, User Interface, and Industrial Designer '
2026-06-28 08:20:31,314 [INFO] core.evaluator_v2: [fullkv] pred='The document is a transcript of a kick-off meeting for the design of a new remote control. The project manager, Christa '
2026-06-28 08:20:44,368 [INFO] core.evaluator_v2: [fullkv] pred='The document is a meeting transcript discussing a speech recognition project. Key points include:\n\n- **Microphone Setup*'
2026-06-28 08:21:01,954 [INFO] core.evaluator_v2: [fullkv] pred='The document is a transcript of a meeting between a Project Manager, Industrial Designer, User Interface specialist, and'
2026-06-28 08:21:15,067 [INFO] core.evaluator_v2: [fullkv] pred="The Welsh Government's childcare offer, introduced through a pilot program, is being rolled out gradually to learn lesso"
2026-06-28 08:21:15,070 [INFO] core.evaluator_v2:   [20/50] avg=9.70
2026-06-28 08:21:31,242 [INFO] core.evaluator_v2: [fullkv] pred='The document is a transcript of a detail design meeting for a new remote control device. The team, including the Project'
2026-06-28 08:21:42,842 [INFO] core.evaluator_v2: [fullkv] pred='The 12th meeting of the House of Commons Special Committee on the COVID-19 Pandemic was held as a hybrid meeting, with s'
2026-06-28 08:21:56,739 [INFO] core.evaluator_v2: [fullkv] pred='The document is a conversation among researchers discussing their recent experiments in speech recognition, focusing on '
2026-06-28 08:22:08,440 [INFO] core.evaluator_v2: [fullkv] pred='The document is a transcript of a meeting discussing the design and development of a new remote control device, featurin'
2026-06-28 08:22:21,147 [INFO] core.evaluator_v2: [fullkv] pred='The document is a conversation among a Project Manager, User Interface designer, Industrial Designer, and Marketing repr'
2026-06-28 08:22:21,150 [INFO] core.evaluator_v2:   [25/50] avg=9.65
2026-06-28 08:22:34,372 [INFO] core.evaluator_v2: [fullkv] pred='The project team discussed the design of a new television remote control. Key points include:\n\n- The remote must be tele'
2026-06-28 08:22:50,526 [INFO] core.evaluator_v2: [fullkv] pred='The document is a transcript of a detail design meeting for a new remote control device. The team, including the Project'
2026-06-28 08:23:00,989 [INFO] core.evaluator_v2: [fullkv] pred='The document is a conversation among graduate students and a professor discussing a research project called "Meeting Rec'
2026-06-28 08:23:13,939 [INFO] core.evaluator_v2: [fullkv] pred='The document is a transcript of a functional design meeting where the project team discusses the design and requirements'
2026-06-28 08:23:25,655 [INFO] core.evaluator_v2: [fullkv] pred='The document is a transcript of a kick-off meeting for the design of a new remote control. The project manager, Christa '
2026-06-28 08:23:25,658 [INFO] core.evaluator_v2:   [30/50] avg=9.97
2026-06-28 08:23:41,846 [INFO] core.evaluator_v2: [fullkv] pred='The document is a meeting transcript between a Project Manager, User Interface specialist, Industrial Designer, and Mark'
2026-06-28 08:23:57,913 [INFO] core.evaluator_v2: [fullkv] pred='The Special Committee on the COVID-19 Pandemic held its seventh meeting, where members presented petitions and questione'
2026-06-28 08:24:09,423 [INFO] core.evaluator_v2: [fullkv] pred='The document is a transcript of a meeting between team members discussing the design and requirements for a new remote c'
2026-06-28 08:24:20,591 [INFO] core.evaluator_v2: [fullkv] pred='The Children, Young People and Education Committee held a virtual meeting to discuss the impact of the coronavirus pande'
2026-06-28 08:24:32,942 [INFO] core.evaluator_v2: [fullkv] pred='The document is a conversation among researchers discussing ongoing projects and challenges in speech processing. Key po'
2026-06-28 08:24:32,944 [INFO] core.evaluator_v2:   [35/50] avg=10.01
2026-06-28 08:24:49,183 [INFO] core.evaluator_v2: [fullkv] pred='The document is a transcript of a detail design meeting for a new remote control device. The team, including the Project'
2026-06-28 08:25:05,446 [INFO] core.evaluator_v2: [fullkv] pred='The document is a transcript of a detail design meeting for a new remote control device. The team, including the Project'
2026-06-28 08:25:21,590 [INFO] core.evaluator_v2: [fullkv] pred='The Special Committee on the COVID-19 Pandemic held its seventh meeting, where members presented petitions and questione'
2026-06-28 08:25:33,518 [INFO] core.evaluator_v2: [fullkv] pred='The document is a meeting transcript where the team reviews the design of a new remote control shaped like a banana. Key'
2026-06-28 08:25:49,711 [INFO] core.evaluator_v2: [fullkv] pred='The document is a meeting transcript between a Project Manager, User Interface specialist, Industrial Designer, and Mark'
2026-06-28 08:25:49,717 [INFO] core.evaluator_v2:   [40/50] avg=10.11
2026-06-28 08:26:04,834 [INFO] core.evaluator_v2: [fullkv] pred='The document is a transcript of a conceptual design meeting for a remote control device. Key points include:\n\n- **Energy'
2026-06-28 08:26:16,317 [INFO] core.evaluator_v2: [fullkv] pred='The Children, Young People and Education Committee held a virtual meeting to discuss the impact of the coronavirus pande'
2026-06-28 08:26:33,747 [INFO] core.evaluator_v2: [fullkv] pred='The document is a transcript of a meeting between a Project Manager, Industrial Designer, User Interface specialist, and'
2026-06-28 08:26:51,763 [INFO] core.evaluator_v2: [fullkv] pred='The document is a transcript of a functional design meeting between a Project Manager, Marketing expert (Sammy Benjo), a'
2026-06-28 08:27:04,419 [INFO] core.evaluator_v2: [fullkv] pred='The document is a conversation among researchers discussing ongoing projects and challenges in speech processing. Key po'
2026-06-28 08:27:04,425 [INFO] core.evaluator_v2:   [45/50] avg=9.92
2026-06-28 08:27:18,223 [INFO] core.evaluator_v2: [fullkv] pred='The document is a transcript of a meeting among a Project Manager, Marketing, Industrial Designer, and User Interface De'
2026-06-28 08:27:31,807 [INFO] core.evaluator_v2: [fullkv] pred='The document is a transcript of a meeting among a Project Manager, Marketing, Industrial Designer, and User Interface De'
2026-06-28 08:27:44,106 [INFO] core.evaluator_v2: [fullkv] pred='The document is a transcript of a project meeting where the team discusses the goals and structure of a design project t'
2026-06-28 08:28:01,617 [INFO] core.evaluator_v2: [fullkv] pred='The document is a transcript of a meeting between a Project Manager, Industrial Designer, User Interface specialist, and'
2026-06-28 08:28:12,765 [INFO] core.evaluator_v2: [fullkv] pred='The Children, Young People and Education Committee held a virtual meeting to discuss the impact of the coronavirus pande'
2026-06-28 08:28:12,768 [INFO] core.evaluator_v2:   [50/50] avg=9.79
2026-06-28 08:28:12,769 [INFO] __main__:   → score=9.79, mem_red=0.0%, ttft=2918.1ms
2026-06-28 08:28:12,769 [INFO] __main__: 
────────────────────────────────────────────────────────────
2026-06-28 08:28:12,770 [INFO] __main__: Method: STREAMING | Budget: 20%
2026-06-28 08:28:12,771 [INFO] __main__: ────────────────────────────────────────────────────────────
2026-06-28 08:28:12,771 [INFO] __main__: 
  Task: gov_report
2026-06-28 08:28:12,772 [INFO] core.evaluator_v2: [streaming] gov_report (50샘플, budget=20%)
2026-06-28 08:28:31,279 [INFO] core.evaluator_v2: [streaming] pred='The National Science Foundation (NSF) has recognized the need to strategically manage its use of rotating researchers (r'
2026-06-28 08:28:51,936 [INFO] core.evaluator_v2: [streaming] pred='The Federal Information Security Management Act (FISMA) requires federal agencies to implement and maintain effective in'
2026-06-28 08:29:16,067 [INFO] core.evaluator_v2: [streaming] pred='The provided text is a collection of articles, analyses, and commentary from various sources, primarily from the *Nation'
2026-06-28 08:29:42,989 [INFO] core.evaluator_v2: [streaming] pred='The 2018–2020 federal budget for the Environmental Protection Agency (EPA) included significant funding for water infras'
2026-06-28 08:30:07,882 [INFO] core.evaluator_v2: [streaming] pred='The Department of Homeland Security (DHS) conducted an audit of the TRIO project, which involves the U.S. Coast Guard (C'
2026-06-28 08:30:07,919 [INFO] core.evaluator_v2:   [5/50] avg=16.43
2026-06-28 08:30:32,847 [INFO] core.evaluator_v2: [streaming] pred='**Summary:**\n\nThis report evaluates the effectiveness of federal agencies in implementing cybersecurity measures, partic'
2026-06-28 08:30:54,104 [INFO] core.evaluator_v2: [streaming] pred='The Small Business Administration (SBA) has issued a comprehensive set of guidelines and requirements for small business'
2026-06-28 08:31:05,014 [INFO] core.evaluator_v2: [streaming] pred='The summary of the provided text is as follows:\n\nThis text outlines the regulations and procedures for the use of non-tr'
2026-06-28 08:31:21,757 [INFO] core.evaluator_v2: [streaming] pred='Cash remains a significant part of the global payment system, but its dominance is gradually being challenged by the ris'
2026-06-28 08:31:47,578 [INFO] core.evaluator_v2: [streaming] pred='**Summary:**\n\nThe Department of Homeland Security (DHS) has made progress in managing its major acquisition programs, bu'
2026-06-28 08:31:47,612 [INFO] core.evaluator_v2:   [10/50] avg=15.12
2026-06-28 08:32:09,365 [INFO] core.evaluator_v2: [streaming] pred='The Department of Homeland Security (DHS) is a federal agency that oversees a wide range of security and immigration-rel'
2026-06-28 08:32:27,091 [INFO] core.evaluator_v2: [streaming] pred='The Bureau of Land Management (BLM) has broad authority to manage and dispose of federal lands in the United States. Thi'
2026-06-28 08:32:49,814 [INFO] core.evaluator_v2: [streaming] pred='The Black Lung Disability Trust Fund (Trust Fund) faces significant financial challenges in balancing its revenues and e'
2026-06-28 08:33:15,985 [INFO] core.evaluator_v2: [streaming] pred='**Summary:**\n\nThe United States provides significant foreign assistance, including economic, security, and humanitarian '
2026-06-28 08:33:40,438 [INFO] core.evaluator_v2: [streaming] pred='**Summary:**\n\nThe U.S. Office of Surface Mining Reclamation and Enforcement (OSMRE) oversees the reclamation of coal min'
2026-06-28 08:33:40,464 [INFO] core.evaluator_v2:   [15/50] avg=15.63
2026-06-28 08:34:01,331 [INFO] core.evaluator_v2: [streaming] pred="The **Public Safety Officers' Benefits Act (PSOEA)** provides financial assistance to eligible public safety officers an"
2026-06-28 08:34:13,734 [INFO] core.evaluator_v2: [streaming] pred='The GAO report outlines various funding mechanisms and budgetary strategies to support federal real property needs, emph'
2026-06-28 08:34:23,813 [INFO] core.evaluator_v2: [streaming] pred='The GAO report highlights key challenges in the implementation of the BRAC 2005 process, which involved the consolidatio'
2026-06-28 08:34:50,248 [INFO] core.evaluator_v2: [streaming] pred='The Consolidated Appropriations Act of 2019 (P.L. 116-6) provided funding for various U.S. trade and economic programs, '
2026-06-28 08:35:15,039 [INFO] core.evaluator_v2: [streaming] pred='The Black Lung Benefits Act (BLBA) provides financial support to eligible coal miners and their survivors who have been '
2026-06-28 08:35:15,060 [INFO] core.evaluator_v2:   [20/50] avg=15.62
2026-06-28 08:35:40,585 [INFO] core.evaluator_v2: [streaming] pred='This report examines the representation of racial and ethnic groups among individuals with bachelor’s or master’s degree'
2026-06-28 08:36:04,870 [INFO] core.evaluator_v2: [streaming] pred='**Summary of the Report on Internet Privacy and Data Security:**\n\nThe report highlights the growing importance of Intern'
2026-06-28 08:36:31,309 [INFO] core.evaluator_v2: [streaming] pred='**Summary:**\n\nThis report examines the factors that lead individuals to access retirement savings early and explores pot'
2026-06-28 08:36:53,156 [INFO] core.evaluator_v2: [streaming] pred='**Summary:**\n\nThe Government Accountability Office (GAO) evaluated the management of information technology (IT) at the '
2026-06-28 08:37:17,489 [INFO] core.evaluator_v2: [streaming] pred='The GAO report provides a comprehensive overview of potential policy approaches to address the financial sustainability '
2026-06-28 08:37:17,527 [INFO] core.evaluator_v2:   [25/50] avg=15.96
2026-06-28 08:37:42,743 [INFO] core.evaluator_v2: [streaming] pred='The document discusses the **tax treatment of canceled mortgage debt** and **mortgage insurance premiums** in the United'
2026-06-28 08:38:04,781 [INFO] core.evaluator_v2: [streaming] pred='The National Popular Vote (NPV) initiative is a proposal to ensure that the president of the United States is elected by'
2026-06-28 08:38:26,739 [INFO] core.evaluator_v2: [streaming] pred='The Energy and Water Development Appropriations Bill for Fiscal Year 2020 outlines funding for various federal agencies '
2026-06-28 08:38:45,133 [INFO] core.evaluator_v2: [streaming] pred='The Office of Management and Budget (OMB) and the General Services Administration (GSA) have implemented the Real Proper'
2026-06-28 08:39:06,387 [INFO] core.evaluator_v2: [streaming] pred='The U.S. Department of Veterans Affairs (VA) has been working to improve access to burial options for veterans, with a g'
2026-06-28 08:39:06,410 [INFO] core.evaluator_v2:   [30/50] avg=15.79
2026-06-28 08:39:26,332 [INFO] core.evaluator_v2: [streaming] pred='The financial sector is undergoing significant transformation due to the rise of fintech, which offers innovative soluti'
2026-06-28 08:39:48,082 [INFO] core.evaluator_v2: [streaming] pred='The Department of Defense (DOD) has partially concurred with the recommendations in the report regarding the planning an'
2026-06-28 08:40:13,866 [INFO] core.evaluator_v2: [streaming] pred='**Summary:**\n\nThis report examines the compliance of lobbyists with the **Lobbying Disclosure Act (LDA)**, specifically '
2026-06-28 08:40:39,132 [INFO] core.evaluator_v2: [streaming] pred='**Summary of the GAO Report on Puerto Rico’s Financial Condition and Debt Levels**\n\nThe U.S. Government Accountability O'
2026-06-28 08:41:05,583 [INFO] core.evaluator_v2: [streaming] pred='The Small Business Lending Fund (SBLF) was established under the Small Business Jobs Act of 2010 (P.L. 111-240) to provi'
2026-06-28 08:41:05,617 [INFO] core.evaluator_v2:   [35/50] avg=15.62
2026-06-28 08:41:19,870 [INFO] core.evaluator_v2: [streaming] pred="WMATA's capital planning and budgeting processes were reviewed to assess their effectiveness in identifying and prioriti"
2026-06-28 08:41:41,752 [INFO] core.evaluator_v2: [streaming] pred='The minority leader in the U.S. House of Representatives plays a critical role in representing the interests of their pa'
2026-06-28 08:42:06,480 [INFO] core.evaluator_v2: [streaming] pred='The document outlines the requirements and regulations related to Title IV of the Higher Education Act (HEA), focusing o'
2026-06-28 08:42:29,232 [INFO] core.evaluator_v2: [streaming] pred='The Department of Homeland Security (DHS) and the Secret Service have implemented a comprehensive Information Integratio'
2026-06-28 08:42:37,881 [INFO] core.evaluator_v2: [streaming] pred='The report highlights the need for interagency collaboration to address research priorities related to the health effect'
2026-06-28 08:42:37,891 [INFO] core.evaluator_v2:   [40/50] avg=15.66
2026-06-28 08:43:05,388 [INFO] core.evaluator_v2: [streaming] pred='**Summary:**\n\nThe document provides a comprehensive overview of **neonatal abstinence syndrome (NAS)**, a condition that'
2026-06-28 08:43:32,617 [INFO] core.evaluator_v2: [streaming] pred='The Aegis Ballistic Missile Defense (BMD) system has demonstrated capability to intercept non-separating, simple-separat'
2026-06-28 08:43:56,768 [INFO] core.evaluator_v2: [streaming] pred='The balance between data flows and privacy protection is critical for maintaining trust in the digital environment and a'
2026-06-28 08:44:25,201 [INFO] core.evaluator_v2: [streaming] pred='The provided text is a list of legislative reports and bills related to the **U.S. Department of Defense**, **National D'
2026-06-28 08:44:49,599 [INFO] core.evaluator_v2: [streaming] pred="The Bureau's cost estimate process was reviewed to ensure it meets the standards outlined in the Cost Estimating and Ass"
2026-06-28 08:44:49,634 [INFO] core.evaluator_v2:   [45/50] avg=15.57
2026-06-28 08:45:04,042 [INFO] core.evaluator_v2: [streaming] pred="The U.S. Department of Treasury's Climate Change Adaptation (LDCF) initiative aims to support climate resilience in eigh"
2026-06-28 08:45:18,321 [INFO] core.evaluator_v2: [streaming] pred='The U.S. Postal Service (USPS) faces challenges in accurately scanning competitive products, which are critical to its e'
2026-06-28 08:45:40,120 [INFO] core.evaluator_v2: [streaming] pred='**Summary:**\n\nGAO reviewed the treatment, handling, and use of funds provided through the ESF for assistance to the West'
2026-06-28 08:46:05,616 [INFO] core.evaluator_v2: [streaming] pred='**Summary of the Audit of the Short-Term Rental Program for Heavy Equipment**\n\nThis audit evaluated how three selected f'
2026-06-28 08:46:31,576 [INFO] core.evaluator_v2: [streaming] pred='The U.S. Department of Defense (DOD) has procured and maintained a variety of equipment for the Afghan National Security'
2026-06-28 08:46:31,600 [INFO] core.evaluator_v2:   [50/50] avg=15.78
2026-06-28 08:46:31,607 [INFO] __main__:   → score=15.78, mem_red=80.0%, ttft=2699.2ms
2026-06-28 08:46:31,608 [INFO] __main__: 
  Task: qmsum
2026-06-28 08:46:31,608 [INFO] core.evaluator_v2: [streaming] qmsum (50샘플, budget=20%)
2026-06-28 08:46:43,127 [INFO] core.evaluator_v2: [streaming] pred='The team is discussing the design of a new remote control device. The goal is to create a sleek, stylish, and functional'
2026-06-28 08:46:53,080 [INFO] core.evaluator_v2: [streaming] pred='The team is discussing the design of a new product, focusing on user interface and user experience. They are considering'
2026-06-28 08:47:02,708 [INFO] core.evaluator_v2: [streaming] pred='The meeting is scheduled to discuss the next steps for the project, with a focus on refining the structure and addressin'
2026-06-28 08:47:11,267 [INFO] core.evaluator_v2: [streaming] pred='The meeting concluded with a celebration, as the team felt they had successfully completed their project. The discussion'
2026-06-28 08:47:24,915 [INFO] core.evaluator_v2: [streaming] pred='The team is discussing the design of a remote control device, focusing on two key aspects: the material (titanium or spo'
2026-06-28 08:47:24,917 [INFO] core.evaluator_v2:   [5/50] avg=9.31
2026-06-28 08:47:41,338 [INFO] core.evaluator_v2: [streaming] pred='The meeting discussed various aspects of a research project involving neural networks, data processing, and computationa'
2026-06-28 08:47:49,427 [INFO] core.evaluator_v2: [streaming] pred='The meeting discussed the development of a navigation system that can take users to their intended destination rather th'
2026-06-28 08:48:10,760 [INFO] core.evaluator_v2: [streaming] pred='The Welsh Government has announced a new childcare offer aimed at supporting families, particularly those on lower incom'
2026-06-28 08:48:21,288 [INFO] core.evaluator_v2: [streaming] pred='The meeting discussed the training of a neural network for speech recognition, focusing on the number of hidden units an'
2026-06-28 08:48:32,489 [INFO] core.evaluator_v2: [streaming] pred='The meeting discussed the design of a universal remote control that allows users to change channels, adjust volume, and '
2026-06-28 08:48:32,491 [INFO] core.evaluator_v2:   [10/50] avg=7.94
2026-06-28 08:48:42,507 [INFO] core.evaluator_v2: [streaming] pred='The meeting is focused on discussing the development of a global encoding standard for audio processing, with a particul'
2026-06-28 08:49:04,020 [INFO] core.evaluator_v2: [streaming] pred='The Welsh Government has announced a new childcare offer aimed at supporting families, particularly those on lower incom'
2026-06-28 08:49:19,128 [INFO] core.evaluator_v2: [streaming] pred='The committee met to discuss the impact of the pandemic on children and young people, focusing on the support systems in'
2026-06-28 08:49:29,884 [INFO] core.evaluator_v2: [streaming] pred='The team concluded their meeting with a positive assessment of the project, noting that it was well within budget and th'
2026-06-28 08:49:45,119 [INFO] core.evaluator_v2: [streaming] pred='The team has finalized the design concept for a new product, incorporating the following key features:\n\n- **Power Source'
2026-06-28 08:49:45,123 [INFO] core.evaluator_v2:   [15/50] avg=8.22
2026-06-28 08:49:57,753 [INFO] core.evaluator_v2: [streaming] pred='The meeting discussed the development of a universal remote control for a new television and DVD player. The team aimed '
2026-06-28 08:50:09,037 [INFO] core.evaluator_v2: [streaming] pred='The meeting discussed the design of a universal remote control that allows users to change channels, adjust volume, and '
2026-06-28 08:50:19,098 [INFO] core.evaluator_v2: [streaming] pred='The meeting is focused on discussing the development of a global encoding standard for audio processing, with a particul'
2026-06-28 08:50:35,330 [INFO] core.evaluator_v2: [streaming] pred='The conversation revolves around a team working on a project, with members discussing various aspects of their work, inc'
2026-06-28 08:50:56,705 [INFO] core.evaluator_v2: [streaming] pred='The Welsh Government has announced a new childcare offer aimed at supporting families, particularly those on lower incom'
2026-06-28 08:50:56,713 [INFO] core.evaluator_v2:   [20/50] avg=8.95
2026-06-28 08:51:08,191 [INFO] core.evaluator_v2: [streaming] pred='The meeting concluded with a positive evaluation of the project, highlighting strong teamwork, creative ideas, and effec'
2026-06-28 08:51:15,303 [INFO] core.evaluator_v2: [streaming] pred='The committee meeting adjourned. The Acting Chair (Mr. Bruce Stanton) thanked the members for their efforts in getting t'
2026-06-28 08:51:31,666 [INFO] core.evaluator_v2: [streaming] pred='The meeting discussed various aspects of a research project involving neural networks, data processing, and computationa'
2026-06-28 08:51:40,139 [INFO] core.evaluator_v2: [streaming] pred='The meeting concluded with a celebration, as the team felt they had successfully completed their project. The discussion'
2026-06-28 08:51:49,824 [INFO] core.evaluator_v2: [streaming] pred='The project team has decided to modify the product design to reduce costs and improve usability. The final design will f'
2026-06-28 08:51:49,827 [INFO] core.evaluator_v2:   [25/50] avg=9.31
2026-06-28 08:52:04,580 [INFO] core.evaluator_v2: [streaming] pred='The team discussed the design of a new remote control device, focusing on user interface and experience. Key points incl'
2026-06-28 08:52:16,191 [INFO] core.evaluator_v2: [streaming] pred='The meeting concluded with a positive evaluation of the project, highlighting strong teamwork, creative ideas, and effec'
2026-06-28 08:52:24,354 [INFO] core.evaluator_v2: [streaming] pred='The meeting discussed the development of a navigation system that can take users to their intended destination rather th'
2026-06-28 08:52:35,843 [INFO] core.evaluator_v2: [streaming] pred="The meeting concluded with a discussion on the project's user interface and design requirements. Key points included:\n\n-"
2026-06-28 08:52:46,896 [INFO] core.evaluator_v2: [streaming] pred='The meeting discussed the design of a universal remote control that allows users to change channels, adjust volume, and '
2026-06-28 08:52:46,908 [INFO] core.evaluator_v2:   [30/50] avg=9.36
2026-06-28 08:52:56,785 [INFO] core.evaluator_v2: [streaming] pred='The team is discussing the design of a new product, focusing on user interface and user experience. They are considering'
2026-06-28 08:53:07,471 [INFO] core.evaluator_v2: [streaming] pred='The government is facing criticism over its handling of the national debt, with concerns raised about the accuracy of fi'
2026-06-28 08:53:19,362 [INFO] core.evaluator_v2: [streaming] pred='The meeting discussed various aspects of user interface design for a remote control device, focusing on the placement an'
2026-06-28 08:53:34,388 [INFO] core.evaluator_v2: [streaming] pred='The committee met to discuss the impact of the pandemic on children and young people, focusing on the support systems in'
2026-06-28 08:53:48,661 [INFO] core.evaluator_v2: [streaming] pred='The meeting discussed various topics related to machine learning and signal processing, including:\n\n1. **Model Simplific'
2026-06-28 08:53:48,664 [INFO] core.evaluator_v2:   [35/50] avg=9.32
2026-06-28 08:54:00,120 [INFO] core.evaluator_v2: [streaming] pred='The meeting concluded with a positive evaluation of the project, highlighting strong teamwork, creative ideas, and effec'
2026-06-28 08:54:11,644 [INFO] core.evaluator_v2: [streaming] pred='The meeting concluded with a positive evaluation of the project, highlighting strong teamwork, creative ideas, and effec'
2026-06-28 08:54:22,574 [INFO] core.evaluator_v2: [streaming] pred='The government is facing criticism over its handling of the national debt, with concerns raised about the accuracy of fi'
2026-06-28 08:54:33,360 [INFO] core.evaluator_v2: [streaming] pred='The team concluded their meeting with a positive assessment of the project, noting that it was well within budget and th'
2026-06-28 08:54:43,287 [INFO] core.evaluator_v2: [streaming] pred='The team is discussing the design of a new product, focusing on user interface and user experience. They are considering'
2026-06-28 08:54:43,290 [INFO] core.evaluator_v2:   [40/50] avg=9.69
2026-06-28 08:54:56,955 [INFO] core.evaluator_v2: [streaming] pred='The team is discussing the design of a remote control device, focusing on two key aspects: the material (titanium or spo'
2026-06-28 08:55:11,889 [INFO] core.evaluator_v2: [streaming] pred='The committee met to discuss the impact of the pandemic on children and young people, focusing on the support systems in'
2026-06-28 08:55:28,165 [INFO] core.evaluator_v2: [streaming] pred='The conversation revolves around a team working on a project, with members discussing various aspects of their work, inc'
2026-06-28 08:55:38,324 [INFO] core.evaluator_v2: [streaming] pred='The meeting concluded with a lunch break, followed by a thirty-minute individual work session. The team will reconvene f'
2026-06-28 08:55:52,621 [INFO] core.evaluator_v2: [streaming] pred='The meeting discussed various topics related to machine learning and signal processing, including:\n\n1. **Model Simplific'
2026-06-28 08:55:52,623 [INFO] core.evaluator_v2:   [45/50] avg=9.40
2026-06-28 08:56:04,685 [INFO] core.evaluator_v2: [streaming] pred='The team is discussing the design of a new remote control device that includes a feature to help users locate their remo'
2026-06-28 08:56:16,725 [INFO] core.evaluator_v2: [streaming] pred='The team is discussing the design of a new remote control device that includes a feature to help users locate their remo'
2026-06-28 08:56:28,222 [INFO] core.evaluator_v2: [streaming] pred='The team is discussing the design of a new remote control device. The goal is to create a sleek, stylish, and functional'
2026-06-28 08:56:44,636 [INFO] core.evaluator_v2: [streaming] pred='The conversation revolves around a team working on a project, with members discussing various aspects of their work, inc'
2026-06-28 08:56:59,726 [INFO] core.evaluator_v2: [streaming] pred='The committee met to discuss the impact of the pandemic on children and young people, focusing on the support systems in'
2026-06-28 08:56:59,730 [INFO] core.evaluator_v2:   [50/50] avg=9.57
2026-06-28 08:56:59,731 [INFO] __main__:   → score=9.57, mem_red=80.0%, ttft=2918.4ms
2026-06-28 08:56:59,731 [INFO] __main__: 
────────────────────────────────────────────────────────────
2026-06-28 08:56:59,731 [INFO] __main__: Method: H2O | Budget: 20%
2026-06-28 08:56:59,732 [INFO] __main__: ────────────────────────────────────────────────────────────
2026-06-28 08:56:59,732 [INFO] __main__: 
  Task: gov_report
2026-06-28 08:56:59,732 [INFO] core.evaluator_v2: [h2o] gov_report (50샘플, budget=20%)
2026-06-28 08:57:23,807 [INFO] core.evaluator_v2: [h2o] pred='The National Science Foundation (NSF) has implemented a cost-management strategy for its Independent Research and Develo'
2026-06-28 08:57:48,532 [INFO] core.evaluator_v2: [h2o] pred='The Federal Information Security Management Act (FISMA) is a federal law that requires federal agencies to develop, impl'
2026-06-28 08:58:01,515 [INFO] core.evaluator_v2: [h2o] pred="The United States and its allies face a critical challenge in the South China Sea, where China's maritime assertiveness "
2026-06-28 08:58:28,456 [INFO] core.evaluator_v2: [h2o] pred='The Clean Water SRF and Drinking Water SRF programs were funded at the same levels as FY2017, with the same amounts appr'
2026-06-28 08:58:41,276 [INFO] core.evaluator_v2: [h2o] pred='The Department of Homeland Security (DHS) and its TRIO components—U.S. Coast Guard (Coast Guard), Transportation Securit'
2026-06-28 08:58:41,293 [INFO] core.evaluator_v2:   [5/50] avg=15.81
2026-06-28 08:59:02,163 [INFO] core.evaluator_v2: [h2o] pred='The National Institute of Standards and Technology (NIST) established the cybersecurity framework to provide guidance fo'
2026-06-28 08:59:26,338 [INFO] core.evaluator_v2: [h2o] pred='The Small Business Act (1978) and the Small Business Act (1982) are federal laws that provide small businesses with the '
2026-06-28 08:59:48,837 [INFO] core.evaluator_v2: [h2o] pred='The summary of the provided text is as follows:\n\nThe text outlines the requirements and procedures for the use of "other'
2026-06-28 09:00:00,531 [INFO] core.evaluator_v2: [h2o] pred='The document discusses the decline of cash as a payment system and the rise of electronic payment methods, using Sweden '
2026-06-28 09:00:26,834 [INFO] core.evaluator_v2: [h2o] pred='The Department of Homeland Security (DHS) has implemented a comprehensive acquisition management and resource allocation'
2026-06-28 09:00:26,870 [INFO] core.evaluator_v2:   [10/50] avg=15.60
2026-06-28 09:00:53,360 [INFO] core.evaluator_v2: [h2o] pred='The Department of Homeland Security (DHS) is a federal agency that is responsible for the security of the United States.'
2026-06-28 09:01:08,040 [INFO] core.evaluator_v2: [h2o] pred='The Bureau of Land Management (BLM) has broad authority to acquire and dispose of federal lands, primarily under the Fed'
2026-06-28 09:01:32,979 [INFO] core.evaluator_v2: [h2o] pred='The Black Lung Disability Trust Fund (Trust Fund) is a federal program that provides benefits to coal miners who have be'
2026-06-28 09:01:59,330 [INFO] core.evaluator_v2: [h2o] pred='The United States provides foreign assistance to countries around the world, with the goal of promoting economic develop'
2026-06-28 09:02:23,918 [INFO] core.evaluator_v2: [h2o] pred='The Office of Surface Mining Reclamation and Enforcement (OSMRE) has issued a report on the oversight of financial assur'
2026-06-28 09:02:23,951 [INFO] core.evaluator_v2:   [15/50] avg=16.61
2026-06-28 09:02:44,565 [INFO] core.evaluator_v2: [h2o] pred="The PSOB (Public Safety Officers' Benefits) and PSOEA (Public Safety Officers' Educational Assistance) programs are desi"
2026-06-28 09:03:05,219 [INFO] core.evaluator_v2: [h2o] pred='The U.S. federal government has a 2014 report that outlines selected funding mechanisms and considerations for each mech'
2026-06-28 09:03:10,606 [INFO] core.evaluator_v2: [h2o] pred='The document is a work of the United States government and is not subject to copyright protection in the United States. '
2026-06-28 09:03:37,870 [INFO] core.evaluator_v2: [h2o] pred='The 2019 Congressional Budget and Appropriations Process for the U.S. International Trade Commission (ITC) and the U.S. '
2026-06-28 09:04:02,726 [INFO] core.evaluator_v2: [h2o] pred='The Black Lung Benefits Act (BLBA) of 1981, as amended by the Black Lung Benefits Amendments of 1981, provides for the p'
2026-06-28 09:04:02,751 [INFO] core.evaluator_v2:   [20/50] avg=15.82
2026-06-28 09:04:28,055 [INFO] core.evaluator_v2: [h2o] pred='The analysis of technology workforce representation in the United States, focusing on the technology sector and leading '
2026-06-28 09:04:47,830 [INFO] core.evaluator_v2: [h2o] pred='The Federal Trade Commission (FTC) has issued a report on the Internet privacy and data security issues that have arisen'
2026-06-28 09:05:04,763 [INFO] core.evaluator_v2: [h2o] pred='The report provides an analysis of the factors leading to early withdrawals from retirement savings, including the impac'
2026-06-28 09:05:21,661 [INFO] core.evaluator_v2: [h2o] pred='The Office of Management and Budget (OMB) has issued a guidance document that outlines the roles and responsibilities of'
2026-06-28 09:05:46,585 [INFO] core.evaluator_v2: [h2o] pred='The U.S. Postal Service (USPS) has provided a detailed response to the Government Accountability Office (GAO) regarding '
2026-06-28 09:05:46,623 [INFO] core.evaluator_v2:   [25/50] avg=15.69
2026-06-28 09:06:11,974 [INFO] core.evaluator_v2: [h2o] pred='The Tax Exclusion for Canceled Mortgage Debt Income (RL34212) and the Deduction for Mortgage Insurance Premiums (P.L. 10'
2026-06-28 09:06:36,688 [INFO] core.evaluator_v2: [h2o] pred='The National Popular Vote (NPV) initiative is a proposal to reform the presidential election process by ensuring that th'
2026-06-28 09:07:04,848 [INFO] core.evaluator_v2: [h2o] pred='The Energy and Water Development Appropriations Bill for FY2020 includes several key components and funding allocations '
2026-06-28 09:07:27,203 [INFO] core.evaluator_v2: [h2o] pred='The Office of Management and Budget (OMB) and the Department of Housing and Urban Development (HUD) have issued a final '
2026-06-28 09:07:53,116 [INFO] core.evaluator_v2: [h2o] pred='The Government Accountability Office (GAO) has issued a report to the Department of Veterans Affairs (VA) regarding the '
2026-06-28 09:07:53,143 [INFO] core.evaluator_v2:   [30/50] avg=15.75
2026-06-28 09:08:08,802 [INFO] core.evaluator_v2: [h2o] pred='The Volcker Rule, as proposed, aims to address the risks associated with proprietary trading by banks, particularly in t'
2026-06-28 09:08:32,980 [INFO] core.evaluator_v2: [h2o] pred='**Summary of the Report on the European Reassurance Initiative (ERI) and Defense Department (DOD) Funding and Planning**'
2026-06-28 09:08:44,923 [INFO] core.evaluator_v2: [h2o] pred='The U.S. Attorney’s Office for the District of Columbia (USAO) is responsible for enforcing the Lobbying Disclosure Act '
2026-06-28 09:09:10,336 [INFO] core.evaluator_v2: [h2o] pred='The report provides an analysis of the factors that contributed to Puerto Rico’s financial condition and levels of debt,'
2026-06-28 09:09:29,121 [INFO] core.evaluator_v2: [h2o] pred='The Small Business Lending Fund (SBLF) was established under the Small Business Jobs Act of 2010 (P.L. 111-240) to provi'
2026-06-28 09:09:29,145 [INFO] core.evaluator_v2:   [35/50] avg=15.66
2026-06-28 09:09:54,823 [INFO] core.evaluator_v2: [h2o] pred="**Summary of the Report on WMATA's Capital Planning and Maintenance Programs**\n\nThis report evaluates the capital planni"
2026-06-28 09:10:19,021 [INFO] core.evaluator_v2: [h2o] pred='The minority leader in the House of Representatives is a key strategist and leader of the Democratic party. Their role i'
2026-06-28 09:10:43,754 [INFO] core.evaluator_v2: [h2o] pred='The report provides a comprehensive overview of the Title IV (Federal Student Aid) eligibility criteria for postsecondar'
2026-06-28 09:11:00,352 [INFO] core.evaluator_v2: [h2o] pred='The Secret Service’s Information Integration and Technology Transformation (IITT) investment, which includes two program'
2026-06-28 09:11:20,192 [INFO] core.evaluator_v2: [h2o] pred='The summary of the document is as follows:\n\nThe document discusses the role of the U.S. government in the development of'
2026-06-28 09:11:20,217 [INFO] core.evaluator_v2:   [40/50] avg=15.84
2026-06-28 09:11:44,418 [INFO] core.evaluator_v2: [h2o] pred="The report provides an overview of the federal government's efforts to address the opioid epidemic, with a focus on neon"
2026-06-28 09:12:11,598 [INFO] core.evaluator_v2: [h2o] pred="The Aegis Ballistic Missile Defense (BMD) system is a critical component of the United States' missile defense strategy,"
2026-06-28 09:12:35,664 [INFO] core.evaluator_v2: [h2o] pred='The United States, Japan, Mexico, Canada, South Korea, Singapore, Taiwan, and Australia are members of the APEC CBPR. Th'
2026-06-28 09:13:03,682 [INFO] core.evaluator_v2: [h2o] pred="The U.S. Congress has passed numerous National Defense Authorization Acts (NDAA) to authorize the Department of Defense'"
2026-06-28 09:13:28,083 [INFO] core.evaluator_v2: [h2o] pred='The Bureau of the Census, in its 2020 Census cost estimate, has been criticized for not adequately accounting for risk a'
2026-06-28 09:13:28,110 [INFO] core.evaluator_v2:   [45/50] avg=15.75
2026-06-28 09:13:54,277 [INFO] core.evaluator_v2: [h2o] pred='The United States has implemented a comprehensive climate change adaptation strategy through the Global Climate Change I'
2026-06-28 09:14:18,284 [INFO] core.evaluator_v2: [h2o] pred='The U.S. Postal Service (USPS) has implemented a new internal control framework to improve the design, implementation, a'
2026-06-28 09:14:39,979 [INFO] core.evaluator_v2: [h2o] pred='The report is available at no charge on the GAO website at http://www.gao.gov. If you or your staff have any questions a'
2026-06-28 09:14:51,944 [INFO] core.evaluator_v2: [h2o] pred='This report provides an overview of the Federal Acquisition Regulation (FAR), Office of Management Budget (OMB) A-94, an'
2026-06-28 09:15:17,992 [INFO] core.evaluator_v2: [h2o] pred='The United States has purchased a number of key ANDSF equipment, such as MD-530 helicopters, Mobile Strike Force Vehicle'
2026-06-28 09:15:18,020 [INFO] core.evaluator_v2:   [50/50] avg=16.19
2026-06-28 09:15:18,021 [INFO] __main__:   → score=16.19, mem_red=80.0%, ttft=2731.4ms
2026-06-28 09:15:18,022 [INFO] __main__: 
  Task: qmsum
2026-06-28 09:15:18,022 [INFO] core.evaluator_v2: [h2o] qmsum (50샘플, budget=20%)
2026-06-28 09:15:31,453 [INFO] core.evaluator_v2: [h2o] pred='The team is discussing the design of a new remote control device, focusing on making it more user-friendly, stylish, and'
2026-06-28 09:15:46,820 [INFO] core.evaluator_v2: [h2o] pred='The discussion revolves around the design and development of a new device, focusing on the user interface and industrial'
2026-06-28 09:16:10,275 [INFO] core.evaluator_v2: [h2o] pred='The meeting is about to start, and the group is discussing the upcoming project. The goal is to create a proposal that i'
2026-06-28 09:16:35,690 [INFO] core.evaluator_v2: [h2o] pred='The meeting was a discussion about the {disfmarker} Industrial Designer: {vocalsound} Project Manager: {vocalsound} Mark'
2026-06-28 09:17:02,377 [INFO] core.evaluator_v2: [h2o] pred='The team is discussing the design and features of a new remote control device, focusing on the following key points:\n\n1.'
2026-06-28 09:17:02,380 [INFO] core.evaluator_v2:   [5/50] avg=5.45
2026-06-28 09:17:13,339 [INFO] core.evaluator_v2: [h2o] pred='The speaker is discussing a research project involving neural networks and signal processing, specifically focusing on a'
2026-06-28 09:17:23,083 [INFO] core.evaluator_v2: [h2o] pred='The summary of the text is as follows: \n\nThe text is a conversation between a group of people, including a professor, a '
2026-06-28 09:17:37,064 [INFO] core.evaluator_v2: [h2o] pred='The Welsh Government has launched a new childcare offer, which is a £4.50 per week contribution to the childcare costs o'
2026-06-28 09:17:56,196 [INFO] core.evaluator_v2: [h2o] pred='The discussion revolves around the training of a neural network model, specifically the number of hidden units and the d'
2026-06-28 09:18:14,383 [INFO] core.evaluator_v2: [h2o] pred='The discussion revolves around the design and functionality of a universal remote control that can perform multiple acti'
2026-06-28 09:18:14,386 [INFO] core.evaluator_v2:   [10/50] avg=5.38
2026-06-28 09:18:35,957 [INFO] core.evaluator_v2: [h2o] pred='The speaker is discussing a project related to speech recognition and echo cancellation, and is explaining the structure'
2026-06-28 09:18:50,192 [INFO] core.evaluator_v2: [h2o] pred='The Welsh Government has launched a new childcare offer, which is a £4.50 per week contribution to the childcare costs o'
2026-06-28 09:19:14,106 [INFO] core.evaluator_v2: [h2o] pred='The National Assembly for Wales has been working to support key workers and vulnerable children during the pandemic, wit'
2026-06-28 09:19:26,877 [INFO] core.evaluator_v2: [h2o] pred='The meeting was focused on the development of a remote control device, with a particular emphasis on the user interface '
2026-06-28 09:19:44,323 [INFO] core.evaluator_v2: [h2o] pred='The team is discussing the design and features of a new product, focusing on the user interface and overall design. Key '
2026-06-28 09:19:44,326 [INFO] core.evaluator_v2:   [15/50] avg=5.85
2026-06-28 09:20:12,028 [INFO] core.evaluator_v2: [h2o] pred='The meeting between the Project Manager, Industrial Designer, and User Interface (UI) Designer focused on the developmen'
2026-06-28 09:20:30,373 [INFO] core.evaluator_v2: [h2o] pred='The discussion revolves around the design and functionality of a universal remote control that can perform multiple acti'
2026-06-28 09:20:52,085 [INFO] core.evaluator_v2: [h2o] pred='The speaker is discussing a project related to speech recognition and echo cancellation, and is explaining the structure'
2026-06-28 09:21:18,552 [INFO] core.evaluator_v2: [h2o] pred='The team is discussing a project, with roles and responsibilities assigned to each member. The **Industrial Designer** i'
2026-06-28 09:21:32,550 [INFO] core.evaluator_v2: [h2o] pred='The Welsh Government has launched a new childcare offer, which is a £4.50 per week contribution to the childcare costs o'
2026-06-28 09:21:32,554 [INFO] core.evaluator_v2:   [20/50] avg=6.62
2026-06-28 09:21:52,803 [INFO] core.evaluator_v2: [h2o] pred='The team has successfully completed the project, and the meeting is now over. The key points discussed and decisions mad'
2026-06-28 09:22:03,017 [INFO] core.evaluator_v2: [h2o] pred='The document is a detailed report on the efforts of the Canadian government to respond to the pandemic, with a focus on '
2026-06-28 09:22:13,936 [INFO] core.evaluator_v2: [h2o] pred='The speaker is discussing a research project involving neural networks and signal processing, specifically focusing on a'
2026-06-28 09:22:39,347 [INFO] core.evaluator_v2: [h2o] pred='The meeting was a discussion about the {disfmarker} Industrial Designer: {vocalsound} Project Manager: {vocalsound} Mark'
2026-06-28 09:22:47,964 [INFO] core.evaluator_v2: [h2o] pred='The project was successfully completed with the help of the team. The industrial designer and project manager worked tog'
2026-06-28 09:22:47,966 [INFO] core.evaluator_v2:   [25/50] avg=7.09
2026-06-28 09:23:12,010 [INFO] core.evaluator_v2: [h2o] pred='The team is discussing the design and features of a new remote control device, focusing on the user interface and market'
2026-06-28 09:23:32,099 [INFO] core.evaluator_v2: [h2o] pred='The team has successfully completed the project, and the meeting is now over. The key points discussed and decisions mad'
2026-06-28 09:23:42,013 [INFO] core.evaluator_v2: [h2o] pred='The summary of the text is as follows: \n\nThe text is a conversation between a group of people, including a professor, a '
2026-06-28 09:23:56,360 [INFO] core.evaluator_v2: [h2o] pred='The team is discussing the design and implementation of a remote control device for a new product, focusing on the user '
2026-06-28 09:24:14,592 [INFO] core.evaluator_v2: [h2o] pred='The discussion revolves around the design and functionality of a universal remote control that can perform multiple acti'
2026-06-28 09:24:14,598 [INFO] core.evaluator_v2:   [30/50] avg=7.56
2026-06-28 09:24:29,930 [INFO] core.evaluator_v2: [h2o] pred='The discussion revolves around the design and development of a new device, focusing on the user interface and industrial'
2026-06-28 09:24:48,847 [INFO] core.evaluator_v2: [h2o] pred="The Government of Canada's national debt is a complex issue, and the Minister of Finance, Bill Morneau, has been asked a"
2026-06-28 09:25:14,248 [INFO] core.evaluator_v2: [h2o] pred='The discussion revolves around the design and functionality of a remote control interface for a television, focusing on '
2026-06-28 09:25:38,484 [INFO] core.evaluator_v2: [h2o] pred='The National Assembly for Wales has been working to support key workers and vulnerable children during the pandemic, wit'
2026-06-28 09:25:56,739 [INFO] core.evaluator_v2: [h2o] pred='The discussion revolves around the development and optimization of speech recognition systems, particularly focusing on '
2026-06-28 09:25:56,741 [INFO] core.evaluator_v2:   [35/50] avg=7.48
2026-06-28 09:26:16,884 [INFO] core.evaluator_v2: [h2o] pred='The team has successfully completed the project, and the meeting is now over. The key points discussed and decisions mad'
2026-06-28 09:26:37,218 [INFO] core.evaluator_v2: [h2o] pred='The team has successfully completed the project, and the meeting is now over. The key points discussed and decisions mad'
2026-06-28 09:26:56,292 [INFO] core.evaluator_v2: [h2o] pred="The Government of Canada's national debt is a complex issue, and the Minister of Finance, Bill Morneau, has been asked a"
2026-06-28 09:27:09,233 [INFO] core.evaluator_v2: [h2o] pred='The meeting was focused on the development of a remote control device, with a particular emphasis on the user interface '
2026-06-28 09:27:24,609 [INFO] core.evaluator_v2: [h2o] pred='The discussion revolves around the design and development of a new device, focusing on the user interface and industrial'
2026-06-28 09:27:24,614 [INFO] core.evaluator_v2:   [40/50] avg=7.87
2026-06-28 09:27:51,259 [INFO] core.evaluator_v2: [h2o] pred='The team is discussing the design and features of a new remote control device, focusing on the following key points:\n\n1.'
2026-06-28 09:28:15,431 [INFO] core.evaluator_v2: [h2o] pred='The National Assembly for Wales has been working to support key workers and vulnerable children during the pandemic, wit'
2026-06-28 09:28:41,784 [INFO] core.evaluator_v2: [h2o] pred='The team is discussing a project, with roles and responsibilities assigned to each member. The **Industrial Designer** i'
2026-06-28 09:28:52,554 [INFO] core.evaluator_v2: [h2o] pred='The team is planning to take a lunch break and then return to work for thirty minutes of individual work. They will meet'
2026-06-28 09:29:11,002 [INFO] core.evaluator_v2: [h2o] pred='The discussion revolves around the development and optimization of speech recognition systems, particularly focusing on '
2026-06-28 09:29:11,010 [INFO] core.evaluator_v2:   [45/50] avg=7.65
2026-06-28 09:29:36,656 [INFO] core.evaluator_v2: [h2o] pred='The team is discussing the design and marketing of a new remote control device that comes with a television. They are co'
2026-06-28 09:30:02,364 [INFO] core.evaluator_v2: [h2o] pred='The team is discussing the design and marketing of a new remote control device that comes with a television. They are co'
2026-06-28 09:30:18,526 [INFO] core.evaluator_v2: [h2o] pred='The team is discussing the design of a new remote control device, focusing on making it more user-friendly, stylish, and'
2026-06-28 09:30:45,220 [INFO] core.evaluator_v2: [h2o] pred='The team is discussing a project, with roles and responsibilities assigned to each member. The **Industrial Designer** i'
2026-06-28 09:31:09,292 [INFO] core.evaluator_v2: [h2o] pred='The National Assembly for Wales has been working to support key workers and vulnerable children during the pandemic, wit'
2026-06-28 09:31:09,300 [INFO] core.evaluator_v2:   [50/50] avg=7.60
2026-06-28 09:31:09,310 [INFO] __main__:   → score=7.60, mem_red=80.0%, ttft=2921.5ms
2026-06-28 09:31:09,311 [INFO] __main__: 
────────────────────────────────────────────────────────────
2026-06-28 09:31:09,312 [INFO] __main__: Method: SNAPKV | Budget: 20%
2026-06-28 09:31:09,312 [INFO] __main__: ────────────────────────────────────────────────────────────
2026-06-28 09:31:09,313 [INFO] __main__: 
  Task: gov_report
2026-06-28 09:31:09,313 [INFO] core.evaluator_v2: [snapkv] gov_report (50샘플, budget=20%)
2026-06-28 09:31:29,874 [INFO] core.evaluator_v2: [snapkv] pred="**Summary of the Report on the National Science Foundation's (NSF) Rotator Programs and Workforce Strategy**\n\nThe Nation"
2026-06-28 09:31:54,598 [INFO] core.evaluator_v2: [snapkv] pred='The Federal Information Security Management Act (FISMA) requires that federal agencies develop, document, and implement '
2026-06-28 09:32:16,989 [INFO] core.evaluator_v2: [snapkv] pred="The South China Sea (SCS) is a critical region for global trade, with over 30% of the world's maritime trade passing thr"
2026-06-28 09:32:43,874 [INFO] core.evaluator_v2: [snapkv] pred="The Trump Administration's FY2020 budget request proposed $6.07 billion overall for EPA. The request included $1.120 bil"
2026-06-28 09:32:48,632 [INFO] core.evaluator_v2: [snapkv] pred='Summary:'
2026-06-28 09:32:48,634 [INFO] core.evaluator_v2:   [5/50] avg=14.41
2026-06-28 09:33:13,004 [INFO] core.evaluator_v2: [snapkv] pred='The Federal Cybersecurity Enhancement Act of 2015, which requires federal agencies to implement cybersecurity capabiliti'
2026-06-28 09:33:36,990 [INFO] core.evaluator_v2: [snapkv] pred="The SBA has 49 procurement center representatives (PCRs) located in the SBA's six Area Offices. PCRs are required to com"
2026-06-28 09:34:00,608 [INFO] core.evaluator_v2: [snapkv] pred='The summary of the provided text is as follows:\n\nThe text outlines the requirements and procedures for the use of "other'
2026-06-28 09:34:25,102 [INFO] core.evaluator_v2: [snapkv] pred='The most recent summary of the case studies of Sweden and Kenya is as follows:\n\nSweden has experienced a rapid and subst'
2026-06-28 09:34:50,812 [INFO] core.evaluator_v2: [snapkv] pred='**Summary of the Department of Homeland Security (DHS) Acquisition Management and Resource Allocation Review**\n\nThe Depa'
2026-06-28 09:34:50,844 [INFO] core.evaluator_v2:   [10/50] avg=14.74
2026-06-28 09:35:17,451 [INFO] core.evaluator_v2: [snapkv] pred='The Budget Enforcement Act of 1990 defines discretionary appropriations as budget authority and resulting outlays provid'
2026-06-28 09:35:42,745 [INFO] core.evaluator_v2: [snapkv] pred='The National Wildlife Refuge System (NWRS) is a federal agency that manages and protects wildlife habitats across the Un'
2026-06-28 09:36:04,610 [INFO] core.evaluator_v2: [snapkv] pred='The Black Lung Disability Trust Fund (Trust Fund) is a federal program that provides financial assistance to coal miners'
2026-06-28 09:36:22,664 [INFO] core.evaluator_v2: [snapkv] pred='The United States has a long-standing tradition of providing foreign assistance to support global development, security,'
2026-06-28 09:36:47,075 [INFO] core.evaluator_v2: [snapkv] pred='The Office of Surface Mining Reclamation and Enforcement (OSMRE) has issued a notice to the Pennsylvania regulatory auth'
2026-06-28 09:36:47,143 [INFO] core.evaluator_v2:   [15/50] avg=14.42
2026-06-28 09:37:00,870 [INFO] core.evaluator_v2: [snapkv] pred="The Public Safety Officers' Benefits Improvement Act of 2017 (P.L. 115-36) provides for the payment of PSOB death and di"
2026-06-28 09:37:03,056 [INFO] core.evaluator_v2: [snapkv] pred='Summary:'
2026-06-28 09:37:05,416 [INFO] core.evaluator_v2: [snapkv] pred='Summary:'
2026-06-28 09:37:20,502 [INFO] core.evaluator_v2: [snapkv] pred='The House and Senate committees reported their respective bills for FY2019. The House committee-reported bill did not in'
2026-06-28 09:37:45,277 [INFO] core.evaluator_v2: [snapkv] pred='The Black Lung Benefits Act (BLBA) of 1981, as amended by the Affordable Care Act (ACA) in 2010, provides for the paymen'
2026-06-28 09:37:45,302 [INFO] core.evaluator_v2:   [20/50] avg=13.44
2026-06-28 09:37:53,695 [INFO] core.evaluator_v2: [snapkv] pred='The following is a summary of the 2014 EEOC and OFCCP data analysis, which was conducted by the National Center for Educ'
2026-06-28 09:38:17,732 [INFO] core.evaluator_v2: [snapkv] pred='The summary of the report is as follows:\n\nThe report was prepared by the Office of the Director of the Federal Trade Com'
2026-06-28 09:38:23,811 [INFO] core.evaluator_v2: [snapkv] pred=''
2026-06-28 09:38:47,141 [INFO] core.evaluator_v2: [snapkv] pred='The Office of Management and Budget (OMB) has issued guidance to federal agencies on the management of software licenses'
2026-06-28 09:39:12,019 [INFO] core.evaluator_v2: [snapkv] pred='The summary of the report is as follows: The report discusses the potential policy approaches for postal retiree health '
2026-06-28 09:39:12,055 [INFO] core.evaluator_v2:   [25/50] avg=12.76
2026-06-28 09:39:37,397 [INFO] core.evaluator_v2: [snapkv] pred='The provision for the exclusion of canceled mortgage debt income from taxation was originally enacted to help distressed'
2026-06-28 09:40:02,036 [INFO] core.evaluator_v2: [snapkv] pred='The National Popular Vote (NPV) initiative is a political and legal effort to achieve direct election of the President a'
2026-06-28 09:40:30,328 [INFO] core.evaluator_v2: [snapkv] pred='The FY2020 budget request for the U.S. Department of Energy (DOE) includes a wide range of funding requests for various '
2026-06-28 09:40:55,466 [INFO] core.evaluator_v2: [snapkv] pred='The Office of Management and Budget (OMB) and the General Services Administration (GSA) have issued a report on the Spac'
2026-06-28 09:41:21,240 [INFO] core.evaluator_v2: [snapkv] pred='The Secretary of Veterans Affairs (SVA) and the Under Secretary for Memorial Affairs (USM) have agreed to the recommenda'
2026-06-28 09:41:21,268 [INFO] core.evaluator_v2:   [30/50] avg=13.24
2026-06-28 09:41:45,239 [INFO] core.evaluator_v2: [snapkv] pred='The Volcker Rule, established under the Dodd-Frank Act, aims to prevent banks from engaging in proprietary trading and t'
2026-06-28 09:42:09,687 [INFO] core.evaluator_v2: [snapkv] pred='**Summary of the Report on the European Reassurance Initiative (ERI) and Defense Posture Planning**\n\n**Background and Pu'
2026-06-28 09:42:35,308 [INFO] core.evaluator_v2: [snapkv] pred='**Summary:**\n\nThis audit evaluates the compliance of lobbying firms and individual lobbyists with the **Lobbying Disclos'
2026-06-28 09:43:00,691 [INFO] core.evaluator_v2: [snapkv] pred="**Summary:**\n\nThis report provides an analysis of the factors that contributed to Puerto Rico's financial condition and "
2026-06-28 09:43:15,217 [INFO] core.evaluator_v2: [snapkv] pred='The Small Business Lending Fund (SBLF) was established under the Small Business Jobs Act of 2010 (P.L. 111-240) to provi'
2026-06-28 09:43:15,235 [INFO] core.evaluator_v2:   [35/50] avg=13.56
2026-06-28 09:43:26,649 [INFO] core.evaluator_v2: [snapkv] pred='WMATA has implemented a new capital planning process to address the weaknesses it identified in its previous capital pla'
2026-06-28 09:43:50,847 [INFO] core.evaluator_v2: [snapkv] pred="The minority leader is a key strategist in developing and promoting the party's agenda and in outlining ways to respond "
2026-06-28 09:44:15,532 [INFO] core.evaluator_v2: [snapkv] pred='**Summary of Key Points from the Report:**\n\n1. **Title IV Eligibility and Gainful Employment:**\n   - Institutions offeri'
2026-06-28 09:44:40,233 [INFO] core.evaluator_v2: [snapkv] pred='The Secret Service and the Department of Homeland Security (DHS) have implemented a comprehensive IT acquisition and man'
2026-06-28 09:44:42,316 [INFO] core.evaluator_v2: [snapkv] pred='Summary:'
2026-06-28 09:44:42,317 [INFO] core.evaluator_v2:   [40/50] avg=13.64
2026-06-28 09:45:09,829 [INFO] core.evaluator_v2: [snapkv] pred='The U.S. Department of Health and Human Services (HHS) has published several guidance and educational resources related '
2026-06-28 09:45:37,206 [INFO] core.evaluator_v2: [snapkv] pred='The Aegis BMD (Ballistic Missile Defense) system has demonstrated a high level of success in intercepting ballistic miss'
2026-06-28 09:45:41,829 [INFO] core.evaluator_v2: [snapkv] pred=''
2026-06-28 09:46:05,551 [INFO] core.evaluator_v2: [snapkv] pred='The U.S. Congress, through various committees and legislative actions, has repeatedly authorized and funded the Departme'
2026-06-28 09:46:29,731 [INFO] core.evaluator_v2: [snapkv] pred='The Bureau’s cost estimate guidance is not reliable. The cost estimate guidance is not reliable because it does not full'
2026-06-28 09:46:29,765 [INFO] core.evaluator_v2:   [45/50] avg=13.41
2026-06-28 09:46:56,112 [INFO] core.evaluator_v2: [snapkv] pred="The United States Department of State's Bureau of Oceans and International Environmental and Scientific Affairs (State/O"
2026-06-28 09:47:20,001 [INFO] core.evaluator_v2: [snapkv] pred='The USPS OIG recently determined that instances of missed and inaccurate scans for competitive products were a result of'
2026-06-28 09:47:41,851 [INFO] core.evaluator_v2: [snapkv] pred='**Summary:**\n\nThe United States Agency for International Development (USAID) conducted a performance audit of the West B'
2026-06-28 09:48:06,145 [INFO] core.evaluator_v2: [snapkv] pred='**Summary:**\n\nThe Air Force, FWS, and NPS officials were interviewed to understand how the three selected federal agenci'
2026-06-28 09:48:19,491 [INFO] core.evaluator_v2: [snapkv] pred='The GAO report number cited in DOD’s letter refers to a draft of the sensitive version of this report, which we issued o'
2026-06-28 09:48:19,502 [INFO] core.evaluator_v2:   [50/50] avg=14.10
2026-06-28 09:48:19,509 [INFO] __main__:   → score=14.10, mem_red=80.0%, ttft=2812.3ms
2026-06-28 09:48:19,510 [INFO] __main__: 
  Task: qmsum
2026-06-28 09:48:19,511 [INFO] core.evaluator_v2: [snapkv] qmsum (50샘플, budget=20%)
2026-06-28 09:48:31,892 [INFO] core.evaluator_v2: [snapkv] pred='The project team is discussing the design of a new remote control. The goal is to create a product that is sleek, stylis'
2026-06-28 09:48:48,121 [INFO] core.evaluator_v2: [snapkv] pred='The discussion revolves around the design and development of a new product, focusing on the user interface and project m'
2026-06-28 09:48:57,448 [INFO] core.evaluator_v2: [snapkv] pred='The meeting is about to start, and the group is discussing the next steps for their project. They are planning to flip i'
2026-06-28 09:49:22,658 [INFO] core.evaluator_v2: [snapkv] pred="I've done a lot of work on this, but I'm not sure what the actual meaning of the project is. It's just a way to make a l"
2026-06-28 09:49:34,637 [INFO] core.evaluator_v2: [snapkv] pred='The summary of the text is as follows:\n\nThe text is a conversation between a Project Manager and an Industrial Designer,'
2026-06-28 09:49:34,639 [INFO] core.evaluator_v2:   [5/50] avg=8.74
2026-06-28 09:49:44,721 [INFO] core.evaluator_v2: [snapkv] pred='This is a summary of a conversation between a professor and students discussing a research project on neural networks an'
2026-06-28 09:50:08,056 [INFO] core.evaluator_v2: [snapkv] pred='The summary of the text is that it is a clever and clever way to get the reader to think about the problem. The text is '
2026-06-28 09:50:32,765 [INFO] core.evaluator_v2: [snapkv] pred='The summary of the meeting is as follows:\n\nThe committee met for the first time on 16 May 2024, with the aim of discussi'
2026-06-28 09:50:57,397 [INFO] core.evaluator_v2: [snapkv] pred='The summary of the conversation between the speaker and the professor, who are discussing the PhD and the graduate stude'
2026-06-28 09:51:02,630 [INFO] core.evaluator_v2: [snapkv] pred=''
2026-06-28 09:51:02,631 [INFO] core.evaluator_v2:   [10/50] avg=5.48
2026-06-28 09:51:12,845 [INFO] core.evaluator_v2: [snapkv] pred='The summary of the text is as follows: The text is a conversation between several individuals, including Grad E, Postdoc'
2026-06-28 09:51:37,704 [INFO] core.evaluator_v2: [snapkv] pred='The summary of the meeting is as follows:\n\nThe committee met for the first time on 16 May 2024, with the aim of discussi'
2026-06-28 09:52:01,958 [INFO] core.evaluator_v2: [snapkv] pred="I've been trying to get the most out of the information I've been given, but I'm not sure what I'm trying to do here. So"
2026-06-28 09:52:12,044 [INFO] core.evaluator_v2: [snapkv] pred='The meeting was about the project, and the team discussed various aspects of the project, including the user interface, '
2026-06-28 09:52:29,654 [INFO] core.evaluator_v2: [snapkv] pred='The project manager is discussing the design of a new product, which is a combination of a simple battery, an advanced c'
2026-06-28 09:52:29,659 [INFO] core.evaluator_v2:   [15/50] avg=6.19
2026-06-28 09:52:49,756 [INFO] core.evaluator_v2: [snapkv] pred='The meeting discussed the development of a universal remote control for a television and DVD player, with the goal of ma'
2026-06-28 09:52:54,964 [INFO] core.evaluator_v2: [snapkv] pred=''
2026-06-28 09:53:05,322 [INFO] core.evaluator_v2: [snapkv] pred='The summary of the text is as follows: The text is a conversation between several individuals, including Grad E, Postdoc'
2026-06-28 09:53:25,661 [INFO] core.evaluator_v2: [snapkv] pred='The meeting was about the **Project Manager** and the **Industrial Designer**, with the **User Interface** and **Marketi'
2026-06-28 09:53:50,401 [INFO] core.evaluator_v2: [snapkv] pred='The summary of the meeting is as follows:\n\nThe committee met for the first time on 16 May 2024, with the aim of discussi'
2026-06-28 09:53:50,414 [INFO] core.evaluator_v2:   [20/50] avg=6.64
2026-06-28 09:54:06,905 [INFO] core.evaluator_v2: [snapkv] pred="The meeting was focused on evaluating the project and discussing the team's performance, leadership, and creative ideas."
2026-06-28 09:54:12,938 [INFO] core.evaluator_v2: [snapkv] pred='The committee has adjourned for the day. The meeting is now officially closed.'
2026-06-28 09:54:22,959 [INFO] core.evaluator_v2: [snapkv] pred='This is a summary of a conversation between a professor and students discussing a research project on neural networks an'
2026-06-28 09:54:48,714 [INFO] core.evaluator_v2: [snapkv] pred="I've done a lot of work on this, but I'm not sure what the actual meaning of the project is. It's just a way to make a l"
2026-06-28 09:55:00,510 [INFO] core.evaluator_v2: [snapkv] pred='The team presented a new product called "Disfmarker" which is a battery-powered, wireless, and touch-sensitive industria'
2026-06-28 09:55:00,513 [INFO] core.evaluator_v2:   [25/50] avg=6.68
2026-06-28 09:55:19,761 [INFO] core.evaluator_v2: [snapkv] pred='The team is discussing the design of a remote control device, focusing on the user interface and features that would mak'
2026-06-28 09:55:36,359 [INFO] core.evaluator_v2: [snapkv] pred="The meeting was focused on evaluating the project and discussing the team's performance, leadership, and creative ideas."
2026-06-28 09:55:59,977 [INFO] core.evaluator_v2: [snapkv] pred='The summary of the text is that it is a clever and clever way to get the reader to think about the problem. The text is '
2026-06-28 09:56:12,296 [INFO] core.evaluator_v2: [snapkv] pred='The user interface is a complex system that requires the integration of various components, including the remote control'
2026-06-28 09:56:17,581 [INFO] core.evaluator_v2: [snapkv] pred=''
2026-06-28 09:56:17,583 [INFO] core.evaluator_v2:   [30/50] avg=6.55
2026-06-28 09:56:33,802 [INFO] core.evaluator_v2: [snapkv] pred='The discussion revolves around the design and development of a new product, focusing on the user interface and project m'
2026-06-28 09:56:58,723 [INFO] core.evaluator_v2: [snapkv] pred='The Government of Canada has a total national debt of $1 trillion. This is the largest debt in the world. The Government'
2026-06-28 09:57:08,670 [INFO] core.evaluator_v2: [snapkv] pred='The summary of the text is as follows:\n\nThe text is a conversation between several individuals, including a Project Mana'
2026-06-28 09:57:32,759 [INFO] core.evaluator_v2: [snapkv] pred="I've been trying to get the most out of the information I've been given, but I'm not sure what I'm trying to do here. So"
2026-06-28 09:57:59,007 [INFO] core.evaluator_v2: [snapkv] pred='The meeting was not about the limitation, so. PhD B: Mm - hmm. Professor A: Uh. Grad E: Okay. Professor A: Oh you {disfm'
2026-06-28 09:57:59,013 [INFO] core.evaluator_v2:   [35/50] avg=6.68
2026-06-28 09:58:15,582 [INFO] core.evaluator_v2: [snapkv] pred="The meeting was focused on evaluating the project and discussing the team's performance, leadership, and creative ideas."
2026-06-28 09:58:32,253 [INFO] core.evaluator_v2: [snapkv] pred="The meeting was focused on evaluating the project and discussing the team's performance, leadership, and creative ideas."
2026-06-28 09:58:57,295 [INFO] core.evaluator_v2: [snapkv] pred='The Government of Canada has a total national debt of $1 trillion. This is the largest debt in the world. The Government'
2026-06-28 09:59:07,440 [INFO] core.evaluator_v2: [snapkv] pred='The meeting was about the project, and the team discussed various aspects of the project, including the user interface, '
2026-06-28 09:59:23,773 [INFO] core.evaluator_v2: [snapkv] pred='The discussion revolves around the design and development of a new product, focusing on the user interface and project m'
2026-06-28 09:59:23,778 [INFO] core.evaluator_v2:   [40/50] avg=7.09
2026-06-28 09:59:35,837 [INFO] core.evaluator_v2: [snapkv] pred='The summary of the text is as follows:\n\nThe text is a conversation between a Project Manager and an Industrial Designer,'
2026-06-28 09:59:59,982 [INFO] core.evaluator_v2: [snapkv] pred="I've been trying to get the most out of the information I've been given, but I'm not sure what I'm trying to do here. So"
2026-06-28 10:00:21,234 [INFO] core.evaluator_v2: [snapkv] pred='The meeting was about the **Project Manager** and the **Industrial Designer**, with the **User Interface** and **Marketi'
2026-06-28 10:00:48,066 [INFO] core.evaluator_v2: [snapkv] pred='The project manager is a person who is responsible for the project. The industrial designer is a person who is responsib'
2026-06-28 10:01:14,359 [INFO] core.evaluator_v2: [snapkv] pred='The meeting was not about the limitation, so. PhD B: Mm - hmm. Professor A: Uh. Grad E: Okay. Professor A: Oh you {disfm'
2026-06-28 10:01:14,362 [INFO] core.evaluator_v2:   [45/50] avg=6.85
2026-06-28 10:01:40,129 [INFO] core.evaluator_v2: [snapkv] pred='The project manager is a person who is responsible for the project. The industrial designer is a person who is responsib'
2026-06-28 10:02:06,179 [INFO] core.evaluator_v2: [snapkv] pred='The project manager is a person who is responsible for the project. The industrial designer is a person who is responsib'
2026-06-28 10:02:18,877 [INFO] core.evaluator_v2: [snapkv] pred='The project team is discussing the design of a new remote control. The goal is to create a product that is sleek, stylis'
2026-06-28 10:02:39,438 [INFO] core.evaluator_v2: [snapkv] pred='The meeting was about the **Project Manager** and the **Industrial Designer**, with the **User Interface** and **Marketi'
2026-06-28 10:03:03,679 [INFO] core.evaluator_v2: [snapkv] pred="I've been trying to get the most out of the information I've been given, but I'm not sure what I'm trying to do here. So"
2026-06-28 10:03:03,686 [INFO] core.evaluator_v2:   [50/50] avg=6.64
2026-06-28 10:03:03,687 [INFO] __main__:   → score=6.64, mem_red=80.0%, ttft=3060.3ms
2026-06-28 10:03:03,687 [INFO] __main__: 
────────────────────────────────────────────────────────────
2026-06-28 10:03:03,687 [INFO] __main__: Method: PYRAMIDKV | Budget: 20%
2026-06-28 10:03:03,688 [INFO] __main__: ────────────────────────────────────────────────────────────
2026-06-28 10:03:03,688 [INFO] __main__: 
  Task: gov_report
2026-06-28 10:03:03,689 [INFO] core.evaluator_v2: [pyramidkv] gov_report (50샘플, budget=20%)
2026-06-28 10:03:27,894 [INFO] core.evaluator_v2: [pyramidkv] pred='The National Science Foundation (NSF) has implemented a cost-management strategy to balance the use of rotators with its'
2026-06-28 10:03:52,912 [INFO] core.evaluator_v2: [pyramidkv] pred='The Federal Information Security Management Act (FISMA) is a federal law that requires federal agencies to develop, impl'
2026-06-28 10:04:05,348 [INFO] core.evaluator_v2: [pyramidkv] pred="The United States must take a stronger and more consistent approach to countering China's maritime aggression in the Sou"
2026-06-28 10:04:32,350 [INFO] core.evaluator_v2: [pyramidkv] pred='The Clean Water SRF and Drinking Water SRF programs were funded at the same levels as FY2017, with the same amounts appr'
2026-06-28 10:04:46,014 [INFO] core.evaluator_v2: [pyramidkv] pred='The Department of Homeland Security (DHS) and its TRIO components—U.S. Coast Guard (Coast Guard), Transportation Securit'
2026-06-28 10:04:46,032 [INFO] core.evaluator_v2:   [5/50] avg=15.76
2026-06-28 10:05:07,426 [INFO] core.evaluator_v2: [pyramidkv] pred='The National Institute of Standards and Technology (NIST) established the cybersecurity framework to provide guidance fo'
2026-06-28 10:05:32,303 [INFO] core.evaluator_v2: [pyramidkv] pred='The Small Business Act (1978) and the Small Business Act (1982) are federal laws that provide small businesses with the '
2026-06-28 10:05:54,653 [INFO] core.evaluator_v2: [pyramidkv] pred='The summary of the provided text is as follows:\n\nThe text outlines the requirements and procedures for the use of "other'
2026-06-28 10:06:07,247 [INFO] core.evaluator_v2: [pyramidkv] pred='The document provides a detailed analysis of the decline of cash as a payment system and the rise of electronic payment '
2026-06-28 10:06:33,094 [INFO] core.evaluator_v2: [pyramidkv] pred='The Department of Homeland Security (DHS) has implemented a comprehensive acquisition management system that includes re'
2026-06-28 10:06:33,153 [INFO] core.evaluator_v2:   [10/50] avg=15.73
2026-06-28 10:07:00,207 [INFO] core.evaluator_v2: [pyramidkv] pred='The Department of Homeland Security (DHS) is a federal agency that is responsible for the security of the United States.'
2026-06-28 10:07:20,093 [INFO] core.evaluator_v2: [pyramidkv] pred='The Bureau of Land Management (BLM) has broad authority to acquire and dispose of federal lands, primarily under the Fed'
2026-06-28 10:07:44,646 [INFO] core.evaluator_v2: [pyramidkv] pred='The Black Lung Disability Trust Fund (Trust Fund) is a federal program that provides benefits to coal miners who have be'
2026-06-28 10:08:17,814 [INFO] core.evaluator_v2: [pyramidkv] pred='The United States provides foreign assistance to countries around the world, with a focus on economic development, secur'
2026-06-28 10:08:42,627 [INFO] core.evaluator_v2: [pyramidkv] pred='The Office of Surface Mining Reclamation and Enforcement (OSMRE) has issued a report on the financial assurance requirem'
2026-06-28 10:08:42,655 [INFO] core.evaluator_v2:   [15/50] avg=16.19
2026-06-28 10:09:04,109 [INFO] core.evaluator_v2: [pyramidkv] pred="The Public Safety Officers' Benefits Improvement Act of 2017 (P.L. 115-36) provides for the payment of PSOEA benefits to"
2026-06-28 10:09:26,853 [INFO] core.evaluator_v2: [pyramidkv] pred='**Summary of the GSA Swap Exchange Process and Funding Mechanisms**\n\nThe U.S. federal government, through the General Se'
2026-06-28 10:09:34,322 [INFO] core.evaluator_v2: [pyramidkv] pred='The document is a work of the United States government and is not subject to copyright protection in the United States. '
2026-06-28 10:10:01,839 [INFO] core.evaluator_v2: [pyramidkv] pred='The 2019 budget for the U.S. International Trade Commission (ITC) and the U.S. Trade Representative (USTR) included seve'
2026-06-28 10:10:27,702 [INFO] core.evaluator_v2: [pyramidkv] pred='The Black Lung Benefits Act (BLBA) of 1981, as amended by the Black Lung Benefits Amendments of 1981, provides for the p'
2026-06-28 10:10:27,738 [INFO] core.evaluator_v2:   [20/50] avg=15.74
2026-06-28 10:10:53,418 [INFO] core.evaluator_v2: [pyramidkv] pred='The analysis of technology workforce data from 2014 reveals significant disparities in representation across racial and '
2026-06-28 10:11:17,564 [INFO] core.evaluator_v2: [pyramidkv] pred='The Federal Trade Commission (FTC) has issued a report on the Internet privacy and data security landscape in the United'
2026-06-28 10:11:32,624 [INFO] core.evaluator_v2: [pyramidkv] pred='The report provides an analysis of the factors leading to early withdrawals from retirement savings, including the impac'
2026-06-28 10:12:03,091 [INFO] core.evaluator_v2: [pyramidkv] pred='The Office of Management and Budget (OMB) has issued a guidance document that outlines the roles and responsibilities of'
2026-06-28 10:12:28,154 [INFO] core.evaluator_v2: [pyramidkv] pred='The U.S. Postal Service (USPS) has provided a detailed response to the Government Accountability Office (GAO) report on '
2026-06-28 10:12:28,201 [INFO] core.evaluator_v2:   [25/50] avg=16.23
2026-06-28 10:12:54,060 [INFO] core.evaluator_v2: [pyramidkv] pred='The Tax Exclusion for Canceled Mortgage Debt Income (RL34212) and the Deduction for Mortgage Insurance Premiums (RL34212'
2026-06-28 10:13:17,248 [INFO] core.evaluator_v2: [pyramidkv] pred='The National Popular Vote (NPV) initiative is a proposal to reform the presidential election process by establishing a s'
2026-06-28 10:13:45,796 [INFO] core.evaluator_v2: [pyramidkv] pred='The Energy and Water Development Appropriations Bill for FY2020 includes several key components and funding allocations '
2026-06-28 10:14:11,496 [INFO] core.evaluator_v2: [pyramidkv] pred='The Office of Management and Budget (OMB) and the Department of Housing and Urban Development (HUD) have issued a final '
2026-06-28 10:14:38,304 [INFO] core.evaluator_v2: [pyramidkv] pred='The Government Accountability Office (GAO) has issued a report to the Department of Veterans Affairs (VA) regarding the '
2026-06-28 10:14:38,343 [INFO] core.evaluator_v2:   [30/50] avg=16.19
2026-06-28 10:14:52,214 [INFO] core.evaluator_v2: [pyramidkv] pred='The Volcker Rule, introduced as part of the Dodd-Frank Act, aims to prevent banks from engaging in proprietary trading a'
2026-06-28 10:15:17,009 [INFO] core.evaluator_v2: [pyramidkv] pred='The U.S. European Command (EUCOM) and the Department of Defense (DOD) have been tasked with planning and executing postu'
2026-06-28 10:15:43,003 [INFO] core.evaluator_v2: [pyramidkv] pred='The U.S. Attorney’s Office for the District of Columbia (USAO) conducted a performance audit of the Federal Election Com'
2026-06-28 10:15:58,104 [INFO] core.evaluator_v2: [pyramidkv] pred='The report provides an analysis of the factors that contributed to Puerto Rico’s financial condition and levels of debt,'
2026-06-28 10:16:24,719 [INFO] core.evaluator_v2: [pyramidkv] pred='The Small Business Lending Fund (SBLF) was established under the Small Business Jobs Act of 2010 (P.L. 111-240) to provi'
2026-06-28 10:16:24,751 [INFO] core.evaluator_v2:   [35/50] avg=15.99
2026-06-28 10:16:50,628 [INFO] core.evaluator_v2: [pyramidkv] pred='**Summary of the Report:**\n\nThe report evaluates the capital planning and expenditure processes of the Metropolitan Wash'
2026-06-28 10:17:15,340 [INFO] core.evaluator_v2: [pyramidkv] pred='The minority leader in the House of Representatives is a key strategist and leader of the Democratic party. They are res'
2026-06-28 10:17:42,074 [INFO] core.evaluator_v2: [pyramidkv] pred='The report provides a comprehensive overview of the Title IV (Federal Student Aid) eligibility criteria for postsecondar'
2026-06-28 10:17:58,157 [INFO] core.evaluator_v2: [pyramidkv] pred='The Secret Service’s Information Integration and Technology Transformation (IITT) investment, which includes two program'
2026-06-28 10:18:17,572 [INFO] core.evaluator_v2: [pyramidkv] pred='The 2016 report of DOE’s Biological and Environmental Research Advisory Committee provided information about research ne'
2026-06-28 10:18:17,598 [INFO] core.evaluator_v2:   [40/50] avg=16.10
2026-06-28 10:18:33,686 [INFO] core.evaluator_v2: [pyramidkv] pred='The report provides an overview of the management of neonatal abstinence syndrome (NAS) in infants exposed to opioids in'
2026-06-28 10:19:03,197 [INFO] core.evaluator_v2: [pyramidkv] pred="The Aegis Ballistic Missile Defense (BMD) system is a critical component of the United States' missile defense strategy,"
2026-06-28 10:19:28,860 [INFO] core.evaluator_v2: [pyramidkv] pred='The United States, Japan, Mexico, Canada, South Korea, Singapore, Taiwan, and Australia are members of the APEC CBPR. Th'
2026-06-28 10:19:51,340 [INFO] core.evaluator_v2: [pyramidkv] pred='The U.S. Congress, through various committees and subcommittees, has been involved in the national defense authorization'
2026-06-28 10:20:19,228 [INFO] core.evaluator_v2: [pyramidkv] pred='The Bureau of the Census, in its 2020 Census cost estimate, has been criticized for not adequately accounting for risk a'
2026-06-28 10:20:19,261 [INFO] core.evaluator_v2:   [45/50] avg=16.03
2026-06-28 10:20:45,726 [INFO] core.evaluator_v2: [pyramidkv] pred='The United States government has implemented a series of climate change adaptation and resilience strategies, supported '
2026-06-28 10:21:09,787 [INFO] core.evaluator_v2: [pyramidkv] pred='The U.S. Postal Service (USPS) has implemented a new scanning process for competitive products, which includes the use o'
2026-06-28 10:21:33,805 [INFO] core.evaluator_v2: [pyramidkv] pred='The summary of the report is as follows:\n\nThe report examines the status of ESF assistance and projects provided to the '
2026-06-28 10:22:00,031 [INFO] core.evaluator_v2: [pyramidkv] pred='The United States Government Accountability Office (GAO) conducted a performance audit of the Federal Aviation Administr'
2026-06-28 10:22:28,001 [INFO] core.evaluator_v2: [pyramidkv] pred='The United States has purchased a number of key ANDSF equipment, including MD-530 helicopters, Mobile Strike Force Vehic'
2026-06-28 10:22:28,030 [INFO] core.evaluator_v2:   [50/50] avg=16.40
2026-06-28 10:22:28,031 [INFO] __main__:   → score=16.40, mem_red=80.0%, ttft=2959.1ms
2026-06-28 10:22:28,031 [INFO] __main__: 
  Task: qmsum
2026-06-28 10:22:28,032 [INFO] core.evaluator_v2: [pyramidkv] qmsum (50샘플, budget=20%)
2026-06-28 10:22:44,004 [INFO] core.evaluator_v2: [pyramidkv] pred='The team is discussing the design of a new remote control device, focusing on making it more user-friendly, stylish, and'
2026-06-28 10:22:55,245 [INFO] core.evaluator_v2: [pyramidkv] pred='The discussion revolves around the design and development of a new device, focusing on the user interface and industrial'
2026-06-28 10:23:19,268 [INFO] core.evaluator_v2: [pyramidkv] pred='The meeting is about the project, and the group is discussing the next steps. The professor, Professor C, is discussing '
2026-06-28 10:23:45,276 [INFO] core.evaluator_v2: [pyramidkv] pred='The meeting was a discussion about the {disfmarker} Industrial Designer: {vocalsound} Project Manager: {vocalsound} Mark'
2026-06-28 10:24:12,164 [INFO] core.evaluator_v2: [pyramidkv] pred='The team is discussing the design and features of a new remote control device, focusing on the following key points:\n\n1.'
2026-06-28 10:24:12,168 [INFO] core.evaluator_v2:   [5/50] avg=6.19
2026-06-28 10:24:37,599 [INFO] core.evaluator_v2: [pyramidkv] pred='The speaker is discussing a research project involving neural networks and signal processing, specifically focusing on a'
2026-06-28 10:24:46,714 [INFO] core.evaluator_v2: [pyramidkv] pred='The article discusses the development of a new navigation system, which is designed to be more intuitive and user-friend'
2026-06-28 10:25:12,856 [INFO] core.evaluator_v2: [pyramidkv] pred='The Welsh Government has announced a new childcare offer, which is a £4.50 per hour rate, with the aim of providing affo'
2026-06-28 10:25:32,985 [INFO] core.evaluator_v2: [pyramidkv] pred='The conversation between the participants (grad students and professors) is about the training of a neural network model'
2026-06-28 10:25:45,447 [INFO] core.evaluator_v2: [pyramidkv] pred='The discussion revolves around the design and functionality of a universal remote control that can handle multiple actio'
2026-06-28 10:25:45,449 [INFO] core.evaluator_v2:   [10/50] avg=6.20
2026-06-28 10:26:10,747 [INFO] core.evaluator_v2: [pyramidkv] pred='The speaker is discussing a project related to speech recognition and signal processing, specifically focusing on the de'
2026-06-28 10:26:36,323 [INFO] core.evaluator_v2: [pyramidkv] pred='The Welsh Government has announced a new childcare offer, which is a £4.50 per hour rate, with the aim of providing affo'
2026-06-28 10:27:08,782 [INFO] core.evaluator_v2: [pyramidkv] pred='The National Assembly for Wales has, in the first instance, the capacity to provide support for key workers and vulnerab'
2026-06-28 10:27:23,555 [INFO] core.evaluator_v2: [pyramidkv] pred='The meeting focused on the development of a remote control device, with a particular emphasis on the user interface and '
2026-06-28 10:27:36,784 [INFO] core.evaluator_v2: [pyramidkv] pred='The team is discussing the design and features of a new product, focusing on the user interface, battery, and voice reco'
2026-06-28 10:27:36,788 [INFO] core.evaluator_v2:   [15/50] avg=6.75
2026-06-28 10:28:06,557 [INFO] core.evaluator_v2: [pyramidkv] pred='The meeting between the Project Manager, Marketing, and Industrial Designer focused on the design and marketing of a uni'
2026-06-28 10:28:21,748 [INFO] core.evaluator_v2: [pyramidkv] pred='The discussion revolves around the design and functionality of a universal remote control that can handle multiple actio'
2026-06-28 10:28:47,384 [INFO] core.evaluator_v2: [pyramidkv] pred='The speaker is discussing a project related to speech recognition and signal processing, specifically focusing on the de'
2026-06-28 10:29:15,323 [INFO] core.evaluator_v2: [pyramidkv] pred='The team is discussing the development and presentation of a new product, focusing on the **User Interface (UI)**, **Pro'
2026-06-28 10:29:41,529 [INFO] core.evaluator_v2: [pyramidkv] pred='The Welsh Government has announced a new childcare offer, which is a £4.50 per hour rate, with the aim of providing affo'
2026-06-28 10:29:41,536 [INFO] core.evaluator_v2:   [20/50] avg=7.26
2026-06-28 10:30:05,680 [INFO] core.evaluator_v2: [pyramidkv] pred='The team has successfully completed the project, and the meeting is now over. The key points discussed and decisions mad'
2026-06-28 10:30:33,940 [INFO] core.evaluator_v2: [pyramidkv] pred='The document is a summary of the parliamentary session on May 30, 2020, in which the following key points were discussed'
2026-06-28 10:31:00,005 [INFO] core.evaluator_v2: [pyramidkv] pred='The speaker is discussing a research project involving neural networks and signal processing, specifically focusing on a'
2026-06-28 10:31:28,067 [INFO] core.evaluator_v2: [pyramidkv] pred='The meeting was a discussion about the {disfmarker} Industrial Designer: {vocalsound} Project Manager: {vocalsound} Mark'
2026-06-28 10:31:37,464 [INFO] core.evaluator_v2: [pyramidkv] pred='The project manager, industrial designer, and marketing team have successfully completed the project. The industrial des'
2026-06-28 10:31:37,467 [INFO] core.evaluator_v2:   [25/50] avg=7.04
2026-06-28 10:32:01,356 [INFO] core.evaluator_v2: [pyramidkv] pred='The team is discussing the design and features of a new remote control device, focusing on the user interface and functi'
2026-06-28 10:32:25,445 [INFO] core.evaluator_v2: [pyramidkv] pred='The team has successfully completed the project, and the meeting is now over. The key points discussed and decisions mad'
2026-06-28 10:32:34,693 [INFO] core.evaluator_v2: [pyramidkv] pred='The article discusses the development of a new navigation system, which is designed to be more intuitive and user-friend'
2026-06-28 10:32:46,878 [INFO] core.evaluator_v2: [pyramidkv] pred='The team is discussing the design and implementation of a remote control device for a new product, focusing on user inte'
2026-06-28 10:32:58,804 [INFO] core.evaluator_v2: [pyramidkv] pred='The discussion revolves around the design and functionality of a universal remote control that can handle multiple actio'
2026-06-28 10:32:58,809 [INFO] core.evaluator_v2:   [30/50] avg=7.96
2026-06-28 10:33:09,918 [INFO] core.evaluator_v2: [pyramidkv] pred='The discussion revolves around the design and development of a new device, focusing on the user interface and industrial'
2026-06-28 10:33:19,935 [INFO] core.evaluator_v2: [pyramidkv] pred="The Government of Canada's national debt is a complex issue, but the key point is that the government is taking a proact"
2026-06-28 10:33:32,708 [INFO] core.evaluator_v2: [pyramidkv] pred='The summary of the conversation between the participants is as follows:\n\nThe conversation revolves around the design and'
2026-06-28 10:33:59,411 [INFO] core.evaluator_v2: [pyramidkv] pred='The National Assembly for Wales has, in the first instance, the capacity to provide support for key workers and vulnerab'
2026-06-28 10:34:19,829 [INFO] core.evaluator_v2: [pyramidkv] pred='The discussion revolves around the development and optimization of speech recognition systems, particularly focusing on '
2026-06-28 10:34:19,833 [INFO] core.evaluator_v2:   [35/50] avg=8.05
2026-06-28 10:34:43,775 [INFO] core.evaluator_v2: [pyramidkv] pred='The team has successfully completed the project, and the meeting is now over. The key points discussed and decisions mad'
2026-06-28 10:35:08,451 [INFO] core.evaluator_v2: [pyramidkv] pred='The team has successfully completed the project, and the meeting is now over. The key points discussed and decisions mad'
2026-06-28 10:35:19,160 [INFO] core.evaluator_v2: [pyramidkv] pred="The Government of Canada's national debt is a complex issue, but the key point is that the government is taking a proact"
2026-06-28 10:35:32,621 [INFO] core.evaluator_v2: [pyramidkv] pred='The meeting focused on the development of a remote control device, with a particular emphasis on the user interface and '
2026-06-28 10:35:45,709 [INFO] core.evaluator_v2: [pyramidkv] pred='The discussion revolves around the design and development of a new device, focusing on the user interface and industrial'
2026-06-28 10:35:45,715 [INFO] core.evaluator_v2:   [40/50] avg=8.45
2026-06-28 10:36:12,617 [INFO] core.evaluator_v2: [pyramidkv] pred='The team is discussing the design and features of a new remote control device, focusing on the following key points:\n\n1.'
2026-06-28 10:36:41,322 [INFO] core.evaluator_v2: [pyramidkv] pred='The National Assembly for Wales has, in the first instance, the capacity to provide support for key workers and vulnerab'
2026-06-28 10:37:08,147 [INFO] core.evaluator_v2: [pyramidkv] pred='The team is discussing the development and presentation of a new product, focusing on the **User Interface (UI)**, **Pro'
2026-06-28 10:37:35,074 [INFO] core.evaluator_v2: [pyramidkv] pred='The team is going to lunch. Marketing: Mm, great. Project Manager: Mm, okay. Then we will work again for thirty minutes '
2026-06-28 10:37:53,803 [INFO] core.evaluator_v2: [pyramidkv] pred='The discussion revolves around the development and optimization of speech recognition systems, particularly focusing on '
2026-06-28 10:37:53,816 [INFO] core.evaluator_v2:   [45/50] avg=7.90
2026-06-28 10:38:09,871 [INFO] core.evaluator_v2: [pyramidkv] pred='The team is discussing the development of a new remote control device that comes with a television, featuring a small, l'
2026-06-28 10:38:25,663 [INFO] core.evaluator_v2: [pyramidkv] pred='The team is discussing the development of a new remote control device that comes with a television, featuring a small, l'
2026-06-28 10:38:43,101 [INFO] core.evaluator_v2: [pyramidkv] pred='The team is discussing the design of a new remote control device, focusing on making it more user-friendly, stylish, and'
2026-06-28 10:39:10,481 [INFO] core.evaluator_v2: [pyramidkv] pred='The team is discussing the development and presentation of a new product, focusing on the **User Interface (UI)**, **Pro'
2026-06-28 10:39:36,918 [INFO] core.evaluator_v2: [pyramidkv] pred='The National Assembly for Wales has, in the first instance, the capacity to provide support for key workers and vulnerab'
2026-06-28 10:39:36,924 [INFO] core.evaluator_v2:   [50/50] avg=7.95
2026-06-28 10:39:36,925 [INFO] __main__:   → score=7.95, mem_red=80.0%, ttft=3072.4ms
2026-06-28 10:39:36,926 [INFO] __main__: 
────────────────────────────────────────────────────────────
2026-06-28 10:39:36,926 [INFO] __main__: Method: ADAKV | Budget: 20%
2026-06-28 10:39:36,927 [INFO] __main__: ────────────────────────────────────────────────────────────
2026-06-28 10:39:36,927 [INFO] __main__: 
  Task: gov_report
2026-06-28 10:39:36,927 [INFO] core.evaluator_v2: [adakv] gov_report (50샘플, budget=20%)
2026-06-28 10:40:01,501 [INFO] core.evaluator_v2: [adakv] pred='The National Science Foundation (NSF) has implemented a cost-management strategy to balance the use of rotators with its'
2026-06-28 10:40:27,161 [INFO] core.evaluator_v2: [adakv] pred='The Federal Information Security Management Act (FISMA) is a federal law that requires federal agencies to develop, impl'
2026-06-28 10:40:40,280 [INFO] core.evaluator_v2: [adakv] pred="The United States must take a stronger and more consistent approach to countering China's maritime aggression in the Sou"
2026-06-28 10:41:07,929 [INFO] core.evaluator_v2: [adakv] pred='The Clean Water SRF and Drinking Water SRF programs were funded at the same levels as FY2017, with the same amounts appr'
2026-06-28 10:41:23,533 [INFO] core.evaluator_v2: [adakv] pred='The Department of Homeland Security (DHS) and its TRIO components—U.S. Coast Guard (Coast Guard), Transportation Securit'
2026-06-28 10:41:23,551 [INFO] core.evaluator_v2:   [5/50] avg=15.76
2026-06-28 10:41:45,299 [INFO] core.evaluator_v2: [adakv] pred='The National Institute of Standards and Technology (NIST) established the cybersecurity framework to provide guidance fo'
2026-06-28 10:42:11,131 [INFO] core.evaluator_v2: [adakv] pred='The Small Business Act (1978) and the Small Business Act (1982) are federal laws that provide small businesses with the '
2026-06-28 10:42:33,381 [INFO] core.evaluator_v2: [adakv] pred='The summary of the provided text is as follows:\n\nThe text outlines the requirements and procedures for the use of "other'
2026-06-28 10:42:46,732 [INFO] core.evaluator_v2: [adakv] pred='The document provides a detailed analysis of the decline of cash as a payment system and the rise of electronic payment '
2026-06-28 10:43:13,661 [INFO] core.evaluator_v2: [adakv] pred='The Department of Homeland Security (DHS) has implemented a comprehensive acquisition management system that includes re'
2026-06-28 10:43:13,715 [INFO] core.evaluator_v2:   [10/50] avg=15.73
2026-06-28 10:43:42,423 [INFO] core.evaluator_v2: [adakv] pred='The Department of Homeland Security (DHS) is a federal agency that is responsible for the security of the United States.'
2026-06-28 10:44:04,340 [INFO] core.evaluator_v2: [adakv] pred='The Bureau of Land Management (BLM) has broad authority to acquire and dispose of federal lands, primarily under the Fed'
2026-06-28 10:44:30,557 [INFO] core.evaluator_v2: [adakv] pred='The Black Lung Disability Trust Fund (Trust Fund) is a federal program that provides benefits to coal miners who have be'
2026-06-28 10:44:57,587 [INFO] core.evaluator_v2: [adakv] pred='The United States provides foreign assistance to countries around the world, with a focus on economic development, secur'
2026-06-28 10:45:23,126 [INFO] core.evaluator_v2: [adakv] pred='The Office of Surface Mining Reclamation and Enforcement (OSMRE) has issued a report on the financial assurance requirem'
2026-06-28 10:45:23,159 [INFO] core.evaluator_v2:   [15/50] avg=16.19
2026-06-28 10:45:45,906 [INFO] core.evaluator_v2: [adakv] pred="The Public Safety Officers' Benefits Improvement Act of 2017 (P.L. 115-36) provides for the payment of PSOEA benefits to"
2026-06-28 10:46:08,037 [INFO] core.evaluator_v2: [adakv] pred='The U.S. federal government has a 2014 report that outlines selected funding mechanisms and considerations for each mech'
2026-06-28 10:46:13,277 [INFO] core.evaluator_v2: [adakv] pred='The document is a work of the United States government and is not subject to copyright protection in the United States. '
2026-06-28 10:46:50,058 [INFO] core.evaluator_v2: [adakv] pred='The 2019 Congressional Budget and Appropriations Process for the U.S. International Trade Commission (ITC) and the U.S. '
2026-06-28 10:47:17,155 [INFO] core.evaluator_v2: [adakv] pred='The Black Lung Benefits Act (BLBA) of 1981, as amended by the Black Lung Benefits Amendments of 1981, provides for the p'
2026-06-28 10:47:17,187 [INFO] core.evaluator_v2:   [20/50] avg=15.46
2026-06-28 10:47:43,810 [INFO] core.evaluator_v2: [adakv] pred='The analysis of technology workforce data from 2014 reveals significant disparities in representation across racial and '
2026-06-28 10:48:08,580 [INFO] core.evaluator_v2: [adakv] pred='The Federal Trade Commission (FTC) has issued a report on the Internet privacy and data security landscape in the United'
2026-06-28 10:48:39,454 [INFO] core.evaluator_v2: [adakv] pred='The report provides an analysis of the factors leading to early withdrawals from retirement savings, including the impac'
2026-06-28 10:49:11,844 [INFO] core.evaluator_v2: [adakv] pred='The Office of Management and Budget (OMB) has issued a guidance document that outlines the roles and responsibilities of'
2026-06-28 10:49:38,266 [INFO] core.evaluator_v2: [adakv] pred='The U.S. Postal Service (USPS) has provided a detailed response to the Government Accountability Office (GAO) report on '
2026-06-28 10:49:38,304 [INFO] core.evaluator_v2:   [25/50] avg=15.98
2026-06-28 10:50:20,578 [INFO] core.evaluator_v2: [adakv] pred='The Tax Exclusion for Canceled Mortgage Debt Income (RL34212) and the Deduction for Mortgage Insurance Premiums (P.L. 10'
2026-06-28 10:50:46,587 [INFO] core.evaluator_v2: [adakv] pred='The National Popular Vote (NPV) initiative is a proposal to reform the presidential election process by establishing a s'
2026-06-28 10:51:39,589 [INFO] core.evaluator_v2: [adakv] pred='The Energy and Water Development Appropriations Bill for FY2020 includes several key components and funding allocations '
2026-06-28 10:52:13,009 [INFO] core.evaluator_v2: [adakv] pred='The Office of Management and Budget (OMB) and the Department of Housing and Urban Development (HUD) have issued a final '
2026-06-28 10:52:42,412 [INFO] core.evaluator_v2: [adakv] pred='The Government Accountability Office (GAO) has issued a report to the Department of Veterans Affairs (VA) regarding the '
2026-06-28 10:52:42,439 [INFO] core.evaluator_v2:   [30/50] avg=16.01
2026-06-28 10:52:57,734 [INFO] core.evaluator_v2: [adakv] pred='The Volcker Rule, introduced as part of the Dodd-Frank Act, aims to prevent banks from engaging in proprietary trading a'
2026-06-28 10:53:25,160 [INFO] core.evaluator_v2: [adakv] pred='The U.S. European Command (EUCOM) and the Department of Defense (DOD) have been tasked with planning and executing postu'
2026-06-28 10:53:57,324 [INFO] core.evaluator_v2: [adakv] pred='The U.S. Attorney’s Office for the District of Columbia (USAO) conducted a performance audit of the Federal Election Com'
2026-06-28 10:54:10,553 [INFO] core.evaluator_v2: [adakv] pred='The report provides an analysis of the factors that contributed to Puerto Rico’s financial condition and levels of debt,'
2026-06-28 10:54:38,061 [INFO] core.evaluator_v2: [adakv] pred='The Small Business Lending Fund (SBLF) was established under the Small Business Jobs Act of 2010 (P.L. 111-240) to provi'
2026-06-28 10:54:38,095 [INFO] core.evaluator_v2:   [35/50] avg=15.83
2026-06-28 10:55:06,737 [INFO] core.evaluator_v2: [adakv] pred='**Summary of the Report:**\n\nThe report evaluates the capital planning and expenditure processes of the Metropolitan Wash'
2026-06-28 10:56:08,238 [INFO] core.evaluator_v2: [adakv] pred='The minority leader in the House of Representatives is a key strategist and leader of the Democratic party. They are res'
2026-06-28 10:56:49,901 [INFO] core.evaluator_v2: [adakv] pred='The report provides a comprehensive overview of the Title IV (Federal Student Aid) eligibility criteria for postsecondar'
2026-06-28 10:57:14,432 [INFO] core.evaluator_v2: [adakv] pred='The Secret Service’s Information Integration and Technology Transformation (IITT) investment, which includes two program'
2026-06-28 10:57:41,684 [INFO] core.evaluator_v2: [adakv] pred='The 2016 report of DOE’s Biological and Environmental Research Advisory Committee provided information about research ne'
2026-06-28 10:57:41,711 [INFO] core.evaluator_v2:   [40/50] avg=15.96
2026-06-28 10:58:00,278 [INFO] core.evaluator_v2: [adakv] pred='The report provides an overview of the management of neonatal abstinence syndrome (NAS) in infants exposed to opioids in'
2026-06-28 10:58:32,442 [INFO] core.evaluator_v2: [adakv] pred="The Aegis Ballistic Missile Defense (BMD) system is a critical component of the United States' missile defense strategy,"
2026-06-28 10:59:05,227 [INFO] core.evaluator_v2: [adakv] pred='The United States, Japan, Mexico, Canada, South Korea, Singapore, Taiwan, and Australia are members of the APEC CBPR. Th'
2026-06-28 10:59:48,628 [INFO] core.evaluator_v2: [adakv] pred='The U.S. Congress, through various committees and subcommittees, has been involved in the national defense authorization'
2026-06-28 11:00:15,181 [INFO] core.evaluator_v2: [adakv] pred='The Bureau of the Census, in its 2020 Census cost estimate, has been criticized for not adequately accounting for risk a'
2026-06-28 11:00:15,214 [INFO] core.evaluator_v2:   [45/50] avg=15.97
2026-06-28 11:00:52,879 [INFO] core.evaluator_v2: [adakv] pred='The United States government has implemented a series of climate change adaptation and resilience strategies, supported '
2026-06-28 11:01:29,672 [INFO] core.evaluator_v2: [adakv] pred='The U.S. Postal Service (USPS) has implemented a new scanning process for competitive products, which includes the use o'
2026-06-28 11:02:09,864 [INFO] core.evaluator_v2: [adakv] pred='The summary of the report is as follows:\n\nThe report examines the status of ESF assistance and projects provided to the '
2026-06-28 11:02:49,137 [INFO] core.evaluator_v2: [adakv] pred='The Office of Inspector General (OIG) conducted a performance audit of the Federal Aviation Administration (FAA) to eval'
2026-06-28 11:03:17,833 [INFO] core.evaluator_v2: [adakv] pred='The United States has purchased a number of key ANDSF equipment, including MD-530 helicopters, Mobile Strike Force Vehic'
2026-06-28 11:03:17,855 [INFO] core.evaluator_v2:   [50/50] avg=16.17
2026-06-28 11:03:17,856 [INFO] __main__:   → score=16.17, mem_red=80.0%, ttft=4427.9ms
2026-06-28 11:03:17,857 [INFO] __main__: 
  Task: qmsum
2026-06-28 11:03:17,857 [INFO] core.evaluator_v2: [adakv] qmsum (50샘플, budget=20%)
2026-06-28 11:03:34,431 [INFO] core.evaluator_v2: [adakv] pred='The team is discussing the design of a new remote control device, focusing on making it more user-friendly, stylish, and'
2026-06-28 11:03:53,652 [INFO] core.evaluator_v2: [adakv] pred='The discussion revolves around the design and development of a new device, focusing on the user interface and industrial'
2026-06-28 11:04:26,681 [INFO] core.evaluator_v2: [adakv] pred='The meeting is about the project, and the group is discussing the next steps. The professor, Professor C, is discussing '
2026-06-28 11:05:01,099 [INFO] core.evaluator_v2: [adakv] pred='The meeting was a discussion about the {disfmarker} Industrial Designer: {vocalsound} Project Manager: {vocalsound} Mark'
2026-06-28 11:05:28,870 [INFO] core.evaluator_v2: [adakv] pred='The team is discussing the design and features of a new remote control device, focusing on the following key points:\n\n1.'
2026-06-28 11:05:28,874 [INFO] core.evaluator_v2:   [5/50] avg=6.19
2026-06-28 11:05:55,643 [INFO] core.evaluator_v2: [adakv] pred='The speaker is discussing a research project involving neural networks and signal processing, specifically focusing on a'
2026-06-28 11:06:14,715 [INFO] core.evaluator_v2: [adakv] pred='The article discusses the development of a new navigation system, which is designed to be more intuitive and user-friend'
2026-06-28 11:06:54,196 [INFO] core.evaluator_v2: [adakv] pred='The Welsh Government has announced a new childcare offer, which is a £4.50 per hour rate, with the aim of providing affo'
2026-06-28 11:07:15,266 [INFO] core.evaluator_v2: [adakv] pred='The conversation between the participants (grad students and professors) is about the training of a neural network model'
2026-06-28 11:07:36,324 [INFO] core.evaluator_v2: [adakv] pred='The discussion revolves around the design and functionality of a universal remote control that can perform multiple acti'
2026-06-28 11:07:36,329 [INFO] core.evaluator_v2:   [10/50] avg=5.97
2026-06-28 11:08:03,413 [INFO] core.evaluator_v2: [adakv] pred='The speaker is discussing a project related to speech recognition and signal processing, specifically focusing on the de'
2026-06-28 11:08:37,354 [INFO] core.evaluator_v2: [adakv] pred='The Welsh Government has announced a new childcare offer, which is a £4.50 per hour rate, with the aim of providing affo'
2026-06-28 11:09:03,476 [INFO] core.evaluator_v2: [adakv] pred='The National Assembly for Wales has, in the first instance, the capacity to provide support for key workers and vulnerab'
2026-06-28 11:09:15,973 [INFO] core.evaluator_v2: [adakv] pred='The meeting focused on the development of a remote control device, with a particular emphasis on the user interface and '
2026-06-28 11:09:29,663 [INFO] core.evaluator_v2: [adakv] pred='The team is discussing the design and features of a new product, focusing on the user interface, battery, and voice reco'
2026-06-28 11:09:29,666 [INFO] core.evaluator_v2:   [15/50] avg=6.60
2026-06-28 11:09:58,037 [INFO] core.evaluator_v2: [adakv] pred='The meeting between the Project Manager, Industrial Designer, and User Interface Designer focused on the development of '
2026-06-28 11:10:18,339 [INFO] core.evaluator_v2: [adakv] pred='The discussion revolves around the design and functionality of a universal remote control that can perform multiple acti'
2026-06-28 11:10:45,372 [INFO] core.evaluator_v2: [adakv] pred='The speaker is discussing a project related to speech recognition and signal processing, specifically focusing on the de'
2026-06-28 11:11:12,359 [INFO] core.evaluator_v2: [adakv] pred='The team is discussing the development and presentation of a new product, focusing on the **User Interface (UI)**, **Pro'
2026-06-28 11:11:37,960 [INFO] core.evaluator_v2: [adakv] pred='The Welsh Government has announced a new childcare offer, which is a £4.50 per hour rate, with the aim of providing affo'
2026-06-28 11:11:37,967 [INFO] core.evaluator_v2:   [20/50] avg=7.00
2026-06-28 11:12:01,299 [INFO] core.evaluator_v2: [adakv] pred='The team has successfully completed the project, and the meeting is now over. The key points discussed and decisions mad'
2026-06-28 11:12:28,666 [INFO] core.evaluator_v2: [adakv] pred='The document is a detailed report on the efforts of the Canadian government to respond to the pandemic, with a focus on '
2026-06-28 11:12:54,865 [INFO] core.evaluator_v2: [adakv] pred='The speaker is discussing a research project involving neural networks and signal processing, specifically focusing on a'
2026-06-28 11:13:21,173 [INFO] core.evaluator_v2: [adakv] pred='The meeting was a discussion about the {disfmarker} Industrial Designer: {vocalsound} Project Manager: {vocalsound} Mark'
2026-06-28 11:13:30,383 [INFO] core.evaluator_v2: [adakv] pred='The project manager, industrial designer, and marketing team have successfully completed the project. The industrial des'
2026-06-28 11:13:30,385 [INFO] core.evaluator_v2:   [25/50] avg=7.13
2026-06-28 11:13:51,465 [INFO] core.evaluator_v2: [adakv] pred='The team is discussing the design and features of a new remote control device, focusing on the user interface and functi'
2026-06-28 11:14:19,154 [INFO] core.evaluator_v2: [adakv] pred='The team has successfully completed the project, and the meeting is now over. The key points discussed and decisions mad'
2026-06-28 11:14:39,769 [INFO] core.evaluator_v2: [adakv] pred='The article discusses the development of a new navigation system, which is designed to be more intuitive and user-friend'
2026-06-28 11:14:54,402 [INFO] core.evaluator_v2: [adakv] pred='The team is discussing the design and implementation of a remote control device for a new product, focusing on user inte'
2026-06-28 11:15:17,270 [INFO] core.evaluator_v2: [adakv] pred='The discussion revolves around the design and functionality of a universal remote control that can perform multiple acti'
2026-06-28 11:15:17,278 [INFO] core.evaluator_v2:   [30/50] avg=7.80
2026-06-28 11:15:29,836 [INFO] core.evaluator_v2: [adakv] pred='The discussion revolves around the design and development of a new device, focusing on the user interface and industrial'
2026-06-28 11:15:40,026 [INFO] core.evaluator_v2: [adakv] pred="The Government of Canada's national debt is a complex issue, but the key point is that the government is taking a proact"
2026-06-28 11:15:53,205 [INFO] core.evaluator_v2: [adakv] pred='The summary of the conversation between the participants is as follows:\n\nThe conversation revolves around the design and'
2026-06-28 11:16:22,085 [INFO] core.evaluator_v2: [adakv] pred='The National Assembly for Wales has, in the first instance, the capacity to provide support for key workers and vulnerab'
2026-06-28 11:16:44,160 [INFO] core.evaluator_v2: [adakv] pred='The discussion revolves around the development and optimization of speech recognition systems, particularly focusing on '
2026-06-28 11:16:44,165 [INFO] core.evaluator_v2:   [35/50] avg=7.90
2026-06-28 11:17:12,724 [INFO] core.evaluator_v2: [adakv] pred='The team has successfully completed the project, and the meeting is now over. The key points discussed and decisions mad'
2026-06-28 11:17:37,552 [INFO] core.evaluator_v2: [adakv] pred='The team has successfully completed the project, and the meeting is now over. The key points discussed and decisions mad'
2026-06-28 11:17:56,730 [INFO] core.evaluator_v2: [adakv] pred="The Government of Canada's national debt is a complex issue, but the key point is that the government is taking a proact"
2026-06-28 11:18:10,257 [INFO] core.evaluator_v2: [adakv] pred='The meeting focused on the development of a remote control device, with a particular emphasis on the user interface and '
2026-06-28 11:18:24,978 [INFO] core.evaluator_v2: [adakv] pred='The discussion revolves around the design and development of a new device, focusing on the user interface and industrial'
2026-06-28 11:18:24,983 [INFO] core.evaluator_v2:   [40/50] avg=8.32
2026-06-28 11:19:10,232 [INFO] core.evaluator_v2: [adakv] pred='The team is discussing the design and features of a new remote control device, focusing on the following key points:\n\n1.'
2026-06-28 11:19:37,688 [INFO] core.evaluator_v2: [adakv] pred='The National Assembly for Wales has, in the first instance, the capacity to provide support for key workers and vulnerab'
2026-06-28 11:20:10,860 [INFO] core.evaluator_v2: [adakv] pred='The team is discussing the development and presentation of a new product, focusing on the **User Interface (UI)**, **Pro'
2026-06-28 11:20:44,427 [INFO] core.evaluator_v2: [adakv] pred='The meeting discussed the development of a remote control device with a focus on user interface design, marketing strate'
2026-06-28 11:21:09,556 [INFO] core.evaluator_v2: [adakv] pred='The discussion revolves around the development and optimization of speech recognition systems, particularly focusing on '
2026-06-28 11:21:09,559 [INFO] core.evaluator_v2:   [45/50] avg=7.90
2026-06-28 11:21:38,918 [INFO] core.evaluator_v2: [adakv] pred='The team is discussing the development of a new remote control device that comes with a television, featuring a small, l'
2026-06-28 11:22:07,117 [INFO] core.evaluator_v2: [adakv] pred='The team is discussing the development of a new remote control device that comes with a television, featuring a small, l'
2026-06-28 11:22:32,733 [INFO] core.evaluator_v2: [adakv] pred='The team is discussing the design of a new remote control device, focusing on making it more user-friendly, stylish, and'
2026-06-28 11:23:01,114 [INFO] core.evaluator_v2: [adakv] pred='The team is discussing the development and presentation of a new product, focusing on the **User Interface (UI)**, **Pro'
2026-06-28 11:23:37,566 [INFO] core.evaluator_v2: [adakv] pred='The National Assembly for Wales has, in the first instance, the capacity to provide support for key workers and vulnerab'
2026-06-28 11:23:37,577 [INFO] core.evaluator_v2:   [50/50] avg=7.95
2026-06-28 11:23:37,578 [INFO] __main__:   → score=7.95, mem_red=80.0%, ttft=4309.1ms
2026-06-28 11:23:37,579 [INFO] __main__: 
────────────────────────────────────────────────────────────
2026-06-28 11:23:37,580 [INFO] __main__: Method: OURS | Budget: 20%
2026-06-28 11:23:37,581 [INFO] __main__: ────────────────────────────────────────────────────────────
2026-06-28 11:23:37,583 [INFO] __main__: 
  Task: gov_report
2026-06-28 11:23:37,584 [INFO] core.evaluator_v2: [ours] gov_report (50샘플, budget=20%)
2026-06-28 11:24:27,609 [INFO] core.evaluator_v2: [ours] pred='The National Science Foundation (NSF) has implemented a workforce strategy that balances the use of rotating (IPA) and V'
2026-06-28 11:24:59,747 [INFO] core.evaluator_v2: [ours] pred='The Federal Information Security Management Act (FISMA) of 2002, as amended by the Federal Information Security Manageme'
2026-06-28 11:25:12,681 [INFO] core.evaluator_v2: [ours] pred="The article discusses the United States' response to China's maritime aggression in the South China Sea, emphasizing the"
2026-06-28 11:25:45,416 [INFO] core.evaluator_v2: [ours] pred='The final full-year appropriations for the EPA were enacted as part of the Consolidated Appropriations Act, FY2019 (P.L.'
2026-06-28 11:26:04,192 [INFO] core.evaluator_v2: [ours] pred='The Department of Homeland Security (DHS) and its TRIO components—the U.S. Coast Guard (Coast Guard), Transportation Sec'
2026-06-28 11:26:04,210 [INFO] core.evaluator_v2:   [5/50] avg=14.39
2026-06-28 11:26:35,988 [INFO] core.evaluator_v2: [ours] pred='The audit of the Federal Cybersecurity Enhancement Act of 2015, conducted by the Office of the Inspector General (OIG) f'
2026-06-28 11:26:58,399 [INFO] core.evaluator_v2: [ours] pred='The Small Business Goaling Report (SBGR) is a tool used by the federal government to measure and track the progress of s'
2026-06-28 11:27:22,780 [INFO] core.evaluator_v2: [ours] pred='The summary of the provided text is as follows:\n\nThe text outlines the procedures and requirements for the use of the Fe'
2026-06-28 11:27:52,650 [INFO] core.evaluator_v2: [ours] pred='The summary of the provided text is as follows:\n\nThe text discusses the declining use of cash in Sweden and the rising u'
2026-06-28 11:28:24,384 [INFO] core.evaluator_v2: [ours] pred='The Department of Homeland Security (DHS) has implemented a comprehensive acquisition management and resource allocation'
2026-06-28 11:28:24,420 [INFO] core.evaluator_v2:   [10/50] avg=14.70
2026-06-28 11:28:52,571 [INFO] core.evaluator_v2: [ours] pred='The Department of Homeland Security (DHS) is a federal agency that is responsible for the security of the United States '
2026-06-28 11:29:19,047 [INFO] core.evaluator_v2: [ours] pred='The Bureau of Land Management (BLM) has broad authority to acquire and dispose of federal lands under various laws and r'
2026-06-28 11:30:00,972 [INFO] core.evaluator_v2: [ours] pred='The Black Lung Disability Trust Fund (Trust Fund) is a federal trust fund that provides benefits to coal miners who have'
2026-06-28 11:30:29,303 [INFO] core.evaluator_v2: [ours] pred='The United States provides foreign assistance to countries around the world, with a focus on economic development, secur'
2026-06-28 11:30:55,375 [INFO] core.evaluator_v2: [ours] pred='The Office of Surface Mining Reclamation and Enforcement (OSMRE) has issued a report on the financial assurance requirem'
2026-06-28 11:30:55,405 [INFO] core.evaluator_v2:   [15/50] avg=15.63
2026-06-28 11:31:24,687 [INFO] core.evaluator_v2: [ours] pred="The Public Safety Officers' Education and Assistance (PSOEA) program provides financial assistance with costs associated"
2026-06-28 11:31:48,849 [INFO] core.evaluator_v2: [ours] pred='**Summary:**\n\nThe U.S. federal government, through the Office of Management and Budget (OMB), has issued guidance to age'
2026-06-28 11:32:12,476 [INFO] core.evaluator_v2: [ours] pred='The following is a summary of the content and key points from the original text and the summary provided.\n\n**Summary of '
2026-06-28 11:32:41,237 [INFO] core.evaluator_v2: [ours] pred='The 2019 appropriations bill for the U.S. International Trade Commission (ITC) and the U.S. Trade Representative (USTR) '
2026-06-28 11:33:19,223 [INFO] core.evaluator_v2: [ours] pred='The Black Lung Benefits Act (BLBA) is a federal law that provides medical and disability benefits to miners who have bee'
2026-06-28 11:33:19,257 [INFO] core.evaluator_v2:   [20/50] avg=15.65
2026-06-28 11:33:46,121 [INFO] core.evaluator_v2: [ours] pred='The analysis of technology-related degree earners and the compliance of technology companies with federal equal opportun'
2026-06-28 11:34:11,342 [INFO] core.evaluator_v2: [ours] pred='The Federal Trade Commission (FTC) has been addressing Internet privacy through its unfair and deceptive practices autho'
2026-06-28 11:34:38,626 [INFO] core.evaluator_v2: [ours] pred='This report examines the factors that lead to early withdrawals from retirement savings, and explores potential strategi'
2026-06-28 11:34:59,591 [INFO] core.evaluator_v2: [ours] pred='The U.S. government has implemented a comprehensive IT management framework to ensure the effective and efficient manage'
2026-06-28 11:35:28,659 [INFO] core.evaluator_v2: [ours] pred="The U.S. Postal Service (USPS) has agreed to a review of the federal government's financial responsibility for the Posta"
2026-06-28 11:35:28,701 [INFO] core.evaluator_v2:   [25/50] avg=15.82
2026-06-28 11:35:51,075 [INFO] core.evaluator_v2: [ours] pred='The Tax Exclusion for Canceled Mortgage Debt (2007-2017) and the Deduction for Mortgage Insurance Premiums (2007-2019) a'
2026-06-28 11:36:16,627 [INFO] core.evaluator_v2: [ours] pred='The National Popular Vote (NPV) initiative is a constitutional amendment that would require the President and Vice Presi'
2026-06-28 11:36:55,039 [INFO] core.evaluator_v2: [ours] pred='The Energy and Water Development Appropriations Bill for FY2020 includes several key components and funding allocations '
2026-06-28 11:37:35,388 [INFO] core.evaluator_v2: [ours] pred='The Office of Management and Budget (OMB) and the Department of Housing and Urban Development (HUD) have issued a final '
2026-06-28 11:38:02,092 [INFO] core.evaluator_v2: [ours] pred='The United States Veterans Affairs (VA) has been tasked with improving the access to burial options for veterans who do '
2026-06-28 11:38:02,130 [INFO] core.evaluator_v2:   [30/50] avg=15.96
2026-06-28 11:38:30,558 [INFO] core.evaluator_v2: [ours] pred='The Volcker Rule, introduced to address risks in the financial system, has sparked significant debate over its impact on'
2026-06-28 11:38:56,670 [INFO] core.evaluator_v2: [ours] pred='**Summary of the Report on the European Reassurance Initiative (ERI) and Defense Posture Planning**\n\nThe U.S. Department'
2026-06-28 11:39:30,278 [INFO] core.evaluator_v2: [ours] pred='The U.S. Senate and the House of Representatives have been conducting a series of investigations into the activities of '
2026-06-28 11:39:57,571 [INFO] core.evaluator_v2: [ours] pred='The Government Accountability Office (GAO) conducted a performance audit of the financial condition and levels of debt i'
2026-06-28 11:40:26,282 [INFO] core.evaluator_v2: [ours] pred='The Small Business Lending Fund (SBLF) was established under the Small Business Jobs Act of 2010 (P.L. 111-240) to provi'
2026-06-28 11:40:26,318 [INFO] core.evaluator_v2:   [35/50] avg=15.81
2026-06-28 11:40:53,398 [INFO] core.evaluator_v2: [ours] pred="WMATA's Capital Needs Inventory and Capital Planning Process: A Review of the 2016 and 2017 Fiscal Years\n\nThis report pr"
2026-06-28 11:41:19,828 [INFO] core.evaluator_v2: [ours] pred='The minority leader in the House of Representatives is a key figure in the legislative process, with a range of responsi'
2026-06-28 11:41:38,306 [INFO] core.evaluator_v2: [ours] pred='The HEA (Higher Education Act) includes provisions related to the prevention and response to incidents of domestic and s'
2026-06-28 11:42:04,811 [INFO] core.evaluator_v2: [ours] pred='The Department of Homeland Security (DHS) and the Secret Service have implemented an Information Integration and Technol'
2026-06-28 11:42:38,251 [INFO] core.evaluator_v2: [ours] pred='The Atomic Energy Act of 1954 (the Atomic Energy Act of 1954) is a federal law that authorizes the Secretary of Energy t'
2026-06-28 11:42:38,284 [INFO] core.evaluator_v2:   [40/50] avg=15.76
2026-06-28 11:43:22,214 [INFO] core.evaluator_v2: [ours] pred='The U.S. Department of Health and Human Services (HHS) has published several guidance and educational resources related '
2026-06-28 11:43:50,706 [INFO] core.evaluator_v2: [ours] pred='The United States Navy (US Navy) and the Under Secretary of Defense (R&D) have been working together to ensure that the '
2026-06-28 11:44:20,104 [INFO] core.evaluator_v2: [ours] pred='The United States and its international partners have a shared interest in promoting open, secure, and interoperable dat'
2026-06-28 11:44:52,858 [INFO] core.evaluator_v2: [ours] pred='The U.S. Congress, through its various committees and subcommittees, has been responsible for authorizing and funding th'
2026-06-28 11:45:20,753 [INFO] core.evaluator_v2: [ours] pred='The Bureau of the Census conducted a comprehensive cost estimate for the 2020 Census, which included both government and'
2026-06-28 11:45:20,793 [INFO] core.evaluator_v2:   [45/50] avg=15.54
2026-06-28 11:45:48,607 [INFO] core.evaluator_v2: [ours] pred='The United States has implemented a comprehensive climate change adaptation strategy through the Global Climate Change I'
2026-06-28 11:46:10,932 [INFO] core.evaluator_v2: [ours] pred='The U.S. Postal Service (USPS) has been identified as a key player in the delivery of mail and other postal services. Ho'
2026-06-28 11:46:36,301 [INFO] core.evaluator_v2: [ours] pred='The report examines (1) the status of ESF assistance and projects provided to the West Bank and Gaza for fiscal years 20'
2026-06-28 11:47:22,838 [INFO] core.evaluator_v2: [ours] pred="The audit of the Federal Government's Short-Term Rental Program, which had previously been limited to passenger vehicles"
2026-06-28 11:47:50,360 [INFO] core.evaluator_v2: [ours] pred="The U.S. Army and the Afghan National Security Forces (ANDSF) have been working to improve the ANDSF's ability to operat"
2026-06-28 11:47:50,389 [INFO] core.evaluator_v2:   [50/50] avg=15.95
2026-06-28 11:47:50,390 [INFO] __main__:   → score=15.95, mem_red=80.0%, ttft=4559.0ms
2026-06-28 11:47:50,391 [INFO] __main__: 
  Task: qmsum
2026-06-28 11:47:50,391 [INFO] core.evaluator_v2: [ours] qmsum (50샘플, budget=20%)
2026-06-28 11:48:04,518 [INFO] core.evaluator_v2: [ours] pred='Summary: The team is working on a new remote control device. The goal is to create a sleek, stylish, and functional remo'
2026-06-28 11:48:26,747 [INFO] core.evaluator_v2: [ours] pred='The discussion revolves around the design and development of a new mobile device, focusing on the user interface, indust'
2026-06-28 11:49:01,729 [INFO] core.evaluator_v2: [ours] pred='The project is being developed with the goal of creating a system that can be used for various purposes. The team is wor'
2026-06-28 11:49:13,627 [INFO] core.evaluator_v2: [ours] pred='The meeting was focused on evaluating a new product, with the goal of understanding its features and how it fits into th'
2026-06-28 11:49:41,152 [INFO] core.evaluator_v2: [ours] pred='The team is discussing the design and marketing of a new remote control device. The key points and decisions made during'
2026-06-28 11:49:41,157 [INFO] core.evaluator_v2:   [5/50] avg=6.99
2026-06-28 11:50:23,009 [INFO] core.evaluator_v2: [ours] pred='The speaker is discussing a research project involving neural networks and signal processing, with a focus on improving '
2026-06-28 11:51:05,057 [INFO] core.evaluator_v2: [ours] pred='The summary of the text is as follows:\n\nThe text discusses a system that is designed to take a person where they want to'
2026-06-28 11:51:48,516 [INFO] core.evaluator_v2: [ours] pred='The Welsh Government has launched a new childcare offer, which is being funded by the Welsh Government. The offer is bei'
2026-06-28 11:52:28,309 [INFO] core.evaluator_v2: [ours] pred='The conversation between the participants (grad students and PhD candidates) is about the training of a neural network, '
2026-06-28 11:53:05,751 [INFO] core.evaluator_v2: [ours] pred='The discussion revolves around the design and functionality of a universal remote control, focusing on user interface an'
2026-06-28 11:53:05,757 [INFO] core.evaluator_v2:   [10/50] avg=5.85
2026-06-28 11:53:38,786 [INFO] core.evaluator_v2: [ours] pred='The speaker is discussing a project related to the development of a global encoding standard for speech recognition, wit'
2026-06-28 11:54:20,082 [INFO] core.evaluator_v2: [ours] pred='The Welsh Government has launched a new childcare offer, which is being funded by the Welsh Government. The offer is bei'
2026-06-28 11:55:09,403 [INFO] core.evaluator_v2: [ours] pred='The following is a summary of the information and discussions that have taken place in the context of the national assem'
2026-06-28 11:55:45,967 [INFO] core.evaluator_v2: [ours] pred='The project was successfully completed with the following key points:\n\n1. **Project Overview**: The team worked on a rem'
2026-06-28 11:56:27,825 [INFO] core.evaluator_v2: [ours] pred='The team is working on a new product, which is a combination of a speaker and a remote control. The goal is to create a '
2026-06-28 11:56:27,832 [INFO] core.evaluator_v2:   [15/50] avg=5.99
2026-06-28 11:56:53,682 [INFO] core.evaluator_v2: [ours] pred='The team is discussing the development of a universal remote control for a television and DVD player, with the goal of m'
2026-06-28 11:57:23,920 [INFO] core.evaluator_v2: [ours] pred='The discussion revolves around the design and functionality of a universal remote control, focusing on user interface an'
2026-06-28 11:57:54,323 [INFO] core.evaluator_v2: [ours] pred='The speaker is discussing a project related to the development of a global encoding standard for speech recognition, wit'
2026-06-28 11:58:38,423 [INFO] core.evaluator_v2: [ours] pred='The meeting is about a new product, and the team is discussing the design, marketing, and project management of the prod'
2026-06-28 11:59:08,053 [INFO] core.evaluator_v2: [ours] pred='The Welsh Government has launched a new childcare offer, which is being funded by the Welsh Government. The offer is bei'
2026-06-28 11:59:08,061 [INFO] core.evaluator_v2:   [20/50] avg=6.71
2026-06-28 11:59:38,425 [INFO] core.evaluator_v2: [ours] pred='The team is discussing the **development of a new product** (likely a **smartwatch** or **wearable device**), with a foc'
2026-06-28 12:00:00,817 [INFO] core.evaluator_v2: [ours] pred='The Canadian government has taken a proactive approach to address the challenges posed by the pandemic, particularly in '
2026-06-28 12:00:30,635 [INFO] core.evaluator_v2: [ours] pred='The speaker is discussing a research project involving neural networks and signal processing, with a focus on improving '
2026-06-28 12:00:53,479 [INFO] core.evaluator_v2: [ours] pred='The meeting was focused on evaluating a new product, with the goal of understanding its features and how it fits into th'
2026-06-28 12:01:12,521 [INFO] core.evaluator_v2: [ours] pred='The project manager is responsible for the design and implementation of the product. The industrial designer is responsi'
2026-06-28 12:01:12,545 [INFO] core.evaluator_v2:   [25/50] avg=7.29
2026-06-28 12:01:37,098 [INFO] core.evaluator_v2: [ours] pred='The team is discussing the design and implementation of a new remote control device with a focus on user interface and e'
2026-06-28 12:02:06,996 [INFO] core.evaluator_v2: [ours] pred='The team is discussing the **development of a new product** (likely a **smartwatch** or **wearable device**), with a foc'
2026-06-28 12:02:53,509 [INFO] core.evaluator_v2: [ours] pred='The summary of the text is as follows:\n\nThe text discusses a system that is designed to take a person where they want to'
2026-06-28 12:03:08,620 [INFO] core.evaluator_v2: [ours] pred='The team is discussing the design and implementation of a user interface for a remote control device, with a focus on si'
2026-06-28 12:03:28,276 [INFO] core.evaluator_v2: [ours] pred='The discussion revolves around the design and functionality of a universal remote control, focusing on user interface an'
2026-06-28 12:03:28,283 [INFO] core.evaluator_v2:   [30/50] avg=7.52
2026-06-28 12:03:50,011 [INFO] core.evaluator_v2: [ours] pred='The discussion revolves around the design and development of a new mobile device, focusing on the user interface, indust'
2026-06-28 12:04:05,514 [INFO] core.evaluator_v2: [ours] pred="The Government of Canada's balance sheet is strong, with a negative net worth of as much as $1 trillion by the end of th"
2026-06-28 12:04:29,813 [INFO] core.evaluator_v2: [ours] pred='The conversation discusses the design and functionality of a remote control for a television, focusing on the user inter'
2026-06-28 12:04:54,403 [INFO] core.evaluator_v2: [ours] pred='The following is a summary of the information and discussions that have taken place in the context of the national assem'
2026-06-28 12:05:10,126 [INFO] core.evaluator_v2: [ours] pred='The discussion revolves around the development and optimization of a speech recognition system, with a focus on reducing'
2026-06-28 12:05:10,128 [INFO] core.evaluator_v2:   [35/50] avg=7.58
2026-06-28 12:05:39,244 [INFO] core.evaluator_v2: [ours] pred='The team is discussing the **development of a new product** (likely a **smartwatch** or **wearable device**), with a foc'
2026-06-28 12:06:10,392 [INFO] core.evaluator_v2: [ours] pred='The team is discussing the **development of a new product** (likely a **smartwatch** or **wearable device**), with a foc'
2026-06-28 12:06:22,362 [INFO] core.evaluator_v2: [ours] pred="The Government of Canada's balance sheet is strong, with a negative net worth of as much as $1 trillion by the end of th"
2026-06-28 12:06:50,596 [INFO] core.evaluator_v2: [ours] pred='The project was successfully completed with the following key points:\n\n1. **Project Overview**: The team worked on a rem'
2026-06-28 12:07:20,086 [INFO] core.evaluator_v2: [ours] pred='The discussion revolves around the design and development of a new mobile device, focusing on the user interface, indust'
2026-06-28 12:07:20,092 [INFO] core.evaluator_v2:   [40/50] avg=7.82
2026-06-28 12:07:47,762 [INFO] core.evaluator_v2: [ours] pred='The team is discussing the design and marketing of a new remote control device. The key points and decisions made during'
2026-06-28 12:08:13,840 [INFO] core.evaluator_v2: [ours] pred='The following is a summary of the information and discussions that have taken place in the context of the national assem'
2026-06-28 12:08:41,181 [INFO] core.evaluator_v2: [ours] pred='The meeting is about a new product, and the team is discussing the design, marketing, and project management of the prod'
2026-06-28 12:09:09,273 [INFO] core.evaluator_v2: [ours] pred='The team is going to lunch break. Marketing: "Mm, great."  \n**Project Manager**: "Okay, thanks."  \n**Industrial Designer'
2026-06-28 12:09:41,054 [INFO] core.evaluator_v2: [ours] pred='The discussion revolves around the development and optimization of a speech recognition system, with a focus on reducing'
2026-06-28 12:09:41,059 [INFO] core.evaluator_v2:   [45/50] avg=7.35
2026-06-28 12:09:58,063 [INFO] core.evaluator_v2: [ours] pred='The team is discussing the design and marketing of a new remote control device, focusing on the user interface and exper'
2026-06-28 12:10:15,942 [INFO] core.evaluator_v2: [ours] pred='The team is discussing the design and marketing of a new remote control device, focusing on the user interface and exper'
2026-06-28 12:10:30,443 [INFO] core.evaluator_v2: [ours] pred='Summary: The team is working on a new remote control device. The goal is to create a sleek, stylish, and functional remo'
2026-06-28 12:10:58,222 [INFO] core.evaluator_v2: [ours] pred='The meeting is about a new product, and the team is discussing the design, marketing, and project management of the prod'
2026-06-28 12:11:28,162 [INFO] core.evaluator_v2: [ours] pred='The following is a summary of the information and discussions that have taken place in the context of the national assem'
2026-06-28 12:11:28,169 [INFO] core.evaluator_v2:   [50/50] avg=7.27
2026-06-28 12:11:28,170 [INFO] __main__:   → score=7.27, mem_red=80.0%, ttft=6364.9ms
2026-06-28 12:11:28,180 [INFO] core.results_manager: Results saved to results/exp1_qwen3-4b_full_20260628_080407.csv
2026-06-28 12:11:28,188 [INFO] core.results_manager: JSON saved to results/exp1_qwen3-4b_full_20260628_080407.json
2026-06-28 12:11:28,188 [INFO] __main__: Experiment 1 completed!
