2026-06-28 03:34:01,581 [INFO] __main__: Experiment 1: Main Results
2026-06-28 03:34:01,582 [INFO] __main__:   Model: qwen3-4b
2026-06-28 03:34:01,583 [INFO] __main__:   Mode: full
2026-06-28 03:34:01,584 [INFO] __main__:   Budget: 20%
2026-06-28 03:34:01,584 [INFO] __main__:   Tasks: ['narrativeqa', 'qasper', 'multifieldqa_en']
2026-06-28 03:34:01,585 [INFO] __main__:   Methods: ['fullkv', 'streaming', 'h2o', 'snapkv', 'pyramidkv', 'adakv', 'ours']
2026-06-28 03:34:01,586 [INFO] __main__:   Samples/task: 50
2026-06-28 03:34:01,587 [INFO] __main__: 
Loading model: qwen3-4b ...
2026-06-28 03:34:01,588 [INFO] core.model_loader: Loading tokenizer: Qwen/Qwen3-4B
2026-06-28 03:34:01,715 [INFO] httpx: HTTP Request: HEAD https://huggingface.co/Qwen/Qwen3-4B/resolve/main/config.json "HTTP/1.1 307 Temporary Redirect"
2026-06-28 03:34:01,723 [INFO] httpx: HTTP Request: HEAD https://huggingface.co/api/resolve-cache/models/Qwen/Qwen3-4B/1cfa9a7208912126459214e8b04321603b3df60c/config.json "HTTP/1.1 200 OK"
2026-06-28 03:34:01,842 [INFO] httpx: HTTP Request: HEAD https://huggingface.co/Qwen/Qwen3-4B/resolve/main/tokenizer_config.json "HTTP/1.1 307 Temporary Redirect"
2026-06-28 03:34:01,844 [WARNING] huggingface_hub.utils._http: Warning: You are sending unauthenticated requests to the HF Hub. Please set a HF_TOKEN to enable higher rate limits and faster downloads.
2026-06-28 03:34:01,851 [INFO] httpx: HTTP Request: HEAD https://huggingface.co/api/resolve-cache/models/Qwen/Qwen3-4B/1cfa9a7208912126459214e8b04321603b3df60c/tokenizer_config.json "HTTP/1.1 200 OK"
2026-06-28 03:34:01,929 [INFO] httpx: HTTP Request: GET https://huggingface.co/api/models/Qwen/Qwen3-4B/tree/main/additional_chat_templates?recursive=false&expand=false "HTTP/1.1 404 Not Found"
2026-06-28 03:34:01,970 [INFO] httpx: HTTP Request: GET https://huggingface.co/api/models/Qwen/Qwen3-4B/tree/main?recursive=true&expand=false "HTTP/1.1 200 OK"
2026-06-28 03:34:03,793 [INFO] httpx: HTTP Request: GET https://huggingface.co/api/models/Qwen/Qwen3-4B "HTTP/1.1 200 OK"
2026-06-28 03:34:03,814 [INFO] core.model_loader: Loading model: Qwen/Qwen3-4B in torch.float16
2026-06-28 03:34:03,855 [INFO] httpx: HTTP Request: HEAD https://huggingface.co/Qwen/Qwen3-4B/resolve/main/config.json "HTTP/1.1 307 Temporary Redirect"
2026-06-28 03:34:03,861 [INFO] httpx: HTTP Request: HEAD https://huggingface.co/api/resolve-cache/models/Qwen/Qwen3-4B/1cfa9a7208912126459214e8b04321603b3df60c/config.json "HTTP/1.1 200 OK"
2026-06-28 03:34:30,689 [INFO] httpx: HTTP Request: HEAD https://huggingface.co/Qwen/Qwen3-4B/resolve/main/generation_config.json "HTTP/1.1 307 Temporary Redirect"
2026-06-28 03:34:30,697 [INFO] httpx: HTTP Request: HEAD https://huggingface.co/api/resolve-cache/models/Qwen/Qwen3-4B/1cfa9a7208912126459214e8b04321603b3df60c/generation_config.json "HTTP/1.1 200 OK"
2026-06-28 03:34:30,778 [INFO] httpx: HTTP Request: HEAD https://huggingface.co/Qwen/Qwen3-4B/resolve/main/custom_generate/generate.py "HTTP/1.1 404 Not Found"
2026-06-28 03:34:30,834 [INFO] core.model_loader: Model loaded: layers=36, num_heads=32, num_kv_heads=8
2026-06-28 03:34:30,844 [INFO] __main__: 사전 데이터 로딩 중...
2026-06-28 03:34:30,846 [INFO] core.dataset_loader: Loading LongBench/narrativeqa ...
2026-06-28 03:34:30,875 [INFO] httpx: HTTP Request: GET https://huggingface.co/api/datasets/THUDM/LongBench "HTTP/1.1 307 Temporary Redirect"
2026-06-28 03:34:30,906 [INFO] httpx: HTTP Request: GET https://huggingface.co/api/datasets/zai-org/LongBench "HTTP/1.1 200 OK"
2026-06-28 03:34:31,389 [INFO] httpx: HTTP Request: GET https://huggingface.co/api/datasets/THUDM/LongBench/revision/main "HTTP/1.1 307 Temporary Redirect"
2026-06-28 03:34:31,419 [INFO] httpx: HTTP Request: GET https://huggingface.co/api/datasets/zai-org/LongBench/revision/main "HTTP/1.1 200 OK"
2026-06-28 03:34:31,450 [INFO] httpx: HTTP Request: GET https://huggingface.co/api/datasets/THUDM/LongBench/tree/main?recursive=false&expand=false "HTTP/1.1 307 Temporary Redirect"
2026-06-28 03:34:31,485 [INFO] httpx: HTTP Request: GET https://huggingface.co/api/datasets/zai-org/LongBench/tree/main?recursive=false&expand=false "HTTP/1.1 200 OK"
2026-06-28 03:34:32,058 [INFO] core.dataset_loader: Loaded 50 samples from narrativeqa
2026-06-28 03:34:32,060 [INFO] __main__:   ✓ narrativeqa: 50샘플 로드 완료
2026-06-28 03:34:32,061 [INFO] core.dataset_loader: Loading LongBench/qasper ...
2026-06-28 03:34:32,093 [INFO] httpx: HTTP Request: GET https://huggingface.co/api/datasets/THUDM/LongBench "HTTP/1.1 307 Temporary Redirect"
2026-06-28 03:34:32,124 [INFO] httpx: HTTP Request: GET https://huggingface.co/api/datasets/zai-org/LongBench "HTTP/1.1 200 OK"
2026-06-28 03:34:32,855 [INFO] core.dataset_loader: Loaded 50 samples from qasper
2026-06-28 03:34:32,857 [INFO] __main__:   ✓ qasper: 50샘플 로드 완료
2026-06-28 03:34:32,858 [INFO] core.dataset_loader: Loading LongBench/multifieldqa_en ...
2026-06-28 03:34:32,888 [INFO] httpx: HTTP Request: GET https://huggingface.co/api/datasets/THUDM/LongBench "HTTP/1.1 307 Temporary Redirect"
2026-06-28 03:34:32,919 [INFO] httpx: HTTP Request: GET https://huggingface.co/api/datasets/zai-org/LongBench "HTTP/1.1 200 OK"
2026-06-28 03:34:33,563 [INFO] core.dataset_loader: Loaded 50 samples from multifieldqa_en
2026-06-28 03:34:33,565 [INFO] __main__:   ✓ multifieldqa_en: 50샘플 로드 완료
2026-06-28 03:34:33,565 [INFO] __main__: 모든 태스크 데이터 로딩 완료!
2026-06-28 03:34:33,566 [INFO] __main__: 
────────────────────────────────────────────────────────────
2026-06-28 03:34:33,567 [INFO] __main__: Method: FULLKV | Budget: 20%
2026-06-28 03:34:33,568 [INFO] __main__: ────────────────────────────────────────────────────────────
2026-06-28 03:34:33,569 [INFO] __main__: 
  Task: narrativeqa
2026-06-28 03:34:33,570 [INFO] core.evaluator_v2: [fullkv] narrativeqa (50샘플, budget=20%)
2026-06-28 03:34:42,065 [INFO] core.evaluator_v2: [fullkv] pred='Daisy encountered Jim in Maitland.'
2026-06-28 03:34:52,807 [INFO] core.evaluator_v2: [fullkv] pred='Socrates ultimately decides it is unjust to escape because he believes that the laws of Athens are a social contract to '
2026-06-28 03:35:04,215 [INFO] core.evaluator_v2: [fullkv] pred='The story is set in the medieval period, specifically in the castle of Drachenhausen and the surrounding areas, includin'
2026-06-28 03:36:04,371 [INFO] core.evaluator_v2: [fullkv] pred='Baron Conrad did not kill anyone; however, he was killed by one-eyed Hans. The text states that one-eyed Hans brought ba'
2026-06-28 03:36:13,301 [INFO] core.evaluator_v2: [fullkv] pred='Vigo the Carpathian.'
2026-06-28 03:36:13,312 [INFO] core.evaluator_v2:   [5/50] avg=15.92
2026-06-28 03:36:23,301 [INFO] core.evaluator_v2: [fullkv] pred="Dana Barrett is the first person that falls under Vigo's spell."
2026-06-28 03:36:24,074 [WARNING] core.model_loader: Input length 8721 > max 8192, truncating...
2026-06-28 03:36:34,799 [INFO] core.evaluator_v2: [fullkv] pred="Clifford's profession is a security guard."
2026-06-28 03:36:42,552 [INFO] core.evaluator_v2: [fullkv] pred="Mr. and Mrs. Vervelle live at Ville d'Avray."
2026-06-28 03:36:53,867 [INFO] core.evaluator_v2: [fullkv] pred='The Witch threw the coffin into a ditch.'
2026-06-28 03:37:03,899 [INFO] core.evaluator_v2: [fullkv] pred='Frank Saltram is a writer and speaker, known for his extraordinary mind and captivating talk. He is described as having '
2026-06-28 03:37:03,912 [INFO] core.evaluator_v2:   [10/50] avg=17.61
2026-06-28 03:37:12,834 [INFO] core.evaluator_v2: [fullkv] pred='Mortimer Tregennis was once estranged from his siblings due to disagreements over the division of money from their tin-m'
2026-06-28 03:37:22,439 [INFO] core.evaluator_v2: [fullkv] pred="The unique aspect of the phonetic spelling of the 'future' article is that it is written in a way that reflects the phon"
2026-06-28 03:37:34,415 [INFO] core.evaluator_v2: [fullkv] pred='In the text, Death is disguised as a man in black.'
2026-06-28 03:37:41,089 [INFO] core.evaluator_v2: [fullkv] pred="Lady Coxon is Ruth Anvoy's mother."
2026-06-28 03:37:47,340 [INFO] core.evaluator_v2: [fullkv] pred='Rogers learned his battle knowledge during the Second War of Independence.'
2026-06-28 03:37:47,343 [INFO] core.evaluator_v2:   [15/50] avg=17.22
2026-06-28 03:37:53,112 [INFO] core.evaluator_v2: [fullkv] pred='Anthony Rogers was working for the American Radioactive Gas Corporation in 1927.'
2026-06-28 03:38:00,770 [INFO] core.evaluator_v2: [fullkv] pred='Miss Violet Ray realizes that none of the boarders like each other.'
2026-06-28 03:38:13,793 [INFO] core.evaluator_v2: [fullkv] pred='Holmes and Dr. Watson are in Cornwall because they are investigating the mysterious "Cornish Horror," a supernatural eve'
2026-06-28 03:38:25,156 [INFO] core.evaluator_v2: [fullkv] pred='The hidden message Reiko finds within the video is the curse that tells the viewer they will die one week after watching'
2026-06-28 03:38:37,676 [INFO] core.evaluator_v2: [fullkv] pred='Some important themes mentioned in this story include the contrast between good and evil, the power of love and gentlene'
2026-06-28 03:38:37,678 [INFO] core.evaluator_v2:   [20/50] avg=15.34
2026-06-28 03:38:49,318 [INFO] core.evaluator_v2: [fullkv] pred='The teenagers were discussing a cursed videotape that features a woman who warns viewers that they will die one week aft'
2026-06-28 03:39:02,329 [INFO] core.evaluator_v2: [fullkv] pred='Bill worked in a Chicago mill.'
2026-06-28 03:39:08,534 [INFO] core.evaluator_v2: [fullkv] pred="Two people fainted after seeing Brenda's dead body: the doctor and the vicar."
2026-06-28 03:39:14,940 [INFO] core.evaluator_v2: [fullkv] pred='Otto is known for his pure, simple wisdom and his silver hand.'
2026-06-28 03:39:23,240 [INFO] core.evaluator_v2: [fullkv] pred='Leon focuses on describing his experiences and observations in Paris, his progress in learning French, and his impressio'
2026-06-28 03:39:23,242 [INFO] core.evaluator_v2:   [25/50] avg=17.80
2026-06-28 03:39:48,180 [INFO] core.evaluator_v2: [fullkv] pred='The owner of the manor in the story is Madame de Merret, who is the late wife of the Count de Merret. After her death, t'
2026-06-28 03:40:08,514 [INFO] core.evaluator_v2: [fullkv] pred="Reiko's job is not mentioned in the text."
2026-06-28 03:40:15,729 [INFO] core.evaluator_v2: [fullkv] pred='Holmes observes that the fire in the fireplace had burned out hours before the tragedy occurred.'
2026-06-28 03:40:22,735 [INFO] core.evaluator_v2: [fullkv] pred='Socrates compares citizens and the law to a parent and child. He argues that the laws have raised and educated him, and '
2026-06-28 03:40:32,477 [INFO] core.evaluator_v2: [fullkv] pred='La Grande Breteche is a once-grand estate in Vendome that has fallen into disrepair and is surrounded by overgrown veget'
2026-06-28 03:40:32,479 [INFO] core.evaluator_v2:   [30/50] avg=17.23
2026-06-28 03:40:43,783 [INFO] core.evaluator_v2: [fullkv] pred='Reiko discovers that making a copy of the tape and showing it to someone else within a week saves viewers of the tape fr'
2026-06-28 03:40:53,793 [INFO] core.evaluator_v2: [fullkv] pred='The text does not explicitly mention the name of Grassou\'s wife. However, it refers to "his wife" in several instances a'
2026-06-28 03:41:00,510 [INFO] core.evaluator_v2: [fullkv] pred='The text does not mention anyone defending Lazarus during his murder trial. Therefore, the answer is that there is no in'
2026-06-28 03:41:19,926 [INFO] core.evaluator_v2: [fullkv] pred='Tomoko is frightened by the story about the cursed videotape and watches a strange video with her friends. After watchin'
2026-06-28 03:41:30,155 [INFO] core.evaluator_v2: [fullkv] pred='The Witch wanted the lying scribe to reveal his own lies.'
2026-06-28 03:41:30,158 [INFO] core.evaluator_v2:   [35/50] avg=17.34
2026-06-28 03:41:38,148 [INFO] core.evaluator_v2: [fullkv] pred="Oscar is Dana's baby."
2026-06-28 03:41:46,649 [INFO] core.evaluator_v2: [fullkv] pred="Shortly after Otto returns to his father's castle, he is found by the Emperor, who hears of his plight and decides to in"
2026-06-28 03:41:54,532 [INFO] core.evaluator_v2: [fullkv] pred="T.K. Nupton thought that Enoch Soames was a figment of the author's brain."
2026-06-28 03:42:06,631 [INFO] core.evaluator_v2: [fullkv] pred='The text does not mention that the wealthy farmer (Chuck) marries anyone. Therefore, the answer is that there is no info'
2026-06-28 03:42:16,475 [INFO] core.evaluator_v2: [fullkv] pred="The art-dealer, Elie Magus, describes Grassou's skill level to Virginie's father as being on par with renowned artists s"
2026-06-28 03:42:16,477 [INFO] core.evaluator_v2:   [40/50] avg=16.11
2026-06-28 03:42:25,146 [INFO] core.evaluator_v2: [fullkv] pred='The Witch was able to perceive the naked beauty of the soul in all human forms, seeing beyond their outward appearances '
2026-06-28 03:42:31,466 [INFO] core.evaluator_v2: [fullkv] pred='When Mary was younger, her mother filled her free time by reading to her and teaching her to read.'
2026-06-28 03:42:37,815 [INFO] core.evaluator_v2: [fullkv] pred="The purpose of Crito's visit was to persuade Socrates to escape from prison and avoid his death sentence."
2026-06-28 03:42:48,495 [INFO] core.evaluator_v2: [fullkv] pred="The description of the teens' faces when they died was that their faces were pale and their eyes were filled with a mani"
2026-06-28 03:43:01,296 [INFO] core.evaluator_v2: [fullkv] pred='Bill was shot by Benson. After a confrontation, Benson shoots Bill down, and Bill turns to surprise Benson, but Benson s'
2026-06-28 03:43:01,312 [INFO] core.evaluator_v2:   [45/50] avg=15.76
2026-06-28 03:43:09,461 [INFO] core.evaluator_v2: [fullkv] pred='Gravener wants Ruth to use the money from The Coxon Fund to help Mr. Saltram, specifically to provide him with a public '
2026-06-28 03:43:10,183 [WARNING] core.model_loader: Input length 8722 > max 8192, truncating...
2026-06-28 03:43:21,401 [INFO] core.evaluator_v2: [fullkv] pred="The text does not mention where Alabama's son is born."
2026-06-28 03:43:31,293 [INFO] core.evaluator_v2: [fullkv] pred="The text does not explicitly state Ruth Anvoy's nationality. However, it mentions that she is from Wimbledon and that sh"
2026-06-28 03:43:43,230 [INFO] core.evaluator_v2: [fullkv] pred='Bill leaves Chicago with Steve.'
2026-06-28 03:43:50,074 [INFO] core.evaluator_v2: [fullkv] pred="The housekeeper's feet got wet because Holmes stumbled over the watering-pot, upset its contents, and deluged both his f"
2026-06-28 03:43:50,075 [INFO] core.evaluator_v2:   [50/50] avg=14.78
2026-06-28 03:43:50,077 [INFO] __main__:   → score=14.78, mem_red=0.0%, ttft=4492.1ms
2026-06-28 03:43:50,078 [INFO] __main__: 
  Task: qasper
2026-06-28 03:43:50,079 [INFO] core.evaluator_v2: [fullkv] qasper (50샘플, budget=20%)
2026-06-28 03:43:57,322 [INFO] core.evaluator_v2: [fullkv] pred='The proposed strategies show that agents using knowledge graphs with enhanced exploration methods (KG-A2C-chained and KG'
2026-06-28 03:44:00,325 [INFO] core.evaluator_v2: [fullkv] pred='The encoder in the system is an LSTM (Long Short-Term Memory) encoder.'
2026-06-28 03:44:04,031 [INFO] core.evaluator_v2: [fullkv] pred='The text does not mention the size of the Augmented LibriSpeech dataset.'
2026-06-28 03:44:09,334 [INFO] core.evaluator_v2: [fullkv] pred='NeuronBlocks includes the following neural network modules: Embedding Layer, Neural Network Layers (RNN, CNN, QRNN, Tran'
2026-06-28 03:44:15,883 [INFO] core.evaluator_v2: [fullkv] pred='The text compares the 6-layers and 9-layers sMBR models.'
2026-06-28 03:44:15,887 [INFO] core.evaluator_v2:   [5/50] avg=15.08
2026-06-28 03:44:23,964 [INFO] core.evaluator_v2: [fullkv] pred='The datasets used for evaluation are CNN/DailyMail, New York Times Annotated Corpus (NYT), and XSum.'
2026-06-28 03:44:33,472 [INFO] core.evaluator_v2: [fullkv] pred='The text compares RoBERT (RNN) and ToBERT (Transformer) and finds that ToBERT outperforms RoBERT on the Fisher and 20new'
2026-06-28 03:44:43,067 [INFO] core.evaluator_v2: [fullkv] pred='The ancient Chinese dataset comes from 1.7K bilingual ancient-modern Chinese articles collected from the internet, prima'
2026-06-28 03:44:54,459 [INFO] core.evaluator_v2: [fullkv] pred='The baselines used for evaluation are: Pointer-Gen, Pointer-Gen+RL-ROUGE, Pointer-Gen+RL-SEN, and Pointer-Gen+ARL-SEN.'
2026-06-28 03:45:12,194 [INFO] core.evaluator_v2: [fullkv] pred='The Twitter dataset consists of 1,873 Twitter conversation threads, roughly 14,000 tweets.'
2026-06-28 03:45:12,212 [INFO] core.evaluator_v2:   [10/50] avg=31.67
2026-06-28 03:45:19,824 [INFO] core.evaluator_v2: [fullkv] pred='The text indicates that the multitask learning approach improved the state-of-the-art performance, but it does not speci'
2026-06-28 03:45:27,174 [INFO] core.evaluator_v2: [fullkv] pred='The metrics used to establish that the chatbot becomes more knowledgeable and better at learning and conversation are Co'
2026-06-28 03:45:36,670 [INFO] core.evaluator_v2: [fullkv] pred='The combination of rewards for reinforcement learning includes an irony reward, which is the difference between the iron'
2026-06-28 03:45:45,472 [INFO] core.evaluator_v2: [fullkv] pred='The attention module is pretrained on the MT (machine translation) dataset.'
2026-06-28 03:45:55,221 [INFO] core.evaluator_v2: [fullkv] pred='The text does not specify the exact size of the dataset, but it mentions that the OurNepali dataset is divided into thre'
2026-06-28 03:45:55,223 [INFO] core.evaluator_v2:   [15/50] avg=28.45
2026-06-28 03:46:02,012 [INFO] core.evaluator_v2: [fullkv] pred='They evaluate on the Wall Street Journal (WSJ) portion of the Penn Treebank.'
2026-06-28 03:46:11,847 [INFO] core.evaluator_v2: [fullkv] pred='The model is compared to previous methods such as term frequency models, rule-based pattern matching, and machine learni'
2026-06-28 03:46:17,056 [INFO] core.evaluator_v2: [fullkv] pred='The Nguni languages (Zulu, Xhosa, Ndebele, and Sswahili) and the Sotho languages (Nso, Sotho, and Tswana) are similar to'
2026-06-28 03:46:21,582 [INFO] core.evaluator_v2: [fullkv] pred='The 7 Indian languages they experiment with are Kannada, Hindi, Telugu, Malayalam, Bengali, and English.'
2026-06-28 03:46:26,373 [INFO] core.evaluator_v2: [fullkv] pred='In addition to hashtag prediction, the authors test their method on Named Entity Recognition (NER), POS tagging, text cl'
2026-06-28 03:46:26,374 [INFO] core.evaluator_v2:   [20/50] avg=31.80
2026-06-28 03:46:32,415 [INFO] core.evaluator_v2: [fullkv] pred='The tagging scheme employed is a sequence labeling approach with three tags: one indicating the word appears before the '
2026-06-28 03:46:43,511 [INFO] core.evaluator_v2: [fullkv] pred='The text considers text categorization and sentiment classification as NLP tasks.'
2026-06-28 03:47:09,214 [INFO] core.evaluator_v2: [fullkv] pred='The NCEL approach is highly effective, consistently outperforming various baselines with a favorable generalization abil'
2026-06-28 03:47:16,392 [INFO] core.evaluator_v2: [fullkv] pred='The methods considered to find examples of biases and unwarranted inferences include manually inspecting images and thei'
2026-06-28 03:47:19,921 [INFO] core.evaluator_v2: [fullkv] pred='The corpus consists of 53 documents.'
2026-06-28 03:47:19,923 [INFO] core.evaluator_v2:   [25/50] avg=30.79
2026-06-28 03:47:26,460 [INFO] core.evaluator_v2: [fullkv] pred='An individual model consists of a Bayesian model for each language.'
2026-06-28 03:47:35,266 [INFO] core.evaluator_v2: [fullkv] pred='The text mentions that stylistic patterns are used as one of the features in sarcasm detection, but it does not specify '
2026-06-28 03:47:42,812 [INFO] core.evaluator_v2: [fullkv] pred='The highest MRR score achieved was 0.6103 in one of the test batches for the Factoid Question Answering task.'
2026-06-28 03:47:47,743 [INFO] core.evaluator_v2: [fullkv] pred='The subjects were presented with prompts corresponding to 7 phonemic/syllabic categories and 4 words (pat, pot, knew, an'
2026-06-28 03:47:53,416 [INFO] core.evaluator_v2: [fullkv] pred='The dataset is annotated by classifying each tweet as "no evidence of depression" or "evidence of depression." If a twee'
2026-06-28 03:47:53,422 [INFO] core.evaluator_v2:   [30/50] avg=29.89
2026-06-28 03:47:56,772 [INFO] core.evaluator_v2: [fullkv] pred='They match words by translating the source language words into the assisting language (English) using a bilingual dictio'
2026-06-28 03:48:09,024 [INFO] core.evaluator_v2: [fullkv] pred='The text mentions experiments on three datasets: FSD (social media), Twitter (social media), and Google (news articles).'
2026-06-28 03:48:13,428 [INFO] core.evaluator_v2: [fullkv] pred='The pretrained word embeddings used are GloVe (200-dimensional embeddings trained on 2 billion tweets), Edinburgh embedd'
2026-06-28 03:48:20,824 [INFO] core.evaluator_v2: [fullkv] pred='The text does not explicitly mention the use of pretrained embeddings. It discusses the use of bidirectional GRU cells f'
2026-06-28 03:48:29,987 [INFO] core.evaluator_v2: [fullkv] pred='The ensemble method works by gradually adding models to the ensemble. It starts with the best performing model based on '
2026-06-28 03:48:29,988 [INFO] core.evaluator_v2:   [35/50] avg=26.50
2026-06-28 03:48:32,959 [INFO] core.evaluator_v2: [fullkv] pred='Yes, they use attention. The text mentions the attention function is used to compute the similarity score between passag'
2026-06-28 03:48:37,947 [INFO] core.evaluator_v2: [fullkv] pred='The text mentions two types of language model architectures: a bidirectional language model used to augment the sequence'
2026-06-28 03:48:48,603 [INFO] core.evaluator_v2: [fullkv] pred="No, they do not report results only on English data. The text mentions using Roget's Thesaurus, which is a general Engli"
2026-06-28 03:48:55,965 [INFO] core.evaluator_v2: [fullkv] pred='The clinical datasets used in the paper are MEDDOCAN and NUBes-PHI.'
2026-06-28 03:49:01,484 [INFO] core.evaluator_v2: [fullkv] pred='No, the dataset for sentiment analysis is not balanced. The text mentions that the dataset contains more than twice as m'
2026-06-28 03:49:01,486 [INFO] core.evaluator_v2:   [40/50] avg=25.68
2026-06-28 03:49:09,330 [INFO] core.evaluator_v2: [fullkv] pred='Yes, it is possible to convert cloze-style questions to naturally-looking questions. The text mentions that cloze questi'
2026-06-28 03:49:19,853 [INFO] core.evaluator_v2: [fullkv] pred='The tasks used for evaluation are neural machine translation on four datasets: IWSLT 2017 German → English, KFTT Japanes'
2026-06-28 03:49:26,084 [INFO] core.evaluator_v2: [fullkv] pred='The text proposes using "context tweets" as additional features, which are the tweets that a given tweet is responding t'
2026-06-28 03:49:32,309 [INFO] core.evaluator_v2: [fullkv] pred='The text mentions that the dataset consists of 22,880 users.'
2026-06-28 03:49:37,067 [INFO] core.evaluator_v2: [fullkv] pred='The text mentions that the proposed approach was tested on standard benchmarks for English and Chinese, but it does not '
2026-06-28 03:49:37,071 [INFO] core.evaluator_v2:   [45/50] avg=25.85
2026-06-28 03:49:45,647 [INFO] core.evaluator_v2: [fullkv] pred='The text mentions that two methods are used for RQE: a deep learning model based on neural networks (specifically, a mod'
2026-06-28 03:49:54,966 [INFO] core.evaluator_v2: [fullkv] pred='The paper studies English. The text mentions "social media," "news data," and "articles tagged as propaganda," which are'
2026-06-28 03:50:02,716 [INFO] core.evaluator_v2: [fullkv] pred='The proposed approach using KL divergence as an energy function outperforms other word sense disambiguation (WSD) approa'
2026-06-28 03:50:10,223 [INFO] core.evaluator_v2: [fullkv] pred='The ML methods aim to identify argument components such as claims, premises, backings, warrants, qualifiers, and rebutta'
2026-06-28 03:50:20,280 [INFO] core.evaluator_v2: [fullkv] pred='The text indicates that expert annotations are generally higher quality than lay annotations. It shows that expert annot'
2026-06-28 03:50:20,282 [INFO] core.evaluator_v2:   [50/50] avg=24.69
2026-06-28 03:50:20,284 [INFO] __main__:   → score=24.69, mem_red=0.0%, ttft=2475.0ms
2026-06-28 03:50:20,284 [INFO] __main__: 
  Task: multifieldqa_en
2026-06-28 03:50:20,285 [INFO] core.evaluator_v2: [fullkv] multifieldqa_en (50샘플, budget=20%)
2026-06-28 03:50:23,982 [INFO] core.evaluator_v2: [fullkv] pred="After attacking Jacobo at a workers' strike, Ngotho loses his job and his family is forced to move. He later dies from h"
2026-06-28 03:50:34,352 [INFO] core.evaluator_v2: [fullkv] pred='Yes, the denoiser can be applied to circuits with non-Clifford noise. The text states that the mitigation technique work'
2026-06-28 03:50:35,173 [WARNING] core.model_loader: Input length 11011 > max 8192, truncating...
2026-06-28 03:50:46,978 [INFO] core.evaluator_v2: [fullkv] pred='The generative interactive model used in the method is called the Coupled GDBN (C-GDBN).'
2026-06-28 03:50:59,063 [INFO] core.evaluator_v2: [fullkv] pred="The purpose of an ICD (Implantable Cardioverter Defibrillator) is to monitor the heart's rhythm and deliver electrical s"
2026-06-28 03:51:07,945 [INFO] core.evaluator_v2: [fullkv] pred='The normalized least mean square (NLMS) algorithm is engaged in the PLMS-PPIC method.'
2026-06-28 03:51:07,947 [INFO] core.evaluator_v2:   [5/50] avg=59.96
2026-06-28 03:51:11,461 [INFO] core.evaluator_v2: [fullkv] pred='In 2009, Brooksley Born received the John F. Kennedy Profiles in Courage Award.'
2026-06-28 03:51:19,701 [INFO] core.evaluator_v2: [fullkv] pred='A media application determines the context of an event using a content-recognition module or algorithm, which may employ'
2026-06-28 03:51:32,192 [INFO] core.evaluator_v2: [fullkv] pred='The sticking points in the political showdown over the budget are the amount of spending to cut and the specific policie'
2026-06-28 03:51:35,757 [INFO] core.evaluator_v2: [fullkv] pred='The county seat of McPherson County is McPherson.'
2026-06-28 03:51:43,268 [INFO] core.evaluator_v2: [fullkv] pred='The new Iraqi Body Count organization provides cover for the war and allows supporters of the illegal war to point to it'
2026-06-28 03:51:43,270 [INFO] core.evaluator_v2:   [10/50] avg=54.77
2026-06-28 03:51:51,145 [INFO] core.evaluator_v2: [fullkv] pred='Accounting for path preference leads to a more steady decrease in belief entropy over the goal distribution, allowing th'
2026-06-28 03:52:00,984 [INFO] core.evaluator_v2: [fullkv] pred='It is important for the sides of the fuselage to be sloped (tumbled home) because this creates a conical shape when the '
2026-06-28 03:52:14,271 [INFO] core.evaluator_v2: [fullkv] pred='The court in In re Ferguson concluded that the claims did not meet the transformation prong of the Bilski test because t'
2026-06-28 03:52:18,599 [INFO] core.evaluator_v2: [fullkv] pred='KSTP-FM 102.1 was on the air from 1946 to 1952, which is 6 years.'
2026-06-28 03:52:27,895 [INFO] core.evaluator_v2: [fullkv] pred='Thalassemias are classified based on the globin chain that is affected, resulting in either alpha thalassemia or beta th'
2026-06-28 03:52:27,910 [INFO] core.evaluator_v2:   [15/50] avg=44.21
2026-06-28 03:52:35,969 [INFO] core.evaluator_v2: [fullkv] pred='The transition probability of the environment affects the learning rate in the static agent such that the learning rate '
2026-06-28 03:52:48,128 [INFO] core.evaluator_v2: [fullkv] pred='The experimental techniques used to study the quantum dot structures in this research were low-temperature scanning tunn'
2026-06-28 03:53:03,916 [INFO] core.evaluator_v2: [fullkv] pred='Margaret Way was born in Brisbane and died in Cleveland, Queensland, Australia.'
2026-06-28 03:53:17,660 [INFO] core.evaluator_v2: [fullkv] pred='The two ground states observed for indeno[1,2-a]fluorene on NaCl surfaces are an open-shell π-diradical state and a clos'
2026-06-28 03:53:26,468 [INFO] core.evaluator_v2: [fullkv] pred='The scoring engine generates a stream of content for the channel by querying new content items based on the channel cate'
2026-06-28 03:53:26,470 [INFO] core.evaluator_v2:   [20/50] avg=45.89
2026-06-28 03:53:27,114 [WARNING] core.model_loader: Input length 9212 > max 8192, truncating...
2026-06-28 03:53:45,230 [INFO] core.evaluator_v2: [fullkv] pred='The stability condition for a solution $ u $ of the equation $ -\\Delta u = f(u) $ in $ \\mathbb{R}^N $ is that the second'
2026-06-28 03:53:49,248 [INFO] core.evaluator_v2: [fullkv] pred='McPherson County is located in the U.S. state of Kansas.'
2026-06-28 03:53:58,583 [INFO] core.evaluator_v2: [fullkv] pred='The main focus of the research paper is to study the nuclear liquid-gas transition in the strong coupling regime of latt'
2026-06-28 03:54:12,222 [INFO] core.evaluator_v2: [fullkv] pred='The security parameter for the AES-256 block cipher is 172.'
2026-06-28 03:54:14,635 [INFO] core.evaluator_v2: [fullkv] pred='The most active fan club is the South West Ultras fan club.'
2026-06-28 03:54:14,637 [INFO] core.evaluator_v2:   [25/50] avg=46.04
2026-06-28 03:54:16,959 [INFO] core.evaluator_v2: [fullkv] pred='Margaret Way wrote more than 120 novels.'
2026-06-28 03:54:26,639 [INFO] core.evaluator_v2: [fullkv] pred='The significance of the interlayer Berry connection polarizability lies in its role as the geometric origin of the cross'
2026-06-28 03:54:40,448 [INFO] core.evaluator_v2: [fullkv] pred='Wearable sensors are now capable of estimating physical activity levels and physiological outcomes of older adults. Thes'
2026-06-28 03:54:48,679 [INFO] core.evaluator_v2: [fullkv] pred='One of Kam W. Leong\'s publications in Journal of Controlled Release is "Gene transfer to hemophilia A mice via oral deli'
2026-06-28 03:55:13,387 [INFO] core.evaluator_v2: [fullkv] pred='The symptoms of vitamin K deficiency include anemia, bruising, nosebleeds, bleeding of the gums in both sexes, and heavy'
2026-06-28 03:55:13,390 [INFO] core.evaluator_v2:   [30/50] avg=47.92
2026-06-28 03:55:23,375 [INFO] core.evaluator_v2: [fullkv] pred="The text does not explicitly mention restrictions on the use of Broadjam's servers. However, it does state that users mu"
2026-06-28 03:55:28,898 [INFO] core.evaluator_v2: [fullkv] pred='The 2017 general election was held on 23 September.'
2026-06-28 03:55:33,856 [INFO] core.evaluator_v2: [fullkv] pred='21 massive star-forming regions were studied.'
2026-06-28 03:55:43,103 [INFO] core.evaluator_v2: [fullkv] pred='Simon English became the leader of the National Party in October 2001.'
2026-06-28 03:55:53,248 [INFO] core.evaluator_v2: [fullkv] pred="Governor Rick Scott cited privacy concerns, expressed skepticism about the monitoring program's effectiveness, and raise"
2026-06-28 03:55:53,250 [INFO] core.evaluator_v2:   [35/50] avg=45.00
2026-06-28 03:56:02,285 [INFO] core.evaluator_v2: [fullkv] pred='The SI unit of power is the watt (W).'
2026-06-28 03:56:09,374 [INFO] core.evaluator_v2: [fullkv] pred='Craig wants to find his own place because he needs to balance the costs of living with the financial responsibilities he'
2026-06-28 03:56:16,285 [INFO] core.evaluator_v2: [fullkv] pred='The decision to base the water rates on usage reflected a commitment to fairness, ensuring that individuals pay for the '
2026-06-28 03:56:20,407 [INFO] core.evaluator_v2: [fullkv] pred='McPherson County was established as a county in 1870.'
2026-06-28 03:56:20,785 [WARNING] core.model_loader: Input length 8396 > max 8192, truncating...
2026-06-28 03:56:35,951 [INFO] core.evaluator_v2: [fullkv] pred='The proximity of superconductivity can suppress the Kondo effect if the superconducting energy gap $2\\Delta$ becomes lar'
2026-06-28 03:56:35,953 [INFO] core.evaluator_v2:   [40/50] avg=42.79
2026-06-28 03:56:55,930 [INFO] core.evaluator_v2: [fullkv] pred='Peter Denning is the program chair of this conference.'
2026-06-28 03:57:02,557 [INFO] core.evaluator_v2: [fullkv] pred='At dawn or dusk, the high resolution of what we focus on becomes a bit less, allowing what is off to the left or right t'
2026-06-28 03:57:09,611 [INFO] core.evaluator_v2: [fullkv] pred='The Director of Town and Country Planning is responsible for carrying out the functions assigned under the act.'
2026-06-28 03:57:24,852 [INFO] core.evaluator_v2: [fullkv] pred='Potential applications of ferromagnetic semiconductors include spin injection into non-magnetic semiconductors and elect'
2026-06-28 03:57:53,478 [INFO] core.evaluator_v2: [fullkv] pred='The recommended daily intake of vitamin K for adult women and men is 90 μg and 120 μg, respectively.'
2026-06-28 03:57:53,480 [INFO] core.evaluator_v2:   [45/50] avg=44.34
2026-06-28 03:58:13,937 [INFO] core.evaluator_v2: [fullkv] pred='Yes, DUO contains more instances per image than COCO. The text states that DUO has an average of 9.57 instances per imag'
2026-06-28 03:58:28,312 [INFO] core.evaluator_v2: [fullkv] pred='The population of McPherson County according to the 2020 census was 30,223.'
2026-06-28 03:58:36,094 [INFO] core.evaluator_v2: [fullkv] pred='The paper was published on 7 March 2023.'
2026-06-28 03:58:43,403 [INFO] core.evaluator_v2: [fullkv] pred="The first white settlement in McPherson County was Fuller's Ranch."
2026-06-28 03:58:50,120 [INFO] core.evaluator_v2: [fullkv] pred='The factors that control the reliance of artificial organisms on plasticity are the distance between environments (d_e),'
2026-06-28 03:58:50,122 [INFO] core.evaluator_v2:   [50/50] avg=46.02
2026-06-28 03:58:50,123 [INFO] __main__:   → score=46.02, mem_red=0.0%, ttft=3642.3ms
2026-06-28 03:58:50,124 [INFO] __main__: 
────────────────────────────────────────────────────────────
2026-06-28 03:58:50,125 [INFO] __main__: Method: STREAMING | Budget: 20%
2026-06-28 03:58:50,126 [INFO] __main__: ────────────────────────────────────────────────────────────
2026-06-28 03:58:50,127 [INFO] __main__: 
  Task: narrativeqa
2026-06-28 03:58:50,127 [INFO] core.evaluator_v2: [streaming] narrativeqa (50샘플, budget=20%)
2026-06-28 03:58:58,029 [INFO] core.evaluator_v2: [streaming] pred='The text does not specify the name of the town where Daisy encountered Jim.'
2026-06-28 03:59:11,700 [INFO] core.evaluator_v2: [streaming] pred='Socrates decides it is unjust to escape because he believes in upholding the laws of the state, even in old age. He argu'
2026-06-28 03:59:20,993 [INFO] core.evaluator_v2: [streaming] pred='The story is set in a medieval European castle, specifically Drachenhausen, which was once the stronghold of a robber ba'
2026-06-28 03:59:32,483 [INFO] core.evaluator_v2: [streaming] pred='Baron Conrad did not kill anyone. The text does not mention him killing anyone.'
2026-06-28 03:59:43,697 [INFO] core.evaluator_v2: [streaming] pred='A ghostly figure with an uncanny resemblance to the Ghostbusters (Venkman, Stantz, Spengler, and Winston) emerged from a'
2026-06-28 03:59:43,723 [INFO] core.evaluator_v2:   [5/50] avg=8.16
2026-06-28 03:59:51,786 [INFO] core.evaluator_v2: [streaming] pred="The first person that falls under Vigo's spell is Dana."
2026-06-28 03:59:52,434 [WARNING] core.model_loader: Input length 8721 > max 8192, truncating...
2026-06-28 04:00:03,603 [INFO] core.evaluator_v2: [streaming] pred="Clifford's profession is a police officer."
2026-06-28 04:00:15,022 [INFO] core.evaluator_v2: [streaming] pred='The text does not explicitly state where Mr. and Mrs. Vervelle live. However, it mentions that they have a "dot" (a dowr'
2026-06-28 04:00:31,865 [INFO] core.evaluator_v2: [streaming] pred='The Witch threw the coffin into a ditch.'
2026-06-28 04:00:37,251 [INFO] core.evaluator_v2: [streaming] pred='Frank Saltram is a writer.'
2026-06-28 04:00:37,262 [INFO] core.evaluator_v2:   [10/50] avg=7.98
2026-06-28 04:00:43,957 [INFO] core.evaluator_v2: [streaming] pred='Mortimer Trefinnis was estranged from his siblings due to financial motives. He believed that if his family members were'
2026-06-28 04:00:53,270 [INFO] core.evaluator_v2: [streaming] pred='The unique aspect of the phonetic spelling in the "future" article is that it is not explicitly mentioned or discussed i'
2026-06-28 04:01:00,500 [INFO] core.evaluator_v2: [streaming] pred='Death is disguised as a severe master inviting them to dance.'
2026-06-28 04:01:06,108 [INFO] core.evaluator_v2: [streaming] pred="Lady Coxon is Ruth Anvoy's mother."
2026-06-28 04:01:12,123 [INFO] core.evaluator_v2: [streaming] pred='The war in which Rogers learned his battle knowledge was the battle against the Sinsing Gang.'
2026-06-28 04:01:12,124 [INFO] core.evaluator_v2:   [15/50] avg=10.68
2026-06-28 04:01:19,866 [INFO] core.evaluator_v2: [streaming] pred='Anthony Rogers was working for a company that conducted military operations, specifically involving the use of explosive'
2026-06-28 04:01:25,664 [INFO] core.evaluator_v2: [streaming] pred='The young lady from New York.'
2026-06-28 04:01:33,764 [INFO] core.evaluator_v2: [streaming] pred='Holmes and Dr. Watson are in Cornwall because they are investigating a mysterious death and a series of strange events t'
2026-06-28 04:01:44,110 [INFO] core.evaluator_v2: [streaming] pred='The hidden message Reiko finds within the video is that copying the tape and showing it to someone else breaks the curse'
2026-06-28 04:02:02,737 [INFO] core.evaluator_v2: [streaming] pred='Justice, redemption, and the power of forgiveness.'
2026-06-28 04:02:02,739 [INFO] core.evaluator_v2:   [20/50] avg=8.86
2026-06-28 04:02:16,449 [INFO] core.evaluator_v2: [streaming] pred='The teenagers were discussing a cursed videotape that can cause death if not properly handled, and the spread of the cur'
2026-06-28 04:02:28,344 [INFO] core.evaluator_v2: [streaming] pred='Bill worked in a textile factory in Chicago.'
2026-06-28 04:02:34,032 [INFO] core.evaluator_v2: [streaming] pred="One person, Dr. Sterndale, fainted after seeing Brenda's dead body."
2026-06-28 04:02:39,866 [INFO] core.evaluator_v2: [streaming] pred='Otto is known for his pure, simple wisdom and his silver hand.'
2026-06-28 04:02:54,545 [INFO] core.evaluator_v2: [streaming] pred='Leon focuses on the decline and characteristics of the English-speaking family, particularly the American population, an'
2026-06-28 04:02:54,546 [INFO] core.evaluator_v2:   [25/50] avg=11.24
2026-06-28 04:03:02,127 [INFO] core.evaluator_v2: [streaming] pred='Monsieur de Merret.'
2026-06-28 04:03:15,799 [INFO] core.evaluator_v2: [streaming] pred="Reiko's job is not mentioned in the text."
2026-06-28 04:03:21,161 [INFO] core.evaluator_v2: [streaming] pred='Holmes observes the remains of powder on the shield in the fireplace.'
2026-06-28 04:03:27,958 [INFO] core.evaluator_v2: [streaming] pred='Socrates compares citizens and the law to a family, where the citizens are the children and the law is the parent. He ar'
2026-06-28 04:03:38,501 [INFO] core.evaluator_v2: [streaming] pred="La Grande Breteche is a fictional town in Honore de Balzac's novel *La Grande Breteche*, where the story revolves around"
2026-06-28 04:03:38,511 [INFO] core.evaluator_v2:   [30/50] avg=14.96
2026-06-28 04:03:47,961 [INFO] core.evaluator_v2: [streaming] pred='Reiko discovers that copying the tape and showing it to someone else within a week breaks the curse, saving viewers from'
2026-06-28 04:03:55,971 [INFO] core.evaluator_v2: [streaming] pred='Madame Vervelle.'
2026-06-28 04:04:02,201 [INFO] core.evaluator_v2: [streaming] pred='The text does not mention Lazarus or a murder trial. Therefore, there is no answer based on the provided text.'
2026-06-28 04:04:12,117 [INFO] core.evaluator_v2: [streaming] pred='Tomoko is not directly mentioned in the text, but the story focuses on Asakawa and her interactions with the cursed vide'
2026-06-28 04:04:19,232 [INFO] core.evaluator_v2: [streaming] pred='The Witch wanted the priests to reveal their own lies.'
2026-06-28 04:04:19,234 [INFO] core.evaluator_v2:   [35/50] avg=14.49
2026-06-28 04:04:27,503 [INFO] core.evaluator_v2: [streaming] pred="Oscar is Dana's baby."
2026-06-28 04:04:34,217 [INFO] core.evaluator_v2: [streaming] pred="The Emperor decides to right Otto's wrongs by punishing the Roderburgs and taking Otto under his protection."
2026-06-28 04:04:41,475 [INFO] core.evaluator_v2: [streaming] pred="T.K. Nupton thought that Soames was a figment of the narrator's brain."
2026-06-28 04:04:51,108 [INFO] core.evaluator_v2: [streaming] pred='The text does not explicitly mention who the wealthy farmer marries.'
2026-06-28 04:05:02,136 [INFO] core.evaluator_v2: [streaming] pred="The art-dealer, Virginie's father, describes Grassou's skill level as being on par with famous artists like Rubens, Remb"
2026-06-28 04:05:02,138 [INFO] core.evaluator_v2:   [40/50] avg=13.83
2026-06-28 04:05:13,340 [INFO] core.evaluator_v2: [streaming] pred='The Witch was able to perceive the inner forms and souls of mankind, seeing beyond their outward appearances to the deli'
2026-06-28 04:05:18,747 [INFO] core.evaluator_v2: [streaming] pred='Her mother filled her free time with reading and writing letters.'
2026-06-28 04:05:25,962 [INFO] core.evaluator_v2: [streaming] pred="Crito's purpose was to persuade Socrates to escape from prison and avoid death, arguing that doing so would be just and "
2026-06-28 04:05:37,267 [INFO] core.evaluator_v2: [streaming] pred="The description of the teens' faces when they died is not explicitly provided in the text. However, it is implied that t"
2026-06-28 04:05:49,245 [INFO] core.evaluator_v2: [streaming] pred='Bill died by being shot.'
2026-06-28 04:05:49,247 [INFO] core.evaluator_v2:   [45/50] avg=13.82
2026-06-28 04:06:12,858 [INFO] core.evaluator_v2: [streaming] pred='Gravener wants Ruth to give up her idea of marrying him, which is implied by the sealed letter he is supposed to deliver'
2026-06-28 04:06:14,525 [WARNING] core.model_loader: Input length 8722 > max 8192, truncating...
2026-06-28 04:06:36,200 [INFO] core.evaluator_v2: [streaming] pred="The text does not mention where Alabama's son is born."
2026-06-28 04:06:43,983 [INFO] core.evaluator_v2: [streaming] pred='The text does not explicitly state Ruth Anvoy\'s nationality. However, the mention of "a meddlesome American" suggests th'
2026-06-28 04:06:54,998 [INFO] core.evaluator_v2: [streaming] pred='Ursula leaves Chicago with him.'
2026-06-28 04:07:02,597 [INFO] core.evaluator_v2: [streaming] pred="The housekeeper's feet got wet during Holmes' visit because she had been in the garden, where she had been watering the "
2026-06-28 04:07:02,606 [INFO] core.evaluator_v2:   [50/50] avg=12.93
2026-06-28 04:07:02,607 [INFO] __main__:   → score=12.93, mem_red=80.0%, ttft=4083.1ms
2026-06-28 04:07:02,608 [INFO] __main__: 
  Task: qasper
2026-06-28 04:07:02,608 [INFO] core.evaluator_v2: [streaming] qasper (50샘플, budget=20%)
2026-06-28 04:07:07,602 [INFO] core.evaluator_v2: [streaming] pred='The proposed strategies show that KG-A2C-chained is significantly more sample efficient and converges faster, while both'
2026-06-28 04:07:10,391 [INFO] core.evaluator_v2: [streaming] pred='The encoder is a character-based encoder-decoder model.'
2026-06-28 04:07:14,168 [INFO] core.evaluator_v2: [streaming] pred='The text does not mention the size of the Augmented LibriSpeech dataset.'
2026-06-28 04:07:17,305 [INFO] core.evaluator_v2: [streaming] pred='NeuronBlocks includes modules such as CNN, BiLSTM, Attention, and BERT-based models. It also supports knowledge distilla'
2026-06-28 04:07:27,253 [INFO] core.evaluator_v2: [streaming] pred='The text compares the 6-layers and 9-layers sMBR models.'
2026-06-28 04:07:27,255 [INFO] core.evaluator_v2:   [5/50] avg=6.30
2026-06-28 04:07:42,702 [INFO] core.evaluator_v2: [streaming] pred='The datasets used for evaluation are CNN/DailyMail, NYT, and XSum.'
2026-06-28 04:07:47,295 [INFO] core.evaluator_v2: [streaming] pred='The transformer layer (ToBERT) outperforms the RNN layer (RoBERT) in terms of performance on the Fisher dataset, as show'
2026-06-28 04:07:54,790 [INFO] core.evaluator_v2: [streaming] pred='The ancient Chinese dataset is derived from the augmented and unaugmented parallel corpus, which includes both the origi'
2026-06-28 04:08:08,789 [INFO] core.evaluator_v2: [streaming] pred='The baselines used for evaluation are Pointer-Gen, Pointer-Gen+RL-SEN, and Pointer-Gen+ARL-SEN.'
2026-06-28 04:08:41,745 [INFO] core.evaluator_v2: [streaming] pred='The Twitter dataset contains 34.5% negative comments and 42.5% positive comments.'
2026-06-28 04:08:41,748 [INFO] core.evaluator_v2:   [10/50] avg=13.03
2026-06-28 04:08:47,070 [INFO] core.evaluator_v2: [streaming] pred='The text does not specify the exact amount of improvement, but it states that the neural network architecture using mult'
2026-06-28 04:08:54,626 [INFO] core.evaluator_v2: [streaming] pred='The metrics used to establish that this makes chatbots more knowledgeable and better at learning and conversation are th'
2026-06-28 04:09:02,051 [INFO] core.evaluator_v2: [streaming] pred='The combination of rewards for reinforcement learning includes: (1) rewards for content preservation, (2) rewards for st'
2026-06-28 04:09:09,960 [INFO] core.evaluator_v2: [streaming] pred='The attention module is pretrained on the MT (Machine Translation) data.'
2026-06-28 04:09:15,865 [INFO] core.evaluator_v2: [streaming] pred='The size of the dataset is not explicitly mentioned in the text. However, it is noted that the "OurNepali dataset" is al'
2026-06-28 04:09:15,867 [INFO] core.evaluator_v2:   [15/50] avg=15.49
2026-06-28 04:09:26,349 [INFO] core.evaluator_v2: [streaming] pred='The text evaluates on the WSJ dataset.'
2026-06-28 04:09:39,438 [INFO] core.evaluator_v2: [streaming] pred='The model is compared to previous methods such as the Li and Roth model, the CNN sentence classifier of Kim, and baselin'
2026-06-28 04:09:46,191 [INFO] core.evaluator_v2: [streaming] pred='The text mentions that the South African languages are similar to each other.'
2026-06-28 04:09:50,715 [INFO] core.evaluator_v2: [streaming] pred='The 7 Indian languages are not explicitly mentioned in the text. However, it is stated that the audio data was collected'
2026-06-28 04:09:55,340 [INFO] core.evaluator_v2: [streaming] pred='They test their method on tasks such as evaluating performance on posts containing rare words (RW) and frequent words (F'
2026-06-28 04:09:55,341 [INFO] core.evaluator_v2:   [20/50] avg=16.06
2026-06-28 04:10:00,218 [INFO] core.evaluator_v2: [streaming] pred='The tagging scheme employed is a novel scheme designed to incorporate the constraint that each text in the corpora conta'
2026-06-28 04:10:07,479 [INFO] core.evaluator_v2: [streaming] pred='The text considers NLP tasks such as text classification, clustering, and topic modeling.'
2026-06-28 04:10:23,221 [INFO] core.evaluator_v2: [streaming] pred='The NCEL approach is highly effective, outperforming state-of-the-art collective methods across five different datasets,'
2026-06-28 04:10:29,073 [INFO] core.evaluator_v2: [streaming] pred='The methods considered to find examples of biases and unwarranted inferences include manual detection through analyzing '
2026-06-28 04:10:32,470 [INFO] core.evaluator_v2: [streaming] pred='The corpus contains 1,000 case reports.'
2026-06-28 04:10:32,471 [INFO] core.evaluator_v2:   [25/50] avg=16.93
2026-06-28 04:10:39,332 [INFO] core.evaluator_v2: [streaming] pred='An individual model consists of a Bayesian model of semantic role induction (SRI) that uses cross-lingual latent variabl'
2026-06-28 04:10:46,280 [INFO] core.evaluator_v2: [streaming] pred='The text mentions that stylistic features are obtained through the use of gaze-based features and complex features deriv'
2026-06-28 04:10:53,163 [INFO] core.evaluator_v2: [streaming] pred='The highest MRR score was 32.5%.'
2026-06-28 04:10:56,610 [INFO] core.evaluator_v2: [streaming] pred='The data presented to the subjects to elicit event-related responses was speech imagery EEG data.'
2026-06-28 04:11:02,546 [INFO] core.evaluator_v2: [streaming] pred='The dataset is annotated to determine whether a tweet contains no evidence of depression (n=6,829 tweets) or evidence of'
2026-06-28 04:11:02,548 [INFO] core.evaluator_v2:   [30/50] avg=16.68
2026-06-28 04:11:05,845 [INFO] core.evaluator_v2: [streaming] pred='They match words by translating each word in the source language into English using a bilingual dictionary (Google Trans'
2026-06-28 04:11:12,931 [INFO] core.evaluator_v2: [streaming] pred='Yes, the text reports results on English data, specifically on three datasets: FSD (social media), Twitter (social media'
2026-06-28 04:11:15,489 [INFO] core.evaluator_v2: [streaming] pred='The text mentions the use of NRC Hashtag Sentiment Lexicon and Emoji embeddings.'
2026-06-28 04:11:22,548 [INFO] core.evaluator_v2: [streaming] pred="The text does not explicitly mention the use of pretrained embeddings. It focuses on the model's architecture, attention"
2026-06-28 04:11:29,972 [INFO] core.evaluator_v2: [streaming] pred='The ensemble method works by averaging the predictions from multiple single models. The best-performing model is selecte'
2026-06-28 04:11:29,974 [INFO] core.evaluator_v2:   [35/50] avg=15.49
2026-06-28 04:11:32,047 [INFO] core.evaluator_v2: [streaming] pred='Yes, they use attention.'
2026-06-28 04:11:38,599 [INFO] core.evaluator_v2: [streaming] pred='The text mentions the use of a Big Transformer model and a sequence-to-sequence model with encoder and decoder component'
2026-06-28 04:11:48,572 [INFO] core.evaluator_v2: [streaming] pred='No, they do not report results only on English data. The text mentions that the approach was tested on a variety of lang'
2026-06-28 04:11:56,147 [INFO] core.evaluator_v2: [streaming] pred='The clinical datasets used in the paper are the MEDDOCAN 2019 shared task dataset and a novel Spanish clinical reports d'
2026-06-28 04:12:02,275 [INFO] core.evaluator_v2: [streaming] pred='No, the dataset for sentiment analysis is not balanced. The text indicates that the number of correctly predicted sentim'
2026-06-28 04:12:02,278 [INFO] core.evaluator_v2:   [40/50] avg=15.62
2026-06-28 04:12:10,265 [INFO] core.evaluator_v2: [streaming] pred='Yes, it is possible to convert cloze-style questions to naturally-looking questions. The text indicates that cloze-style'
2026-06-28 04:12:18,382 [INFO] core.evaluator_v2: [streaming] pred='The tasks used for evaluation are the softmax and sparsemax functions.'
2026-06-28 04:12:26,329 [INFO] core.evaluator_v2: [streaming] pred='The text proposes using context tweets, which are tweets that provide additional context to the original tweet, to impro'
2026-06-28 04:12:32,518 [INFO] core.evaluator_v2: [streaming] pred='The text mentions an annotated dataset of over 20,000 blog users.'
2026-06-28 04:12:37,224 [INFO] core.evaluator_v2: [streaming] pred='The text does not mention any specific Chinese datasets used.'
2026-06-28 04:12:37,227 [INFO] core.evaluator_v2:   [45/50] avg=15.02
2026-06-28 04:12:49,250 [INFO] core.evaluator_v2: [streaming] pred='The text discusses the use of machine learning and deep learning methods for Recognizing Question Entailment (RQE) in th'
2026-06-28 04:13:09,568 [INFO] core.evaluator_v2: [streaming] pred='The paper studies English.'
2026-06-28 04:13:15,363 [INFO] core.evaluator_v2: [streaming] pred='The proposed approach, GM$\\_$KL, outperforms other word sense disambiguation (WSD) methods employing word embeddings on '
2026-06-28 04:13:22,271 [INFO] core.evaluator_v2: [streaming] pred='The ML methods aim to identify argument components such as claims, premises, and backing.'
2026-06-28 04:13:31,533 [INFO] core.evaluator_v2: [streaming] pred='The resulting annotated data from experts is higher in quality than that from the crowd, but the exact difference is not'
2026-06-28 04:13:31,535 [INFO] core.evaluator_v2:   [50/50] avg=15.86
2026-06-28 04:13:31,536 [INFO] __main__:   → score=15.86, mem_red=80.0%, ttft=2847.0ms
2026-06-28 04:13:31,537 [INFO] __main__: 
  Task: multifieldqa_en
2026-06-28 04:13:31,538 [INFO] core.evaluator_v2: [streaming] multifieldqa_en (50샘플, budget=20%)
2026-06-28 04:13:36,482 [INFO] core.evaluator_v2: [streaming] pred="After attacking Jacobo at a workers' strike, Ngotho is arrested and imprisoned. His family is forced to move, and he is "
2026-06-28 04:13:52,929 [INFO] core.evaluator_v2: [streaming] pred='Yes, the denoiser can be applied to circuits with non-Clifford noise. The text discusses the use of denoisers in the con'
2026-06-28 04:13:53,436 [WARNING] core.model_loader: Input length 11011 > max 8192, truncating...
2026-06-28 04:14:04,152 [INFO] core.evaluator_v2: [streaming] pred='The generative interactive model used in the method is the **C-GDBN** (Coupled Generative Discriminative Bayesian Networ'
2026-06-28 04:14:13,697 [INFO] core.evaluator_v2: [streaming] pred='The text provided does not explicitly mention the purpose of an ICD (Implantable Cardioverter Defibrillator). However, b'
2026-06-28 04:14:30,071 [INFO] core.evaluator_v2: [streaming] pred='The PLMS-PPIC method engages the **Normalized Least Mean Squares (NLMS)** algorithm.'
2026-06-28 04:14:30,074 [INFO] core.evaluator_v2:   [5/50] avg=51.02
2026-06-28 04:14:32,963 [INFO] core.evaluator_v2: [streaming] pred='In 2009, Brooksley Born received the Profiles in Courage Award.'
2026-06-28 04:14:40,219 [INFO] core.evaluator_v2: [streaming] pred='A media application determines the context of an event by receiving user input, which may include specific information, '
2026-06-28 04:14:47,844 [INFO] core.evaluator_v2: [streaming] pred='The sticking point in the political showdown over the budget is the proposed cuts to programs that support the poor, inc'
2026-06-28 04:14:53,552 [INFO] core.evaluator_v2: [streaming] pred='Lindsborg.'
2026-06-28 04:15:00,405 [INFO] core.evaluator_v2: [streaming] pred='The new Iraqi Body Count organization provides cover for the war and allows supporters of the illegal war to point to it'
2026-06-28 04:15:00,410 [INFO] core.evaluator_v2:   [10/50] avg=44.69
2026-06-28 04:15:08,285 [INFO] core.evaluator_v2: [streaming] pred="Accounting for path preference in the robot's belief update leads to a more stable decrease in belief entropy, allowing "
2026-06-28 04:15:23,856 [INFO] core.evaluator_v2: [streaming] pred='It is important for the sides of the fuselage to be sloped (tumbled home) to ensure proper fit and function of the canop'
2026-06-28 04:15:36,862 [INFO] core.evaluator_v2: [streaming] pred='The court in *In re Ferguson* concluded that the transformation prong of the Bilski test is not applicable to the claime'
2026-06-28 04:15:40,370 [INFO] core.evaluator_v2: [streaming] pred='The text does not mention the duration KSTP-FM 102.1 has been on the air.'
2026-06-28 04:15:50,209 [INFO] core.evaluator_v2: [streaming] pred='Thalassemias are classified based on the type of globin chain affected (alpha or beta) and the genetic inheritance patte'
2026-06-28 04:15:50,210 [INFO] core.evaluator_v2:   [15/50] avg=33.73
2026-06-28 04:15:59,314 [INFO] core.evaluator_v2: [streaming] pred='The transition probability of the environment affects the learning rate in the static agent by influencing the rate at w'
2026-06-28 04:16:11,325 [INFO] core.evaluator_v2: [streaming] pred='The experimental techniques used to study the quantum dot structures in this research include low-temperature scanning t'
2026-06-28 04:16:28,443 [INFO] core.evaluator_v2: [streaming] pred='Margaret Way was born in Australia and died in Australia.'
2026-06-28 04:16:39,328 [INFO] core.evaluator_v2: [streaming] pred='The two ground states observed for indeno[1,2-a]fluorene on NaCl surfaces are the neutral state and the anionic state.'
2026-06-28 04:16:48,433 [INFO] core.evaluator_v2: [streaming] pred='The scoring engine generates a stream of content for the channel by categorizing new content items based on historical t'
2026-06-28 04:16:48,435 [INFO] core.evaluator_v2:   [20/50] avg=33.56
2026-06-28 04:16:49,290 [WARNING] core.model_loader: Input length 9212 > max 8192, truncating...
2026-06-28 04:17:10,717 [INFO] core.evaluator_v2: [streaming] pred='The stability conditions for a solution of $-\\Delta u = f(u)$ are determined by the requirement that the solution satisf'
2026-06-28 04:17:16,570 [INFO] core.evaluator_v2: [streaming] pred='McPherson County is located in the state of Kansas.'
2026-06-28 04:17:25,991 [INFO] core.evaluator_v2: [streaming] pred='The main focus of the research paper is to study the nuclear transition and nuclear interactions in the context of latti'
2026-06-28 04:17:37,638 [INFO] core.evaluator_v2: [streaming] pred='The security parameter for the AES-256 block cipher is 128.'
2026-06-28 04:17:41,013 [INFO] core.evaluator_v2: [streaming] pred='The most active fan club is the South West Fans Club.'
2026-06-28 04:17:41,015 [INFO] core.evaluator_v2:   [25/50] avg=33.58
2026-06-28 04:17:44,902 [INFO] core.evaluator_v2: [streaming] pred='Based on the text, Margaret Way wrote **over 200 novels**.'
2026-06-28 04:17:52,584 [INFO] core.evaluator_v2: [streaming] pred='The interlayer Berry connection polarizability is significant because it governs the geometric origin of the Hall effect'
2026-06-28 04:18:02,410 [INFO] core.evaluator_v2: [streaming] pred='Wearable and ambient sensors.'
2026-06-28 04:18:38,475 [INFO] core.evaluator_v2: [streaming] pred='Chitosan-DNA nanoparticles delivered by intrabiliary infusion enhance liver-targeted gene delivery, International Journa'
2026-06-28 04:18:50,623 [INFO] core.evaluator_v2: [streaming] pred='The symptoms of vitamin K deficiency include bleeding tendencies, such as nosebleeds, blood in the urine or stool, and e'
2026-06-28 04:18:50,625 [INFO] core.evaluator_v2:   [30/50] avg=35.04
2026-06-28 04:18:56,719 [INFO] core.evaluator_v2: [streaming] pred="The text does not explicitly mention restrictions on the use of Broadjam's servers."
2026-06-28 04:19:02,634 [INFO] core.evaluator_v2: [streaming] pred='The 2017 general election was held on 19 October 2017.'
2026-06-28 04:19:11,457 [INFO] core.evaluator_v2: [streaming] pred='The text mentions "the strong molecular line emission, its high central gas temperatures and the observed outflow-disk s'
2026-06-28 04:19:16,960 [INFO] core.evaluator_v2: [streaming] pred='Simon English became the leader of the National Party on 24 October 2017.'
2026-06-28 04:19:25,974 [INFO] core.evaluator_v2: [streaming] pred="Governor Rick Scott cited privacy concerns, expressed skepticism about the monitoring program's effectiveness, and raise"
2026-06-28 04:19:25,977 [INFO] core.evaluator_v2:   [35/50] avg=31.69
2026-06-28 04:19:36,652 [INFO] core.evaluator_v2: [streaming] pred='The SI unit of power is the watt (W).'
2026-06-28 04:19:56,647 [INFO] core.evaluator_v2: [streaming] pred='Craig wants to find his own place because he is struggling to calm down and is causing a lot of disruption in the househ'
2026-06-28 04:20:04,293 [INFO] core.evaluator_v2: [streaming] pred='The decision to base water rates on usage reflected a desire for fairness, as it was argued that people who use more wat'
2026-06-28 04:20:08,025 [INFO] core.evaluator_v2: [streaming] pred='McPherson County was established as a county in 1867.'
2026-06-28 04:20:08,399 [WARNING] core.model_loader: Input length 8396 > max 8192, truncating...
2026-06-28 04:20:21,709 [INFO] core.evaluator_v2: [streaming] pred='The proximity of superconductivity can significantly alter the Kondo effect, leading to a reduction in the Kondo tempera'
2026-06-28 04:20:21,711 [INFO] core.evaluator_v2:   [40/50] avg=31.24
2026-06-28 04:20:29,760 [INFO] core.evaluator_v2: [streaming] pred='The program chair of the conference is not explicitly mentioned in the provided text. However, the text mentions "Jim Wa'
2026-06-28 04:20:42,880 [INFO] core.evaluator_v2: [streaming] pred='At dawn or dusk, the high resolution of what we focus on decreases.'
2026-06-28 04:20:48,968 [INFO] core.evaluator_v2: [streaming] pred='The Director is responsible for carrying out the functions assigned under the act.'
2026-06-28 04:21:03,250 [INFO] core.evaluator_v2: [streaming] pred='Potential applications of ferromagnetic semiconductors include spintronics, magnetic sensors, and quantum computing devi'
2026-06-28 04:21:15,569 [INFO] core.evaluator_v2: [streaming] pred='The recommended daily intake of vitamin K for adult women and men is not explicitly stated in the provided text. However'
2026-06-28 04:21:15,571 [INFO] core.evaluator_v2:   [45/50] avg=30.42
2026-06-28 04:21:26,715 [INFO] core.evaluator_v2: [streaming] pred='Yes, DUO contains more instances per image than COCO.'
2026-06-28 04:21:34,029 [INFO] core.evaluator_v2: [streaming] pred='The population of McPherson County according to the 2020 census was 18,666.'
2026-06-28 04:21:40,459 [INFO] core.evaluator_v2: [streaming] pred='The paper was published in 2021.'
2026-06-28 04:21:50,361 [INFO] core.evaluator_v2: [streaming] pred='The first white settlement in McPherson County was **Lindsborg**.'
2026-06-28 04:21:59,332 [INFO] core.evaluator_v2: [streaming] pred='The reliance of artificial organisms on plasticity is controlled by factors such as environmental variability, the relia'
2026-06-28 04:21:59,334 [INFO] core.evaluator_v2:   [50/50] avg=31.46
2026-06-28 04:21:59,335 [INFO] __main__:   → score=31.46, mem_red=80.0%, ttft=4026.9ms
2026-06-28 04:21:59,336 [INFO] __main__: 
────────────────────────────────────────────────────────────
2026-06-28 04:21:59,336 [INFO] __main__: Method: H2O | Budget: 20%
2026-06-28 04:21:59,336 [INFO] __main__: ────────────────────────────────────────────────────────────
2026-06-28 04:21:59,337 [INFO] __main__: 
  Task: narrativeqa
2026-06-28 04:21:59,338 [INFO] core.evaluator_v2: [h2o] narrativeqa (50샘플, budget=20%)
2026-06-28 04:22:06,969 [INFO] core.evaluator_v2: [h2o] pred='Daisy encountered Jim in the town of "Cincinnati."'
2026-06-28 04:22:16,705 [INFO] core.evaluator_v2: [h2o] pred='Socrates ultimately decides it is unjust to escape because he believes in the principles of justice and the laws, and he'
2026-06-28 04:22:34,029 [INFO] core.evaluator_v2: [h2o] pred='The setting of the story is the medieval castle of Drachenhausen, which is described as a place of ruin and decay, with '
2026-06-28 04:22:39,864 [INFO] core.evaluator_v2: [h2o] pred='Baron Conrad was killed by Baron Henry of Roderburg of Trutz-Drachen.'
2026-06-28 04:22:50,986 [INFO] core.evaluator_v2: [h2o] pred="The ghost that emerged from a painting at Dana's workplace was a beautiful painting in the high-Renaissance style depict"
2026-06-28 04:22:50,988 [INFO] core.evaluator_v2:   [5/50] avg=6.04
2026-06-28 04:22:58,548 [INFO] core.evaluator_v2: [h2o] pred='Dana.'
2026-06-28 04:22:59,201 [WARNING] core.model_loader: Input length 8721 > max 8192, truncating...
2026-06-28 04:23:10,947 [INFO] core.evaluator_v2: [h2o] pred="Clifford's profession is a cop."
2026-06-28 04:23:17,742 [INFO] core.evaluator_v2: [h2o] pred='Mr. and Mrs. Vervelle live in Paris.'
2026-06-28 04:23:24,447 [INFO] core.evaluator_v2: [h2o] pred='The body.'
2026-06-28 04:23:30,026 [INFO] core.evaluator_v2: [h2o] pred='Frank Saltram is a writer.'
2026-06-28 04:23:30,029 [INFO] core.evaluator_v2:   [10/50] avg=4.84
2026-06-28 04:23:37,323 [INFO] core.evaluator_v2: [h2o] pred='Mortimer Tregennis was once estranged from his siblings due to his involvement in a criminal act, which was the murder o'
2026-06-28 04:23:47,920 [INFO] core.evaluator_v2: [h2o] pred='The unique aspect of the phonetic spelling of the "future" article is that it is not explicitly stated in the text. Howe'
2026-06-28 04:23:54,516 [INFO] core.evaluator_v2: [h2o] pred='Death is disguised as a star.'
2026-06-28 04:24:00,191 [INFO] core.evaluator_v2: [h2o] pred='Lady Coxon is the wife of Mr. Saltram.'
2026-06-28 04:24:05,585 [INFO] core.evaluator_v2: [h2o] pred='The war in which Rogers learned his battle knowledge was the "Second War."'
2026-06-28 04:24:05,587 [INFO] core.evaluator_v2:   [15/50] avg=8.84
2026-06-28 04:24:11,370 [INFO] core.evaluator_v2: [h2o] pred='Anthony Rogers was working for the American Gas Corporation in 1927.'
2026-06-28 04:24:18,670 [INFO] core.evaluator_v2: [h2o] pred='The boarder who realizes that none of the boarders like each other is the young woman from New England. She is described'
2026-06-28 04:24:25,076 [INFO] core.evaluator_v2: [h2o] pred='Holmes and Dr. Watson are in Cornwall to investigate the mysterious death of Mrs. Porter, a local housekeeper, and to so'
2026-06-28 04:24:36,267 [INFO] core.evaluator_v2: [h2o] pred='The hidden message Reiko finds within the video is that the curse can be broken by making a copy of the video and showin'
2026-06-28 04:24:43,736 [INFO] core.evaluator_v2: [h2o] pred='- Justice and redemption\n- The power of mercy and forgiveness\n- The importance of family and loyalty\n- The value of wisd'
2026-06-28 04:24:43,738 [INFO] core.evaluator_v2:   [20/50] avg=8.70
2026-06-28 04:24:54,500 [INFO] core.evaluator_v2: [h2o] pred='The teenagers were discussing a cursed videotape that could cause death if watched. They were discussing the ritual of m'
2026-06-28 04:25:05,483 [INFO] core.evaluator_v2: [h2o] pred='Bill worked in a mill.'
2026-06-28 04:25:11,995 [INFO] core.evaluator_v2: [h2o] pred='1. The vicar, Mr. Tregennis, and his sister, Brenda, were the only ones who fainted.'
2026-06-28 04:25:18,830 [INFO] core.evaluator_v2: [h2o] pred='Otto is known for his wisdom and the pure, simple teachings he received from the monks of the White Cross on the hill.'
2026-06-28 04:25:27,152 [INFO] core.evaluator_v2: [h2o] pred='Leon focuses on the characteristics and behaviors of Americans, particularly their cultural and social traits, as well a'
2026-06-28 04:25:27,155 [INFO] core.evaluator_v2:   [25/50] avg=12.05
2026-06-28 04:25:32,979 [INFO] core.evaluator_v2: [h2o] pred='The owner of the manor in the story is Madame de Merret.'
2026-06-28 04:25:40,889 [INFO] core.evaluator_v2: [h2o] pred='Reiko is a nurse.'
2026-06-28 04:25:46,601 [INFO] core.evaluator_v2: [h2o] pred='Holmes observes a burning candle in the fireplace.'
2026-06-28 04:25:52,585 [INFO] core.evaluator_v2: [h2o] pred='Socrates compares citizens and the law to a city and its laws, where the citizens are the people and the laws are the ru'
2026-06-28 04:26:02,489 [INFO] core.evaluator_v2: [h2o] pred='La Grande Breteche is a novel by Honore de Balzac, which is part of the "Human Comedy" series. It is a story about the l'
2026-06-28 04:26:02,493 [INFO] core.evaluator_v2:   [30/50] avg=16.15
2026-06-28 04:26:12,727 [INFO] core.evaluator_v2: [h2o] pred='Reiko discovers that making a copy of the videotape and showing it to someone else within a week saves viewers from thei'
2026-06-28 04:26:27,603 [INFO] core.evaluator_v2: [h2o] pred='"Madame Vervelle."'
2026-06-28 04:26:35,723 [INFO] core.evaluator_v2: [h2o] pred='The text does not mention anyone defending Lazarus during his murder trial. The story focuses on Doctor Nordenfeld and h'
2026-06-28 04:26:44,031 [INFO] core.evaluator_v2: [h2o] pred='Tomoko watches a video that contains a cursed message, which leads to her death. She is infected by the curse and eventu'
2026-06-28 04:26:50,535 [INFO] core.evaluator_v2: [h2o] pred='Venus.'
2026-06-28 04:26:50,537 [INFO] core.evaluator_v2:   [35/50] avg=15.52
2026-06-28 04:26:57,439 [INFO] core.evaluator_v2: [h2o] pred="Oscar is Dana's baby."
2026-06-28 04:27:04,987 [INFO] core.evaluator_v2: [h2o] pred='The Baron Conrad is found on a litter, severely injured and with a great red stain on his body. The Baroness is shocked '
2026-06-28 04:27:11,756 [INFO] core.evaluator_v2: [h2o] pred="T.K. Nupton thought that Soames' existence was a figment of the author's imagination."
2026-06-28 04:27:21,392 [INFO] core.evaluator_v2: [h2o] pred='The wealthy farmer, Bill, marries Abby.'
2026-06-28 04:27:28,079 [INFO] core.evaluator_v2: [h2o] pred='The art-dealer describes Grassou\'s skill level to Virginie\'s father as "a great painter."'
2026-06-28 04:27:28,080 [INFO] core.evaluator_v2:   [40/50] avg=15.27
2026-06-28 04:27:55,722 [INFO] core.evaluator_v2: [h2o] pred='The Witch was able to perceive the inner beauty and soul of mankind, seeing beyond their physical appearances and into t'
2026-06-28 04:28:00,950 [INFO] core.evaluator_v2: [h2o] pred="Mary's mother filled her free time by reading to her."
2026-06-28 04:28:07,260 [INFO] core.evaluator_v2: [h2o] pred="Crito's visit was to persuade Socrates to escape from prison, in order to avoid the wrath of the laws and to preserve hi"
2026-06-28 04:28:16,188 [INFO] core.evaluator_v2: [h2o] pred='The teens\' faces were described as having a "single EYE burns with manic, unbridled hatred" and "a grimace as he SCREAMS'
2026-06-28 04:28:26,910 [INFO] core.evaluator_v2: [h2o] pred='Bill dies from a gunshot wound to the chest.'
2026-06-28 04:28:26,912 [INFO] core.evaluator_v2:   [45/50] avg=14.41
2026-06-28 04:28:32,596 [INFO] core.evaluator_v2: [h2o] pred='Gravener wants Ruth to read the letter.'
2026-06-28 04:28:33,154 [WARNING] core.model_loader: Input length 8722 > max 8192, truncating...
2026-06-28 04:28:42,863 [INFO] core.evaluator_v2: [h2o] pred="Alabama's son is born in Beverly Hills."
2026-06-28 04:28:48,145 [INFO] core.evaluator_v2: [h2o] pred='British.'
2026-06-28 04:28:58,834 [INFO] core.evaluator_v2: [h2o] pred='Ursula.'
2026-06-28 04:29:06,082 [INFO] core.evaluator_v2: [h2o] pred="The housekeeper's feet got wet during Holmes' visit because he stumbled over the watering-pot, upset its contents, and t"
2026-06-28 04:29:06,084 [INFO] core.evaluator_v2:   [50/50] avg=13.56
2026-06-28 04:29:06,086 [INFO] __main__:   → score=13.56, mem_red=80.0%, ttft=3561.4ms
2026-06-28 04:29:06,088 [INFO] __main__: 
  Task: qasper
2026-06-28 04:29:06,089 [INFO] core.evaluator_v2: [h2o] qasper (50샘플, budget=20%)
2026-06-28 04:29:15,451 [INFO] core.evaluator_v2: [h2o] pred='The proposed strategies, when applied, show that the knowledge graph is a critical component in the decision-making proc'
2026-06-28 04:29:35,955 [INFO] core.evaluator_v2: [h2o] pred='The encoder is a character-based encoder-decoder model with a wide context window, encoding the entire available context'
2026-06-28 04:29:39,383 [INFO] core.evaluator_v2: [h2o] pred='The text does not provide the size of the Augmented LibriSpeech dataset.'
2026-06-28 04:29:46,733 [INFO] core.evaluator_v2: [h2o] pred='NeuronBlocks includes the following neural network modules: Embedding, Neural Network Layers, Loss Function, Metric, Mod'
2026-06-28 04:29:52,224 [INFO] core.evaluator_v2: [h2o] pred='The LSTM models compared are the 6-layer and 9-layer models.'
2026-06-28 04:29:52,225 [INFO] core.evaluator_v2:   [5/50] avg=7.85
2026-06-28 04:29:59,143 [INFO] core.evaluator_v2: [h2o] pred='The datasets used for evaluation are CNN/DailyMail, NYT, and XSum.'
2026-06-28 04:30:04,089 [INFO] core.evaluator_v2: [h2o] pred='The RNN layer works better in this scenario. The text suggests that the RNN layer is more effective in this context.'
2026-06-28 04:30:10,520 [INFO] core.evaluator_v2: [h2o] pred='The ancient Chinese dataset is derived from an external ancient corpus containing 134 million tokens.'
2026-06-28 04:30:18,965 [INFO] core.evaluator_v2: [h2o] pred='Pointer-Gen, Pointer-Gen+RL-ROUGE, Pointer-Gen+RL-SEN, and Pointer-Gen+ARL-SEN.'
2026-06-28 04:30:24,006 [INFO] core.evaluator_v2: [h2o] pred='1,833 Twitter conversation threads.'
2026-06-28 04:30:24,009 [INFO] core.evaluator_v2:   [10/50] avg=20.44
2026-06-28 04:30:33,185 [INFO] core.evaluator_v2: [h2o] pred='The text does not provide a specific percentage or amount of improvement. It only mentions that the best performance is '
2026-06-28 04:30:58,765 [INFO] core.evaluator_v2: [h2o] pred='The metrics used to establish that this makes chatbots more knowledgeable and better at learning and conversation are th'
2026-06-28 04:31:04,890 [INFO] core.evaluator_v2: [h2o] pred='The combination of rewards for reinforcement learning is the harmonic mean of irony reward and sentiment reward.'
2026-06-28 04:31:12,419 [INFO] core.evaluator_v2: [h2o] pred='The attention module is pretrained on the MT dataset.'
2026-06-28 04:31:17,737 [INFO] core.evaluator_v2: [h2o] pred='The size of the dataset is not explicitly stated in the text. However, it is mentioned that the OurNepali dataset is alm'
2026-06-28 04:31:17,738 [INFO] core.evaluator_v2:   [15/50] avg=19.44
2026-06-28 04:31:23,754 [INFO] core.evaluator_v2: [h2o] pred='The Wall Street Journal (WSJ) and the Penn Treebank (PTB).'
2026-06-28 04:31:30,420 [INFO] core.evaluator_v2: [h2o] pred='The model is compared to term frequency methods and learned classifiers.'
2026-06-28 04:31:33,646 [INFO] core.evaluator_v2: [h2o] pred='The text mentions that the Nguni languages and the Sotho languages are similar to each other.'
2026-06-28 04:31:37,462 [INFO] core.evaluator_v2: [h2o] pred='The 7 Indian languages are Kannada, Malayalam, Odia, Tamil, Telugu, and Hindi.'
2026-06-28 04:31:41,755 [INFO] core.evaluator_v2: [h2o] pred='The text does not explicitly mention other tasks that were tested. The focus is on the hashtag prediction task and the c'
2026-06-28 04:31:41,756 [INFO] core.evaluator_v2:   [20/50] avg=25.19
2026-06-28 04:31:50,100 [INFO] core.evaluator_v2: [h2o] pred='The tagging scheme employed is a novel tagging scheme that incorporates the constraint that each text in our corpora con'
2026-06-28 04:31:57,339 [INFO] core.evaluator_v2: [h2o] pred='The text considers the task of text classification, specifically the task of classifying documents into one of two class'
2026-06-28 04:32:23,425 [INFO] core.evaluator_v2: [h2o] pred='The effectiveness of the NCEL approach is demonstrated through its ability to handle complex tasks with high time comple'
2026-06-28 04:32:28,018 [INFO] core.evaluator_v2: [h2o] pred='The text does not explicitly mention which methods are considered to find examples of biases and unwarranted inferences.'
2026-06-28 04:32:38,214 [INFO] core.evaluator_v2: [h2o] pred='The corpus consists of 53 documents, which contain an average of 156 sentences, with a total of 156 sentences. The corpu'
2026-06-28 04:32:38,216 [INFO] core.evaluator_v2:   [25/50] avg=21.65
2026-06-28 04:32:44,731 [INFO] core.evaluator_v2: [h2o] pred='The individual model consists of the Bayesian model for semantic role induction (SRI) that uses crosslingual latent vari'
2026-06-28 04:33:09,440 [INFO] core.evaluator_v2: [h2o] pred='The text provides the following stylistic features: \n\n1. Lexical features: \n   - 1. 1. 1. 1. 1. 1. 1. 1. 1. 1. 1. 1. 1. '
2026-06-28 04:33:15,167 [INFO] core.evaluator_v2: [h2o] pred='48%'
2026-06-28 04:33:36,745 [INFO] core.evaluator_v2: [h2o] pred='The dataset presented to the subjects was a multimodal dataset, which included stimulus information, which was to be pro'
2026-06-28 04:33:45,825 [INFO] core.evaluator_v2: [h2o] pred='The dataset is annotated with 1) no evidence of depression (n=6,829 tweets) and 2) evidence of depression (n=2,644 tweet'
2026-06-28 04:33:45,828 [INFO] core.evaluator_v2:   [30/50] avg=19.67
2026-06-28 04:33:49,646 [INFO] core.evaluator_v2: [h2o] pred='The text does not explicitly describe how words are matched before reordering. It focuses on the impact of word order di'
2026-06-28 04:33:58,952 [INFO] core.evaluator_v2: [h2o] pred='No, the text does not report results only on English data. The text mentions experiments on three datasets: FSD (social '
2026-06-28 04:34:18,705 [INFO] core.evaluator_v2: [h2o] pred='The text mentions the use of GloVe embeddings and Edinburgh embeddings. The final feature vector is a combination of wor'
2026-06-28 04:34:24,490 [INFO] core.evaluator_v2: [h2o] pred='No, the text does not mention the use of pretrained embeddings.'
2026-06-28 04:34:31,991 [INFO] core.evaluator_v2: [h2o] pred='The ensemble method used is a greedy approach where the best-performing model is initially selected. Then, in each step,'
2026-06-28 04:34:31,992 [INFO] core.evaluator_v2:   [35/50] avg=16.92
2026-06-28 04:34:51,894 [INFO] core.evaluator_v2: [h2o] pred='Yes, the model uses attention. The memory generation layer uses attention to fuse passages and questions, and the span d'
2026-06-28 04:35:12,267 [INFO] core.evaluator_v2: [h2o] pred='The language model architectures used are the transformer model with the sequence to sequence architecture and the abstr'
2026-06-28 04:35:20,592 [INFO] core.evaluator_v2: [h2o] pred='No, the text does not restrict the analysis to English data. The analysis is conducted across multiple languages, as evi'
2026-06-28 04:35:27,110 [INFO] core.evaluator_v2: [h2o] pred='The clinical datasets used in the paper are NUBes-PHI and MEDDOCAN.'
2026-06-28 04:35:33,523 [INFO] core.evaluator_v2: [h2o] pred='No. The dataset of 1,000 randomly selected tweets contains more than twice as many tweets about Trump than about the oth'
2026-06-28 04:35:33,525 [INFO] core.evaluator_v2:   [40/50] avg=15.87
2026-06-28 04:35:44,150 [INFO] core.evaluator_v2: [h2o] pred='Yes, it is possible to convert cloze-style questions into naturally-looking questions. The text discusses the process of'
2026-06-28 04:35:59,639 [INFO] core.evaluator_v2: [h2o] pred='The text evaluates the proposed model on four machine translation tasks. The evaluation is done using the standard metri'
2026-06-28 04:36:08,039 [INFO] core.evaluator_v2: [h2o] pred='The additional features and context proposed in the text are:\n\n1. Context tweets (to be used in classification and predi'
2026-06-28 04:36:13,436 [INFO] core.evaluator_v2: [h2o] pred='20,000'
2026-06-28 04:36:16,794 [INFO] core.evaluator_v2: [h2o] pred='The text does not explicitly mention which Chinese datasets were used.'
2026-06-28 04:36:16,795 [INFO] core.evaluator_v2:   [45/50] avg=16.75
2026-06-28 04:36:22,768 [INFO] core.evaluator_v2: [h2o] pred='Logistic Regression and Neural Networks.'
2026-06-28 04:36:28,940 [INFO] core.evaluator_v2: [h2o] pred='The paper studies English.'
2026-06-28 04:36:50,903 [INFO] core.evaluator_v2: [h2o] pred='The proposed approach, which uses a KL divergence based energy function for learning multi-sense word embeddings distrib'
2026-06-28 04:36:57,478 [INFO] core.evaluator_v2: [h2o] pred='The ML methods aim to identify argument components such as claims, premises, and objections.'
2026-06-28 04:37:05,460 [INFO] core.evaluator_v2: [h2o] pred='The resulting annotated data is higher quality when expert annotations are used for the most difficult instances. The mo'
2026-06-28 04:37:05,461 [INFO] core.evaluator_v2:   [50/50] avg=18.65
2026-06-28 04:37:05,462 [INFO] __main__:   → score=18.65, mem_red=80.0%, ttft=2254.3ms
2026-06-28 04:37:05,462 [INFO] __main__: 
  Task: multifieldqa_en
2026-06-28 04:37:05,462 [INFO] core.evaluator_v2: [h2o] multifieldqa_en (50샘플, budget=20%)
2026-06-28 04:37:13,493 [INFO] core.evaluator_v2: [h2o] pred='Ngotho is fired and the family is forced to move to another section of the country. Over the course of the book, his pos'
2026-06-28 04:37:39,529 [INFO] core.evaluator_v2: [h2o] pred='Yes, the denoiser can be applied to circuits with non-Clifford noise. The text indicates that the denoiser can be applie'
2026-06-28 04:37:40,132 [WARNING] core.model_loader: Input length 11011 > max 8192, truncating...
2026-06-28 04:37:50,641 [INFO] core.evaluator_v2: [h2o] pred='The generative interactive model used in the method is the Coupled GDBN (C-GDBN).'
2026-06-28 04:38:00,013 [INFO] core.evaluator_v2: [h2o] pred='The purpose of an ICD (Implantable Cardioverter Defibrillator) is to monitor and treat life-threatening heart rhythms, s'
2026-06-28 04:38:07,220 [INFO] core.evaluator_v2: [h2o] pred='The NLMS algorithm is engaged in the PLMS-PPIC method.'
2026-06-28 04:38:07,223 [INFO] core.evaluator_v2:   [5/50] avg=29.35
2026-06-28 04:38:11,870 [INFO] core.evaluator_v2: [h2o] pred='In 2009, Brooksley Born was awarded the John F. Kennedy Profiles in Courage Award for her "political courage she demonst'
2026-06-28 04:38:42,837 [INFO] core.evaluator_v2: [h2o] pred='A media application determines the context of an event by using content recognition to identify and extract relevant inf'
2026-06-28 04:39:14,287 [INFO] core.evaluator_v2: [h2o] pred='The sticking point in the political showdown over the budget is the disagreement over spending cuts, with some members o'
2026-06-28 04:39:17,667 [INFO] core.evaluator_v2: [h2o] pred='The county seat of McPherson County is McPherson.'
2026-06-28 04:39:24,648 [INFO] core.evaluator_v2: [h2o] pred='The new Iraqi Body Count organization provides cover for the war and allows supporters of the illegal war to point to it'
2026-06-28 04:39:24,651 [INFO] core.evaluator_v2:   [10/50] avg=29.78
2026-06-28 04:39:32,094 [INFO] core.evaluator_v2: [h2o] pred="Accounting for path preference in the robot's model reduces the belief entropy over the goal distribution, leading to mo"
2026-06-28 04:39:40,086 [INFO] core.evaluator_v2: [h2o] pred='It is important for the sides of the fuselage to be sloped (tumbled home) to ensure proper clearance and fit for the can'
2026-06-28 04:39:51,232 [INFO] core.evaluator_v2: [h2o] pred='The court in In re Ferguson concluded that the transformation prong of the Bilski test was not satisfied. The court held'
2026-06-28 04:39:55,593 [INFO] core.evaluator_v2: [h2o] pred='The text does not provide a specific number of years that KSTP-FM 102.1 has been on the air.'
2026-06-28 04:40:04,139 [INFO] core.evaluator_v2: [h2o] pred='Thalassemias are classified based on the chain of hemoglobin affected, primarily α-thalassemia and β-thalassemia.'
2026-06-28 04:40:04,141 [INFO] core.evaluator_v2:   [15/50] avg=24.18
2026-06-28 04:40:16,145 [INFO] core.evaluator_v2: [h2o] pred='The transition probability of the environment affects the learning rate in the static agent by determining the rate at w'
2026-06-28 04:40:28,844 [INFO] core.evaluator_v2: [h2o] pred='The experimental techniques used to study the quantum dot structures in this research were low-temperature scanning tunn'
2026-06-28 04:40:31,351 [INFO] core.evaluator_v2: [h2o] pred=''
2026-06-28 04:40:43,329 [INFO] core.evaluator_v2: [h2o] pred='The two ground states observed for indeno[1,2-a]fluorene on NaCl surfaces are: 1) an open-shell electronic configuration'
2026-06-28 04:40:53,526 [INFO] core.evaluator_v2: [h2o] pred='The scoring engine generates a stream of content for the channel by analyzing and categorizing new content items based o'
2026-06-28 04:40:53,529 [INFO] core.evaluator_v2:   [20/50] avg=22.08
2026-06-28 04:40:54,260 [WARNING] core.model_loader: Input length 9212 > max 8192, truncating...
2026-06-28 04:41:10,759 [INFO] core.evaluator_v2: [h2o] pred='The stability conditions for a solution of $-\\Delta u = f(u)$ are that the solution must be stable under small perturbat'
2026-06-28 04:41:14,395 [INFO] core.evaluator_v2: [h2o] pred='McPherson County is located in the state of Kansas.'
2026-06-28 04:41:24,660 [INFO] core.evaluator_v2: [h2o] pred='The main focus of the research paper is to study the strong coupling limit of lattice QCD, with an emphasis on the nucle'
2026-06-28 04:41:36,187 [INFO] core.evaluator_v2: [h2o] pred='The security parameter for the AES-256 block cipher is 172.'
2026-06-28 04:41:38,352 [INFO] core.evaluator_v2: [h2o] pred='South West Ultras fan club.'
2026-06-28 04:41:38,354 [INFO] core.evaluator_v2:   [25/50] avg=26.96
2026-06-28 04:42:00,978 [INFO] core.evaluator_v2: [h2o] pred='1. 1. 1. 1. 1. 1. 1. 1. 1. 1. 1. 1. 1. 1. 1. 1. 1. 1. 1. 1. 1. 1. 1. 1. 1. 1. 1. 1. 1. 1. 1. 1. 1. 1. 1. 1. 1. 1. 1. 1. '
2026-06-28 04:42:10,778 [INFO] core.evaluator_v2: [h2o] pred='The interlayer Berry connection polarizability is significant in the context of the crossed nonlinear dynamical intrinsi'
2026-06-28 04:42:21,505 [INFO] core.evaluator_v2: [h2o] pred='Wearable and ambient sensors, such as electrodermal activity (EDA) and heart rate variability (HRV) sensors, are now cap'
2026-06-28 04:42:31,526 [INFO] core.evaluator_v2: [h2o] pred='Chew, S. Y. and Hufnagel, T. C. and Lim, C. T. and Leong, K. W., Mechanical properties of single electrospun drug-encaps'
2026-06-28 04:42:43,516 [INFO] core.evaluator_v2: [h2o] pred='Symptoms of vitamin K deficiency include coagulation disorders, such as bleeding tendencies, and an increased risk of bl'
2026-06-28 04:42:43,520 [INFO] core.evaluator_v2:   [30/50] avg=25.43
2026-06-28 04:42:50,872 [INFO] core.evaluator_v2: [h2o] pred="The text does not explicitly mention restrictions on the use of Broadjam's servers. It focuses on payment terms, subscri"
2026-06-28 04:42:56,836 [INFO] core.evaluator_v2: [h2o] pred='The 2017 general election was held on 23 September 2017.'
2026-06-28 04:43:01,659 [INFO] core.evaluator_v2: [h2o] pred='21 massive star-forming regions were studied.'
2026-06-28 04:43:07,964 [INFO] core.evaluator_v2: [h2o] pred='Simon English became the leader of the National Party on 24 October 2017.'
2026-06-28 04:43:17,022 [INFO] core.evaluator_v2: [h2o] pred="Governor Rick Scott cited privacy concerns, expressed skepticism about the monitoring program's effectiveness, and raise"
2026-06-28 04:43:17,025 [INFO] core.evaluator_v2:   [35/50] avg=25.27
2026-06-28 04:43:23,582 [INFO] core.evaluator_v2: [h2o] pred='The SI unit of power is the watt (W).'
2026-06-28 04:43:53,949 [INFO] core.evaluator_v2: [h2o] pred='Craig wants to find his own place because he is not getting the attention he needs from his parents. He is not being lis'
2026-06-28 04:44:06,260 [INFO] core.evaluator_v2: [h2o] pred='The decision to base the water rates on usage reflected a fair and equitable approach to housing development, where the '
2026-06-28 04:44:33,978 [INFO] core.evaluator_v2: [h2o] pred='The text does not explicitly state when McPherson County was established as a county. The text provides information abou'
2026-06-28 04:44:34,512 [WARNING] core.model_loader: Input length 8396 > max 8192, truncating...
2026-06-28 04:44:47,029 [INFO] core.evaluator_v2: [h2o] pred='The proximity of superconductivity significantly reduces the Kondo temperature $T_K$, leading to a decrease in the secon'
2026-06-28 04:44:47,033 [INFO] core.evaluator_v2:   [40/50] avg=23.01
2026-06-28 04:44:52,333 [INFO] core.evaluator_v2: [h2o] pred='Peter.'
2026-06-28 04:44:57,895 [INFO] core.evaluator_v2: [h2o] pred='The high resolution of what we focus on at dawn or dusk is diminished.'
2026-06-28 04:45:04,750 [INFO] core.evaluator_v2: [h2o] pred='The Director.'
2026-06-28 04:45:17,967 [INFO] core.evaluator_v2: [h2o] pred='Ferromagnetic semiconductors have potential applications in spintronics and magnetic memory devices.'
2026-06-28 04:45:28,023 [INFO] core.evaluator_v2: [h2o] pred='The recommended daily intake of vitamin K for adult women and men is 120 micrograms (mcg).'
2026-06-28 04:45:28,025 [INFO] core.evaluator_v2:   [45/50] avg=23.79
2026-06-28 04:45:39,590 [INFO] core.evaluator_v2: [h2o] pred='No, DUO does not contain more instances per image than COCO.'
2026-06-28 04:45:44,053 [INFO] core.evaluator_v2: [h2o] pred='The population of McPherson County according to the 2020 census was 2000.'
2026-06-28 04:45:47,892 [INFO] core.evaluator_v2: [h2o] pred='The paper was published in 2023.'
2026-06-28 04:46:18,743 [INFO] core.evaluator_v2: [h2o] pred='First white settlement in McPherson County: 1867.  The first white settlement in McPherson County was 1867.  The first w'
2026-06-28 04:46:30,313 [INFO] core.evaluator_v2: [h2o] pred='The factors that control the reliance of artificial organisms on plasticity are the environmental variability, the relia'
2026-06-28 04:46:30,314 [INFO] core.evaluator_v2:   [50/50] avg=24.11
2026-06-28 04:46:30,315 [INFO] __main__:   → score=24.11, mem_red=80.0%, ttft=3134.9ms
2026-06-28 04:46:30,316 [INFO] __main__: 
────────────────────────────────────────────────────────────
2026-06-28 04:46:30,317 [INFO] __main__: Method: SNAPKV | Budget: 20%
2026-06-28 04:46:30,317 [INFO] __main__: ────────────────────────────────────────────────────────────
2026-06-28 04:46:30,318 [INFO] __main__: 
  Task: narrativeqa
2026-06-28 04:46:30,318 [INFO] core.evaluator_v2: [snapkv] narrativeqa (50샘플, budget=20%)
2026-06-28 04:46:37,536 [INFO] core.evaluator_v2: [snapkv] pred='Daisy encountered Jim in the town of Clark.'
2026-06-28 04:47:04,902 [INFO] core.evaluator_v2: [snapkv] pred='Socrates ultimately decides it is unjust to escape because he believes in the justice of the laws and the rights of the '
2026-06-28 04:47:30,761 [INFO] core.evaluator_v2: [snapkv] pred='The setting of the story is the medieval castle of Drachenhausen, with its bleak, gray, and chill surroundings, and the '
2026-06-28 04:47:36,248 [INFO] core.evaluator_v2: [snapkv] pred=''
2026-06-28 04:47:44,589 [INFO] core.evaluator_v2: [snapkv] pred="The ghost that emerged from a painting at Dana's workplace was Vigo."
2026-06-28 04:47:44,592 [INFO] core.evaluator_v2:   [5/50] avg=4.15
2026-06-28 04:47:52,401 [INFO] core.evaluator_v2: [snapkv] pred='Dana.'
2026-06-28 04:47:53,169 [WARNING] core.model_loader: Input length 8721 > max 8192, truncating...
2026-06-28 04:48:03,041 [INFO] core.evaluator_v2: [snapkv] pred="Clifford's profession is a police officer."
2026-06-28 04:48:19,337 [INFO] core.evaluator_v2: [snapkv] pred='Mr. and Mrs. Vervelle live in the city of Paris, where they are famed for their collection of paintings. The two of them'
2026-06-28 04:48:26,544 [INFO] core.evaluator_v2: [snapkv] pred='Answer: The Witch threw the coffin (of her deceased body) into a ditch.'
2026-06-28 04:48:32,451 [INFO] core.evaluator_v2: [snapkv] pred='Frank Saltram is a writer.'
2026-06-28 04:48:32,454 [INFO] core.evaluator_v2:   [10/50] avg=4.20
2026-06-28 04:49:04,714 [INFO] core.evaluator_v2: [snapkv] pred='Mortimer Trefinnis was once estranged from his siblings because of a conflict in which he was involved. The text explain'
2026-06-28 04:49:13,959 [INFO] core.evaluator_v2: [snapkv] pred='The unique aspect of the phonetic spelling of the "future" article that discussed Beerbohm\'s story is that it is spelled'
2026-06-28 04:49:21,003 [INFO] core.evaluator_v2: [snapkv] pred='Death is disguised as a painter.'
2026-06-28 04:49:26,815 [INFO] core.evaluator_v2: [snapkv] pred='Lady Coxon is the wife of Mr. Saltram.'
2026-06-28 04:49:32,566 [INFO] core.evaluator_v2: [snapkv] pred='Rogers learned his battle knowledge during the Second War of Independence.'
2026-06-28 04:49:32,569 [INFO] core.evaluator_v2:   [15/50] avg=7.14
2026-06-28 04:49:37,512 [INFO] core.evaluator_v2: [snapkv] pred='Anthony Rogers was working for the American Radio Gas Corporation.'
2026-06-28 04:49:42,092 [INFO] core.evaluator_v2: [snapkv] pred=''
2026-06-28 04:50:15,000 [INFO] core.evaluator_v2: [snapkv] pred='Holmes and Dr. Watson are in Cornwall to investigate a mysterious and tragic event that has been described in the text. '
2026-06-28 04:50:24,868 [INFO] core.evaluator_v2: [snapkv] pred='Reiko finds the hidden message that the video is a cursed tape, and that copying it and showing it to someone else is th'
2026-06-28 04:51:00,573 [INFO] core.evaluator_v2: [snapkv] pred='The story contains themes of the one, the, and the, and the, and the, and the, and the, and the, and the, and the, and t'
2026-06-28 04:51:00,577 [INFO] core.evaluator_v2:   [20/50] avg=6.40
2026-06-28 04:51:08,789 [INFO] core.evaluator_v2: [snapkv] pred='The teenagers were discussing a video.'
2026-06-28 04:51:20,606 [INFO] core.evaluator_v2: [snapkv] pred='Bill worked in a Chicago mill.'
2026-06-28 04:51:54,441 [INFO] core.evaluator_v2: [snapkv] pred='Answer: 2 people fainted after seeing Brenda\'s dead body. "I saw him, and I saw him, and I saw him, and I saw him, and I'
2026-06-28 04:52:00,089 [INFO] core.evaluator_v2: [snapkv] pred=''
2026-06-28 04:52:27,798 [INFO] core.evaluator_v2: [snapkv] pred='Leon focuses on the language and the culture of the Americans, and he is fascinated by the American variety of the langu'
2026-06-28 04:52:27,812 [INFO] core.evaluator_v2:   [25/50] avg=8.36
2026-06-28 04:52:33,755 [INFO] core.evaluator_v2: [snapkv] pred='The owner of the manor in the story is Madame de Merret.'
2026-06-28 04:52:44,369 [INFO] core.evaluator_v2: [snapkv] pred="Reiko's job is not explicitly stated in the text, but based on the context provided, it can be inferred that Reiko is in"
2026-06-28 04:52:51,019 [INFO] core.evaluator_v2: [snapkv] pred="The fireplace was not the focus of Holmes' observations. The text does not describe what Holmes observed in the fireplac"
2026-06-28 04:53:24,134 [INFO] core.evaluator_v2: [snapkv] pred='Socrates compares citizens and the law to a ship and a sailor, who are not always able to navigate the best course of ac'
2026-06-28 04:53:58,747 [INFO] core.evaluator_v2: [snapkv] pred='La Grande Breteche is a little domain, held in the same country, and held in the same country, and held in the same coun'
2026-06-28 04:53:58,751 [INFO] core.evaluator_v2:   [30/50] avg=9.76
2026-06-28 04:54:06,667 [INFO] core.evaluator_v2: [snapkv] pred=''
2026-06-28 04:54:12,365 [INFO] core.evaluator_v2: [snapkv] pred=''
2026-06-28 04:54:18,965 [INFO] core.evaluator_v2: [snapkv] pred='The text does not mention a character named Lazarus or a murder trial. Therefore, there is no character in the text who '
2026-06-28 04:54:54,719 [INFO] core.evaluator_v2: [snapkv] pred='Tomoko is taken to the kitchen, where she pours a glass of water and sits down. She looks at the phone, then at the glas'
2026-06-28 04:55:01,880 [INFO] core.evaluator_v2: [snapkv] pred='The Witch wanted the priests to reveal their own lies.'
2026-06-28 04:55:01,882 [INFO] core.evaluator_v2:   [35/50] avg=8.41
2026-06-28 04:55:08,945 [INFO] core.evaluator_v2: [snapkv] pred="Oscar is Dana's baby."
2026-06-28 04:55:14,314 [INFO] core.evaluator_v2: [snapkv] pred=''
2026-06-28 04:55:28,107 [INFO] core.evaluator_v2: [snapkv] pred="T.K. Nupton thought that Soames' existence was a figment of the author's imagination. The text suggests that Nupton's bo"
2026-06-28 04:55:38,050 [INFO] core.evaluator_v2: [snapkv] pred='The wealthy farmer, Benson, marries Abby.'
2026-06-28 04:55:44,143 [INFO] core.evaluator_v2: [snapkv] pred=''
2026-06-28 04:55:44,145 [INFO] core.evaluator_v2:   [40/50] avg=8.30
2026-06-28 04:55:52,140 [INFO] core.evaluator_v2: [snapkv] pred='The Witch was able to perceive the inner beauty and soul of mankind, seeing beyond their physical appearances to the nak'
2026-06-28 04:55:58,645 [INFO] core.evaluator_v2: [snapkv] pred='When Mary was younger, her mother filled her free time with reading and, in the, with the help of the text.'
2026-06-28 04:56:05,085 [INFO] core.evaluator_v2: [snapkv] pred="Answer: The purpose of Crito's visit was to assist him in escaping from prison, and to persuade him to do so."
2026-06-28 04:56:15,214 [INFO] core.evaluator_v2: [snapkv] pred='The teens faces when they died were described as having a "single EYE burns with manic, unbridled hatred" and "a grimace'
2026-06-28 04:56:25,680 [INFO] core.evaluator_v2: [snapkv] pred='Bill was shot by Benson.'
2026-06-28 04:56:25,682 [INFO] core.evaluator_v2:   [45/50] avg=9.71
2026-06-28 04:56:31,704 [INFO] core.evaluator_v2: [snapkv] pred='Gravener wants Ruth to read the letter.'
2026-06-28 04:56:32,256 [WARNING] core.model_loader: Input length 8722 > max 8192, truncating...
2026-06-28 04:56:42,168 [INFO] core.evaluator_v2: [snapkv] pred="Alabama's son is born in the United States."
2026-06-28 04:56:51,620 [INFO] core.evaluator_v2: [snapkv] pred="The text does not explicitly state Ruth Anvoy's nationality. However, the context and the names of the characters sugges"
2026-06-28 04:57:03,021 [INFO] core.evaluator_v2: [snapkv] pred='Ursula leaves Chicago with George, the pilot.'
2026-06-28 04:57:10,571 [INFO] core.evaluator_v2: [snapkv] pred="The housekeeper's feet got wet during Holmes' visit because of the gravel upon the window-sill, which was the starting-p"
2026-06-28 04:57:10,574 [INFO] core.evaluator_v2:   [50/50] avg=9.40
2026-06-28 04:57:10,576 [INFO] __main__:   → score=9.40, mem_red=80.0%, ttft=3786.5ms
2026-06-28 04:57:10,577 [INFO] __main__: 
  Task: qasper
2026-06-28 04:57:10,578 [INFO] core.evaluator_v2: [snapkv] qasper (50샘플, budget=20%)
2026-06-28 04:57:34,739 [INFO] core.evaluator_v2: [snapkv] pred='The results from these proposed strategies are that both agents successfully pass the bottleneck corresponding to enteri'
2026-06-28 04:57:37,732 [INFO] core.evaluator_v2: [snapkv] pred='The encoder is a character-based encoder-decoder model.'
2026-06-28 04:57:41,546 [INFO] core.evaluator_v2: [snapkv] pred='The text does not mention the size of the Augmented LibriSpeech dataset.'
2026-06-28 04:57:43,829 [INFO] core.evaluator_v2: [snapkv] pred=''
2026-06-28 04:58:17,561 [INFO] core.evaluator_v2: [snapkv] pred='The EMA model is also updated additionally, but not broadcasting it. The model is trained with CE. For each layer-wise t'
2026-06-28 04:58:17,565 [INFO] core.evaluator_v2:   [5/50] avg=1.64
2026-06-28 04:58:25,601 [INFO] core.evaluator_v2: [snapkv] pred='The datasets used for evaluation are the CNN/DailyMail news articles and highlights, the New York Times (NYT) articles a'
2026-06-28 04:58:28,719 [INFO] core.evaluator_v2: [snapkv] pred=''
2026-06-28 04:58:38,782 [INFO] core.evaluator_v2: [snapkv] pred='The ancient Chinese dataset comes from the internet, where we collected an external ancient corpus containing 134M token'
2026-06-28 04:58:47,818 [INFO] core.evaluator_v2: [snapkv] pred='The baselines used for evaluation are Pointer-Gen, Pointer-Gen+RL-ROUGE, Pointer-Gen+RL-SEN, and Pointer-Gen+ARL-SEN.'
2026-06-28 04:59:16,943 [INFO] core.evaluator_v2: [snapkv] pred='The Twitter dataset is crawled from a social media platform, and the data includes 1,000 Twitter threads. The dataset is'
2026-06-28 04:59:16,946 [INFO] core.evaluator_v2:   [10/50] avg=10.58
2026-06-28 04:59:20,006 [INFO] core.evaluator_v2: [snapkv] pred=''
2026-06-28 04:59:31,454 [INFO] core.evaluator_v2: [snapkv] pred='The text establishes that the metrics used to evaluate the effectiveness of the chatbots (LiLi) in terms of knowledge ac'
2026-06-28 04:59:38,226 [INFO] core.evaluator_v2: [snapkv] pred='The combination of rewards for reinforcement learning is the harmonic mean of irony reward and sentiment reward.'
2026-06-28 04:59:46,618 [INFO] core.evaluator_v2: [snapkv] pred='The attention module is pretrained on the MT (Machine Translation) task.'
2026-06-28 04:59:51,444 [INFO] core.evaluator_v2: [snapkv] pred='The size of the dataset is 30.'
2026-06-28 04:59:51,448 [INFO] core.evaluator_v2:   [15/50] avg=15.04
2026-06-28 04:59:57,036 [INFO] core.evaluator_v2: [snapkv] pred=''
2026-06-28 05:00:03,737 [INFO] core.evaluator_v2: [snapkv] pred='The model is compared to term frequency methods and learned classifiers.'
2026-06-28 05:00:05,952 [INFO] core.evaluator_v2: [snapkv] pred=''
2026-06-28 05:00:10,153 [INFO] core.evaluator_v2: [snapkv] pred='The 7 Indian languages they experiment with are: Hindi, Bengali, Tamil, Telugu, Kannada, and Malayalam.'
2026-06-28 05:00:17,874 [INFO] core.evaluator_v2: [snapkv] pred='The text mentions that the authors tested their method on **other tasks**, including **character-level text generation**'
2026-06-28 05:00:17,876 [INFO] core.evaluator_v2:   [20/50] avg=14.78
2026-06-28 05:00:46,189 [INFO] core.evaluator_v2: [snapkv] pred='The text describes a tagging scheme that is employed in the context of pun detection and location tasks. The tagging sch'
2026-06-28 05:01:10,696 [INFO] core.evaluator_v2: [snapkv] pred='The NLP tasks they consider are: (a) Class distribution, (b) LDA, (c) KL divergence, (d) Maximum entropy, (e) Unbalanced'
2026-06-28 05:01:16,679 [INFO] core.evaluator_v2: [snapkv] pred=''
2026-06-28 05:01:42,149 [INFO] core.evaluator_v2: [snapkv] pred='The text considers the following methods to find examples of biases and unwarranted inferences:\n\n1. **Manual detection o'
2026-06-28 05:01:57,722 [INFO] core.evaluator_v2: [snapkv] pred='The corpus consists of 53 documents, which are annotated with medical entities. The corpus is the first of its kind and '
2026-06-28 05:01:57,724 [INFO] core.evaluator_v2:   [25/50] avg=12.38
2026-06-28 05:02:04,516 [INFO] core.evaluator_v2: [snapkv] pred='An individual model consists of a Bayesian model for semantic role induction (SRI) that uses cross-lingual latent variab'
2026-06-28 05:02:30,880 [INFO] core.evaluator_v2: [snapkv] pred='The text mentions that the following stylistic features are obtained:\n\n- Distant\n- Sarcasm\n- Non-sarcasm\n- Sarcasm\n- Non'
2026-06-28 05:02:36,522 [INFO] core.evaluator_v2: [snapkv] pred=''
2026-06-28 05:02:58,457 [INFO] core.evaluator_v2: [snapkv] pred='The data presented to the subjects to elicit event-related responses was multimodal speech and articulated facial data. '
2026-06-28 05:03:19,508 [INFO] core.evaluator_v2: [snapkv] pred='The dataset is annotated with 7 feature groups, each of which is a set of potentially informative features for classifyi'
2026-06-28 05:03:19,511 [INFO] core.evaluator_v2:   [30/50] avg=11.47
2026-06-28 05:03:40,929 [INFO] core.evaluator_v2: [snapkv] pred='The text describes a process of reordering English sentences to match the word order of Indian languages. The process is'
2026-06-28 05:03:48,461 [INFO] core.evaluator_v2: [snapkv] pred='Yes, the text reports results on English data, specifically the FSD (social media) and Twitter datasets, which are Engli'
2026-06-28 05:03:50,192 [INFO] core.evaluator_v2: [snapkv] pred=''
2026-06-28 05:04:19,696 [INFO] core.evaluator_v2: [snapkv] pred='Yes, they use pretrained embeddings. The text mentions using a bidirectional GRU cell as the function INLINEFORM0 for co'
2026-06-28 05:04:26,078 [INFO] core.evaluator_v2: [snapkv] pred='The ensemble method works by averaging the predictions from the constituent single models. These single models were sele'
2026-06-28 05:04:26,079 [INFO] core.evaluator_v2:   [35/50] avg=10.77
2026-06-28 05:04:28,170 [INFO] core.evaluator_v2: [snapkv] pred='Yes, they use attention.'
2026-06-28 05:04:30,021 [INFO] core.evaluator_v2: [snapkv] pred=''
2026-06-28 05:04:35,321 [INFO] core.evaluator_v2: [snapkv] pred=''
2026-06-28 05:04:44,004 [INFO] core.evaluator_v2: [snapkv] pred='The clinical datasets used in the paper are NUBes-PHI and MEDDOCAN. NUBes-PHI is a corpus of real medical reports writte'
2026-06-28 05:04:46,404 [INFO] core.evaluator_v2: [snapkv] pred='Yes, the datasets for sentiment analysis are balanced.'
2026-06-28 05:04:46,409 [INFO] core.evaluator_v2:   [40/50] avg=10.75
2026-06-28 05:04:51,844 [INFO] core.evaluator_v2: [snapkv] pred='Based on the text, it is possible to convert a cloze-style questions to a naturally-looking questions. The text provides'
2026-06-28 05:05:27,403 [INFO] core.evaluator_v2: [snapkv] pred='The text describes four machine translation tasks, which are used for evaluation of the adaptively sparse Transformer mo'
2026-06-28 05:05:34,084 [INFO] core.evaluator_v2: [snapkv] pred='The text proposes the use of **context tweets** and **character-level features** as additional features and context in t'
2026-06-28 05:05:40,418 [INFO] core.evaluator_v2: [snapkv] pred='The text mentions an annotated dataset of over 20,000 blog users. Therefore, the number of users they look at is 20,000.'
2026-06-28 05:06:04,642 [INFO] core.evaluator_v2: [snapkv] pred='The text does not mention any specific Chinese datasets. The text discusses various datasets and models, but it does not'
2026-06-28 05:06:04,645 [INFO] core.evaluator_v2:   [45/50] avg=10.10
2026-06-28 05:06:11,188 [INFO] core.evaluator_v2: [snapkv] pred='Logistic Regression and a Deep Learning Model are used for RQE.'
2026-06-28 05:06:17,069 [INFO] core.evaluator_v2: [snapkv] pred='The paper is written in English.'
2026-06-28 05:06:19,965 [INFO] core.evaluator_v2: [snapkv] pred=''
2026-06-28 05:06:27,072 [INFO] core.evaluator_v2: [snapkv] pred='The ML methods aim to identify argument components such as claims, premises, and objections.'
2026-06-28 05:06:38,761 [INFO] core.evaluator_v2: [snapkv] pred='The resulting annotated data is higher quality when difficult instances are routed to experts for annotation. This is ev'
2026-06-28 05:06:38,763 [INFO] core.evaluator_v2:   [50/50] avg=11.16
2026-06-28 05:06:38,763 [INFO] __main__:   → score=11.16, mem_red=80.0%, ttft=2515.6ms
2026-06-28 05:06:38,768 [INFO] __main__: 
  Task: multifieldqa_en
2026-06-28 05:06:38,768 [INFO] core.evaluator_v2: [snapkv] multifieldqa_en (50샘플, budget=20%)
2026-06-28 05:06:40,362 [INFO] core.evaluator_v2: [snapkv] pred=''
2026-06-28 05:06:46,214 [INFO] core.evaluator_v2: [snapkv] pred='Yes, the denoiser can be applied to circuits with non-Clifford noise.'
2026-06-28 05:06:46,779 [WARNING] core.model_loader: Input length 11011 > max 8192, truncating...
2026-06-28 05:06:56,562 [INFO] core.evaluator_v2: [snapkv] pred='Coupled GDBN (C-GDBN)'
2026-06-28 05:07:23,184 [INFO] core.evaluator_v2: [snapkv] pred='The purpose of an ICD (Implastic Cardiac Defibrillator) is to treat and prevent the formation of blood clots by blocking'
2026-06-28 05:07:30,354 [INFO] core.evaluator_v2: [snapkv] pred='The NLMS algorithm is engaged in the PLMS-PPIC method.'
2026-06-28 05:07:30,356 [INFO] core.evaluator_v2:   [5/50] avg=20.24
2026-06-28 05:07:33,014 [INFO] core.evaluator_v2: [snapkv] pred='The Profiles in Courage Award.'
2026-06-28 05:07:38,285 [INFO] core.evaluator_v2: [snapkv] pred=''
2026-06-28 05:08:11,208 [INFO] core.evaluator_v2: [snapkv] pred='The sticking point in the political showdown over the budget is the amount of spending to cut. The political showdown ov'
2026-06-28 05:08:41,686 [INFO] core.evaluator_v2: [snapkv] pred='The county seat of McPherson County is **McPherson**.\n\nMcPherson is the largest city in McPherson County and is also the'
2026-06-28 05:08:48,931 [INFO] core.evaluator_v2: [snapkv] pred='The new Iraqi Body Count organization provides cover for the war and allows supporters of the illegal war to point to it'
2026-06-28 05:08:48,934 [INFO] core.evaluator_v2:   [10/50] avg=22.76
2026-06-28 05:09:22,752 [INFO] core.evaluator_v2: [snapkv] pred="The effect of accounting for path preference on the robot's belief update is that it reduces the entropy of the robot's "
2026-06-28 05:09:55,838 [INFO] core.evaluator_v2: [snapkv] pred='The sides of the fuselage are sloped (tumbled home) to form a conical section when the fuselage is bent and sloped. This'
2026-06-28 05:10:07,796 [INFO] core.evaluator_v2: [snapkv] pred='The court in *In re Ferguson* concluded that the transformation prong of the Bilski test was not satisfied, as the claim'
2026-06-28 05:10:10,906 [INFO] core.evaluator_v2: [snapkv] pred='Answer: 1980.'
2026-06-28 05:10:20,175 [INFO] core.evaluator_v2: [snapkv] pred='Thalassemias are classified into two major categories: α-thalassemia and β-thalassemia, based on the defective synthesis'
2026-06-28 05:10:20,178 [INFO] core.evaluator_v2:   [15/50] avg=17.58
2026-06-28 05:10:30,178 [INFO] core.evaluator_v2: [snapkv] pred='The transition probability of the environment affects the learning rate in the static agent by influencing the rate at w'
2026-06-28 05:10:42,562 [INFO] core.evaluator_v2: [snapkv] pred='The experimental techniques used to study the quantum dot structures in this research are low-temperature scanning tunne'
2026-06-28 05:10:45,627 [INFO] core.evaluator_v2: [snapkv] pred='Based on the text, the answer is:\n\nMargaret Way was born in Australia and died in Australia.'
2026-06-28 05:10:55,027 [INFO] core.evaluator_v2: [snapkv] pred=''
2026-06-28 05:11:03,550 [INFO] core.evaluator_v2: [snapkv] pred='The scoring engine generates a stream of content for the channel by identifying and scoring new content items based on u'
2026-06-28 05:11:03,553 [INFO] core.evaluator_v2:   [20/50] avg=19.50
2026-06-28 05:11:04,257 [WARNING] core.model_loader: Input length 9212 > max 8192, truncating...
2026-06-28 05:11:40,093 [INFO] core.evaluator_v2: [snapkv] pred='\\textbf{Proof of Theorem \\ref{main_non_exist}.}   We suppose that $ u $ is a stable sub-solution of $(G)$ with $ u(x) \\g'
2026-06-28 05:11:44,205 [INFO] core.evaluator_v2: [snapkv] pred='The text states that McPherson County is located in the state of Kansas.\n\nAnswer: McPherson County is located in the sta'
2026-06-28 05:11:56,629 [INFO] core.evaluator_v2: [snapkv] pred='The main focus of the research paper is to study the strong coupling limit of lattice QCD, with a particular emphasis on'
2026-06-28 05:12:07,628 [INFO] core.evaluator_v2: [snapkv] pred='128'
2026-06-28 05:12:10,235 [INFO] core.evaluator_v2: [snapkv] pred='The most active fan club is the **Banants** fan club.'
2026-06-28 05:12:10,239 [INFO] core.evaluator_v2:   [25/50] avg=19.31
2026-06-28 05:12:12,835 [INFO] core.evaluator_v2: [snapkv] pred='Answer: 1981 (1981)'
2026-06-28 05:12:22,777 [INFO] core.evaluator_v2: [snapkv] pred='The interlayer Berry connection polarizability is significant because it provides the geometric origin of the crossed no'
2026-06-28 05:12:54,354 [INFO] core.evaluator_v2: [snapkv] pred='The text describes that wearable sensors, specifically physical sensors (ACC) and physiological sensors (EDA and HRV), a'
2026-06-28 05:13:01,034 [INFO] core.evaluator_v2: [snapkv] pred='Answer: One of Kam W. Leong\'s publications in Journal of Controlled Release is "Gene transfer to hepatocytes using a pol'
2026-06-28 05:13:10,423 [INFO] core.evaluator_v2: [snapkv] pred=''
2026-06-28 05:13:10,425 [INFO] core.evaluator_v2:   [30/50] avg=17.70
2026-06-28 05:13:20,027 [INFO] core.evaluator_v2: [snapkv] pred="The text does not explicitly mention any restrictions on the use of Broadjam's servers. However, it does mention that Br"
2026-06-28 05:13:25,559 [INFO] core.evaluator_v2: [snapkv] pred='The 2017 general election was held on 23 September 2017.'
2026-06-28 05:13:49,982 [INFO] core.evaluator_v2: [snapkv] pred='The text states that 2005, 349, and 198, and 198, and 198, and 198, and 198, and 198, and 198, and 198, and 198, and 198'
2026-06-28 05:13:55,179 [INFO] core.evaluator_v2: [snapkv] pred='Simon English became the leader of the National Party on 24 October 2017.'
2026-06-28 05:14:03,341 [INFO] core.evaluator_v2: [snapkv] pred="Governor Rick Scott cited privacy concerns, expressed skepticism about the monitoring program's effectiveness, and raise"
2026-06-28 05:14:03,342 [INFO] core.evaluator_v2:   [35/50] avg=17.69
2026-06-28 05:14:08,648 [INFO] core.evaluator_v2: [snapkv] pred=''
2026-06-28 05:14:33,744 [INFO] core.evaluator_v2: [snapkv] pred='Craig wants to find his own place because he is currently living with his parents and he is not yet accepted as a indepe'
2026-06-28 05:14:40,402 [INFO] core.evaluator_v2: [snapkv] pred='The decision to base the water rates on usage reflected a desire for fairness in how water is billed and how costs are s'
2026-06-28 05:15:04,158 [INFO] core.evaluator_v2: [snapkv] pred='Answer: McPherson County was established as a county in 1867.\n\nThe text says: "Pioneer Life and Lore of McPherson County'
2026-06-28 05:15:04,528 [WARNING] core.model_loader: Input length 8396 > max 8192, truncating...
2026-06-28 05:15:21,989 [INFO] core.evaluator_v2: [snapkv] pred='The proximity of superconductivity significantly reduces the Kondo temperature $T^*$, which is a measure of the scale at'
2026-06-28 05:15:21,990 [INFO] core.evaluator_v2:   [40/50] avg=15.98
2026-06-28 05:15:27,266 [INFO] core.evaluator_v2: [snapkv] pred='Peter.'
2026-06-28 05:15:58,765 [INFO] core.evaluator_v2: [snapkv] pred='At dawn or dusk, the high resolution of what we focus on diminishes. This is because the brain models everything, but no'
2026-06-28 05:16:04,346 [INFO] core.evaluator_v2: [snapkv] pred=''
2026-06-28 05:16:17,668 [INFO] core.evaluator_v2: [snapkv] pred='Ferromagnetic semiconductors have potential applications in spintronics, magnetic memory devices, and high-temperature e'
2026-06-28 05:16:27,959 [INFO] core.evaluator_v2: [snapkv] pred='The recommended daily intake of vitamin K for adult women and men is 1200 micrograms.'
2026-06-28 05:16:27,963 [INFO] core.evaluator_v2:   [45/50] avg=16.94
2026-06-28 05:16:39,673 [INFO] core.evaluator_v2: [snapkv] pred='Yes, DUO contains more instances per image than COCO.'
2026-06-28 05:16:44,313 [INFO] core.evaluator_v2: [snapkv] pred='The population of McPherson County according to the 2020 census was 11,205.'
2026-06-28 05:16:48,310 [INFO] core.evaluator_v2: [snapkv] pred='The paper was published in 2022.'
2026-06-28 05:16:52,365 [INFO] core.evaluator_v2: [snapkv] pred='The first white settlement in McPherson County was **"Filler\'s Ranch"**.\n\n**Answer:** Filler\'s Ranch.'
2026-06-28 05:17:25,026 [INFO] core.evaluator_v2: [snapkv] pred='The factors that control the reliance of artificial organisms on plasticity are the environmental fluctuation and the un'
2026-06-28 05:17:25,030 [INFO] core.evaluator_v2:   [50/50] avg=19.00
2026-06-28 05:17:25,032 [INFO] __main__:   → score=19.00, mem_red=80.0%, ttft=3342.8ms
2026-06-28 05:17:25,033 [INFO] __main__: 
────────────────────────────────────────────────────────────
2026-06-28 05:17:25,034 [INFO] __main__: Method: PYRAMIDKV | Budget: 20%
2026-06-28 05:17:25,036 [INFO] __main__: ────────────────────────────────────────────────────────────
2026-06-28 05:17:25,038 [INFO] __main__: 
  Task: narrativeqa
2026-06-28 05:17:25,039 [INFO] core.evaluator_v2: [pyramidkv] narrativeqa (50샘플, budget=20%)
2026-06-28 05:17:55,290 [INFO] core.evaluator_v2: [pyramidkv] pred='The text does not explicitly mention which town Daisy encountered Jim in. The story is told from the perspective of Dais'
2026-06-28 05:18:05,413 [INFO] core.evaluator_v2: [pyramidkv] pred='Socrates ultimately decides it is unjust to escape because he believes in the principles of justice and the laws, and he'
2026-06-28 05:18:15,312 [INFO] core.evaluator_v2: [pyramidkv] pred='The story is set in a medieval castle, specifically in the castle of Drachenhausen, which is described as having a great'
2026-06-28 05:18:21,256 [INFO] core.evaluator_v2: [pyramidkv] pred='Baron Conrad killed his son, Baron Otto.'
2026-06-28 05:18:32,045 [INFO] core.evaluator_v2: [pyramidkv] pred="A ghost emerged from a painting at Dana's workplace, which was a beautiful painting in the high-Renaissance style depict"
2026-06-28 05:18:32,048 [INFO] core.evaluator_v2:   [5/50] avg=7.41
2026-06-28 05:18:39,932 [INFO] core.evaluator_v2: [pyramidkv] pred='Dana.'
2026-06-28 05:18:40,985 [WARNING] core.model_loader: Input length 8721 > max 8192, truncating...
2026-06-28 05:18:51,674 [INFO] core.evaluator_v2: [pyramidkv] pred="Clifford's profession is that of a **cop** (law enforcement officer)."
2026-06-28 05:18:58,696 [INFO] core.evaluator_v2: [pyramidkv] pred='The Vervelles live in the town of Paris.'
2026-06-28 05:19:05,650 [INFO] core.evaluator_v2: [pyramidkv] pred='The Witch threw the coffin (with its last cradle) into a ditch.'
2026-06-28 05:19:12,630 [INFO] core.evaluator_v2: [pyramidkv] pred='Frank Saltram is a writer and a poet. He is known for his literary works and his ability to express complex ideas and em'
2026-06-28 05:19:12,632 [INFO] core.evaluator_v2:   [10/50] avg=8.39
2026-06-28 05:19:39,745 [INFO] core.evaluator_v2: [pyramidkv] pred='The text states that Mortimer Trefinnis was once estranged from his siblings due to the "fear of the unknown" and the "f'
2026-06-28 05:20:07,698 [INFO] core.evaluator_v2: [pyramidkv] pred='The unique aspect of the phonetic spelling of the "future" article that discussed Beerbohm\'s story is that it is not a s'
2026-06-28 05:20:14,097 [INFO] core.evaluator_v2: [pyramidkv] pred='A painter.'
2026-06-28 05:20:20,035 [INFO] core.evaluator_v2: [pyramidkv] pred='Lady Coxon is the wife of Mr. Saltram.'
2026-06-28 05:20:47,472 [INFO] core.evaluator_v2: [pyramidkv] pred='The war in which Rogers learned his battle knowledge was the Second War of Independence, which was fought between the Un'
2026-06-28 05:20:47,476 [INFO] core.evaluator_v2:   [15/50] avg=9.25
2026-06-28 05:20:53,268 [INFO] core.evaluator_v2: [pyramidkv] pred='Anthony Rogers was working for the American Gas Corporation in 1927.'
2026-06-28 05:20:58,607 [INFO] core.evaluator_v2: [pyramidkv] pred='The young lady from New York.'
2026-06-28 05:21:04,780 [INFO] core.evaluator_v2: [pyramidkv] pred="The adventure of the Devil's Foot, by Arthur Conan Doyle\n\nQuestion: Why are Holmes and Dr. Watson in Cornwall?\n\nAnswer c"
2026-06-28 05:21:16,294 [INFO] core.evaluator_v2: [pyramidkv] pred='The hidden message Reiko finds within the video is that the curse can be broken by copying the video and showing it to s'
2026-06-28 05:21:30,085 [INFO] core.evaluator_v2: [pyramidkv] pred="1. **Justice and Redemption**: The story centers on the quest for justice, as seen in the Emperor's decision to protect "
2026-06-28 05:21:30,088 [INFO] core.evaluator_v2:   [20/50] avg=8.49
2026-06-28 05:21:39,790 [INFO] core.evaluator_v2: [pyramidkv] pred='The teenagers were discussing a cursed videotape that has the power to kill the viewer. They were discussing the effects'
2026-06-28 05:21:50,945 [INFO] core.evaluator_v2: [pyramidkv] pred='Bill worked in a mill.'
2026-06-28 05:22:21,395 [INFO] core.evaluator_v2: [pyramidkv] pred="1. The doctor. 2. The vicar. 3. The clergyman. 4. The vicar's wife. 5. The vicar's son. 6. The vicar's daughter. 7. The "
2026-06-28 05:22:27,285 [INFO] core.evaluator_v2: [pyramidkv] pred='Otto is known for his pure, simple wisdom and the silver hand.'
2026-06-28 05:22:35,961 [INFO] core.evaluator_v2: [pyramidkv] pred='Leon focuses on the observation and analysis of American and French characters, highlighting their cultural and social t'
2026-06-28 05:22:35,964 [INFO] core.evaluator_v2:   [25/50] avg=12.64
2026-06-28 05:22:42,127 [INFO] core.evaluator_v2: [pyramidkv] pred='The owner of the manor in the story is Madame de Merret.'
2026-06-28 05:22:52,004 [INFO] core.evaluator_v2: [pyramidkv] pred="Reiko's job is not explicitly mentioned in the text provided. The narrative focuses on Asakawa and her interactions with"
2026-06-28 05:22:57,277 [INFO] core.evaluator_v2: [pyramidkv] pred='Holmes observes a burning candle in the fireplace.'
2026-06-28 05:23:05,731 [INFO] core.evaluator_v2: [pyramidkv] pred='Socrates compares citizens and the law to a **city and its laws**, where the **city** (society) is governed by **laws** '
2026-06-28 05:23:14,873 [INFO] core.evaluator_v2: [pyramidkv] pred='La Grande Breteche is a fictional place in the story, which is a metaphor for a life of luxury and indulgence. It is a p'
2026-06-28 05:23:14,875 [INFO] core.evaluator_v2:   [30/50] avg=14.27
2026-06-28 05:23:25,277 [INFO] core.evaluator_v2: [pyramidkv] pred='Reiko discovers that making a copy of the videotape and showing it to someone else within a week saves viewers of the ta'
2026-06-28 05:23:31,180 [INFO] core.evaluator_v2: [pyramidkv] pred='Madame de Fougeres.'
2026-06-28 05:23:38,213 [INFO] core.evaluator_v2: [pyramidkv] pred='The text does not mention Lazarus or a murder trial, so there is no answer to the question based on the provided text.'
2026-06-28 05:23:52,142 [INFO] core.evaluator_v2: [pyramidkv] pred='Tomoko is involved in a supernatural curse that affects her and others. She and her friend Yoichi are victims of a curse'
2026-06-28 05:23:59,324 [INFO] core.evaluator_v2: [pyramidkv] pred='The Witch wanted to have reveal their own lies.'
2026-06-28 05:23:59,327 [INFO] core.evaluator_v2:   [35/50] avg=13.66
2026-06-28 05:24:07,072 [INFO] core.evaluator_v2: [pyramidkv] pred="Oscar is Dana's baby."
2026-06-28 05:24:15,194 [INFO] core.evaluator_v2: [pyramidkv] pred='The Baroness is found with a great red stain on her body, and she is in a state of shock and distress. The Emperor is in'
2026-06-28 05:24:22,506 [INFO] core.evaluator_v2: [pyramidkv] pred="T.K. Nupton thought that Soames was a figment of the author's brain."
2026-06-28 05:24:32,769 [INFO] core.evaluator_v2: [pyramidkv] pred='The wealthy farmer, Mr. Murphy, marries Abby.'
2026-06-28 05:24:40,955 [INFO] core.evaluator_v2: [pyramidkv] pred='The art-dealer describes Grassou\'s skill level to Virginie\'s father as "a few sous in his pocket."'
2026-06-28 05:24:40,958 [INFO] core.evaluator_v2:   [40/50] avg=13.61
2026-06-28 05:24:53,454 [INFO] core.evaluator_v2: [pyramidkv] pred='The Witch was able to perceive the inner beauty and soul of mankind, as well as the fleeting and transient nature of hum'
2026-06-28 05:24:59,419 [INFO] core.evaluator_v2: [pyramidkv] pred="Mary's mother filled her free time by reading to her."
2026-06-28 05:25:06,507 [INFO] core.evaluator_v2: [pyramidkv] pred="Crito's visit was to persuade Socrates to escape from prison, in order to avoid the death penalty and to preserve his li"
2026-06-28 05:25:18,247 [INFO] core.evaluator_v2: [pyramidkv] pred='The description of the teens\' faces when they died was characterized by a "single EYE burns with manic, unbridled hatred'
2026-06-28 05:25:29,304 [INFO] core.evaluator_v2: [pyramidkv] pred='Bill dies from a gunshot wound to the chest.'
2026-06-28 05:25:29,309 [INFO] core.evaluator_v2:   [45/50] avg=12.98
2026-06-28 05:25:35,262 [INFO] core.evaluator_v2: [pyramidkv] pred='Gravener wants Ruth to destroy the letter.'
2026-06-28 05:25:35,924 [WARNING] core.model_loader: Input length 8722 > max 8192, truncating...
2026-06-28 05:25:45,898 [INFO] core.evaluator_v2: [pyramidkv] pred="Alabama's son is born in the United States."
2026-06-28 05:25:53,681 [INFO] core.evaluator_v2: [pyramidkv] pred="The text does not explicitly state Ruth Anvoy's nationality. However, based on the context and the names mentioned, it i"
2026-06-28 05:26:05,706 [INFO] core.evaluator_v2: [pyramidkv] pred='Ursula leaves Chicago with George, the pilot.'
2026-06-28 05:26:35,395 [INFO] core.evaluator_v2: [pyramidkv] pred='The housekeeper\'s feet got wet during Holmes\' visit because of the "devil\'s foot" powder, which was used to kill the sis'
2026-06-28 05:26:35,417 [INFO] core.evaluator_v2:   [50/50] avg=12.16
2026-06-28 05:26:35,419 [INFO] __main__:   → score=12.16, mem_red=80.0%, ttft=3540.4ms
2026-06-28 05:26:35,420 [INFO] __main__: 
  Task: qasper
2026-06-28 05:26:35,421 [INFO] core.evaluator_v2: [pyramidkv] qasper (50샘플, budget=20%)
2026-06-28 05:26:47,609 [INFO] core.evaluator_v2: [pyramidkv] pred='The results from the proposed strategies are as follows:\n\n1. **KG-A2C-Chained** is significantly more sample efficient a'
2026-06-28 05:27:18,932 [INFO] core.evaluator_v2: [pyramidkv] pred='The encoder is a character-based encoder-decoder model with a wide context window, encoding the entire available context'
2026-06-28 05:27:23,462 [INFO] core.evaluator_v2: [pyramidkv] pred='The text does not mention the size of the Augmented LibriSpeech dataset.'
2026-06-28 05:27:48,745 [INFO] core.evaluator_v2: [pyramidkv] pred='NeuronBlocks includes the following neural network modules: Embedding, Neural Network (NLP) Layers, Loss Function, Metri'
2026-06-28 05:28:21,878 [INFO] core.evaluator_v2: [pyramidkv] pred='The LSTM models compared in the text are the 6-layer and 9-layer models. The 6-layer model is initialized with Xavier in'
2026-06-28 05:28:21,880 [INFO] core.evaluator_v2:   [5/50] avg=3.29
2026-06-28 05:28:28,888 [INFO] core.evaluator_v2: [pyramidkv] pred='The datasets used for evaluation are CNN/DailyMail, NYT, and XSum.'
2026-06-28 05:28:32,831 [INFO] core.evaluator_v2: [pyramidkv] pred='The transformer layer works better than the RNN layer in this context.'
2026-06-28 05:28:39,276 [INFO] core.evaluator_v2: [pyramidkv] pred='The ancient Chinese dataset is derived from an external ancient corpus containing 134M tokens.'
2026-06-28 05:28:47,980 [INFO] core.evaluator_v2: [pyramidkv] pred='Pointer-Gen, Pointer-Gen+RL-ROUGE, Pointer-Gen+RL-SEN, and Pointer-Gen+ARL-SEN.'
2026-06-28 05:28:53,409 [INFO] core.evaluator_v2: [pyramidkv] pred='The Twitter dataset contains 1,433 conversation threads.'
2026-06-28 05:28:53,422 [INFO] core.evaluator_v2:   [10/50] avg=19.73
2026-06-28 05:29:07,967 [INFO] core.evaluator_v2: [pyramidkv] pred='The performance of the models was improved by using multitask learning, which jointly learned the tasks of ternary and f'
2026-06-28 05:29:21,561 [INFO] core.evaluator_v2: [pyramidkv] pred='The metrics used to establish that this makes chatbots more knowledgeable and better at learning and conversation are th'
2026-06-28 05:29:28,326 [INFO] core.evaluator_v2: [pyramidkv] pred='The combination of rewards for reinforcement learning is the harmonic mean of irony reward and sentiment reward.'
2026-06-28 05:29:36,436 [INFO] core.evaluator_v2: [pyramidkv] pred='The attention module is pretrained on the MT dataset.'
2026-06-28 05:29:43,686 [INFO] core.evaluator_v2: [pyramidkv] pred='The size of the dataset is not explicitly stated in the text, but it is mentioned that the OurNepali dataset is almost t'
2026-06-28 05:29:43,688 [INFO] core.evaluator_v2:   [15/50] avg=19.71
2026-06-28 05:29:49,988 [INFO] core.evaluator_v2: [pyramidkv] pred='The Wall Street Journal (WSJ) and the Penn Treebank (PTB).'
2026-06-28 05:29:59,950 [INFO] core.evaluator_v2: [pyramidkv] pred='The model is compared to previous methods such as term frequency (TF), inverse document frequency (IDF), and the baselin'
2026-06-28 05:30:03,472 [INFO] core.evaluator_v2: [pyramidkv] pred='The languages that are similar to each other are the Nguni languages and the Sotho languages.'
2026-06-28 05:30:08,998 [INFO] core.evaluator_v2: [pyramidkv] pred='The 7 Indian languages that they experiment with are: Kannada, Malayalam, Odia, Tamil, Telugu, and Hindi.'
2026-06-28 05:30:13,884 [INFO] core.evaluator_v2: [pyramidkv] pred='The text also tests the method on tasks such as predicting hashtags for social media posts.'
2026-06-28 05:30:13,886 [INFO] core.evaluator_v2:   [20/50] avg=24.52
2026-06-28 05:30:17,845 [INFO] core.evaluator_v2: [pyramidkv] pred='The tagging scheme employed is the INLINEFORM0 tagging scheme.'
2026-06-28 05:30:27,505 [INFO] core.evaluator_v2: [pyramidkv] pred='The text considers the problem of text classification, specifically the task of classifying documents into predefined ca'
2026-06-28 05:30:56,905 [INFO] core.evaluator_v2: [pyramidkv] pred='The NCEL approach is effective in the context of entity linking, as it is end-to-end trainable and applies GCN on subgra'
2026-06-28 05:31:04,024 [INFO] core.evaluator_v2: [pyramidkv] pred='The text considers the following methods to find examples of biases and unwarranted inferences:\n\n1. Manual detection of '
2026-06-28 05:31:28,564 [INFO] core.evaluator_v2: [pyramidkv] pred='The corpus consists of 53 documents, which contain a total of 156 sentences, on average. The corpus is 156 sentences lon'
2026-06-28 05:31:28,568 [INFO] core.evaluator_v2:   [25/50] avg=22.44
2026-06-28 05:31:47,370 [INFO] core.evaluator_v2: [pyramidkv] pred='An individual model consists of a Bayesian model for semantic role induction (SRI) that uses crosslingual latent variabl'
2026-06-28 05:31:55,230 [INFO] core.evaluator_v2: [pyramidkv] pred='The text does not explicitly mention or describe specific stylistic features that are obtained. It focuses on the cognit'
2026-06-28 05:32:01,166 [INFO] core.evaluator_v2: [pyramidkv] pred='75%'
2026-06-28 05:32:25,314 [INFO] core.evaluator_v2: [pyramidkv] pred='The data presented to the subjects to elicit event-related responses was the EEG data, which was processed and analyzed '
2026-06-28 05:32:34,253 [INFO] core.evaluator_v2: [pyramidkv] pred='The dataset is annotated with 1) no evidence of depression (n=6,829 tweets) or 2) evidence of depression (n=2,644 tweets'
2026-06-28 05:32:34,256 [INFO] core.evaluator_v2:   [30/50] avg=19.70
2026-06-28 05:32:40,871 [INFO] core.evaluator_v2: [pyramidkv] pred='To match words before reordering them, the English sentences are pre-ordered to match the word order of the source langu'
2026-06-28 05:33:10,132 [INFO] core.evaluator_v2: [pyramidkv] pred='No, the text does not report results only on English data. The text discusses datasets from social media (Twitter) and n'
2026-06-28 05:33:12,735 [INFO] core.evaluator_v2: [pyramidkv] pred='GloVe, Edinburgh, and Emoji embeddings.'
2026-06-28 05:33:19,418 [INFO] core.evaluator_v2: [pyramidkv] pred='No, the text does not mention the use of pretrained embeddings.'
2026-06-28 05:33:27,752 [INFO] core.evaluator_v2: [pyramidkv] pred='The ensemble method works by averaging the predictions from the constituent single models. The ensemble is formed by gra'
2026-06-28 05:33:27,755 [INFO] core.evaluator_v2:   [35/50] avg=19.60
2026-06-28 05:33:30,076 [INFO] core.evaluator_v2: [pyramidkv] pred='Yes, they use attention.'
2026-06-28 05:33:33,602 [INFO] core.evaluator_v2: [pyramidkv] pred='The language model architectures used are: 2016, 2016, and 2016.'
2026-06-28 05:33:44,525 [INFO] core.evaluator_v2: [pyramidkv] pred="No, they do not report results only on English data. The text discusses concept word-groups derived from Roget's Thesaur"
2026-06-28 05:33:51,694 [INFO] core.evaluator_v2: [pyramidkv] pred='The clinical datasets used in the paper are NUBes-PHI and MEDDOCAN.'
2026-06-28 05:34:03,279 [INFO] core.evaluator_v2: [pyramidkv] pred='No, the datasets for sentiment analysis are not balanced. The text indicates that the groundtruth labels contain 210 pos'
2026-06-28 05:34:03,282 [INFO] core.evaluator_v2:   [40/50] avg=19.54
2026-06-28 05:34:28,621 [INFO] core.evaluator_v2: [pyramidkv] pred='Yes, it is possible to convert cloze-style questions into naturally-looking questions. The text discusses the process of'
2026-06-28 05:35:01,047 [INFO] core.evaluator_v2: [pyramidkv] pred='The text evaluates the adapt sparse Transformers on four machine translation tasks. The specific tasks are not named, bu'
2026-06-28 05:35:28,283 [INFO] core.evaluator_v2: [pyramidkv] pred='The additional features and context proposed in the text are:\n\n1. **Context Tweets**: The use of context tweets (i.e., t'
2026-06-28 05:35:33,652 [INFO] core.evaluator_v2: [pyramidkv] pred='20,000'
2026-06-28 05:35:39,935 [INFO] core.evaluator_v2: [pyramidkv] pred='The text does not explicitly mention which Chinese datasets were used. It focuses on grammar induction with compound PCF'
2026-06-28 05:35:39,937 [INFO] core.evaluator_v2:   [45/50] avg=20.08
2026-06-28 05:35:50,904 [INFO] core.evaluator_v2: [pyramidkv] pred='The text discusses the use of machine learning and deep learning methods for Recognizing Question Entailment (RQE) in th'
2026-06-28 05:35:56,736 [INFO] core.evaluator_v2: [pyramidkv] pred='The paper studies English.'
2026-06-28 05:36:27,359 [INFO] core.evaluator_v2: [pyramidkv] pred='This approach is compared to other WSD approaches employing word embeddings. The proposed GM$\\_$KL approach is compared '
2026-06-28 05:36:34,587 [INFO] core.evaluator_v2: [pyramidkv] pred='The ML methods aim to identify argument components such as claims, premises, and objections (rebuttal or undercut).'
2026-06-28 05:36:46,239 [INFO] core.evaluator_v2: [pyramidkv] pred='The resulting annotated data is higher quality when expert annotations are used for the most difficult instances. The mo'
2026-06-28 05:36:46,242 [INFO] core.evaluator_v2:   [50/50] avg=20.29
2026-06-28 05:36:46,243 [INFO] __main__:   → score=20.29, mem_red=80.0%, ttft=2287.6ms
2026-06-28 05:36:46,244 [INFO] __main__: 
  Task: multifieldqa_en
2026-06-28 05:36:46,245 [INFO] core.evaluator_v2: [pyramidkv] multifieldqa_en (50샘플, budget=20%)
2026-06-28 05:37:08,866 [INFO] core.evaluator_v2: [pyramidkv] pred="After Ngotho attacks Jacobo at a workers' strike, he is fired and the family is forced to move. Ngotho loses his job and"
2026-06-28 05:37:17,823 [INFO] core.evaluator_v2: [pyramidkv] pred='Yes, the denoiser can be applied to circuits with non-Clifford noise. The text indicates that the denoiser can be applie'
2026-06-28 05:37:18,424 [WARNING] core.model_loader: Input length 11011 > max 8192, truncating...
2026-06-28 05:37:30,281 [INFO] core.evaluator_v2: [pyramidkv] pred='The generative interactive model used in the method is called the "Coupled GDBN (C-GDBN)" with an "Interactive Matrix (I'
2026-06-28 05:37:39,372 [INFO] core.evaluator_v2: [pyramidkv] pred='An ICD (Implantable Cardioverter Defibrillator) is a device implanted in the chest to monitor and correct abnormal heart'
2026-06-28 05:37:46,856 [INFO] core.evaluator_v2: [pyramidkv] pred='The NLMS algorithm is engaged in the PLMS-PPIC method.'
2026-06-28 05:37:46,859 [INFO] core.evaluator_v2:   [5/50] avg=28.67
2026-06-28 05:37:50,634 [INFO] core.evaluator_v2: [pyramidkv] pred='In 2009, Brooksley Born was awarded the John F. Kennedy Profiles in Courage Award.'
2026-06-28 05:38:18,515 [INFO] core.evaluator_v2: [pyramidkv] pred='A media application determines the context of an event by using content recognition file (e.g., data structure 500 (FIG.'
2026-06-28 05:38:27,145 [INFO] core.evaluator_v2: [pyramidkv] pred='The sticking point in the political showdown over the budget is the policy and spending cuts that are being proposed. Th'
2026-06-28 05:38:57,949 [INFO] core.evaluator_v2: [pyramidkv] pred='McPherson County, Kansas, is the county seat of McPherson County, Kansas. The county seat is the city that is the admini'
2026-06-28 05:39:05,170 [INFO] core.evaluator_v2: [pyramidkv] pred='The new Iraqi Body Count organization provides cover for the war and allows supporters of the illegal war to point to it'
2026-06-28 05:39:05,173 [INFO] core.evaluator_v2:   [10/50] avg=32.62
2026-06-28 05:39:15,161 [INFO] core.evaluator_v2: [pyramidkv] pred="Accounting for path preference in the robot's belief update process leads to a more stable and accurate prediction of th"
2026-06-28 05:39:30,049 [INFO] core.evaluator_v2: [pyramidkv] pred='The sides of the fuselage are sloped (tumbled home) to create a conical shape when the fuselage is bent into a box. This'
2026-06-28 05:39:41,233 [INFO] core.evaluator_v2: [pyramidkv] pred='The court in In re Ferguson concluded that the claimed process involved graphically displaying variations of data from a'
2026-06-28 05:39:44,394 [INFO] core.evaluator_v2: [pyramidkv] pred='1928-1980.'
2026-06-28 05:39:54,464 [INFO] core.evaluator_v2: [pyramidkv] pred='Thalassemias are classified based on the polypeptide chains of hemoglobin that are impaired in synthesis. The two major '
2026-06-28 05:39:54,467 [INFO] core.evaluator_v2:   [15/50] avg=24.87
2026-06-28 05:40:14,966 [INFO] core.evaluator_v2: [pyramidkv] pred='The transition probability of the environment affects the learning rate in the static agent by influencing the learning '
2026-06-28 05:40:28,564 [INFO] core.evaluator_v2: [pyramidkv] pred='The experimental techniques used to study the quantum dot structures in this research were low-temperature scanning tunn'
2026-06-28 05:40:30,758 [INFO] core.evaluator_v2: [pyramidkv] pred=''
2026-06-28 05:40:43,446 [INFO] core.evaluator_v2: [pyramidkv] pred='The two ground states observed for indeno[1,2-a]fluorene on NaCl surfaces are:\n\n1. Open-shell state (5OS)\n2. Closed-shel'
2026-06-28 05:40:53,193 [INFO] core.evaluator_v2: [pyramidkv] pred='The scoring engine generates a stream of content for the channel by categorizing new content items and using historical '
2026-06-28 05:40:53,212 [INFO] core.evaluator_v2:   [20/50] avg=21.89
2026-06-28 05:40:53,755 [WARNING] core.model_loader: Input length 9212 > max 8192, truncating...
2026-06-28 05:41:29,987 [INFO] core.evaluator_v2: [pyramidkv] pred='The stability conditions for a solution of $-\\Delta u = f(u)$ are that the solution is stable if and only if the functio'
2026-06-28 05:41:53,764 [INFO] core.evaluator_v2: [pyramidkv] pred='The text provides the following information:\n\nMcPherson County is located in the state of Kansas.  The county is named a'
2026-06-28 05:42:03,662 [INFO] core.evaluator_v2: [pyramidkv] pred='The main focus of the research paper is to study the strong coupling limit of lattice QCD, with a particular emphasis on'
2026-06-28 05:42:15,121 [INFO] core.evaluator_v2: [pyramidkv] pred='The security parameter for the AES-256 block cipher is 139.'
2026-06-28 05:42:17,052 [INFO] core.evaluator_v2: [pyramidkv] pred='South West Ultras fan club.'
2026-06-28 05:42:17,053 [INFO] core.evaluator_v2:   [25/50] avg=22.20
2026-06-28 05:42:18,817 [INFO] core.evaluator_v2: [pyramidkv] pred='1978'
2026-06-28 05:42:27,215 [INFO] core.evaluator_v2: [pyramidkv] pred='The interlayer Berry connection polarizability is significant in the context of the crossed nonlinear dynamical intrinsi'
2026-06-28 05:42:36,691 [INFO] core.evaluator_v2: [pyramidkv] pred='Wearable and ambient sensors, such as accelerometers and heart rate variability (HRV) sensors, are now capable of estima'
2026-06-28 05:42:45,509 [INFO] core.evaluator_v2: [pyramidkv] pred='Chew, S. Y. and Hufnagel, T. C. and Lim, C. T. and Leong, K. W., Mechanical properties of single electrospun drug-encaps'
2026-06-28 05:42:57,217 [INFO] core.evaluator_v2: [pyramidkv] pred='Symptoms of vitamin K deficiency include coagulation disorders, such as bleeding tendencies, and may lead to impaired bl'
2026-06-28 05:42:57,218 [INFO] core.evaluator_v2:   [30/50] avg=21.19
2026-06-28 05:43:04,054 [INFO] core.evaluator_v2: [pyramidkv] pred="The text does not explicitly mention restrictions on the use of Broadjam's servers. It focuses on payment policies, bill"
2026-06-28 05:43:09,442 [INFO] core.evaluator_v2: [pyramidkv] pred='The 2017 general election was held on 23 September 2017.'
2026-06-28 05:43:13,485 [INFO] core.evaluator_v2: [pyramidkv] pred='21'
2026-06-28 05:43:18,980 [INFO] core.evaluator_v2: [pyramidkv] pred='Simon English became the leader of the National Party in 2017.'
2026-06-28 05:43:28,106 [INFO] core.evaluator_v2: [pyramidkv] pred="Governor Rick Scott cited privacy concerns, expressed skepticism about the monitoring program's effectiveness, and raise"
2026-06-28 05:43:28,113 [INFO] core.evaluator_v2:   [35/50] avg=23.35
2026-06-28 05:43:34,237 [INFO] core.evaluator_v2: [pyramidkv] pred='The SI unit of power is the watt (W).'
2026-06-28 05:44:00,898 [INFO] core.evaluator_v2: [pyramidkv] pred='Craig wants to find his own place because he is not staying with the family. The text mentions that Craig is a child who'
2026-06-28 05:44:12,492 [INFO] core.evaluator_v2: [pyramidkv] pred='The decision to base the water rates on usage reflected a fair and equitable approach to housing development, where the '
2026-06-28 05:44:15,821 [INFO] core.evaluator_v2: [pyramidkv] pred='The answer is 1867.'
2026-06-28 05:44:16,222 [WARNING] core.model_loader: Input length 8396 > max 8192, truncating...
2026-06-28 05:44:31,517 [INFO] core.evaluator_v2: [pyramidkv] pred='The proximity of superconductivity significantly affects the Kondo effect by decreasing the second stage Kondo temperatu'
2026-06-28 05:44:31,520 [INFO] core.evaluator_v2:   [40/50] avg=21.51
2026-06-28 05:44:36,684 [INFO] core.evaluator_v2: [pyramidkv] pred='Peter Denning.'
2026-06-28 05:44:42,883 [INFO] core.evaluator_v2: [pyramidkv] pred='The high resolution of what we focus on at dawn or dusk is diminished.'
2026-06-28 05:44:49,456 [INFO] core.evaluator_v2: [pyramidkv] pred='The Director is responsible for carrying out the functions assigned under the act.'
2026-06-28 05:45:04,170 [INFO] core.evaluator_v2: [pyramidkv] pred='Ferromagnetic semiconductors have potential applications in spintronics, magnetic memory devices, and high-temperature m'
2026-06-28 05:45:16,967 [INFO] core.evaluator_v2: [pyramidkv] pred='The recommended daily intake of vitamin K for adult women and men is 120 micrograms (mcg) for both genders.'
2026-06-28 05:45:16,969 [INFO] core.evaluator_v2:   [45/50] avg=24.61
2026-06-28 05:45:28,735 [INFO] core.evaluator_v2: [pyramidkv] pred='Yes, DUO contains more instances per image than COCO.'
2026-06-28 05:45:58,618 [INFO] core.evaluator_v2: [pyramidkv] pred='2020 census\nMcPherson County population was 2020.  The census of 2020 in McPherson County was 2020.  The census of 2020 '
2026-06-28 05:46:02,412 [INFO] core.evaluator_v2: [pyramidkv] pred='The paper was published in 2023.'
2026-06-28 05:46:06,448 [INFO] core.evaluator_v2: [pyramidkv] pred='The first white settlement in McPherson County was **Ferrell Ranch**, established in 1867.'
2026-06-28 05:46:28,349 [INFO] core.evaluator_v2: [pyramidkv] pred='The reliance of artificial organisms on plasticity is controlled by the following factors:\n\n1. Environmental fluctuation'
2026-06-28 05:46:28,352 [INFO] core.evaluator_v2:   [50/50] avg=26.44
2026-06-28 05:46:28,353 [INFO] __main__:   → score=26.44, mem_red=80.0%, ttft=3085.7ms
2026-06-28 05:46:28,355 [INFO] __main__: 
────────────────────────────────────────────────────────────
2026-06-28 05:46:28,357 [INFO] __main__: Method: ADAKV | Budget: 20%
2026-06-28 05:46:28,358 [INFO] __main__: ────────────────────────────────────────────────────────────
2026-06-28 05:46:28,359 [INFO] __main__: 
  Task: narrativeqa
2026-06-28 05:46:28,361 [INFO] core.evaluator_v2: [adakv] narrativeqa (50샘플, budget=20%)
2026-06-28 05:47:04,118 [INFO] core.evaluator_v2: [adakv] pred='The text does not explicitly mention which town Daisy encountered Jim in. The story is told from the perspective of Dais'
2026-06-28 05:47:14,805 [INFO] core.evaluator_v2: [adakv] pred='Socrates ultimately decides it is unjust to escape because he believes in the principles of justice and the laws, and he'
2026-06-28 05:47:24,733 [INFO] core.evaluator_v2: [adakv] pred='The story is set in a medieval castle, specifically in the castle of Drachenhausen, which is described as having a great'
2026-06-28 05:47:30,643 [INFO] core.evaluator_v2: [adakv] pred='Baron Conrad killed his son, Baron Otto.'
2026-06-28 05:47:41,399 [INFO] core.evaluator_v2: [adakv] pred="A ghost emerged from a painting at Dana's workplace, which was a beautiful painting in the high-Renaissance style depict"
2026-06-28 05:47:41,411 [INFO] core.evaluator_v2:   [5/50] avg=7.41
2026-06-28 05:47:49,204 [INFO] core.evaluator_v2: [adakv] pred='Dana.'
2026-06-28 05:47:50,057 [WARNING] core.model_loader: Input length 8721 > max 8192, truncating...
2026-06-28 05:48:00,396 [INFO] core.evaluator_v2: [adakv] pred="Clifford's profession is that of a **cop** (law enforcement officer)."
2026-06-28 05:48:07,403 [INFO] core.evaluator_v2: [adakv] pred='The Vervelles live in the town of Paris.'
2026-06-28 05:48:14,727 [INFO] core.evaluator_v2: [adakv] pred='The Witch threw the coffin (with its last cradle) into a ditch.'
2026-06-28 05:48:21,775 [INFO] core.evaluator_v2: [adakv] pred='Frank Saltram is a writer and a poet. He is known for his literary works and his ability to express complex ideas and em'
2026-06-28 05:48:21,777 [INFO] core.evaluator_v2:   [10/50] avg=8.39
2026-06-28 05:48:30,426 [INFO] core.evaluator_v2: [adakv] pred="Mortimer Trefinnis was once estranged from his siblings due to his involvement in a criminal act. He used the devil's-fo"
2026-06-28 05:49:03,984 [INFO] core.evaluator_v2: [adakv] pred='The unique aspect of the phonetic spelling of the "future" article that discussed Beerbohm\'s story is that it is not a s'
2026-06-28 05:49:10,706 [INFO] core.evaluator_v2: [adakv] pred='Death is disguised as a painter.'
2026-06-28 05:49:16,580 [INFO] core.evaluator_v2: [adakv] pred='Lady Coxon is the wife of Mr. Saltram.'
2026-06-28 05:49:41,567 [INFO] core.evaluator_v2: [adakv] pred='The war in which Rogers learned his battle knowledge was the Second War of Independence, which was fought between the Un'
2026-06-28 05:49:41,573 [INFO] core.evaluator_v2:   [15/50] avg=9.93
2026-06-28 05:49:46,872 [INFO] core.evaluator_v2: [adakv] pred='Anthony Rogers was working for the American Gas Corporation in 1927.'
2026-06-28 05:49:52,041 [INFO] core.evaluator_v2: [adakv] pred='The young lady from New York.'
2026-06-28 05:49:58,696 [INFO] core.evaluator_v2: [adakv] pred="The adventure of the Devil's Foot, by Arthur Conan Doyle\n\nQuestion: Why are Holmes and Dr. Watson in Cornwall?\n\nAnswer c"
2026-06-28 05:50:10,598 [INFO] core.evaluator_v2: [adakv] pred='The hidden message Reiko finds within the video is that the curse can be broken by copying the video and showing it to s'
2026-06-28 05:50:29,041 [INFO] core.evaluator_v2: [adakv] pred="1. **Justice and Redemption**: The story explores themes of justice, as seen in the Emperor's decision to protect the Ba"
2026-06-28 05:50:29,044 [INFO] core.evaluator_v2:   [20/50] avg=8.98
2026-06-28 05:50:40,520 [INFO] core.evaluator_v2: [adakv] pred='The teenagers were discussing a cursed videotape that has the power to kill the viewer if watched. The video is said to '
2026-06-28 05:50:51,727 [INFO] core.evaluator_v2: [adakv] pred='Bill worked in a mill.'
2026-06-28 05:51:22,395 [INFO] core.evaluator_v2: [adakv] pred="1. The doctor. 2. The vicar. 3. The clergyman. 4. The vicar's wife. 5. The vicar's son. 6. The vicar's daughter. 7. The "
2026-06-28 05:51:30,151 [INFO] core.evaluator_v2: [adakv] pred='Otto is known for his pure, simple wisdom and his silver-hand, which is a symbol of his integrity and the teachings of t'
2026-06-28 05:51:38,605 [INFO] core.evaluator_v2: [adakv] pred='Leon focuses on the history of mankind and the arrival of a nation at an ultimate stage of evolution, emphasizing the ph'
2026-06-28 05:51:38,613 [INFO] core.evaluator_v2:   [25/50] avg=12.49
2026-06-28 05:51:45,323 [INFO] core.evaluator_v2: [adakv] pred='The owner of the manor in the story is Madame de Merret.'
2026-06-28 05:51:56,041 [INFO] core.evaluator_v2: [adakv] pred="Reiko's job is not explicitly mentioned in the text provided. The narrative focuses on Asakawa and her interactions with"
2026-06-28 05:52:01,747 [INFO] core.evaluator_v2: [adakv] pred='Holmes observes a burning candle in the fireplace.'
2026-06-28 05:52:12,544 [INFO] core.evaluator_v2: [adakv] pred='Socrates compares citizens and the law to a **city and its laws**, where the **city** (society) is governed by **laws** '
2026-06-28 05:52:21,757 [INFO] core.evaluator_v2: [adakv] pred='La Grande Breteche is a fictional place in the story, which is a metaphor for a life of luxury and indulgence. It is a p'
2026-06-28 05:52:21,760 [INFO] core.evaluator_v2:   [30/50] avg=14.14
2026-06-28 05:52:33,108 [INFO] core.evaluator_v2: [adakv] pred='Reiko discovers that making a copy of the videotape and showing it to someone else within a week saves viewers of the ta'
2026-06-28 05:52:39,851 [INFO] core.evaluator_v2: [adakv] pred='Madame de Fougeres.'
2026-06-28 05:52:46,808 [INFO] core.evaluator_v2: [adakv] pred='The text does not mention Lazarus or a murder trial, so there is no answer to the question based on the provided text.'
2026-06-28 05:53:00,262 [INFO] core.evaluator_v2: [adakv] pred='Tomoko is involved in a supernatural curse that affects her and others. She and her friend Yoichi are victims of a curse'
2026-06-28 05:53:08,299 [INFO] core.evaluator_v2: [adakv] pred='The Witch wanted to have reveal their own lies.'
2026-06-28 05:53:08,316 [INFO] core.evaluator_v2:   [35/50] avg=13.55
2026-06-28 05:53:15,806 [INFO] core.evaluator_v2: [adakv] pred="Oscar is Dana's baby."
2026-06-28 05:53:24,141 [INFO] core.evaluator_v2: [adakv] pred='The Baroness is found with a great red stain on her body, and she is in a state of shock and distress. The Emperor is in'
2026-06-28 05:53:30,959 [INFO] core.evaluator_v2: [adakv] pred="T.K. Nupton thought that Soames was a figment of the author's brain."
2026-06-28 05:53:41,349 [INFO] core.evaluator_v2: [adakv] pred='The wealthy farmer, Mr. Murphy, marries Abby.'
2026-06-28 05:53:48,712 [INFO] core.evaluator_v2: [adakv] pred='The art-dealer describes Grassou\'s skill level to Virginie\'s father as "a few sous in his pocket."'
2026-06-28 05:53:48,715 [INFO] core.evaluator_v2:   [40/50] avg=13.51
2026-06-28 05:54:01,283 [INFO] core.evaluator_v2: [adakv] pred='The Witch was able to perceive the inner beauty and soul of mankind, as well as the fleeting and transient nature of hum'
2026-06-28 05:54:06,665 [INFO] core.evaluator_v2: [adakv] pred="Mary's mother filled her free time by reading to her."
2026-06-28 05:54:13,425 [INFO] core.evaluator_v2: [adakv] pred="Crito's visit was to persuade Socrates to escape from prison, in order to avoid the death penalty and to preserve his li"
2026-06-28 05:54:24,902 [INFO] core.evaluator_v2: [adakv] pred='The description of the teens\' faces when they died was characterized by a "single EYE burns with manic, unbridled hatred'
2026-06-28 05:54:36,389 [INFO] core.evaluator_v2: [adakv] pred='Bill dies from a gunshot wound to the chest.'
2026-06-28 05:54:36,392 [INFO] core.evaluator_v2:   [45/50] avg=12.89
2026-06-28 05:54:42,696 [INFO] core.evaluator_v2: [adakv] pred='Gravener wants Ruth to destroy the letter.'
2026-06-28 05:54:43,239 [WARNING] core.model_loader: Input length 8722 > max 8192, truncating...
2026-06-28 05:54:53,286 [INFO] core.evaluator_v2: [adakv] pred="Alabama's son is born in the United States."
2026-06-28 05:55:00,655 [INFO] core.evaluator_v2: [adakv] pred="The text does not explicitly state Ruth Anvoy's nationality. However, based on the context and the names mentioned, it i"
2026-06-28 05:55:12,550 [INFO] core.evaluator_v2: [adakv] pred='Ursula leaves Chicago with George, the pilot.'
2026-06-28 05:55:45,829 [INFO] core.evaluator_v2: [adakv] pred='The housekeeper\'s feet got wet during Holmes\' visit because of the "devil\'s foot" powder, which was used to kill the sis'
2026-06-28 05:55:45,833 [INFO] core.evaluator_v2:   [50/50] avg=12.09
2026-06-28 05:55:45,834 [INFO] __main__:   → score=12.09, mem_red=80.0%, ttft=3626.9ms
2026-06-28 05:55:45,837 [INFO] __main__: 
  Task: qasper
2026-06-28 05:55:45,839 [INFO] core.evaluator_v2: [adakv] qasper (50샘플, budget=20%)
2026-06-28 05:55:58,308 [INFO] core.evaluator_v2: [adakv] pred='The results from the proposed strategies are as follows:\n\n1. **KG-A2C-Chained** is significantly more sample efficient a'
2026-06-28 05:56:20,174 [INFO] core.evaluator_v2: [adakv] pred='The encoder is a character-based encoder-decoder model with a wide context window, encoding the entire available context'
2026-06-28 05:56:23,525 [INFO] core.evaluator_v2: [adakv] pred='The text does not mention the size of the Augmented LibriSpeech dataset.'
2026-06-28 05:56:43,646 [INFO] core.evaluator_v2: [adakv] pred='NeuronBlocks includes the following neural network modules: Embedding, Neural Network (NLP) Layers, Loss Function, Metri'
2026-06-28 05:57:09,424 [INFO] core.evaluator_v2: [adakv] pred='The LSTM models compared in the text are the 6-layer and 9-layer models. The 6-layer model is initialized with Xavier in'
2026-06-28 05:57:09,426 [INFO] core.evaluator_v2:   [5/50] avg=3.29
2026-06-28 05:57:16,670 [INFO] core.evaluator_v2: [adakv] pred='The datasets used for evaluation are CNN/DailyMail, NYT, and XSum.'
2026-06-28 05:57:20,781 [INFO] core.evaluator_v2: [adakv] pred='The transformer layer works better than the RNN layer in this context.'
2026-06-28 05:57:27,043 [INFO] core.evaluator_v2: [adakv] pred='The ancient Chinese dataset is derived from an external ancient corpus containing 134M tokens.'
2026-06-28 05:57:35,747 [INFO] core.evaluator_v2: [adakv] pred='Pointer-Gen, Pointer-Gen+RL-ROUGE, Pointer-Gen+RL-SEN, and Pointer-Gen+ARL-SEN.'
2026-06-28 05:57:41,039 [INFO] core.evaluator_v2: [adakv] pred='The Twitter dataset contains 1,433 conversation threads.'
2026-06-28 05:57:41,044 [INFO] core.evaluator_v2:   [10/50] avg=19.73
2026-06-28 05:57:52,577 [INFO] core.evaluator_v2: [adakv] pred='The performance of the models was improved by using multitask learning, which jointly learned the tasks of ternary and f'
2026-06-28 05:58:04,994 [INFO] core.evaluator_v2: [adakv] pred='The metrics used to establish that this makes chatbots more knowledgeable and better at learning and conversation are th'
2026-06-28 05:58:11,299 [INFO] core.evaluator_v2: [adakv] pred='The combination of rewards for reinforcement learning is the harmonic mean of irony reward and sentiment reward.'
2026-06-28 05:58:18,920 [INFO] core.evaluator_v2: [adakv] pred='The attention module is pretrained on the MT dataset.'
2026-06-28 05:58:25,155 [INFO] core.evaluator_v2: [adakv] pred='The size of the dataset is not explicitly stated in the text, but it is mentioned that the OurNepali dataset is almost t'
2026-06-28 05:58:25,158 [INFO] core.evaluator_v2:   [15/50] avg=19.71
2026-06-28 05:58:31,308 [INFO] core.evaluator_v2: [adakv] pred='The Wall Street Journal (WSJ) and the Penn Treebank (PTB).'
2026-06-28 05:58:39,473 [INFO] core.evaluator_v2: [adakv] pred='The model is compared to previous methods such as term frequency (TF), inverse document frequency (IDF), and the BERT-QC'
2026-06-28 05:58:42,588 [INFO] core.evaluator_v2: [adakv] pred='The languages that are similar to each other are the Nguni languages and the Sotho languages.'
2026-06-28 05:58:46,568 [INFO] core.evaluator_v2: [adakv] pred='The 7 Indian languages that they experiment with are: Kannada, Malayalam, Odia, Tamil, Telugu, and Hindi.'
2026-06-28 05:58:50,247 [INFO] core.evaluator_v2: [adakv] pred='The text also tests the method on tasks such as predicting hashtags for social media posts.'
2026-06-28 05:58:50,249 [INFO] core.evaluator_v2:   [20/50] avg=24.46
2026-06-28 05:58:54,061 [INFO] core.evaluator_v2: [adakv] pred='The tagging scheme employed is the INLINEFORM0 tagging scheme.'
2026-06-28 05:59:02,589 [INFO] core.evaluator_v2: [adakv] pred='The text considers the problem of text classification, specifically the task of classifying documents into predefined ca'
2026-06-28 05:59:30,078 [INFO] core.evaluator_v2: [adakv] pred='The NCEL approach is effective in the context of entity linking, as it is end-to-end trainable and applies GCN on subgra'
2026-06-28 05:59:37,367 [INFO] core.evaluator_v2: [adakv] pred='The text considers the following methods to find examples of biases and unwarranted inferences:\n\n1. Manual detection of '
2026-06-28 05:59:59,071 [INFO] core.evaluator_v2: [adakv] pred='The corpus consists of 53 documents, which contain a total of 156 sentences, on average. The corpus is 156 sentences lon'
2026-06-28 05:59:59,073 [INFO] core.evaluator_v2:   [25/50] avg=22.40
2026-06-28 06:00:22,409 [INFO] core.evaluator_v2: [adakv] pred='An individual model consists of a Bayesian model for semantic role induction (SRI) that uses crosslingual latent variabl'
2026-06-28 06:00:29,220 [INFO] core.evaluator_v2: [adakv] pred='The text does not explicitly mention or describe specific stylistic features that are obtained. It focuses on the cognit'
2026-06-28 06:00:34,784 [INFO] core.evaluator_v2: [adakv] pred='75%'
2026-06-28 06:00:56,253 [INFO] core.evaluator_v2: [adakv] pred='The data presented to the subjects to elicit event-related responses was the EEG data, which was processed and analyzed '
2026-06-28 06:01:05,090 [INFO] core.evaluator_v2: [adakv] pred='The dataset is annotated with 1) no evidence of depression (n=6,829 tweets) or 2) evidence of depression (n=2,644 tweets'
2026-06-28 06:01:05,092 [INFO] core.evaluator_v2:   [30/50] avg=19.66
2026-06-28 06:01:11,148 [INFO] core.evaluator_v2: [adakv] pred='To match words before reordering them, the English sentences are pre-ordered to match the word order of the source langu'
2026-06-28 06:01:19,373 [INFO] core.evaluator_v2: [adakv] pred='No, they do not report results only on English data. The text mentions datasets from social media (FSD and Twitter) and '
2026-06-28 06:01:21,403 [INFO] core.evaluator_v2: [adakv] pred='GloVe, Edinburgh, and Emoji embeddings.'
2026-06-28 06:01:27,005 [INFO] core.evaluator_v2: [adakv] pred='No, the text does not mention the use of pretrained embeddings.'
2026-06-28 06:01:34,106 [INFO] core.evaluator_v2: [adakv] pred='The ensemble method works by averaging the predictions from the constituent single models. The ensemble is formed by gra'
2026-06-28 06:01:34,113 [INFO] core.evaluator_v2:   [35/50] avg=19.57
2026-06-28 06:01:36,275 [INFO] core.evaluator_v2: [adakv] pred='Yes, they use attention.'
2026-06-28 06:01:39,083 [INFO] core.evaluator_v2: [adakv] pred='The language model architectures used are: 2016, 2016, and 2016.'
2026-06-28 06:01:48,085 [INFO] core.evaluator_v2: [adakv] pred="No, they do not report results only on English data. The text discusses concept word-groups derived from Roget's Thesaur"
2026-06-28 06:01:54,456 [INFO] core.evaluator_v2: [adakv] pred='The clinical datasets used in the paper are NUBes-PHI and MEDDOCAN.'
2026-06-28 06:02:03,066 [INFO] core.evaluator_v2: [adakv] pred='No, the datasets for sentiment analysis are not balanced. The text indicates that the groundtruth labels contain 210 pos'
2026-06-28 06:02:03,069 [INFO] core.evaluator_v2:   [40/50] avg=19.51
2026-06-28 06:02:27,542 [INFO] core.evaluator_v2: [adakv] pred='Yes, it is possible to convert cloze-style questions into naturally-looking questions. The text discusses the process of'
2026-06-28 06:02:59,135 [INFO] core.evaluator_v2: [adakv] pred='The text evaluates the adapt sparse Transformers on four machine translation tasks. The specific tasks are not named, bu'
2026-06-28 06:03:20,099 [INFO] core.evaluator_v2: [adakv] pred='The additional features and context proposed in the text are:\n\n1. **Context Tweets**: The use of context tweets (i.e., t'
2026-06-28 06:03:25,168 [INFO] core.evaluator_v2: [adakv] pred='20,000'
2026-06-28 06:03:30,085 [INFO] core.evaluator_v2: [adakv] pred='The text does not explicitly mention which Chinese datasets were used. It focuses on grammar induction with compound PCF'
2026-06-28 06:03:30,087 [INFO] core.evaluator_v2:   [45/50] avg=20.06
2026-06-28 06:03:39,143 [INFO] core.evaluator_v2: [adakv] pred='The text discusses the use of machine learning and deep learning methods for Recognizing Question Entailment (RQE) in th'
2026-06-28 06:03:44,696 [INFO] core.evaluator_v2: [adakv] pred='The paper studies the English language.'
2026-06-28 06:04:06,144 [INFO] core.evaluator_v2: [adakv] pred='This approach is compared to other WSD approaches employing word embeddings. The proposed GM$\\_$KL approach is compared '
2026-06-28 06:04:12,799 [INFO] core.evaluator_v2: [adakv] pred='The ML methods aim to identify argument components such as claims, premises, and objections (rebuttal or undercut).'
2026-06-28 06:04:23,379 [INFO] core.evaluator_v2: [adakv] pred='The resulting annotated data is higher quality when expert annotations are used for the most difficult instances. The mo'
2026-06-28 06:04:23,382 [INFO] core.evaluator_v2:   [50/50] avg=20.07
2026-06-28 06:04:23,384 [INFO] __main__:   → score=20.07, mem_red=80.0%, ttft=2308.3ms
2026-06-28 06:04:23,384 [INFO] __main__: 
  Task: multifieldqa_en
2026-06-28 06:04:23,386 [INFO] core.evaluator_v2: [adakv] multifieldqa_en (50샘플, budget=20%)
2026-06-28 06:04:45,941 [INFO] core.evaluator_v2: [adakv] pred="After Ngotho attacks Jacobo at a workers' strike, he is fired and the family is forced to move. Ngotho loses his job and"
2026-06-28 06:04:56,353 [INFO] core.evaluator_v2: [adakv] pred='Yes, the denoiser can be applied to circuits with non-Clifford noise. The text indicates that the denoiser can be applie'
2026-06-28 06:04:56,931 [WARNING] core.model_loader: Input length 11011 > max 8192, truncating...
2026-06-28 06:05:08,564 [INFO] core.evaluator_v2: [adakv] pred='The generative interactive model used in the method is called the "Coupled GDBN (C-GDBN)" with an "Interactive Matrix (I'
2026-06-28 06:05:16,600 [INFO] core.evaluator_v2: [adakv] pred='An ICD (Implantable Cardioverter Defibrillator) is a device implanted in the chest to monitor and correct abnormal heart'
2026-06-28 06:05:23,448 [INFO] core.evaluator_v2: [adakv] pred='The NLMS algorithm is engaged in the PLMS-PPIC method.'
2026-06-28 06:05:23,449 [INFO] core.evaluator_v2:   [5/50] avg=28.67
2026-06-28 06:05:26,892 [INFO] core.evaluator_v2: [adakv] pred='In 2009, Brooksley Born was awarded the John F. Kennedy Profiles in Courage Award.'
2026-06-28 06:05:51,838 [INFO] core.evaluator_v2: [adakv] pred='A media application determines the context of an event by using content recognition file (e.g., data structure 500 (FIG.'
2026-06-28 06:05:59,498 [INFO] core.evaluator_v2: [adakv] pred='The sticking point in the political showdown over the budget is the policy and spending cuts that are being proposed. Th'
2026-06-28 06:06:20,897 [INFO] core.evaluator_v2: [adakv] pred='McPherson County, Kansas, is the county seat of McPherson County, Kansas. The county seat is the city that is the admini'
2026-06-28 06:06:27,349 [INFO] core.evaluator_v2: [adakv] pred='The new Iraqi Body Count organization provides cover for the war and allows supporters of the illegal war to point to it'
2026-06-28 06:06:27,351 [INFO] core.evaluator_v2:   [10/50] avg=32.62
2026-06-28 06:06:35,058 [INFO] core.evaluator_v2: [adakv] pred="Accounting for path preference in the robot's belief update process leads to a more stable and accurate prediction of th"
2026-06-28 06:06:46,389 [INFO] core.evaluator_v2: [adakv] pred='The sides of the fuselage are sloped (tumbled home) to create a conical shape when the fuselage is bent into a box. This'
2026-06-28 06:06:56,448 [INFO] core.evaluator_v2: [adakv] pred='The court in In re Ferguson concluded that the claimed process involved graphically displaying variations of data from a'
2026-06-28 06:06:59,192 [INFO] core.evaluator_v2: [adakv] pred='1928-1980.'
2026-06-28 06:07:09,346 [INFO] core.evaluator_v2: [adakv] pred='Thalassemias are classified based on the chain of hemoglobin that is impaired. The two major categories are α-thalassemi'
2026-06-28 06:07:09,348 [INFO] core.evaluator_v2:   [15/50] avg=25.57
2026-06-28 06:07:25,479 [INFO] core.evaluator_v2: [adakv] pred='The transition probability of the environment affects the learning rate in the static agent by influencing the learning '
2026-06-28 06:07:39,003 [INFO] core.evaluator_v2: [adakv] pred='The experimental techniques used to study the quantum dot structures in this research were low-temperature scanning tunn'
2026-06-28 06:07:41,101 [INFO] core.evaluator_v2: [adakv] pred=''
2026-06-28 06:07:52,511 [INFO] core.evaluator_v2: [adakv] pred='The two ground states observed for indeno[1,2-a]fluorene on NaCl surfaces are:\n\n1. Open-shell state (open-shell electron'
2026-06-28 06:08:01,065 [INFO] core.evaluator_v2: [adakv] pred='The scoring engine generates a stream of content for the channel by categorizing new content items and using historical '
2026-06-28 06:08:01,066 [INFO] core.evaluator_v2:   [20/50] avg=22.52
2026-06-28 06:08:01,569 [WARNING] core.model_loader: Input length 9212 > max 8192, truncating...
2026-06-28 06:08:36,224 [INFO] core.evaluator_v2: [adakv] pred='The stability conditions for a solution of $-\\Delta u = f(u)$ are that the solution is stable if and only if the functio'
2026-06-28 06:08:59,058 [INFO] core.evaluator_v2: [adakv] pred='The text provides the following information:\n\nMcPherson County is located in the state of Kansas.  The county is named a'
2026-06-28 06:09:09,309 [INFO] core.evaluator_v2: [adakv] pred='The main focus of the research paper is to study the strong coupling limit of lattice QCD, with a particular emphasis on'
2026-06-28 06:09:21,032 [INFO] core.evaluator_v2: [adakv] pred='The security parameter for the AES-256 block cipher is 139.'
2026-06-28 06:09:23,005 [INFO] core.evaluator_v2: [adakv] pred='South West Ultras fan club.'
2026-06-28 06:09:23,010 [INFO] core.evaluator_v2:   [25/50] avg=22.73
2026-06-28 06:09:24,964 [INFO] core.evaluator_v2: [adakv] pred='1978'
2026-06-28 06:09:34,219 [INFO] core.evaluator_v2: [adakv] pred='The interlayer Berry connection polarizability is significant in the context of the crossed nonlinear dynamical intrinsi'
2026-06-28 06:09:43,710 [INFO] core.evaluator_v2: [adakv] pred='Wearable and ambient sensors, such as accelerometers and heart rate variability (HRV) sensors, are now capable of estima'
2026-06-28 06:09:52,119 [INFO] core.evaluator_v2: [adakv] pred='Chew, S. Y. and Hufnagel, T. C. and Lim, C. T. and Leong, K. W., Mechanical properties of single electrospun drug-encaps'
2026-06-28 06:10:03,476 [INFO] core.evaluator_v2: [adakv] pred='Symptoms of vitamin K deficiency include coagulation disorders, such as bleeding tendencies, and may lead to impaired bl'
2026-06-28 06:10:03,478 [INFO] core.evaluator_v2:   [30/50] avg=21.62
2026-06-28 06:10:10,012 [INFO] core.evaluator_v2: [adakv] pred="The text does not explicitly mention restrictions on the use of Broadjam's servers. It focuses on payment policies, bill"
2026-06-28 06:10:15,028 [INFO] core.evaluator_v2: [adakv] pred='The 2017 general election was held on 23 September 2017.'
2026-06-28 06:10:19,020 [INFO] core.evaluator_v2: [adakv] pred='21'
2026-06-28 06:10:24,029 [INFO] core.evaluator_v2: [adakv] pred='Simon English became the leader of the National Party in 2017.'
2026-06-28 06:10:32,769 [INFO] core.evaluator_v2: [adakv] pred="Governor Rick Scott cited privacy concerns, expressed skepticism about the monitoring program's effectiveness, and raise"
2026-06-28 06:10:32,772 [INFO] core.evaluator_v2:   [35/50] avg=23.72
2026-06-28 06:10:38,695 [INFO] core.evaluator_v2: [adakv] pred='The SI unit of power is the watt (W).'
2026-06-28 06:11:03,563 [INFO] core.evaluator_v2: [adakv] pred='Craig wants to find his own place because he is not staying with the family. The text mentions that Craig is a child who'
2026-06-28 06:11:14,029 [INFO] core.evaluator_v2: [adakv] pred='The decision to base the water rates on usage reflected a fair and equitable approach to housing development, where the '
2026-06-28 06:11:17,211 [INFO] core.evaluator_v2: [adakv] pred='The answer is 1867.'
2026-06-28 06:11:17,665 [WARNING] core.model_loader: Input length 8396 > max 8192, truncating...
2026-06-28 06:11:32,901 [INFO] core.evaluator_v2: [adakv] pred='The proximity of superconductivity significantly affects the Kondo effect by decreasing the second stage Kondo temperatu'
2026-06-28 06:11:32,909 [INFO] core.evaluator_v2:   [40/50] avg=21.84
2026-06-28 06:11:37,968 [INFO] core.evaluator_v2: [adakv] pred='Peter Denning.'
2026-06-28 06:11:43,004 [INFO] core.evaluator_v2: [adakv] pred='The high resolution of what we focus on at dawn or dusk is diminished.'
2026-06-28 06:11:48,904 [INFO] core.evaluator_v2: [adakv] pred='The Director is responsible for carrying out the functions assigned under the act.'
2026-06-28 06:12:01,878 [INFO] core.evaluator_v2: [adakv] pred='Ferromagnetic semiconductors have potential applications in spintronics, magnetic memory devices, and high-temperature m'
2026-06-28 06:12:12,134 [INFO] core.evaluator_v2: [adakv] pred='The recommended daily intake of vitamin K for adult women and men is 120 micrograms (mcg) for both genders.'
2026-06-28 06:12:12,137 [INFO] core.evaluator_v2:   [45/50] avg=24.91
2026-06-28 06:12:23,189 [INFO] core.evaluator_v2: [adakv] pred='Yes, DUO contains more instances per image than COCO.'
2026-06-28 06:12:46,770 [INFO] core.evaluator_v2: [adakv] pred='2020 census\nMcPherson County population was 2020.  The census of 2020 in McPherson County was 2020.  The census of 2020 '
2026-06-28 06:12:50,324 [INFO] core.evaluator_v2: [adakv] pred='The paper was published in 2023.'
2026-06-28 06:12:54,072 [INFO] core.evaluator_v2: [adakv] pred='The first white settlement in McPherson County was **Ferrell Ranch**, established in 1867.'
2026-06-28 06:13:11,725 [INFO] core.evaluator_v2: [adakv] pred='The reliance of artificial organisms on plasticity is controlled by the following factors:\n\n1. Environmental fluctuation'
2026-06-28 06:13:11,727 [INFO] core.evaluator_v2:   [50/50] avg=26.70
2026-06-28 06:13:11,728 [INFO] __main__:   → score=26.70, mem_red=80.0%, ttft=3025.4ms
2026-06-28 06:13:11,728 [INFO] __main__: 
────────────────────────────────────────────────────────────
2026-06-28 06:13:11,728 [INFO] __main__: Method: OURS | Budget: 20%
2026-06-28 06:13:11,729 [INFO] __main__: ────────────────────────────────────────────────────────────
2026-06-28 06:13:11,729 [INFO] __main__: 
  Task: narrativeqa
2026-06-28 06:13:11,730 [INFO] core.evaluator_v2: [ours] narrativeqa (50샘플, budget=20%)
2026-06-28 06:13:19,872 [INFO] core.evaluator_v2: [ours] pred='Daisy encountered Jim in the town of "Daisy" (a reference to the flower "Daisy" and the town "Daisy" in the text).'
2026-06-28 06:13:28,895 [INFO] core.evaluator_v2: [ours] pred='Socrates ultimately decides it is unjust to escape because he believes in the importance of agreements and covenants mad'
2026-06-28 06:13:38,890 [INFO] core.evaluator_v2: [ours] pred='The story is set in a medieval European kingdom, likely in a castle or castle region, with elements of feudal society, n'
2026-06-28 06:13:44,600 [INFO] core.evaluator_v2: [ours] pred='Baron Conrad of Roderburg.'
2026-06-28 06:13:52,629 [INFO] core.evaluator_v2: [ours] pred="A ghostly figure of four angels emerged from a painting at Dana's workplace."
2026-06-28 06:13:52,633 [INFO] core.evaluator_v2:   [5/50] avg=9.74
2026-06-28 06:14:00,413 [INFO] core.evaluator_v2: [ours] pred='Janosz.'
2026-06-28 06:14:01,135 [WARNING] core.model_loader: Input length 8721 > max 8192, truncating...
2026-06-28 06:14:10,987 [INFO] core.evaluator_v2: [ours] pred="Clifford's profession is a actor."
2026-06-28 06:14:25,922 [INFO] core.evaluator_v2: [ours] pred='The Vervelles and the Grassous, who agree delightfully, keep a carriage, and are the happiest people on earth. Pierre Gr'
2026-06-28 06:14:32,032 [INFO] core.evaluator_v2: [ours] pred='The coffin.'
2026-06-28 06:14:39,077 [INFO] core.evaluator_v2: [ours] pred='Frank Saltram is a writer and a poet. He is known for his witty and clever writing, and for his ability to make people l'
2026-06-28 06:14:39,079 [INFO] core.evaluator_v2:   [10/50] avg=20.58
2026-06-28 06:14:47,175 [INFO] core.evaluator_v2: [ours] pred='Mortimer Trefinnis was once estranged from his siblings due to a conflict over inheritance and the possibility of his si'
2026-06-28 06:14:56,662 [INFO] core.evaluator_v2: [ours] pred='The unique phonetic spelling of the "future" article that discussed Beerbohm\'s story is that it is not actually a future'
2026-06-28 06:15:03,026 [INFO] core.evaluator_v2: [ours] pred='A PAINTER.'
2026-06-28 06:15:10,809 [INFO] core.evaluator_v2: [ours] pred='Lady Coxon is the wife of Mr. Saltram.'
2026-06-28 06:15:37,833 [INFO] core.evaluator_v2: [ours] pred='The war in which Rogers learned his battle knowledge was the "War of the" (specifically, the "War of the" (specifically,'
2026-06-28 06:15:37,834 [INFO] core.evaluator_v2:   [15/50] avg=17.78
2026-06-28 06:15:44,742 [INFO] core.evaluator_v2: [ours] pred='Anthony Rogers was working for a company that produced and sold radioactive materials, specifically radium and its compo'
2026-06-28 06:15:49,647 [INFO] core.evaluator_v2: [ours] pred='The young lady from New York.'
2026-06-28 06:15:56,536 [INFO] core.evaluator_v2: [ours] pred='Holmes and Dr. Watson are in Cornwall to investigate the mysterious death of Mrs. Porter, a local housekeeper, whose bod'
2026-06-28 06:16:05,766 [INFO] core.evaluator_v2: [ours] pred='Reiko finds the hidden message that "there is no end" to the curse, and that the only way to stay alive is to make a cop'
2026-06-28 06:16:18,915 [INFO] core.evaluator_v2: [ours] pred="Themes in the story include:  \n1. **Justice and Redemption** – The Emperor's decision to right the wrongs done to the Ba"
2026-06-28 06:16:18,917 [INFO] core.evaluator_v2:   [20/50] avg=13.93
2026-06-28 06:16:26,595 [INFO] core.evaluator_v2: [ours] pred='The teenagers were discussing a cursed videotape.'
2026-06-28 06:16:37,870 [INFO] core.evaluator_v2: [ours] pred='Bill worked as a laborer in a textile factory in Chicago.'
2026-06-28 06:16:43,340 [INFO] core.evaluator_v2: [ours] pred="Two people fainted after seeing Brenda's dead body."
2026-06-28 06:16:49,583 [INFO] core.evaluator_v2: [ours] pred='Otto is known for his wisdom and for being a favorite of the Emperor.'
2026-06-28 06:16:59,451 [INFO] core.evaluator_v2: [ours] pred='Leon focuses on the history of mankind and the arrival of a nation at an ultimate stage of evolution, emphasizing the pa'
2026-06-28 06:16:59,453 [INFO] core.evaluator_v2:   [25/50] avg=14.55
2026-06-28 06:17:05,355 [INFO] core.evaluator_v2: [ours] pred='The owner of the manor in the story is **Madame de Merret**.'
2026-06-28 06:17:16,861 [INFO] core.evaluator_v2: [ours] pred="Reiko's job is a suffix in Japanese that denotes closeness or affection. It is often used to describe a relationship bet"
2026-06-28 06:17:22,794 [INFO] core.evaluator_v2: [ours] pred='In the fireplace, Holmes observes a lamp shining in broad daylight and the remains of powder upon the shield, which are '
2026-06-28 06:17:31,033 [INFO] core.evaluator_v2: [ours] pred='Socrates compares citizens and the law to a **contract** or **agreement** that must be **honored and upheld**. He argues'
2026-06-28 06:17:43,311 [INFO] core.evaluator_v2: [ours] pred='La Grande Breteche is a fictional place and a metaphor for the human condition. It is a place where people can go to fin'
2026-06-28 06:17:43,313 [INFO] core.evaluator_v2:   [30/50] avg=15.27
2026-06-28 06:17:52,306 [INFO] core.evaluator_v2: [ours] pred='Reiko discovers that making a copy of the tape and showing it to someone else inside a week saves viewers of the tape fr'
2026-06-28 06:17:58,215 [INFO] core.evaluator_v2: [ours] pred='Madame Vervelle.'
2026-06-28 06:18:04,213 [INFO] core.evaluator_v2: [ours] pred='The text does not mention a character named Lazarus or a murder trial. Therefore, there is no answer to the question bas'
2026-06-28 06:18:14,680 [INFO] core.evaluator_v2: [ours] pred='Tomoko is taken to the hospital, where she is treated for a severe injury. She is unconscious for a long time, and when '
2026-06-28 06:18:21,420 [INFO] core.evaluator_v2: [ours] pred='The Witch wanted the priests to reveal their own lies.'
2026-06-28 06:18:21,422 [INFO] core.evaluator_v2:   [35/50] avg=14.83
2026-06-28 06:18:28,309 [INFO] core.evaluator_v2: [ours] pred="Oscar is Dana's baby."
2026-06-28 06:18:36,075 [INFO] core.evaluator_v2: [ours] pred='The Emperor announces that the estates of the Roderburgs will be held in trust for Otto until he comes of age, and that '
2026-06-28 06:18:44,598 [INFO] core.evaluator_v2: [ours] pred="T.K. Nupton did not believe that Soames existed. The text suggests that Nupton's book contains a passage that implies So"
2026-06-28 06:18:54,250 [INFO] core.evaluator_v2: [ours] pred='The wealthy farmer, Chuck, marries Abby.'
2026-06-28 06:19:02,411 [INFO] core.evaluator_v2: [ours] pred="The art-dealer describes Grassou's skill level to Virginie's father as being on par with the great masters, such as Rube"
2026-06-28 06:19:02,413 [INFO] core.evaluator_v2:   [40/50] avg=14.07
2026-06-28 06:19:11,875 [INFO] core.evaluator_v2: [ours] pred='The Witch was able to perceive the inner, spiritual beauty of mankind, as well as the delicate and fleeting nature of hu'
2026-06-28 06:19:36,194 [INFO] core.evaluator_v2: [ours] pred='When Mary was younger, her mother filled her free time with reading and writing. The text mentions that Mary\'s mother "h'
2026-06-28 06:19:42,736 [INFO] core.evaluator_v2: [ours] pred="Crito's purpose was to persuade Socrates to escape the city and flee to a neighboring city, such as Thessaly, where he c"
2026-06-28 06:19:53,193 [INFO] core.evaluator_v2: [ours] pred='The teens\' faces were described as being "drowned in hair" with "single fingernails on them." Their faces were "unnatura'
2026-06-28 06:20:04,257 [INFO] core.evaluator_v2: [ours] pred='Bill was shot by Benson. After Bill turns and looks at him in surprise, Benson shoots him again, point blank.'
2026-06-28 06:20:04,258 [INFO] core.evaluator_v2:   [45/50] avg=13.78
2026-06-28 06:20:10,007 [INFO] core.evaluator_v2: [ours] pred='Gravener wants Ruth to destroy the letter.'
2026-06-28 06:20:10,396 [WARNING] core.model_loader: Input length 8722 > max 8192, truncating...
2026-06-28 06:20:20,551 [INFO] core.evaluator_v2: [ours] pred="The text does not provide any information about where Alabama's son is born."
2026-06-28 06:20:27,343 [INFO] core.evaluator_v2: [ours] pred="The text does not explicitly state Ruth Anvoy's nationality. However, based on the context and the names used in the tex"
2026-06-28 06:20:37,977 [INFO] core.evaluator_v2: [ours] pred='Abby.'
2026-06-28 06:20:48,190 [INFO] core.evaluator_v2: [ours] pred="The housekeeper's feet got wet during Holmes' visit because of the gravel that was thrown into his window. The gravel wa"
2026-06-28 06:20:48,192 [INFO] core.evaluator_v2:   [50/50] avg=13.40
2026-06-28 06:20:48,193 [INFO] __main__:   → score=13.40, mem_red=80.0%, ttft=3487.6ms
2026-06-28 06:20:48,194 [INFO] __main__: 
  Task: qasper
2026-06-28 06:20:48,194 [INFO] core.evaluator_v2: [ours] qasper (50샘플, budget=20%)
2026-06-28 06:20:53,815 [INFO] core.evaluator_v2: [ours] pred='The proposed strategies (KG-A2C-chained and KG-A2C-Explore) both pass the bottleneck of a score of 40, whereas A2C-Explo'
2026-06-28 06:20:57,700 [INFO] core.evaluator_v2: [ours] pred='The encoder has a character-based encoder-decoder architecture, which is extended with a wide context window and with mu'
2026-06-28 06:21:01,085 [INFO] core.evaluator_v2: [ours] pred='The text does not mention the size of the Augmented LibriSpeech dataset.'
2026-06-28 06:21:03,736 [INFO] core.evaluator_v2: [ours] pred='NeuronBlocks includes the following neural network modules: \n- Word/Character embedding\n- CNN/LSTM\n- CRF (Conditional Ra'
2026-06-28 06:21:13,234 [INFO] core.evaluator_v2: [ours] pred='The LSTM models compared in the text are: \n\n1. Very deep unidirectional LSTM (initialized with Xavier initialization)\n2.'
2026-06-28 06:21:13,235 [INFO] core.evaluator_v2:   [5/50] avg=14.32
2026-06-28 06:21:20,495 [INFO] core.evaluator_v2: [ours] pred='The datasets used for evaluation are the CNN/DailyMail dataset, the NYT dataset, and the XSum dataset.'
2026-06-28 06:21:41,624 [INFO] core.evaluator_v2: [ours] pred='The RNN layer (RoBERT) and the Transformer layer (ToBERT) both perform well in the context of the study. ToBERT outperfo'
2026-06-28 06:21:49,060 [INFO] core.evaluator_v2: [ours] pred='The ancient Chinese dataset is derived from an external ancient corpus, which contains 134 million tokens. This corpus i'
2026-06-28 06:21:57,270 [INFO] core.evaluator_v2: [ours] pred='Pointer-Gen, Pointer-Gen+Pos, Pointer-Gen+RL-ROUGE, and Pointer-Gen+RL-SEN are the baselines used for evaluation.'
2026-06-28 06:22:02,335 [INFO] core.evaluator_v2: [ours] pred='The Twitter dataset contains 1,000 posts and 1,000 comments.'
2026-06-28 06:22:02,336 [INFO] core.evaluator_v2:   [10/50] avg=18.40
2026-06-28 06:22:22,740 [INFO] core.evaluator_v2: [ours] pred='The performance of the models for the different data representations is illustrated in Table TABREF9. The upper part of '
2026-06-28 06:22:29,989 [INFO] core.evaluator_v2: [ours] pred='The metrics used to establish that this makes chatbots more knowledgeable and better at learning and conversation are th'
2026-06-28 06:22:36,415 [INFO] core.evaluator_v2: [ours] pred='The combination of rewards for reinforcement learning is the harmonic mean of irony accuracy and sentiment preservation.'
2026-06-28 06:22:44,209 [INFO] core.evaluator_v2: [ours] pred='The attention module is pretrained on the MT (Machine Translation) data.'
2026-06-28 06:22:50,349 [INFO] core.evaluator_v2: [ours] pred='The size of the dataset is not explicitly stated in the text, but it is mentioned that the "OurNepali" dataset is almost'
2026-06-28 06:22:50,350 [INFO] core.evaluator_v2:   [15/50] avg=21.35
2026-06-28 06:22:57,518 [INFO] core.evaluator_v2: [ours] pred='The datasets evaluated are WSJ (Word Sentence Journal) and the WSJ corpus, which is used for filtering out low-frequency'
2026-06-28 06:23:24,107 [INFO] core.evaluator_v2: [ours] pred="The model is compared to the following previous methods: \n\n1. 25% of errors in the original study (Cohen's 1980) \n2. 18%"
2026-06-28 06:23:43,694 [INFO] core.evaluator_v2: [ours] pred='The languages that are described as being similar to each other are: 1. 2. 3. 4. 5. 6. 7. 8. 9. 10. 11. 12. 13. 14. 15. '
2026-06-28 06:23:46,988 [INFO] core.evaluator_v2: [ours] pred='The 7 Indian languages they experiment with are: Hindi, Tamil, Telugu, Malayalam, Kannada, and Urdu.'
2026-06-28 06:23:51,578 [INFO] core.evaluator_v2: [ours] pred='They test their method on tasks such as predicting hashtags for a held-out test set of posts, and evaluating the perform'
2026-06-28 06:23:51,579 [INFO] core.evaluator_v2:   [20/50] avg=19.45
2026-06-28 06:23:57,707 [INFO] core.evaluator_v2: [ours] pred='The tagging scheme employed is a novel tagging scheme that incorporates the constraint that each text in our corpora con'
2026-06-28 06:24:03,239 [INFO] core.evaluator_v2: [ours] pred='The text considers the task of text classification, specifically using labeled features and unbalanced datasets to impro'
2026-06-28 06:24:29,320 [INFO] core.evaluator_v2: [ours] pred='The NCEL approach is effective in the context of the problem, as it outperforms the state-of-the-art collective methods '
2026-06-28 06:24:38,473 [INFO] core.evaluator_v2: [ours] pred='The text describes two methods to find examples of biases and unwarranted inferences: 1) manually categorizing each of t'
2026-06-28 06:24:41,667 [INFO] core.evaluator_v2: [ours] pred='The corpus is 156.1.'
2026-06-28 06:24:41,671 [INFO] core.evaluator_v2:   [25/50] avg=18.25
2026-06-28 06:24:49,375 [INFO] core.evaluator_v2: [ours] pred='An individual model consists of a monolingual Bayesian model for semantic role induction (SRI), which uses cross-lingual'
2026-06-28 06:24:56,425 [INFO] core.evaluator_v2: [ours] pred='The text discusses the use of various stylistic features, including linguistic and gaze-based features, for sarcasm dete'
2026-06-28 06:25:02,072 [INFO] core.evaluator_v2: [ours] pred='3.0'
2026-06-28 06:25:22,301 [INFO] core.evaluator_v2: [ours] pred='The very fact that our combined network improves the classification accuracy by a mean margin of 14.45% than the CNN-LST'
2026-06-28 06:25:30,759 [INFO] core.evaluator_v2: [ours] pred='The dataset is annotated to determine whether a tweet contains no evidence of depression (n=6,829 tweets) or evidence of'
2026-06-28 06:25:30,760 [INFO] core.evaluator_v2:   [30/50] avg=16.65
2026-06-28 06:25:50,366 [INFO] core.evaluator_v2: [ours] pred='To match words before reordering them, the English sentences are processed through a bilingual dictionary (Google Transl'
2026-06-28 06:25:58,453 [INFO] core.evaluator_v2: [ours] pred='No, they do not. The text mentions the Google dataset, which is a news article dataset, and the FSD and Twitter datasets'
2026-06-28 06:26:01,344 [INFO] core.evaluator_v2: [ours] pred='The pretrained word embeddings used are: Word Vector (Word Vector), Emoji Embeddings (Emoji Embeddings), and Edinburgh E'
2026-06-28 06:26:06,934 [INFO] core.evaluator_v2: [ours] pred='No, the text does not mention the use of pretrained embeddings.'
2026-06-28 06:26:16,478 [INFO] core.evaluator_v2: [ours] pred='The ensemble method used in the study is a greedy ensemble, where each model is added to the ensemble if it improves the'
2026-06-28 06:26:16,479 [INFO] core.evaluator_v2:   [35/50] avg=15.56
2026-06-28 06:26:18,543 [INFO] core.evaluator_v2: [ours] pred='Yes, they use attention.'
2026-06-28 06:26:37,852 [INFO] core.evaluator_v2: [ours] pred='The language model architectures used are: 1. 160K bitext setup, 2. 2016, 3. 2016, 4. 2016, 5. 2016, 6. 2016, 7. 2016, 8'
2026-06-28 06:26:46,468 [INFO] core.evaluator_v2: [ours] pred='The text does not explicitly state that the results are only reported on English data. However, it does mention the use '
2026-06-28 06:26:53,740 [INFO] core.evaluator_v2: [ours] pred='The clinical datasets used in the paper are the MEDDOCAN 2019 shared task dataset and a novel Spanish clinical reports d'
2026-06-28 06:27:12,745 [INFO] core.evaluator_v2: [ours] pred='Based on the text, the datasets for sentiment analysis are not balanced. The text provides a three-class sentiment analy'
2026-06-28 06:27:12,748 [INFO] core.evaluator_v2:   [40/50] avg=15.17
2026-06-28 06:27:21,843 [INFO] core.evaluator_v2: [ours] pred='Yes, it is possible to convert cloze-style questions to naturally-looking questions. The text discusses the use of cloze'
2026-06-28 06:27:32,368 [INFO] core.evaluator_v2: [ours] pred="The text evaluates the model's performance on three tasks: translation, summarization, and question-answering. The evalu"
2026-06-28 06:27:42,066 [INFO] core.evaluator_v2: [ours] pred='Additional features and context proposed in the text include:\n\n1. **Context Tweets**: The use of context tweets (which c'
2026-06-28 06:27:47,618 [INFO] core.evaluator_v2: [ours] pred='The text mentions an annotated dataset of over 20,000 blog users.'
2026-06-28 06:27:53,320 [INFO] core.evaluator_v2: [ours] pred='The text does not explicitly mention which Chinese datasets were used. However, it mentions a "publicly available datase'
2026-06-28 06:27:53,321 [INFO] core.evaluator_v2:   [45/50] avg=14.40
2026-06-28 06:28:06,044 [INFO] core.evaluator_v2: [ours] pred='The text discusses the use of machine learning and deep learning methods for Recognizing Question Entailment (RQE) in th'
2026-06-28 06:28:12,373 [INFO] core.evaluator_v2: [ours] pred='The paper studies the natural language of propaganda, specifically focusing on the analysis of propagandistic fragments '
2026-06-28 06:28:16,525 [INFO] core.evaluator_v2: [ours] pred='This approach compares to other WSD approaches by using a Gaussian mixture model with KL divergence as the energy functi'
2026-06-28 06:28:22,942 [INFO] core.evaluator_v2: [ours] pred='The ML methods aim to identify argument components such as claims, premises, and objections.'
2026-06-28 06:28:48,311 [INFO] core.evaluator_v2: [ours] pred='The resulting annotated data is higher quality when expert annotations are used, with a bigger difference between the ex'
2026-06-28 06:28:48,313 [INFO] core.evaluator_v2:   [50/50] avg=13.85
2026-06-28 06:28:48,314 [INFO] __main__:   → score=13.85, mem_red=80.0%, ttft=2240.1ms
2026-06-28 06:28:48,315 [INFO] __main__: 
  Task: multifieldqa_en
2026-06-28 06:28:48,315 [INFO] core.evaluator_v2: [ours] multifieldqa_en (50샘플, budget=20%)
2026-06-28 06:28:55,400 [INFO] core.evaluator_v2: [ours] pred="After he attacks Jacobo at a workers' strike, Ngotho is fired and the family is forced to move to another section of the"
2026-06-28 06:29:01,152 [INFO] core.evaluator_v2: [ours] pred='Yes, the denoiser can be applied to circuits with non-Clifford noise.'
2026-06-28 06:29:01,586 [WARNING] core.model_loader: Input length 11011 > max 8192, truncating...
2026-06-28 06:29:12,174 [INFO] core.evaluator_v2: [ours] pred='The generative interactive model used in the method is called the Coupled-GDBN (C-GDBN).'
2026-06-28 06:29:20,476 [INFO] core.evaluator_v2: [ours] pred='An ICD (Implantable Cardioverter Defibrillator) is a device used to monitor and treat heart rhythms, particularly to det'
2026-06-28 06:29:27,771 [INFO] core.evaluator_v2: [ours] pred='The algorithm engaged in the PLMS-PPIC method is the NLMS (Normalized Least Mean Squares) algorithm.'
2026-06-28 06:29:27,773 [INFO] core.evaluator_v2:   [5/50] avg=45.82
2026-06-28 06:29:31,499 [INFO] core.evaluator_v2: [ours] pred='In 2009, Brooksley Born was awarded the John F. Kennedy Profiles in Courage Award for her "political courage" in soundin'
2026-06-28 06:29:56,416 [INFO] core.evaluator_v2: [ours] pred='A media application determines the context of an event by analyzing and/or automatically processing user input (e.g., vi'
2026-06-28 06:30:05,634 [INFO] core.evaluator_v2: [ours] pred='The sticking point in the political showdown over the budget is the disagreement between Congress and the administration'
2026-06-28 06:30:09,076 [INFO] core.evaluator_v2: [ours] pred='The county seat of McPherson County is **McPherson**.'
2026-06-28 06:30:16,340 [INFO] core.evaluator_v2: [ours] pred='The new Iraqi Body Count organization provides cover for the war and allows supporters of the illegal war to point to it'
2026-06-28 06:30:16,342 [INFO] core.evaluator_v2:   [10/50] avg=39.34
2026-06-28 06:30:25,229 [INFO] core.evaluator_v2: [ours] pred="Accounting for path preference in the robot's belief update leads to a more stable and accurate inference of the human's"
2026-06-28 06:30:49,540 [INFO] core.evaluator_v2: [ours] pred='The sides of the fuselage are important to be sloped (tumbled home) to ensure proper clearance and fit with the canopy a'
2026-06-28 06:30:59,118 [INFO] core.evaluator_v2: [ours] pred='The court in In re Ferguson concluded that the transformation prong of the Bilski test was not satisfied. The court held'
2026-06-28 06:31:04,727 [INFO] core.evaluator_v2: [ours] pred='The text does not provide a specific answer to the question about how many years KSTP-FM 102.1 has been on the air. The '
2026-06-28 06:31:15,563 [INFO] core.evaluator_v2: [ours] pred='Thalassemias are classified based on the chain of hemoglobin affected, specifically α-thalassemia and β-thalassemia. α-t'
2026-06-28 06:31:15,565 [INFO] core.evaluator_v2:   [15/50] avg=28.74
2026-06-28 06:31:24,968 [INFO] core.evaluator_v2: [ours] pred='The transition probability of the environment affects the learning rate in the static agent by influencing the learning '
2026-06-28 06:31:36,710 [INFO] core.evaluator_v2: [ours] pred='The experimental techniques used to study the quantum dot structures in this research were low-temperature scanning tunn'
2026-06-28 06:31:39,192 [INFO] core.evaluator_v2: [ours] pred='Born in Australia, died in Australia.'
2026-06-28 06:31:50,039 [INFO] core.evaluator_v2: [ours] pred='The two ground states observed for indeno[1,2-a]fluorene on NaCl surfaces are the open-shell and closed-shell states.'
2026-06-28 06:31:58,488 [INFO] core.evaluator_v2: [ours] pred='The scoring engine generates a stream of content for the channel by accessing and categorizing new content items from he'
2026-06-28 06:31:58,508 [INFO] core.evaluator_v2:   [20/50] avg=28.61
2026-06-28 06:31:58,923 [WARNING] core.model_loader: Input length 9212 > max 8192, truncating...
2026-06-28 06:32:13,477 [INFO] core.evaluator_v2: [ours] pred='The stability conditions for a solution of $-\\Delta u = f(u)$ are given by the requirement that the solution is stable u'
2026-06-28 06:32:16,796 [INFO] core.evaluator_v2: [ours] pred='McPherson County is located in Kansas.'
2026-06-28 06:32:24,592 [INFO] core.evaluator_v2: [ours] pred='The main focus of the research paper is to study the strong coupling limit of lattice QCD, with a particular emphasis on'
2026-06-28 06:32:35,371 [INFO] core.evaluator_v2: [ours] pred='172'
2026-06-28 06:32:37,478 [INFO] core.evaluator_v2: [ours] pred='The most active fan club is the **South West Ultras**.'
2026-06-28 06:32:37,479 [INFO] core.evaluator_v2:   [25/50] avg=33.83
2026-06-28 06:32:39,342 [INFO] core.evaluator_v2: [ours] pred='1987'
2026-06-28 06:32:49,012 [INFO] core.evaluator_v2: [ours] pred='The interlayer Berry connection polarizability (BPC) is significant in the context of twisted bilayer graphene (tBG) and'
2026-06-28 06:32:58,778 [INFO] core.evaluator_v2: [ours] pred='Wearable and ambient sensors, such as electrodermal activity (EDA) sensors and heart rate variability (HRV) sensors, are'
2026-06-28 06:33:07,294 [INFO] core.evaluator_v2: [ours] pred='Bright, C. and Park, Y. S. and Sieber, A. N. and Kostuik, J. P. and Leong, K. W., In vivo evaluation of plasmid DNA enco'
2026-06-28 06:33:19,808 [INFO] core.evaluator_v2: [ours] pred='Symptoms of vitamin K deficiency include coagulation disorders, such as bleeding tendencies, and impaired bone health. I'
2026-06-28 06:33:19,811 [INFO] core.evaluator_v2:   [30/50] avg=30.51
2026-06-28 06:33:29,841 [INFO] core.evaluator_v2: [ours] pred="The text does not explicitly mention restrictions on the use of Broadjam's servers. However, it does mention that users "
2026-06-28 06:33:34,862 [INFO] core.evaluator_v2: [ours] pred='The 2017 general election was held on 2017.'
2026-06-28 06:33:57,300 [INFO] core.evaluator_v2: [ours] pred='The text mentions "18089-1732" as a source, but does not explicitly state how many massive star-forming regions were stu'
2026-06-28 06:34:02,696 [INFO] core.evaluator_v2: [ours] pred='Simon English became the leader of the National Party on 24 October 2017.'
2026-06-28 06:34:10,870 [INFO] core.evaluator_v2: [ours] pred="Governor Rick Scott cited privacy concerns, expressed skepticism about the monitoring program's effectiveness, and raise"
2026-06-28 06:34:10,871 [INFO] core.evaluator_v2:   [35/50] avg=27.67
2026-06-28 06:34:16,554 [INFO] core.evaluator_v2: [ours] pred='The SI unit of power is the watt (W).'
2026-06-28 06:34:39,609 [INFO] core.evaluator_v2: [ours] pred='Craig wants to find his own place because he is having bad behavior and cannot calm down. He is literally sobbing and wa'
2026-06-28 06:34:47,672 [INFO] core.evaluator_v2: [ours] pred='The decision to base the water rates on usage reflected a focus on fairness and accountability in housing and water mana'
2026-06-28 06:34:50,997 [INFO] core.evaluator_v2: [ours] pred='The text states that McPherson County was established as a county in 1867.'
2026-06-28 06:34:51,286 [WARNING] core.model_loader: Input length 8396 > max 8192, truncating...
2026-06-28 06:35:25,754 [INFO] core.evaluator_v2: [ours] pred='The proximity of superconductivity to the Kondo effect is a key factor in the behavior of the system. The proximity of s'
2026-06-28 06:35:25,755 [INFO] core.evaluator_v2:   [40/50] avg=26.88
2026-06-28 06:35:31,003 [INFO] core.evaluator_v2: [ours] pred='The program chair of this conference is **Jim Warren**.'
2026-06-28 06:35:39,189 [INFO] core.evaluator_v2: [ours] pred="At dawn or dusk, the high resolution of what we focus on decreases. This is because the brain's ability to focus and pro"
2026-06-28 06:35:45,070 [INFO] core.evaluator_v2: [ours] pred='The Director is responsible for carrying out the functions assigned under the act.'
2026-06-28 06:35:58,838 [INFO] core.evaluator_v2: [ours] pred='Ferromagnetic semiconductors have potential applications in spintronics, magnetic memory devices, and high-frequency mag'
2026-06-28 06:36:09,129 [INFO] core.evaluator_v2: [ours] pred='The recommended daily intake of vitamin K for adult women and men is 12 micrograms (mcg) for women and 15 mcg for men.'
2026-06-28 06:36:09,130 [INFO] core.evaluator_v2:   [45/50] avg=26.87
2026-06-28 06:36:20,265 [INFO] core.evaluator_v2: [ours] pred='Yes, DUO contains more instances per image than COCO.'
2026-06-28 06:36:24,284 [INFO] core.evaluator_v2: [ours] pred='The population of McPherson County according to the 2020 census was 41,138.'
2026-06-28 06:36:27,851 [INFO] core.evaluator_v2: [ours] pred='The paper was published in 2023.'
2026-06-28 06:36:30,507 [INFO] core.evaluator_v2: [ours] pred='Conway'
2026-06-28 06:36:40,240 [INFO] core.evaluator_v2: [ours] pred='The reliance of artificial organisms on plasticity is controlled by three main factors: the distance between the environ'
2026-06-28 06:36:40,241 [INFO] core.evaluator_v2:   [50/50] avg=27.22
2026-06-28 06:36:40,242 [INFO] __main__:   → score=27.22, mem_red=80.0%, ttft=3074.5ms
2026-06-28 06:36:40,255 [INFO] core.results_manager: Results saved to results/exp1_qwen3-4b_full_20260628_033401.csv
2026-06-28 06:36:40,264 [INFO] core.results_manager: JSON saved to results/exp1_qwen3-4b_full_20260628_033401.json
2026-06-28 06:36:40,264 [INFO] __main__: Experiment 1 completed!
