method,sample_idx,variant,score,word_rep,char_rep,collapsed,prediction
h2o,0,baseline,4.678362573099415,0.09039548022598876,0.2576744186046511,False,"The team is discussing the design of a new remote control device, focusing on making it more user-friendly, stylish, and functional. They aim to create a remote control that is sleek, modern, and intuitive, with a design that is both functional and aesthetically pleasing. The discussion highlights the need for a remote control that is not overly complicated, with a minimalist design that avoids unnecessary buttons, and instead uses a menu-based interface or a touchscreen for interaction. The team also considers the importance of battery life and the need for a design that is easy to use for a wide range of users, including those who may not be familiar with the technology. The goal is to create a remote control that is both innovative and practical, with a design that is inspired by the sleek and modern aesthetics of the train on the website. The discussion concludes with the team agreeing to move forward with the design concept, with the understanding that they will need to provide specific instructions and technical details once they return to their workspaces."
h2o,0,sink4,8.0,0.0,0.16040100250626566,False,"The team is discussing the design of a new remote control for a product, focusing on making it sleek, stylish, and user-friendly. They aim to differentiate it from existing models by incorporating a menu-based interface, reducing the number of physical buttons, and using a touchscreen for functionality. The remote should be intuitive, with a focus on user experience, and avoid unnecessary complexity. The team also considers features like battery life and ease of use, ensuring the product is both functional and appealing to a wide audience. The discussion highlights the importance of balancing innovation with usability, ensuring the remote control is both modern and practical. The meeting concludes with a plan to move forward with the design, with specific instructions for the team to follow."
h2o,1,baseline,9.285714285714285,0.03345724907063197,0.36172396100564397,False,"The meeting concluded with the team agreeing on the following key points for the new remote control device:

1. **Design and Functionality**:  
   - The remote control should be **small, round**, and **similar to a PlayStation controller**.  
   - It should have **scroll buttons** (for navigation) and **joystick functionality** for precise movement.  
   - The **shape** should be **ergonomic**, with **rubberized** buttons and a **curved** design for comfort.  
   - The **screen** (LCD) should be **small** and **easy to use**, with a **simple interface**.  

2. **Cost and Materials**:  
   - The device should use a **standard battery** (not kinetic) to keep costs low.  
   - The **chip** (processor) should be **simple** (not advanced) to reduce costs.  
   - The **case** should be made of **hard plastic** with **rubberized** buttons and a **hand-friendly** shape.  

3. **User Experience**:  
   - The remote should be **easy to use**, with **intuitive controls** (e.g., joystick for movement, buttons for actions).  
   - The **screen** should be **small** and **clear**, with **minimal complexity**.  
   - The **design** should be **modern** and **user-friendly**, appealing to **younger users**.  

4. **Development and Timeline**:  
   - The team agreed to **finalize the design** and **move to the detailed design phase**.  
   - The **next meeting** (called ""Detailed Design"") will focus on **refining the specifications** and ensuring the device is **ready for production**.  

5. **Key Decisions**:  
   - **Kinetic power** was **rejected** in favor of a **standard battery**.  
   - The **scroll wheel** was confirmed as a key feature for **navigation**.  
   - The **device’s size** and **ergonomics** were prioritized for **comfort and usability**.  

The team emphasized the need for a **simple, affordable**, and **user-friendly** remote control that balances **functionality** with **aesthetic appeal** for the target audience."
h2o,1,sink4,8.664259927797834,0.08614232209737827,0.3329245861434703,False,"The meeting discussed the design of a new remote control device, focusing on its shape, functionality, and cost. Key points included:

1. **Design Concept**: The remote control should be small, round, and resemble a joystick or a PlayStation controller for ease of use. It should have a scroll wheel for navigation and a screen for displaying information.

2. **User Interface**: The remote should have a simple, intuitive interface with buttons and a scroll wheel. The design should be user-friendly, especially for younger users.

3. **Cost and Components**: 
   - A normal battery was chosen over a kinetic battery to keep costs low.
   - The device should use a regular chip if a scroll wheel is not included, or a more advanced chip if a scroll wheel is used.
   - The device should be compact and lightweight, with a small screen.

4. **Material and Shape**: 
   - The remote should have a hard plastic body with rubber around the edges for grip.
   - The shape should be ergonomic, similar to a joystick or a PlayStation controller.

5. **Functionality**: 
   - The remote should allow users to navigate and interact with the device easily.
   - It should be designed for younger users, with a focus on simplicity and ease of use.

6. **Next Steps**: 
   - The team agreed to finalize the design and prepare for the next meeting, which will focus on detailed design.
   - The remote control should be ready for the next meeting, with all components and features finalized.

The meeting concluded with a decision to proceed with the design concept, ensuring it meets the requirements for functionality, cost, and user experience."
h2o,2,baseline,6.944444444444444,0.03007518796992481,0.28828828828828834,False,"The conversation between the professors and students discusses the planning and organization of a research project involving formalization and analysis of belief networks, with a focus on the upcoming doctoral student, Eva, who is joining the project. They discuss the importance of balancing pragmatism with purist approaches, the need for collaboration, and the challenges of formalizing complex concepts. They also mention the possibility of a research trip to Switzerland for a doctoral student, the connection with institutions in Germany and Switzerland, and the importance of setting up a proposal for the project. The conversation highlights the need for a structured approach to the project, with the goal of completing the work by the end of the semester. The discussion also touches on the importance of interdisciplinary collaboration and the role of formalization in the project."
h2o,2,sink4,7.291666666666667,0.02259887005649719,0.2464135021097047,False,"The conversation between Professor C and their students discusses the planning and organization of a research project involving formalization and belief-net analysis. They are working on a collaborative effort to build a system that can analyze and formalize certain concepts, possibly related to computer science or artificial intelligence. The group is considering whether to separate this project from a larger, more comprehensive effort, and they are discussing the need for a doctoral student, Eva, to join the project. They also mention the possibility of a visit to a research institution in Switzerland and the importance of formalizing ideas and concepts. The conversation touches on the challenges of balancing purist approaches with practical implementation, the need for collaboration, and the importance of clear communication and planning. The discussion also includes mentions of academic responsibilities, such as a final exam and potential research opportunities, and the group is considering how to structure their work to ensure it aligns with their goals. The conversation ends with a plan to continue working on the project and to finalize details in the coming weeks."
h2o,3,baseline,11.702127659574469,0.021126760563380254,0.23401826484018262,False,"The meeting concluded with a discussion on the project's presentation and the challenges faced during the design and marketing process. The team reviewed the presentation slides, which were initially blank but later incorporated elements like a red button and a tin foil-like design. There was a focus on the product's functionality and the need for a more engaging and innovative approach. The team discussed the importance of understanding the product's concept and the need for a clear, functional design. They also touched on the role of the internet in their lives and how it has evolved over time. The meeting ended with a decision to finalize the presentation and move on to the next steps, with a light-hearted moment about the music playing in the background. The team agreed to end the meeting, and the discussion wrapped up with a friendly and collaborative atmosphere."
h2o,3,sink4,10.232558139534884,0.023255813953488413,0.2722558340535869,False,"The meeting concluded with a discussion on the project's final presentation, where the team reviewed the design and marketing strategies for the product. The Industrial Designer and Marketing team expressed concerns about the product's visual design, particularly the use of a ""happy face"" aesthetic and the inclusion of a random Kit-Kat bar-inspired tin foil. The Project Manager emphasized the importance of technical feasibility and budget constraints, while the Marketing team highlighted the need for a more polished and professional presentation. The team agreed that the product would require extensive marketing efforts to stand out in the market, and the Industrial Designer suggested incorporating more functional elements to enhance the design. The meeting ended with a decision to finalize the presentation and move forward with the project evaluation. The team also discussed the importance of addressing filler words and disfluencies in communication, as well as the impact of the internet's evolution on their work. The meeting concluded with a celebration of their collaborative efforts and a plan to document their findings in the final report."
h2o,4,baseline,3.7037037037037033,0.032490974729241895,0.38594040968342647,False,"The team is discussing the design and features of a new remote control device, focusing on the following key points:

1. **User Interface and Design**:  
   - The remote control should have a **speech recognizer** and **buttons** with **themes like fruits or vegetables**.  
   - The design should be **fancy** and **modern**, following **trends** in the market.  
   - The **material** (e.g., **titanium** or **spongy rubber**) and **shape** (e.g., **fruit-shaped**) are being considered for the device.  

2. **Functionality and Features**:  
   - The remote should have **minimalist design** with **clear, single-function buttons**.  
   - It should include **advanced features** like **speech recognition** and **sensors** for **location tracking** or **environmental data** (e.g., temperature, humidity).  
   - The device should be **user-friendly** and **intuitive**, with **clear visual feedback** (e.g., LED indicators or screen displays).  

3. **Market Trends and Competitiveness**:  
   - The team is emphasizing **fancy, innovative features** to stand out in a competitive market.  
   - The remote control should **follow current trends** (e.g., **sustainability**, **smart home integration**, or **customizable themes**).  
   - The **price point** and **material choice** (e.g., **titanium** for durability or **spongy rubber** for comfort) are being debated.  

4. **Team Collaboration and Decision-Making**:  
   - The **Industrial Designer** and **Marketing** team are collaborating to ensure the product is **visually appealing** and **functionally useful**.  
   - The **Project Manager** is ensuring the design aligns with **market demands** and **technical feasibility**.  
   - The **User Interface** team is focusing on **simplicity** and **user experience**, ensuring the device is **easy to use** and **accessible**.  

5. **Final Decisions and Next Steps**:  
   - The team is considering **two options**:  
     - A **titanium**-colored, **fruit-shaped** remote with **spongy rubber** for comfort.  
     - A **spongy, fruit-like** design with **minimalist buttons** and **advanced features**.  
   - The **Marketing** team"
h2o,4,sink4,6.993006993006993,0.03968253968253965,0.20547945205479456,False,"The team is working on a new remote control product, focusing on user interface design, product evaluation, and prototype development using modeling clay. The goal is to create a remote control that follows current trends, incorporating features like a speech recognizer, buttons, and a unique design. The team is considering materials like titanium and rubber, with a focus on making the product ""fancy"" and appealing to users. They are also discussing the importance of following trends and the need for a user-friendly design. The team is exploring options for the product's shape and materials, with a decision to be made on whether to use titanium or a spongy, fruit-like design. The final product should be both functional and aesthetically pleasing, with a focus on user experience and marketability."
h2o,5,baseline,5.3475935828877015,0.0625,0.31330868761552677,False,"The conversation between the professors and students discusses the development and evaluation of a neural network model for speech recognition, focusing on improving performance through various techniques such as using multiple models (MLPs) and feature extraction. The discussion highlights the challenges of training and testing models, the importance of feature selection, and the need for continuous improvement through experimentation. They mention the use of different training methods, the role of neural networks in enhancing performance, and the importance of evaluating models on various datasets. The conversation also touches on the limitations of current models and the need for further research and testing. The participants discuss the potential of combining different models and the importance of focusing on key aspects like training data and targets. They also mention the use of a Linux machine for running experiments and the need for collaboration and testing to refine the models. The conversation ends with a note about the battery life of the devices being used."
h2o,5,sink4,6.06060606060606,0.03428571428571425,0.27612574341546303,False,"The discussion revolves around the development and evaluation of a neural network model for speech recognition, specifically focusing on improving the performance of a system using a combination of traditional methods and neural networks. The team is exploring ways to enhance the system by integrating neural networks with existing features and models, such as the Multi-Band (MB) system. They are considering the use of a multi-band neural network structure, where the arrows between sub-bands are bidirectional rather than unidirectional, to better model asynchronous interactions. The team is also discussing the importance of training data, training targets, and the need for further refinement of the system. They acknowledge the challenges of limited time and resources, and the potential for collaboration with other researchers to improve the system. The conversation touches on the use of a Linux machine for running experiments and the importance of testing and iterating on the model to achieve better results. The discussion concludes with a note on the need for continued work and the possibility of combining different approaches to enhance the system's performance."
h2o,6,baseline,9.424083769633507,0.06748466257668717,0.290719696969697,False,"The discussion revolves around a group of students and professors discussing the development of a belief-net system for natural language processing, specifically focusing on XML data annotation and the integration of existing tools. The conversation touches on the challenges of using XML for discourse analysis, the importance of data annotation, and the need for a shared format to facilitate collaboration. They discuss the potential of leveraging existing resources like the MATE corpus and the importance of creating a standardized format for data. The group also discusses the need for a time frame and the possibility of using a belief-net system to extract features from annotated data. They mention the challenges of navigating address systems and the importance of ensuring that the system can handle real-world scenarios, such as navigating to a specific location. The conversation ends with a plan to meet and discuss the next steps, including the use of XML for data formatting and the need for a shared understanding of the system's capabilities."
h2o,6,sink4,6.802721088435375,0.08664259927797835,0.33200908059023837,False,"The discussion revolves around the development of a belief-net system for natural language processing, with a focus on integrating XML data and leveraging existing tools like the SmartKom system. The group is exploring the feasibility of using XML-based annotations and discourse analysis to enhance their project. They are considering whether to use existing packages or develop their own, with a focus on creating a system that can process and analyze discourse acts in a way that is both efficient and effective. The team is also discussing the importance of data collection and the need for a standardized format, such as XML, to facilitate collaboration and ensure compatibility with existing tools. They are planning to work on this project over the next few days, with the goal of creating a prototype that can be tested and refined. The conversation touches on the challenges of navigating complex systems, such as car navigation, where the system must accurately interpret user intent and provide relevant results, such as directing users to the correct location rather than the geometric center of a building. The team is also discussing the importance of using real-world data and empirical validation to ensure the system's effectiveness. The discussion highlights the need for a collaborative approach, with the team working together to develop a solution that is both functional and user-friendly. The meeting concludes with a plan to gather more information and start working on the project, with a focus on creating a prototype that can be tested and improved upon. The conversation also touches on the importance of using existing resources and tools to streamline the development process and ensure that the final product meets the project's goals."
h2o,7,baseline,2.4390243902439024,0.056980056980056926,0.3769523005487547,False,"The Welsh Government has introduced a new childcare and early education scheme, the **Childcare and Early Years (Welsh) Scheme**, aimed at supporting working parents by providing up to 30 hours of free childcare per week for eligible families. The scheme is designed to help parents, particularly those in disadvantaged backgrounds, access high-quality, registered childcare providers. The key features of the scheme include:

1. **Eligibility**: 
   - Families with children aged 3 or 4 years who are eligible for **Universal Credit** or **Working Tax Credit**.
   - The child must be **three years old or older** and **eligible for a full-time school place** (typically the term after their fourth birthday).
   - The child must be in a **registered childcare provider** that is **inspected and approved** by the Welsh Government.

2. **Hours of Care**: 
   - Up to **30 hours of free childcare per week**, with the option to access **10 hours of free early education** (the **Foundation Phase**) in addition to the 30 hours of childcare.
   - The 30-hour offer is **available for 48 weeks a year**, including **term time and some holidays**, which is more extensive than the UK’s 38-week offer.

3. **Quality and Standards**:
   - The scheme emphasizes **quality childcare**, with a focus on **registered and inspected providers**.
   - There is a push to **raise the qualifications and training of childcare staff**, aligning with **child development and educational standards**.
   - The Welsh Government is working to ensure that the **childcare offer fits within the broader early years strategy**, which includes **nutrition, health, and social development**.

4. **Affordability and Cost**:
   - The **£4.50 per hour** rate is considered **affordable** and is designed to be **accessible to a wide range of families**, including those in **disadvantaged backgrounds**.
   - The scheme is **not a tax-free childcare offer**, but it is **integrated with other support systems**, such as **Universal Credit** and **Working Tax Credit**, to ensure that families can access both **childcare and financial support**.

5. **Impact on Child Development**:
   - The scheme is designed to **support child development**, particularly for children in **disadvantaged backgrounds**, by providing **consistent, high-quality care**.
   - There is a focus on **early education and"
h2o,7,sink4,1.4814814814814816,0.10440835266821347,0.43081416575392484,False,"The Welsh Government has introduced a new childcare scheme aimed at supporting working parents, particularly those in disadvantaged households, by providing up to 30 hours of free childcare per week for children under the age of five. The scheme is designed to help parents return to work or increase their working hours, while also supporting child development and early education. The scheme is part of a broader strategy to improve access to quality childcare and early education in Wales, with a focus on integrating support for working families and disadvantaged children.

Key aspects of the scheme include:

1. **Eligibility**: The scheme is available to families where one parent is working or looking for work, and the child is under the age of five. It is available in pilot areas, with the goal of expanding it nationwide.

2. **Child Development**: The scheme includes 10 hours of early education per week, which is part of the broader early years strategy. The Welsh Government emphasizes the importance of quality childcare and has highlighted the need for well-qualified staff and a focus on child development.

3. **Affordability and Cost**: The scheme is designed to be affordable, with a cost of £4.50 per hour. The Welsh Government has considered the affordability of the scheme and has acknowledged the need to balance cost with quality.

4. **Integration with Other Support**: The scheme is being integrated with other support measures, including the UK's tax-free childcare offer, to ensure that parents have access to a comprehensive range of support options.

5. **Pilot Areas**: The scheme is being tested in pilot areas, such as Gwynedd, where it is being combined with the ""Team Around the Family"" approach to provide holistic support for families.

6. **Disadvantaged Children**: The Welsh Government acknowledges the challenges faced by disadvantaged children and has emphasized the importance of ensuring that the scheme does not exacerbate existing inequalities. The scheme is designed to provide support to children who may start school later, but the government is also considering the impact of birth month on eligibility and school starting age.

7. **Public Consultation and Feedback**: The Welsh Government has engaged with parents, providers, and stakeholders to ensure the scheme is effective and meets the needs of working families. Feedback from pilot areas is being used to refine the scheme before its nationwide rollout.

The scheme is part of a broader effort to improve childcare and early education in Wales, with a focus on supporting working parents and ensuring that all children have access to quality early education and care. The Welsh Government is committed to ensuring that the scheme is"
h2o,8,baseline,6.451612903225806,0.017094017094017144,0.24875621890547261,False,"The conversation discusses the performance of different machine learning models, specifically comparing a hybrid system and an embedded training approach for improving speech recognition. The participants are evaluating the effectiveness of using alignments from the Cambridge system versus training their own system. They discuss the importance of feature sets, hidden unit sizes, and training data. The conversation touches on the challenges of training neural networks, the impact of different training methods, and the trade-offs between model complexity and performance. They also discuss the number of hidden units and training data required for optimal results. The conversation ends with a decision to start with a smaller training set and a moderate number of hidden units to test the hybrid system."
h2o,8,sink4,6.451612903225806,0.0,0.23965936739659366,False,"The conversation discusses the performance of different machine learning models, specifically comparing a hybrid system and an embedded training approach for improving speech recognition. The participants are evaluating the effectiveness of using alignments from the Cambridge system versus training their own model. They discuss the potential benefits of embedded training and the impact of different hidden unit sizes on performance. The conversation also touches on the importance of training data, the role of feature sets, and the trade-offs between model complexity and training time. The discussion highlights the challenges of adapting models to different tasks and the need for careful evaluation of training methods. The conversation ends with a decision to proceed with a two-thousand hidden unit model for testing."
h2o,9,baseline,4.929577464788732,0.2195121951219512,0.47804878048780486,False,"The discussion revolves around the design and functionality of a universal remote control that can perform multiple actions, such as changing channels, adjusting volume, and recording user actions. The team is considering the features and usability of the remote control, with a focus on user interface design, marketing, and project management.

Key points from the discussion include:

1. **Remote Control Functionality**: The remote control should allow users to perform multiple actions, such as changing channels, adjusting volume, and recording user actions. The team is considering the number of buttons and the complexity of the interface.

2. **User Interface Design**: The team is discussing the need for a simple and intuitive interface. They are considering features like a history button to allow users to undo previous actions and a ""go back"" button for navigation.

3. **Marketing and User Requirements**: The team is discussing the importance of understanding user needs and how to translate these into features. They are considering the use of user requirements to guide the design and development of the remote control.

4. **Project Management**: The team is planning to meet again in thirty minutes to discuss the next steps and to finalize the design and features of the remote control.

5. **Technical Considerations**: The team is considering the technical aspects of the remote control, such as the number of buttons, the complexity of the interface, and the integration of features like recording user actions.

In summary, the discussion is about the design and functionality of a universal remote control, with a focus on user interface, marketing, and project management. The team is considering the features and usability of the remote control, with a goal of creating a product that meets user needs and is easy to use."
h2o,9,sink4,9.090909090909092,0.0,0.140625,False,"The discussion revolves around the design and functionality of a universal remote control with multiple buttons and features. The team is considering the number of buttons, the types of actions (e.g., changing channels, adjusting volume, recording sequences), and the user interface for a remote control. They also discuss the importance of user requirements, the need for a user-friendly interface, and the potential for a ""market expert"" to help define the requirements. The conversation ends with a plan to meet again in thirty minutes to finalize the ideas and specifications."
h2o,10,baseline,5.882352941176471,0.1470588235294118,0.46635294117647064,False,"The meeting is about discussing the setup and use of wireless microphones for a conference, with a focus on echo cancellation and transcription of overlapping speech. The group is considering using wireless microphones that can be passed around to reduce the need for a lapel mic, which is less convenient. They are also discussing the possibility of having transcribers meet to discuss their work, which could be recorded and shared. There is a mention of a meeting with John Fiscus, who will present on acoustic engineering and transcription standards. The discussion includes ideas for a meta-meeting where transcribers can share their observations and insights. The meeting is scheduled for nine o'clock, and there is a plan to have a lunch break. The conversation also touches on the use of digital microphones and the importance of clear communication in a noisy environment. The participants are discussing the logistics of the meeting and the need for a structured approach to transcription and data analysis. The meeting is part of a larger project involving echo cancellation and speech processing. The discussion highlights the challenges of overlapping speech and the need for effective tools to manage it. The group is also considering the use of a wireless microphone system that can be passed around to minimize the need for a lapel mic. The conversation ends with a plan to have a meeting where transcribers can discuss their work and share insights, which will be recorded. The meeting is expected to be productive and the participants are looking forward to the collaboration and insights from the transcribers. The discussion also includes a mention of a meeting with John Fiscus, who will present on acoustic engineering and transcription standards. The group is excited about the potential of the project and the importance of clear communication and collaboration. The meeting is a key part of their work, and the participants are committed to making it a success. The conversation ends with a positive outlook on the upcoming tasks and the importance of teamwork and communication in achieving their goals."
h2o,10,sink4,10.112359550561797,0.032258064516129004,0.28496319663512093,False,"The meeting is discussing the setup and use of wireless microphones for a conference or event, with a focus on echo cancellation and the organization of a transcription meeting. The group is considering using wireless microphones that can be passed around to participants, with some discussion about the technical aspects of the devices, such as the need for a receiver and transmitter, and the potential for using a lapel microphone or a hand-held one. There is also a mention of a planned meeting where transcribers will discuss their work, with the possibility of having a meta-meeting to discuss the transcription process and data analysis. The meeting also touches on a planned visit by a guest speaker, John Fiscus, and the organization of the event, with a focus on the acoustic engineering aspects and the transcription standards. The discussion concludes with a decision to proceed with the digitization of the meeting and a note to take a break."
h2o,11,baseline,3.6036036036036037,0.056980056980056926,0.3769523005487547,False,"The Welsh Government has introduced a new childcare and early education scheme, the **Childcare and Early Years (Welsh) Scheme**, aimed at supporting working parents by providing up to 30 hours of free childcare per week for eligible families. The scheme is designed to help parents, particularly those in disadvantaged backgrounds, access high-quality, registered childcare providers. The key features of the scheme include:

1. **Eligibility**: 
   - Families with children aged 3 or 4 years who are eligible for **Universal Credit** or **Working Tax Credit**.
   - The child must be **three years old or older** and **eligible for a full-time school place** (typically the term after their fourth birthday).
   - The child must be in a **registered childcare provider** that is **inspected and approved** by the Welsh Government.

2. **Hours of Care**: 
   - Up to **30 hours of free childcare per week**, with the option to access **10 hours of free early education** (the **Foundation Phase**) in addition to the 30 hours of childcare.
   - The 30-hour offer is **available for 48 weeks a year**, including **term time and some holidays**, which is more extensive than the UK’s 38-week offer.

3. **Quality and Standards**:
   - The scheme emphasizes **quality childcare**, with a focus on **registered and inspected providers**.
   - There is a push to **raise the qualifications and training of childcare staff**, aligning with **child development and educational standards**.
   - The Welsh Government is working to ensure that the **childcare offer fits within the broader early years strategy**, which includes **nutrition, health, and social development**.

4. **Affordability and Cost**:
   - The **£4.50 per hour** rate is considered **affordable** and is designed to be **accessible to a wide range of families**, including those in **disadvantaged backgrounds**.
   - The scheme is **not a tax-free childcare offer**, but it is **integrated with other support systems**, such as **Universal Credit** and **Working Tax Credit**, to ensure that families can access both **childcare and financial support**.

5. **Impact on Child Development**:
   - The scheme is designed to **support child development**, particularly for children in **disadvantaged backgrounds**, by providing **consistent, high-quality care**.
   - There is a focus on **early education and"
h2o,11,sink4,2.9268292682926833,0.10440835266821347,0.43081416575392484,False,"The Welsh Government has introduced a new childcare scheme aimed at supporting working parents, particularly those in disadvantaged households, by providing up to 30 hours of free childcare per week for children under the age of five. The scheme is designed to help parents return to work or increase their working hours, while also supporting child development and early education. The scheme is part of a broader strategy to improve access to quality childcare and early education in Wales, with a focus on integrating support for working families and disadvantaged children.

Key aspects of the scheme include:

1. **Eligibility**: The scheme is available to families where one parent is working or looking for work, and the child is under the age of five. It is available in pilot areas, with the goal of expanding it nationwide.

2. **Child Development**: The scheme includes 10 hours of early education per week, which is part of the broader early years strategy. The Welsh Government emphasizes the importance of quality childcare and has highlighted the need for well-qualified staff and a focus on child development.

3. **Affordability and Cost**: The scheme is designed to be affordable, with a cost of £4.50 per hour. The Welsh Government has considered the affordability of the scheme and has acknowledged the need to balance cost with quality.

4. **Integration with Other Support**: The scheme is being integrated with other support measures, including the UK's tax-free childcare offer, to ensure that parents have access to a comprehensive range of support options.

5. **Pilot Areas**: The scheme is being tested in pilot areas, such as Gwynedd, where it is being combined with the ""Team Around the Family"" approach to provide holistic support for families.

6. **Disadvantaged Children**: The Welsh Government acknowledges the challenges faced by disadvantaged children and has emphasized the importance of ensuring that the scheme does not exacerbate existing inequalities. The scheme is designed to provide support to children who may start school later, but the government is also considering the impact of birth month on eligibility and school starting age.

7. **Public Consultation and Feedback**: The Welsh Government has engaged with parents, providers, and stakeholders to ensure the scheme is effective and meets the needs of working families. Feedback from pilot areas is being used to refine the scheme before its nationwide rollout.

The scheme is part of a broader effort to improve childcare and early education in Wales, with a focus on supporting working parents and ensuring that all children have access to quality early education and care. The Welsh Government is committed to ensuring that the scheme is"
h2o,12,baseline,8.463251670378618,0.08101265822784809,0.40509090909090906,False,"The committee heard from Julie Morgan, the Welsh Minister for Children, and Nicola Edwards, the Welsh Minister for Economy and Business, on the impact of the coronavirus pandemic on children's social care and education in Wales. Key points included:

1. **Children's Social Care**: Despite the pandemic, children's social care and safeguarding assessments continue, with a focus on vulnerable children, including young carers. The government has maintained strict protocols to ensure that children's needs are met, even as social distancing measures are in place. The government has emphasized the importance of maintaining contact with children and their families, and has introduced measures to support this, such as the Coronavirus Childcare Assistance Scheme, which provides free childcare for critical workers and vulnerable children.

2. **Childcare Sector**: The childcare sector has been significantly impacted by the pandemic, with many providers facing financial difficulties. The government has introduced financial support measures, including the Coronavirus Childcare Assistance Scheme, to help childcare providers. However, there are challenges in ensuring that all providers receive adequate support, particularly those that are falling between the cracks. The government is working with the Carers Trust and other stakeholders to develop a bespoke support package for those in need.

3. **Family Courts**: The family courts have adapted to the pandemic by moving many hearings online, with more complex cases being postponed. The government has issued guidance to ensure that child arrangement orders are followed, and that children's needs are prioritized. The Children and Family Court Advisory and Support Service (CAFCASS) has been operating remotely, with officials providing virtual support to families.

4. **Technology and Support**: The government has emphasized the importance of technology in maintaining contact with children and their families, ensuring that vulnerable children can continue to access necessary services. There is a focus on providing the necessary technology to support social workers and key workers in their roles.

5. **Future Planning**: The government is working to ensure that the childcare and social care sectors are prepared for the post-pandemic recovery. This includes ongoing discussions with the Treasury and other stakeholders to address the financial and operational challenges faced by the sector.

The committee concluded that the government's response to the pandemic has been effective in maintaining the support for children and families, but there are ongoing challenges that need to be addressed to ensure the long-term sustainability of the social care and education systems in Wales."
h2o,12,sink4,10.062893081761008,0.03600000000000003,0.34637188208616776,False,"The committee heard from the Welsh Government on the impact of the coronavirus pandemic on children's services, particularly in the areas of childcare, social care, and family courts. Key points included:

1. **Childcare Sector**: The Welsh Government has ensured that childcare providers are receiving financial support, including the Coronavirus Childcare Assistance Scheme, which provides free childcare for critical workers and vulnerable children. However, challenges remain, with some providers struggling due to reduced demand and financial constraints. The government is working to address these issues, including through the creation of a task force and discussions with the Treasury.

2. **Social Care**: The government has maintained social care services, with assessments continuing for child protection and safeguarding. Personal visits and contact with children are being managed through a balance of in-person and virtual interactions, with a focus on maintaining contact and support for vulnerable children.

3. **Family Courts**: The family courts have adapted to the pandemic by moving many hearings online, with complex cases being postponed. Guidance has been issued to ensure compliance with child arrangement orders, and the Welsh Government has provided support for families and social workers.

4. **Technology and Support**: The government has emphasized the importance of technology in maintaining contact with children and social workers, ensuring that all vulnerable children have access to necessary tools and support.

The committee concluded that the Welsh Government is working to support children and families during the pandemic, with a focus on maintaining essential services and addressing the unique challenges posed by the crisis."
h2o,13,baseline,10.204081632653061,0.02547770700636942,0.277,False,"The meeting concluded with a positive and productive discussion about the banana-shaped remote control device, which was designed to be a creative and innovative solution for remote control applications. The team discussed the features of the product, including its ability to vibrate and its unique shape, which was inspired by a banana. They considered the design and functionality of the device, and the team felt that the project was well within budget and met the requirements. The meeting also touched on the challenges of working under time constraints and the importance of collaboration and creativity in the design process. The team agreed to proceed with the project and to document their findings for the next meeting. The discussion highlighted the value of teamwork and the importance of adapting to unexpected challenges. The meeting ended with a positive and encouraging atmosphere, with the team feeling that they had achieved their goals and were ready to move forward with the project."
h2o,13,sink4,10.628019323671499,0.02259887005649719,0.27408056042031526,False,"The meeting concluded with a positive evaluation of the project, highlighting the successful collaboration between the team members. The project was completed within budget, and the team felt that the process of working individually and then coming together for a meeting was effective. The team appreciated the use of the whiteboard and digital pens for brainstorming, which allowed for more dynamic and interactive discussions. The project manager acknowledged the importance of time management and the need to stay within the allocated time frame. The team also discussed the potential for a patent on the innovative remote control design, which was praised for its unique features, such as the vibrating mechanism and the banana-like shape. The team expressed a desire to continue working together in the future and emphasized the value of teamwork and creativity in the project. The meeting ended with a positive outlook, and the team agreed to proceed with the next steps, including completing the final questionnaire and meeting summary. The team felt that the project was a success and that the collaboration was productive and enjoyable."
h2o,14,baseline,9.09090909090909,0.04166666666666663,0.3954128440366973,False,"The team is discussing the design and features of a new remote control device, focusing on the following key points:

1. **Design and Materials**:  
   - The remote control will have a **curved, rubber-covered exterior** on one side and a **flat, plastic or titanium** surface on the other. The rubber case is intended to provide a **trendy, vegetable-themed aesthetic** with **vegetable colors** (e.g., yellow, green, red, purple) and **company colors** for branding.  
   - The **buttons** will be **rubber** for a tactile feel, with **voice recognition** and an **LCD screen** for interaction.  
   - The **spinning wheel** (a key feature) will be integrated into the device, with **voice commands** and **touchscreen** functionality.  

2. **Technology and Functionality**:  
   - The device will use a **simple battery** (not kinetic energy or solar power) due to cost and feasibility.  
   - **Advanced integrated circuits (ICs)** will be used for the LCD and voice recognition features.  
   - The **spinning wheel** will be on the **inside** of the device, with the **LCD screen** and buttons on the **outside**.  

3. **User Interface and Experience**:  
   - The **user interface** will be **minimalist**, with **vegetable-themed colors** and **buttons** for interaction.  
   - The **remote control** will have a **spinning wheel** for navigation, similar to an iPod, but with **voice recognition** and **LCD screen** for feedback.  

4. **Marketing and Branding**:  
   - The **color scheme** will align with the company’s **vegetable theme**, using **yellow, green, and purple** as primary colors.  
   - The **remote control** will be **designed for usability** and **trendy aesthetics**, with a **rubber case** for durability and a **flat, plastic** or **titanium** surface for the other side.  

5. **Project Management and Development**:  
   - The **Industrial Designer** will focus on the **look and feel**, the **User Interface Designer** on the **user experience**, and the **Marketing Expert** on **product evaluation**.  
   - The team will collaborate to create a **prototype** using **modeling clay** and follow the **design guidelines**.  
   - The **project"
h2o,14,sink4,12.307692307692307,0.05405405405405406,0.32792207792207795,False,"The team is discussing the design of a new product, a remote-controlled device with a spinning wheel and a screen, incorporating features like voice recognition, a curved rubber case, and vegetable-themed colors. They are considering using rubber for the case and buttons, with a focus on usability and aesthetics. The team is also discussing the use of advanced integrated circuits (ICs) and the inclusion of a spinning wheel for interaction. They are finalizing the design with a curved, rubber case that is folded in on itself, and the device will feature a screen and buttons. The team is also considering the use of vegetable-themed colors and ensuring the product is both functional and visually appealing. The discussion covers the use of materials, colors, and the integration of technology features like voice recognition and a spinning wheel. The team is working on the prototype and is preparing for the next meeting."
h2o,15,baseline,9.574468085106384,0.049132947976878616,0.33865086599817684,False,"The meeting concluded with a discussion on the design and functionality of a new remote control device for a television and DVD player. Key points included:

1. **Material and Design**: The remote should be made of plastic with rubbery buttons. It should not be too heavy and should have a universal design that works with all brands of televisions and DVD players.

2. **Remote Functionality**: The remote should use an infrared beam to signal the television or DVD player. It should be compatible with all types of devices, including those made in China, which is a major manufacturing hub.

3. **User Interface and Buttons**: The remote should have a simple, intuitive design with buttons that are not too small or difficult to press. The buttons should be placed in a way that is easy to use, and the remote should be designed to be user-friendly.

4. **Aesthetic and Customization**: The remote should have a standard, neutral color (like black and silver) to appeal to a broad audience. However, the company is considering adding customizable front panels (like a pink one for children) to make the product more trendy and appealing to different markets.

5. **Market Research and Marketing**: The team discussed the importance of conducting market research to understand consumer preferences. They considered using a ""Teletubby"" front (a colorful, child-friendly design) to attract younger audiences.

6. **Technical Specifications**: The remote should be designed to work with a variety of devices, and the team is considering the technical aspects of the remote's design, including the placement of buttons and the overall form factor.

7. **Project Management**: The project manager emphasized the need for a clear plan and timeline, with the next meeting scheduled for thirty minutes. The team agreed to focus on the technical and design aspects of the remote, including the user interface and the remote's functionality.

8. **Conclusion**: The meeting ended with a positive outlook on the project, with the team agreeing to continue working on the design and functionality of the remote control. The next steps included further discussions on the technical details and market research."
h2o,15,sink4,10.682492581602373,0.0766550522648084,0.36128691983122363,False,"The meeting discussed the design and functionality of a new remote control for a television and DVD player. Key points included:

1. **Material and Design**: The remote should be made of plastic, with rubbery buttons. It should not be too heavy and should have a universal design that works with all brands of televisions and DVD players.

2. **Remote Functionality**: The remote should use infrared signals to communicate with the television and DVD player. It should be a universal remote that works with different brands and models.

3. **Aesthetic and Customization**: The remote should have customizable front panels (or ""fronts"") that can be changed to match different television sets. The standard front should be neutral (e.g., black or silver), but users can choose more colorful options for a trendy look.

4. **User Interface and Buttons**: The remote should have a simple, intuitive interface with clearly labeled buttons. The design should be user-friendly, with a focus on precision and ease of use.

5. **Market Considerations**: The remote should be designed to appeal to a wide audience, including younger users who may prefer more colorful options. The design should be versatile and adaptable to different market needs.

6. **Technical Specifications**: The remote should be compatible with various television and DVD player models, using a standard infrared communication protocol. The design should be compact and functional, with a focus on user experience.

7. **Future Development**: The team discussed the need for further research and development, including testing the remote with different users and considering the impact of design choices on user satisfaction and market appeal.

The meeting concluded with plans to finalize the design and functionality of the remote, ensuring it meets both technical and aesthetic requirements while being user-friendly and marketable."
h2o,16,baseline,10.309278350515465,0.2195121951219512,0.47804878048780486,False,"The discussion revolves around the design and functionality of a universal remote control that can perform multiple actions, such as changing channels, adjusting volume, and recording user actions. The team is considering the features and usability of the remote control, with a focus on user interface design, marketing, and project management.

Key points from the discussion include:

1. **Remote Control Functionality**: The remote control should allow users to perform multiple actions, such as changing channels, adjusting volume, and recording user actions. The team is considering the number of buttons and the complexity of the interface.

2. **User Interface Design**: The team is discussing the need for a simple and intuitive interface. They are considering features like a history button to allow users to undo previous actions and a ""go back"" button for navigation.

3. **Marketing and User Requirements**: The team is discussing the importance of understanding user needs and how to translate these into features. They are considering the use of user requirements to guide the design and development of the remote control.

4. **Project Management**: The team is planning to meet again in thirty minutes to discuss the next steps and to finalize the design and features of the remote control.

5. **Technical Considerations**: The team is considering the technical aspects of the remote control, such as the number of buttons, the complexity of the interface, and the integration of features like recording user actions.

In summary, the discussion is about the design and functionality of a universal remote control, with a focus on user interface, marketing, and project management. The team is considering the features and usability of the remote control, with a goal of creating a product that meets user needs and is easy to use."
h2o,16,sink4,18.803418803418804,0.0,0.140625,False,"The discussion revolves around the design and functionality of a universal remote control with multiple buttons and features. The team is considering the number of buttons, the types of actions (e.g., changing channels, adjusting volume, recording sequences), and the user interface for a remote control. They also discuss the importance of user requirements, the need for a user-friendly interface, and the potential for a ""market expert"" to help define the requirements. The conversation ends with a plan to meet again in thirty minutes to finalize the ideas and specifications."
h2o,17,baseline,10.1123595505618,0.1470588235294118,0.46635294117647064,False,"The meeting is about discussing the setup and use of wireless microphones for a conference, with a focus on echo cancellation and transcription of overlapping speech. The group is considering using wireless microphones that can be passed around to reduce the need for a lapel mic, which is less convenient. They are also discussing the possibility of having transcribers meet to discuss their work, which could be recorded and shared. There is a mention of a meeting with John Fiscus, who will present on acoustic engineering and transcription standards. The discussion includes ideas for a meta-meeting where transcribers can share their observations and insights. The meeting is scheduled for nine o'clock, and there is a plan to have a lunch break. The conversation also touches on the use of digital microphones and the importance of clear communication in a noisy environment. The participants are discussing the logistics of the meeting and the need for a structured approach to transcription and data analysis. The meeting is part of a larger project involving echo cancellation and speech processing. The discussion highlights the challenges of overlapping speech and the need for effective tools to manage it. The group is also considering the use of a wireless microphone system that can be passed around to minimize the need for a lapel mic. The conversation ends with a plan to have a meeting where transcribers can discuss their work and share insights, which will be recorded. The meeting is expected to be productive and the participants are looking forward to the collaboration and insights from the transcribers. The discussion also includes a mention of a meeting with John Fiscus, who will present on acoustic engineering and transcription standards. The group is excited about the potential of the project and the importance of clear communication and collaboration. The meeting is a key part of their work, and the participants are committed to making it a success. The conversation ends with a positive outlook on the upcoming tasks and the importance of teamwork and communication in achieving their goals."
h2o,17,sink4,10.309278350515463,0.032258064516129004,0.28496319663512093,False,"The meeting is discussing the setup and use of wireless microphones for a conference or event, with a focus on echo cancellation and the organization of a transcription meeting. The group is considering using wireless microphones that can be passed around to participants, with some discussion about the technical aspects of the devices, such as the need for a receiver and transmitter, and the potential for using a lapel microphone or a hand-held one. There is also a mention of a planned meeting where transcribers will discuss their work, with the possibility of having a meta-meeting to discuss the transcription process and data analysis. The meeting also touches on a planned visit by a guest speaker, John Fiscus, and the organization of the event, with a focus on the acoustic engineering aspects and the transcription standards. The discussion concludes with a decision to proceed with the digitization of the meeting and a note to take a break."
h2o,18,baseline,7.228915662650602,0.01526717557251911,0.21914648212226062,False,"The meeting concluded with a discussion about the usefulness of a digital whiteboard and its potential for sketching and collaboration. The team agreed that while the device is expensive, it offers benefits for drawing and sharing ideas. They discussed the importance of saving work and organizing files, with the industrial designer suggesting a shared folder for the project. The project manager mentioned the need to finalize the end report and address the manager's concerns about the digital pen and whiteboard's reliability. They also talked about the importance of clear communication and the need to present their findings to the manager. The team decided to proceed with the digital whiteboard as a tool for collaboration and efficiency, despite its high cost. The discussion highlighted the balance between technology and practicality in a professional setting."
h2o,18,sink4,8.201892744479498,0.1428571428571429,0.5228975853455453,False,"**Project Meeting Summary:**

**Participants:**  
- **Project Manager**: Leads the discussion on the new digital drawing tools and their practicality.  
- **Industrial Designer**: Focuses on the utility of the SMARTboard and its potential for sketching.  
- **Marketing**: Emphasizes the importance of clear communication and documentation.  
- **User Interface (UI) Designer**: Discusses the benefits of the digital pen and laptop for drawing.  
- **User Interface (UI) Designer**: Highlights the need for a reliable tool for sketching and saving work.  
- **Marketing**: Advocates for the use of the SMARTboard for collaborative design.  
- **Industrial Designer**: Raises concerns about the cost and reliability of the SMARTboard.  
- **Project Manager**: Considers the practicality and cost-effectiveness of the tools.  
- **User Interface**: Suggests using the new tools to improve efficiency and collaboration.  
- **Marketing**: Proposes a celebration after the meeting.  
- **Project Manager**: Decides to proceed with the new tools despite the challenges.  
- **Industrial Designer**: Agrees on the value of the tools for design work.  
- **User Interface**: Encourages the team to focus on the project’s goals.  
- **Marketing**: Expresses interest in purchasing a SMARTboard for personal use.  
- **Project Manager**: Acknowledges the need to finalize the end report and address the manager’s concerns.  
- **Industrial Designer**: Suggests blaming the accountants for delays.  
- **Marketing**: Supports the new title for the project document.  
- **Project Manager**: Decides to resign after the project, citing personal reasons.  
- **User Interface**: Encourages the team to move forward with the tools.  
- **Marketing**: Expresses optimism about the project’s success.  
- **Industrial Designer**: Concludes the meeting with a positive note on the new slogan.  
- **Project Manager**: Confirms the project’s title and the team’s readiness.  
- **User Interface**: Recommends using the remote for production.  
- **Marketing**: Agrees with the title and the team’s approach.  
- **Industrial Designer**: Acknowledges the challenges but remains optimistic.  
- **Project Manager**: Decides to proceed with the tools despite the costs.  
- **User Interface**: Encourages the team to focus on the project’s success.  
- **Marketing**: Expresses confidence in the team’s ability to deliver.  
-"
h2o,19,baseline,4.904632152588556,0.056980056980056926,0.3769523005487547,False,"The Welsh Government has introduced a new childcare and early education scheme, the **Childcare and Early Years (Welsh) Scheme**, aimed at supporting working parents by providing up to 30 hours of free childcare per week for eligible families. The scheme is designed to help parents, particularly those in disadvantaged backgrounds, access high-quality, registered childcare providers. The key features of the scheme include:

1. **Eligibility**: 
   - Families with children aged 3 or 4 years who are eligible for **Universal Credit** or **Working Tax Credit**.
   - The child must be **three years old or older** and **eligible for a full-time school place** (typically the term after their fourth birthday).
   - The child must be in a **registered childcare provider** that is **inspected and approved** by the Welsh Government.

2. **Hours of Care**: 
   - Up to **30 hours of free childcare per week**, with the option to access **10 hours of free early education** (the **Foundation Phase**) in addition to the 30 hours of childcare.
   - The 30-hour offer is **available for 48 weeks a year**, including **term time and some holidays**, which is more extensive than the UK’s 38-week offer.

3. **Quality and Standards**:
   - The scheme emphasizes **quality childcare**, with a focus on **registered and inspected providers**.
   - There is a push to **raise the qualifications and training of childcare staff**, aligning with **child development and educational standards**.
   - The Welsh Government is working to ensure that the **childcare offer fits within the broader early years strategy**, which includes **nutrition, health, and social development**.

4. **Affordability and Cost**:
   - The **£4.50 per hour** rate is considered **affordable** and is designed to be **accessible to a wide range of families**, including those in **disadvantaged backgrounds**.
   - The scheme is **not a tax-free childcare offer**, but it is **integrated with other support systems**, such as **Universal Credit** and **Working Tax Credit**, to ensure that families can access both **childcare and financial support**.

5. **Impact on Child Development**:
   - The scheme is designed to **support child development**, particularly for children in **disadvantaged backgrounds**, by providing **consistent, high-quality care**.
   - There is a focus on **early education and"
h2o,19,sink4,4.954954954954955,0.10440835266821347,0.43081416575392484,False,"The Welsh Government has introduced a new childcare scheme aimed at supporting working parents, particularly those in disadvantaged households, by providing up to 30 hours of free childcare per week for children under the age of five. The scheme is designed to help parents return to work or increase their working hours, while also supporting child development and early education. The scheme is part of a broader strategy to improve access to quality childcare and early education in Wales, with a focus on integrating support for working families and disadvantaged children.

Key aspects of the scheme include:

1. **Eligibility**: The scheme is available to families where one parent is working or looking for work, and the child is under the age of five. It is available in pilot areas, with the goal of expanding it nationwide.

2. **Child Development**: The scheme includes 10 hours of early education per week, which is part of the broader early years strategy. The Welsh Government emphasizes the importance of quality childcare and has highlighted the need for well-qualified staff and a focus on child development.

3. **Affordability and Cost**: The scheme is designed to be affordable, with a cost of £4.50 per hour. The Welsh Government has considered the affordability of the scheme and has acknowledged the need to balance cost with quality.

4. **Integration with Other Support**: The scheme is being integrated with other support measures, including the UK's tax-free childcare offer, to ensure that parents have access to a comprehensive range of support options.

5. **Pilot Areas**: The scheme is being tested in pilot areas, such as Gwynedd, where it is being combined with the ""Team Around the Family"" approach to provide holistic support for families.

6. **Disadvantaged Children**: The Welsh Government acknowledges the challenges faced by disadvantaged children and has emphasized the importance of ensuring that the scheme does not exacerbate existing inequalities. The scheme is designed to provide support to children who may start school later, but the government is also considering the impact of birth month on eligibility and school starting age.

7. **Public Consultation and Feedback**: The Welsh Government has engaged with parents, providers, and stakeholders to ensure the scheme is effective and meets the needs of working families. Feedback from pilot areas is being used to refine the scheme before its nationwide rollout.

The scheme is part of a broader effort to improve childcare and early education in Wales, with a focus on supporting working parents and ensuring that all children have access to quality early education and care. The Welsh Government is committed to ensuring that the scheme is"
h2o,20,baseline,10.238907849829351,0.08896797153024916,0.39258114374034003,False,"The team has completed the project evaluation and decided to proceed with the following plan:

1. **Project Manager**: The team has successfully completed the project evaluation and confirmed that the budget is within the allocated limit. They will now move forward with the proposed plan, which includes:
   - A **hand dynamo** and a **battery** for the device.
   - A **whiteboard** and **digital pens** for the team to use during meetings.
   - A **budget of $12,000**, which is within the allocated limit.

2. **Industrial Designer**: The team has agreed to incorporate **new materials** and **speech recognition** technology, as well as a **fancy strawberry design** for the product. They also discussed the importance of **team collaboration** and **creativity** in the development process.

3. **Marketing**: The team emphasized the importance of **teamwork** and **leadership** in the project. They highlighted the need for **clear communication** and **creative ideas** to ensure the product meets market demands.

4. **User Interface**: The team agreed to use a **whiteboard** and **digital pens** for meetings to facilitate brainstorming and idea sharing. They also discussed the importance of **user-friendly design** and **interactive features** like **speech recognition** and **location finding**.

5. **Project Manager**: The team confirmed that the project is on track and will be **completed on time**. They will **celebrate the successful completion** of the project with a **party** at an **Italian restaurant**.

6. **Final Decision**: The team decided to **finalize the project** and move forward with the **new features** and **design elements** discussed. They emphasized the importance of **innovation**, **teamwork**, and **user-centered design** in the development process.

The project is now set to be **launched within the budget** and is expected to be a **success** due to the team's collaboration and creativity."
h2o,20,sink4,10.355987055016183,0.07324840764331209,0.400093808630394,False,"**Project Meeting Summary:**

**Project Name:** Hand Dynamometer with Battery and Battery Holder  
**Team:** Project Manager, Industrial Designer, Marketing, User Interface, and Industrial Designer  

**Key Points Discussed:**

1. **Product Features:**  
   - A hand dynamometer with a battery and battery holder was proposed.  
   - The team discussed the need for a hand dynamometer with a battery and a battery holder for practical use.  
   - The design includes a hand dynamometer and a battery holder, with the option to add a second battery if needed.  

2. **Design and Functionality:**  
   - The team agreed to simplify the design by removing one of the batteries to stay within budget.  
   - The product is being evaluated for its functionality, with a focus on practicality and user experience.  
   - The team considered adding features like speech recognition, location finding, and new materials for a ""fancy"" design.  

3. **Budget and Cost:**  
   - The project is on track financially, with costs under budget.  
   - The team confirmed that the project is within the allocated budget.  

4. **Team Collaboration and Creativity:**  
   - The team emphasized the importance of creativity and teamwork.  
   - The Industrial Designer suggested incorporating new ideas like speech recognition and location tracking.  
   - The Marketing team highlighted the importance of a whiteboard and digital pens for brainstorming.  

5. **Project Evaluation:**  
   - The project was evaluated as a success, with strong team performance and creativity.  
   - The team acknowledged the need for a leader to guide the project effectively.  

6. **Next Steps:**  
   - The team decided to proceed with the final design, focusing on practicality and user experience.  
   - A celebration was planned to mark the project's completion, with the team agreeing to go to an Italian restaurant or a party.  

**Conclusion:**  
The team successfully completed the project within budget and on time, with a focus on functionality, creativity, and collaboration. The next step is to finalize the design and celebrate the project's completion."
h2o,21,baseline,8.547008547008547,0.07653061224489799,0.28935185185185186,False,"The government has been working to ensure that long-term care homes in Canada are providing adequate care for seniors, while also addressing the challenges posed by the pandemic and the economic impact of the crisis. The government has been in close communication with provinces and territories to ensure that the needs of seniors are being met, and that the focus remains on their well-being rather than on profit. The government has also been working to provide financial support to businesses and workers affected by the pandemic, including through the emergency wage subsidy and the Canada emergency response benefit. However, there are concerns about the adequacy of these programs and the need for more targeted support to sectors like tourism and fishing, which are heavily impacted by the pandemic. The government has also been working to secure supplies of personal protective equipment (PPE) for healthcare workers and other frontline workers, despite the challenges of global supply chain disruptions and the nationalization of Chinese mask manufacturers. The government has emphasized the importance of maintaining consistent criteria for financial support and has been working to ensure that all Canadians, including those in vulnerable sectors, are protected during this time of crisis."
h2o,21,sink4,6.481481481481481,0.0781990521327014,0.3903614457831325,False,"The government has been working to address the challenges posed by the pandemic, including the need for emergency financial support for businesses and individuals, the importance of mental health services, and the ongoing issue of climate change. The government has emphasized its commitment to supporting essential sectors, such as long-term care, while also addressing the broader economic and social impacts of the pandemic. Key points include:

1. **Emergency Financial Support**: The government has implemented programs like the emergency wage subsidy and the Canada emergency response benefit to support workers and businesses affected by the pandemic. These programs aim to protect jobs and ensure that workers, especially those in vulnerable sectors, receive financial assistance.

2. **Mental Health Services**: The government has acknowledged the mental health crisis exacerbated by the pandemic, with a focus on ensuring that mental health services are accessible and adequately funded. The Acting Chair (Mr. Bruce Stanton) and other ministers have emphasized the need for continued support for mental health initiatives.

3. **Climate Change**: The government has highlighted the urgency of addressing climate change as a global challenge, with commitments to reduce greenhouse gas emissions and support sustainable practices. The Acting Chair mentioned the importance of international cooperation and the need for a long-term plan to ensure a resilient future.

4. **Long-Term Care and For-Profit Models**: The government has acknowledged the challenges in the long-term care sector, particularly the role of for-profit facilities. While the government has emphasized its commitment to working with provinces and territories to improve care standards, there have been criticisms about the focus on profit over care. The government has stated that it will continue to support reforms to ensure that seniors are cared for with dignity and safety.

5. **PPE and Supply Chain Issues**: The government has been working to secure personal protective equipment (PPE) for healthcare workers, despite challenges in global supply chains. The Acting Chair and ministers have addressed concerns about the shortage of masks and other supplies, emphasizing efforts to diversify sources and ensure that essential workers are protected.

6. **Economic Recovery**: The government has emphasized the need for a coordinated approach to economic recovery, with a focus on supporting all sectors of the economy. This includes targeted support for industries like tourism and fishing, which have been heavily impacted by the pandemic.

In summary, the government is addressing the multifaceted challenges of the pandemic and its aftermath, with a focus on financial support, mental health, climate action, and long-term care reform, while also navigating the complexities of global supply chains and economic recovery."
h2o,22,baseline,2.424242424242424,0.0625,0.31330868761552677,False,"The conversation between the professors and students discusses the development and evaluation of a neural network model for speech recognition, focusing on improving performance through various techniques such as using multiple models (MLPs) and feature extraction. The discussion highlights the challenges of training and testing models, the importance of feature selection, and the need for continuous improvement through experimentation. They mention the use of different training methods, the role of neural networks in enhancing performance, and the importance of evaluating models on various datasets. The conversation also touches on the limitations of current models and the need for further research and testing. The participants discuss the potential of combining different models and the importance of focusing on key aspects like training data and targets. They also mention the use of a Linux machine for running experiments and the need for collaboration and testing to refine the models. The conversation ends with a note about the battery life of the devices being used."
h2o,22,sink4,4.545454545454546,0.03428571428571425,0.27612574341546303,False,"The discussion revolves around the development and evaluation of a neural network model for speech recognition, specifically focusing on improving the performance of a system using a combination of traditional methods and neural networks. The team is exploring ways to enhance the system by integrating neural networks with existing features and models, such as the Multi-Band (MB) system. They are considering the use of a multi-band neural network structure, where the arrows between sub-bands are bidirectional rather than unidirectional, to better model asynchronous interactions. The team is also discussing the importance of training data, training targets, and the need for further refinement of the system. They acknowledge the challenges of limited time and resources, and the potential for collaboration with other researchers to improve the system. The conversation touches on the use of a Linux machine for running experiments and the importance of testing and iterating on the model to achieve better results. The discussion concludes with a note on the need for continued work and the possibility of combining different approaches to enhance the system's performance."
h2o,23,baseline,5.780346820809249,0.021126760563380254,0.23401826484018262,False,"The meeting concluded with a discussion on the project's presentation and the challenges faced during the design and marketing process. The team reviewed the presentation slides, which were initially blank but later incorporated elements like a red button and a tin foil-like design. There was a focus on the product's functionality and the need for a more engaging and innovative approach. The team discussed the importance of understanding the product's concept and the need for a clear, functional design. They also touched on the role of the internet in their lives and how it has evolved over time. The meeting ended with a decision to finalize the presentation and move on to the next steps, with a light-hearted moment about the music playing in the background. The team agreed to end the meeting, and the discussion wrapped up with a friendly and collaborative atmosphere."
h2o,23,sink4,8.0,0.023255813953488413,0.2722558340535869,False,"The meeting concluded with a discussion on the project's final presentation, where the team reviewed the design and marketing strategies for the product. The Industrial Designer and Marketing team expressed concerns about the product's visual design, particularly the use of a ""happy face"" aesthetic and the inclusion of a random Kit-Kat bar-inspired tin foil. The Project Manager emphasized the importance of technical feasibility and budget constraints, while the Marketing team highlighted the need for a more polished and professional presentation. The team agreed that the product would require extensive marketing efforts to stand out in the market, and the Industrial Designer suggested incorporating more functional elements to enhance the design. The meeting ended with a decision to finalize the presentation and move forward with the project evaluation. The team also discussed the importance of addressing filler words and disfluencies in communication, as well as the impact of the internet's evolution on their work. The meeting concluded with a celebration of their collaborative efforts and a plan to document their findings in the final report."
h2o,24,baseline,17.02127659574468,0.017699115044247815,0.21450617283950613,False,"The project team has completed the design and development of a new product, which is a combination of a regular chip and a joystick. The product is priced at 12.5 Euros, and it is designed to be a simple and user-friendly device. The team has considered various design options, including the use of a joystick and buttons, but has decided to use buttons for the sake of simplicity and cost-effectiveness. The product is also available in a standard color, and the team has ensured that the design is accessible to all users. The project has been successfully completed, and the team is now ready to move on to the next phase of the development process."
h2o,24,sink4,20.224719101123597,0.01980198019801982,0.23466257668711654,False,"The project team discussed the design and functionality of a new product, focusing on the user interface, industrial design, and marketing aspects. They considered various features such as the use of a joystick, buttons, and color schemes, and evaluated the cost and usability of the product. The team also discussed the importance of user experience, team collaboration, and the overall design process. They concluded that the product is ready for evaluation and that the price is acceptable. The discussion highlighted the need for a clear and intuitive design, as well as the importance of user feedback and team coordination in the development process."
h2o,25,baseline,3.9867109634551494,0.08605341246290799,0.4312251216275984,False,"The team is discussing the design and features of a new remote control device, focusing on the following key points:

1. **Design and Functionality**:
   - The remote control will have a **touch screen interface** for basic functions like channel selection, volume control, and a simple paging function.
   - It will include **voice recognition** for advanced features, though this may be a future addition.
   - The device will have a **touch screen** with a **plastic casing** (possibly **recycled plastic**) for cost-effectiveness and aesthetics.
   - The **battery** will be a **lithium battery** with a **20-year lifespan**, which is a key feature for the product.

2. **User Interface and Experience**:
   - The **touch screen** will have a **simple, intuitive interface** with a **black and red color scheme** (to match the brand's aesthetic).
   - The **boot-up screen** will display the brand's logo or motto, and the device will **automatically turn on** when touched, with a **sleep mode** to conserve battery life.
   - The **remote control** will have a **physical button** for power, and the **touch screen** will be the primary interface for interaction.

3. **Marketing and Features**:
   - The product is targeted at **fashion-conscious consumers**, with a focus on **design and aesthetics**.
   - The **remote control** will be **compatible with the device** and will have **basic functions** like channel selection, volume control, and a simple paging function.
   - The **battery** is a key feature, with a **20-year lifespan**, which is a **selling point** for the product.
   - The **device** will be **plastic-based**, with a **touch screen** for ease of use and a **simple, modern design**.

4. **Project Management and Development**:
   - The **project manager** is responsible for **ensuring the design is feasible**, **cost-effective**, and **user-friendly**.
   - The **industrial designer** is focusing on the **aesthetic and material choices**, such as the **plastic casing** and **color scheme**.
   - The **user interface** team is working on the **touch screen interface**, with a focus on **simplicity and ease of use**.
   - The **marketing team** is emphasizing the **fashion aspect** of the product and the **long battery life**"
h2o,25,sink4,4.10958904109589,0.05993690851735012,0.3481481481481481,False,"The team is discussing the design and features of a new remote control device, focusing on the following key points:

1. **Design and Materials**:  
   - The remote control will be made of **plastic**, with a focus on **recycled materials** to reduce environmental impact.  
   - The **touch screen** will be the primary interface, with **basic functions** (e.g., on/off, channel, volume) placed on the screen for easy access.  
   - The **battery** will be a **lithium battery** with a **20-year lifespan**, though this may be a stretch for the current prototype.  

2. **User Interface (UI)**:  
   - The **touch screen** will have a **simple, intuitive design** with a **black and red interface** (aligned with the brand's aesthetic).  
   - A **boot-up screen** will display the brand's logo or motto, but it will **automatically disappear** after a few seconds to avoid overwhelming the user.  
   - The device will **automatically power on** when touched, with a **sleep mode** to conserve battery life.  

3. **Functionality**:  
   - The remote will include **basic functions** (e.g., on/off, channel, volume) and a **paging function** (e.g., a simple button or infrared signal for paging).  
   - A **voice recognition feature** is considered, but it may be omitted for now due to cost and complexity.  
   - The remote will be **compatible with the device** (e.g., a PDA or similar) and will use **infrared signals** for communication.  

4. **Market and Aesthetics**:  
   - The design will emphasize **fashion and technology**, with a **modern, sleek look**.  
   - The **brand's colors** (black and red) will be incorporated into the interface and design.  
   - The remote will be **user-friendly**, with a **simple, intuitive interface** that minimizes the need for complex menus.  

5. **Cost and Feasibility**:  
   - The team is considering **cost-effective materials** (e.g., recycled plastic) to keep the product affordable.  
   - The **touch screen** and **battery** are prioritized, with **additional features** (e.g., skins, voice recognition) being optional or deferred for future updates.  

6. **Final Decisions**:  
   - The remote will"
h2o,26,baseline,10.0,0.08896797153024916,0.39258114374034003,False,"The team has completed the project evaluation and decided to proceed with the following plan:

1. **Project Manager**: The team has successfully completed the project evaluation and confirmed that the budget is within the allocated limit. They will now move forward with the proposed plan, which includes:
   - A **hand dynamo** and a **battery** for the device.
   - A **whiteboard** and **digital pens** for the team to use during meetings.
   - A **budget of $12,000**, which is within the allocated limit.

2. **Industrial Designer**: The team has agreed to incorporate **new materials** and **speech recognition** technology, as well as a **fancy strawberry design** for the product. They also discussed the importance of **team collaboration** and **creativity** in the development process.

3. **Marketing**: The team emphasized the importance of **teamwork** and **leadership** in the project. They highlighted the need for **clear communication** and **creative ideas** to ensure the product meets market demands.

4. **User Interface**: The team agreed to use a **whiteboard** and **digital pens** for meetings to facilitate brainstorming and idea sharing. They also discussed the importance of **user-friendly design** and **interactive features** like **speech recognition** and **location finding**.

5. **Project Manager**: The team confirmed that the project is on track and will be **completed on time**. They will **celebrate the successful completion** of the project with a **party** at an **Italian restaurant**.

6. **Final Decision**: The team decided to **finalize the project** and move forward with the **new features** and **design elements** discussed. They emphasized the importance of **innovation**, **teamwork**, and **user-centered design** in the development process.

The project is now set to be **launched within the budget** and is expected to be a **success** due to the team's collaboration and creativity."
h2o,26,sink4,12.359550561797754,0.07324840764331209,0.400093808630394,False,"**Project Meeting Summary:**

**Project Name:** Hand Dynamometer with Battery and Battery Holder  
**Team:** Project Manager, Industrial Designer, Marketing, User Interface, and Industrial Designer  

**Key Points Discussed:**

1. **Product Features:**  
   - A hand dynamometer with a battery and battery holder was proposed.  
   - The team discussed the need for a hand dynamometer with a battery and a battery holder for practical use.  
   - The design includes a hand dynamometer and a battery holder, with the option to add a second battery if needed.  

2. **Design and Functionality:**  
   - The team agreed to simplify the design by removing one of the batteries to stay within budget.  
   - The product is being evaluated for its functionality, with a focus on practicality and user experience.  
   - The team considered adding features like speech recognition, location finding, and new materials for a ""fancy"" design.  

3. **Budget and Cost:**  
   - The project is on track financially, with costs under budget.  
   - The team confirmed that the project is within the allocated budget.  

4. **Team Collaboration and Creativity:**  
   - The team emphasized the importance of creativity and teamwork.  
   - The Industrial Designer suggested incorporating new ideas like speech recognition and location tracking.  
   - The Marketing team highlighted the importance of a whiteboard and digital pens for brainstorming.  

5. **Project Evaluation:**  
   - The project was evaluated as a success, with strong team performance and creativity.  
   - The team acknowledged the need for a leader to guide the project effectively.  

6. **Next Steps:**  
   - The team decided to proceed with the final design, focusing on practicality and user experience.  
   - A celebration was planned to mark the project's completion, with the team agreeing to go to an Italian restaurant or a party.  

**Conclusion:**  
The team successfully completed the project within budget and on time, with a focus on functionality, creativity, and collaboration. The next step is to finalize the design and celebrate the project's completion."
h2o,27,baseline,8.695652173913043,0.06748466257668717,0.290719696969697,False,"The discussion revolves around a group of students and professors discussing the development of a belief-net system for natural language processing, specifically focusing on XML data annotation and the integration of existing tools. The conversation touches on the challenges of using XML for discourse analysis, the importance of data annotation, and the need for a shared format to facilitate collaboration. They discuss the potential of leveraging existing resources like the MATE corpus and the importance of creating a standardized format for data. The group also discusses the need for a time frame and the possibility of using a belief-net system to extract features from annotated data. They mention the challenges of navigating address systems and the importance of ensuring that the system can handle real-world scenarios, such as navigating to a specific location. The conversation ends with a plan to meet and discuss the next steps, including the use of XML for data formatting and the need for a shared understanding of the system's capabilities."
h2o,27,sink4,7.665505226480837,0.08664259927797835,0.33200908059023837,False,"The discussion revolves around the development of a belief-net system for natural language processing, with a focus on integrating XML data and leveraging existing tools like the SmartKom system. The group is exploring the feasibility of using XML-based annotations and discourse analysis to enhance their project. They are considering whether to use existing packages or develop their own, with a focus on creating a system that can process and analyze discourse acts in a way that is both efficient and effective. The team is also discussing the importance of data collection and the need for a standardized format, such as XML, to facilitate collaboration and ensure compatibility with existing tools. They are planning to work on this project over the next few days, with the goal of creating a prototype that can be tested and refined. The conversation touches on the challenges of navigating complex systems, such as car navigation, where the system must accurately interpret user intent and provide relevant results, such as directing users to the correct location rather than the geometric center of a building. The team is also discussing the importance of using real-world data and empirical validation to ensure the system's effectiveness. The discussion highlights the need for a collaborative approach, with the team working together to develop a solution that is both functional and user-friendly. The meeting concludes with a plan to gather more information and start working on the project, with a focus on creating a prototype that can be tested and improved upon. The conversation also touches on the importance of using existing resources and tools to streamline the development process and ensure that the final product meets the project's goals."
h2o,28,baseline,5.333333333333333,0.031088082901554404,0.24855012427506218,False,"The discussion revolves around the development of a new remote control for a television that incorporates voice recognition technology, with the goal of making it more user-friendly and intuitive. The team is considering integrating voice recognition to allow users to control the TV without needing a physical remote, which could simplify the user experience. However, there are concerns about the effectiveness of voice recognition from a distance and the need for a physical remote to ensure accuracy. The team also discusses the importance of designing the remote to be simple and functional, with key buttons for essential functions and an option for voice recognition. They agree that the target audience is the 15-35 age group, who value simplicity and ease of use. The team also discusses the need for a beeper feature to help locate the remote control and the importance of including the remote in a two-part package that attaches to the TV. The meeting concludes with the next steps involving completing a questionnaire and preparing a summary, followed by a lunch break and further discussions on the components concept. The team agrees to continue working on the project and to share their findings."
h2o,28,sink4,6.167400881057268,0.06930693069306926,0.3267162944582299,False,"The discussion revolves around the development of a new remote control for a television that incorporates voice recognition technology, with the goal of making it more user-friendly and intuitive. The team is considering how to integrate voice recognition into the remote control, while also addressing the issue of remote control usability and the need for a beeper feature to help users locate the remote. The team is also discussing the target demographic of the product, which is the 15-35 age group, and the need for the remote to be simple to use with a limited number of buttons, along with voice recognition as an optional feature. The team is also discussing the importance of ensuring that the remote control is not too far from the user, as this could affect the effectiveness of voice recognition. The discussion includes a plan to complete a questionnaire and a summary of the project, with the next steps involving the development of the components concept and the user interface design. The team is also considering the inclusion of a beeper button on the television to help users locate the remote control. The meeting concludes with a plan to have a lunch break and continue the work after lunch."
h2o,29,baseline,15.743440233236154,0.2195121951219512,0.47804878048780486,False,"The discussion revolves around the design and functionality of a universal remote control that can perform multiple actions, such as changing channels, adjusting volume, and recording user actions. The team is considering the features and usability of the remote control, with a focus on user interface design, marketing, and project management.

Key points from the discussion include:

1. **Remote Control Functionality**: The remote control should allow users to perform multiple actions, such as changing channels, adjusting volume, and recording user actions. The team is considering the number of buttons and the complexity of the interface.

2. **User Interface Design**: The team is discussing the need for a simple and intuitive interface. They are considering features like a history button to allow users to undo previous actions and a ""go back"" button for navigation.

3. **Marketing and User Requirements**: The team is discussing the importance of understanding user needs and how to translate these into features. They are considering the use of user requirements to guide the design and development of the remote control.

4. **Project Management**: The team is planning to meet again in thirty minutes to discuss the next steps and to finalize the design and features of the remote control.

5. **Technical Considerations**: The team is considering the technical aspects of the remote control, such as the number of buttons, the complexity of the interface, and the integration of features like recording user actions.

In summary, the discussion is about the design and functionality of a universal remote control, with a focus on user interface, marketing, and project management. The team is considering the features and usability of the remote control, with a goal of creating a product that meets user needs and is easy to use."
h2o,29,sink4,17.75147928994083,0.0,0.140625,False,"The discussion revolves around the design and functionality of a universal remote control with multiple buttons and features. The team is considering the number of buttons, the types of actions (e.g., changing channels, adjusting volume, recording sequences), and the user interface for a remote control. They also discuss the importance of user requirements, the need for a user-friendly interface, and the potential for a ""market expert"" to help define the requirements. The conversation ends with a plan to meet again in thirty minutes to finalize the ideas and specifications."
pyramidkv,0,baseline,5.405405405405405,0.05670103092783507,0.27847049044056527,False,"The team is discussing the design of a new remote control device, focusing on making it more user-friendly, stylish, and functional. They aim to create a remote control that is sleek, modern, and intuitive, with a design that is both functional and aesthetically pleasing. The discussion highlights the need for a remote control that is not overly complicated, with a minimalist design that avoids unnecessary buttons, similar to the sleek and stylish designs of modern smartphones. The team is considering a menu-based interface or a touchscreen interface that allows users to navigate through options without the need for physical buttons. They also discuss the importance of battery life and the need for a design that is easy to use for a wide range of users, including those who may not be familiar with the technology. The team is also considering the inclusion of features that are unique to this remote control, such as a long battery life, while ensuring that the device remains compatible with existing technologies and user expectations. The discussion concludes with the team agreeing on the direction of the project and the need to finalize the design and specifications for the remote control."
pyramidkv,0,sink4,8.0,0.0,0.15671641791044777,False,"The team is discussing the design of a new remote control for a product, focusing on making it sleek, stylish, and user-friendly. They aim to differentiate it from existing models by incorporating a menu-based interface, reducing the number of physical buttons, and using a touchscreen for functionality. The remote should be intuitive, with a focus on user experience, and avoid unnecessary complexity. The team also considers features like battery life and the need for a learning curve, ensuring the product is accessible to a wide range of users. The discussion highlights the importance of balancing innovation with usability, ensuring the remote control is both modern and functional. The meeting concludes with a plan to move forward with the design, with specific instructions for the team to follow."
pyramidkv,1,baseline,8.88888888888889,0.04280155642023342,0.4113924050632911,False,"The meeting concluded with the team agreeing on the following key points for the new remote control device:

1. **Design and Functionality**:  
   - The remote control should be **small, round**, and **similar to a PlayStation controller**.  
   - It should have **scroll buttons** (for navigation) and **joystick** functionality for better control.  
   - The **shape** should be **ergonomic**, with **rubberized** buttons and a **curved** design for comfort.  

2. **Battery and Cost**:  
   - A **standard battery** will be used, as **kinetic batteries** are too expensive.  
   - The **cost** is a concern, but the team agreed that the **basic design** is **feasible** and **cost-effective**.  

3. **User Interface and Experience**:  
   - The **screen** (LCD) will be **small** and **integrated** into the device.  
   - The **user interface** should be **simple**, with **buttons** for navigation and **scrolling**.  
   - The **design** should be **modern**, **compact**, and **user-friendly** for **younger users**.  

4. **Project Timeline**:  
   - The team agreed to **finalize the design** and **prepare the prototype** for the **next meeting** (detailed design phase).  
   - The **next meeting** will focus on **refining the design** and ensuring all components (battery, LCD, scroll, joystick) are **compatible** and **cost-effective**.  

5. **Key Decisions**:  
   - **No kinetic battery** (too expensive).  
   - **Standard battery** for simplicity and cost.  
   - **Scroll and joystick** for navigation and control.  
   - **Ergonomic design** with **rubberized buttons** and a **curved** shape.  

The team emphasized the importance of **user-friendly design** and **cost efficiency**, while ensuring the device is **modern** and **accessible** for younger users. The **next step** is to **finalize the design** and **prepare the prototype** for the **detailed design meeting**."
pyramidkv,1,sink4,8.60215053763441,0.03816793893129766,0.3076463560334528,False,"The meeting discussed the design and development of a new remote control device, focusing on its functionality, cost, and user interface. Key points included:

1. **Design and Functionality**: The team considered a remote control with a scroll wheel and joystick-like functionality, similar to a PlayStation controller. The device needed to be small, intuitive, and user-friendly, with a curved design for better ergonomics.

2. **User Interface**: The remote control should have a simple, intuitive interface with buttons and a scroll wheel. The design needed to be easy to use, with a focus on ease of operation and minimal complexity.

3. **Cost and Components**: The team discussed using a normal battery and a regular chip, avoiding more expensive options like kinetic energy or advanced chips. The cost was a key consideration, with the goal of keeping the device affordable.

4. **Form Factor**: The remote control was to be small and compact, possibly resembling a phone or a joystick. The design needed to be practical and functional, with a focus on usability and user experience.

5. **Market Considerations**: The device was targeted at younger users, emphasizing simplicity and ease of use. The team also considered the importance of the device's appearance and how it would fit into the user's lifestyle.

6. **Next Steps**: The team agreed to finalize the design and components within the next meeting, with a focus on ensuring the device is both functional and cost-effective.

The meeting concluded with a plan to move forward with the design, ensuring that the remote control meets the needs of its target audience while remaining affordable and user-friendly."
pyramidkv,2,baseline,5.5096418732782375,0.07967032967032972,0.4005636070853462,False,"The conversation between the professors and students discusses the planning and organization of a research project involving formalization and academic work, including discussions about theses, research topics, and collaborations. Key points include:

1. **Research Project and Formalization**: The group is working on a project that involves formalizing concepts, with a focus on belief networks and logical structures. They aim to build a system that can analyze and model complex ideas, drawing on both theoretical and practical aspects of computer science and philosophy.

2. **Thesis and Research**: There is a mention of a doctoral student, Eva, who is joining the project, and discussions about her potential thesis topic. The group is considering whether to formalize the project as a separate effort or integrate it with larger initiatives.

3. **Collaborations and Meetings**: The team is planning to collaborate with institutions in Germany and Switzerland, including the German AI Center (DFKI) and a research institute in Geneva. There is a discussion about potential meetings or visits to these locations.

4. **Academic and Research Planning**: The group is discussing the structure of their work, with a focus on ensuring that the project is both technically sound and aligned with broader academic goals. They are also considering the inclusion of a doctoral student in computer science, who will be joining the project.

5. **Challenges and Decisions**: The team is navigating the balance between theoretical rigor and practical implementation, with a focus on ensuring that their work is both innovative and grounded in real-world applications. They are also discussing the importance of collaboration and the need for clear communication and planning to ensure the project's success.

6. **Academic and Professional Networks**: The conversation highlights the importance of connecting with other researchers and institutions to enhance the project's impact and reach. There is a mention of potential collaborations with universities in Germany and Switzerland, emphasizing the international aspect of the research.

7. **Research and Development**: The group is committed to exploring new ideas and ensuring that their work is both technically and conceptually robust, with a focus on making their findings accessible and applicable to real-world problems. The discussion also touches on the challenges of balancing theoretical and practical aspects of their research."
pyramidkv,2,sink4,6.504065040650407,0.06217616580310881,0.3697113483590352,False,"The conversation between Professor C and their team discusses the planning and execution of a research project involving formalization and belief-net analysis. Key points include:

1. **Project Goals**: The team is working on a project that involves formalizing a belief-net system, which is a complex task requiring both theoretical and practical implementation. The goal is to build a system that can analyze and model belief systems, possibly with applications in AI or computer science.

2. **Team Dynamics**: The team includes members like Robert (a student), Ami (a doctoral student), and others. Robert is described as having a strong commitment to a particular theory, even if it means working within a limited framework. The team is also considering whether to formalize the belief-net system as a separate project or integrate it with a larger effort on formalization.

3. **Research and Collaboration**: The team is discussing potential collaborations, including a doctoral student named Eva, who is joining the project. There is also mention of a student named Ami, who is invited to consult with a bank in Geneva, which has ties to a research institute there. The team is considering a visit to Switzerland for collaboration.

4. **Challenges and Deadlines**: The team is working on a project with a tight deadline, with the belief-net analysis expected to be completed by the end of the semester. There is a mention of a final exam (take-home final) for a student, which adds to the workload.

5. **Technical and Philosophical Considerations**: The discussion touches on the balance between theoretical rigor (purism) and practical implementation. The team is also considering the formalization of concepts, which is a key part of the project.

6. **Future Steps**: The team plans to finalize the belief-net analysis and determine whether it will be a separate project or integrated with the larger formalization effort. They also plan to discuss the project with Ellen, who is working on image schemas, and to organize a reading group for students.

7. **Collaboration and Communication**: The team emphasizes the importance of collaboration and communication, especially with international partners in Switzerland and Germany. There is a mention of potential meetings in Geneva and Zurich, highlighting the international nature of the project.

The conversation reflects a structured yet dynamic approach to research, balancing theoretical and practical aspects, with a focus on collaboration and clear communication."
pyramidkv,3,baseline,12.903225806451612,0.07103825136612019,0.3694581280788177,False,"The meeting concluded with a discussion on the project's presentation and the challenges faced during the design and marketing process. The team reviewed the prototype, which was initially simple but required refinement. They discussed the importance of user feedback and the need for a more polished presentation. The project manager emphasized the need for a clear and professional approach to the final presentation, while the industrial designer and marketing team highlighted the importance of a functional and visually appealing design. The team acknowledged the need for a more structured and engaging presentation, with the marketing team suggesting the inclusion of a more professional background and the use of a consistent design language. The project manager noted the importance of aligning the presentation with the product's core features and the need for a clear message. The team agreed to finalize the presentation and move forward with the final report, incorporating the feedback received. The meeting ended with a decision to celebrate the successful completion of the project, with the team expressing a sense of accomplishment and the need to maintain a professional and engaging presentation style."
pyramidkv,3,sink4,9.45945945945946,0.050909090909090904,0.3621483375959079,False,"The meeting concluded with a discussion on the project's final presentation and the team's reflections on the design and marketing strategies. Key points included:

1. **Design and Marketing Feedback**:  
   - The team discussed the product's design, noting that it looked like a ""happy face"" and was a ""huge disaster"" if not refined.  
   - Marketing emphasized the need for a more polished, professional look, while the Industrial Designer highlighted the importance of simplicity and avoiding unnecessary complexity.  
   - The team agreed that the product's design should focus on functionality and clarity, avoiding overly flashy elements.  

2. **Project Evaluation**:  
   - The project was evaluated based on technical feasibility and user feedback, with the Industrial Designer questioning the value of the design phase.  
   - Marketing stressed the importance of aligning the product's design with its functional purpose, avoiding overcomplication.  

3. **Team Collaboration**:  
   - The team acknowledged the challenges of balancing creativity with practicality, especially in a fast-paced, internet-driven environment.  
   - The Industrial Designer and Marketing team debated the role of ""filler words"" and the need for concise, meaningful communication.  

4. **Final Steps**:  
   - The project evaluation was documented, with the Project Manager preparing a final report.  
   - The team agreed to end the meeting, with a light-hearted note about celebrating the completion of the project.  

5. **Reflections on Technology and Trends**:  
   - The team reflected on the evolution of technology, noting the internet's ubiquity and its impact on communication and design.  
   - The discussion highlighted the importance of staying grounded in practicality while embracing innovation.  

The meeting ended with a sense of accomplishment, though the team acknowledged the need for further refinement and a focus on clarity in future projects."
pyramidkv,4,baseline,4.411764705882352,0.05882352941176472,0.44488977955911824,False,"**Summary of the Meeting:**

The team is discussing the design and development of a new remote control device, focusing on **user interface design**, **product evaluation**, and **trend analysis**. The key points discussed include:

1. **Product Features and Design:**
   - The remote control should have **speech recognition** and **buttons** with **themes like fruits or vegetables**.
   - The design should be **fancy**, **spongy**, and **titanium-like** to align with current trends.
   - The remote should be **sustainable**, using **rubber** or **titanium** materials.
   - The device should have **a curved shape** and **a spongy, fruity-like texture**.

2. **Trend Analysis:**
   - The team agrees that the remote control should be **fancy** and **modern**, as it is a **novel concept** that **others may not have**.
   - The **spongy, fruity-like** design is a **trend** that could make the product **marketable**.
   - The **titanium smell** and **curved shape** are considered to be **fancy** and **modern**.

3. **User Experience and Functionality:**
   - The remote should have **minimal buttons** and **clear output** to show what actions are being taken.
   - The team is considering **two options**: a **spongy, fruity-like** design or a **titanium-like** design.
   - The **LCD screen** is to be included, but the team is open to **simpler designs** with fewer buttons.

4. **Marketing and Development:**
   - The team is **exploring** the **titanium and spongy** options for the remote's **material and texture**.
   - The **remote control** is expected to be **user-friendly**, **modern**, and **fancy**, with a **curved shape** and **spongy texture**.
   - The **marketing** team is **interested** in the **fancy** and **modern** design to **stand out** in the market.

5. **Conclusion:**
   - The team agrees that the **remote control** should be **fancy**, **modern**, and **sustainable**, with a **titanium or spongy** design.
   - The **next step** is to **explore** the **two"
pyramidkv,4,sink4,7.518796992481203,0.017094017094017144,0.20639147802929425,False,"The team is working on a new remote control product, focusing on user interface design, product evaluation, and prototype development using modeling clay. The goal is to create a remote control that follows current trends, incorporating features like a speech recognizer, buttons, and a unique design. The team is considering materials and shapes, with discussions around using titanium or spongy materials, and incorporating a fruit-like design. They are also exploring the use of LCD screens and the importance of a user-friendly interface. The team is deciding on the final design and features, ensuring the product is both functional and trendy. The meeting concludes with a plan to explore the two options and finalize the design in the next meeting."
pyramidkv,5,baseline,7.142857142857142,0.03529411764705881,0.2661431064572426,False,"The conversation between Professor D and the students discusses the development and evaluation of a neural network model for speech recognition, focusing on improving performance through various techniques such as using multiple models (MLPs) and feature extraction. The discussion highlights the challenges of training and testing models, the importance of feature selection, and the need for continuous improvement through experimentation. The team is considering integrating new methods, such as multi-band networks and dependency arrows between sub-bands, to enhance the system's accuracy. They also discuss the limitations of current models and the need for further research and testing. The conversation touches on the importance of training data, the role of different training targets, and the potential for combining multiple features and models to achieve better results. The team is also discussing the use of a Linux machine for running experiments and the need for collaboration and testing to refine their approach. The conversation ends with a note about the battery life of the devices and the plan to continue working on the project."
pyramidkv,5,sink4,6.06060606060606,0.03428571428571425,0.28125,False,"The discussion revolves around the development and evaluation of a neural network model for speech recognition, specifically focusing on improving the performance of a system using a combination of traditional methods and neural networks. The team is exploring ways to enhance the system by integrating neural networks with existing features and models, such as the Multi-Band (MB) system. They are considering the use of a multi-band neural network structure, where the arrows between sub-bands are bidirectional rather than unidirectional, to better model asynchronous interactions. The team is also discussing the importance of training data, training targets, and the need for further refinement of the system. They acknowledge the challenges of limited time and resources, and the potential for collaboration with other researchers to improve the system. The conversation touches on the use of a Linux machine for running experiments and the importance of testing and iterating on the model to achieve better results. The discussion concludes with a note on the need for continued improvement and the possibility of combining different approaches to enhance the system's performance."
pyramidkv,6,baseline,10.572687224669602,0.03535353535353536,0.26796875,False,"The discussion revolves around the development of a belief-net system for natural language processing, with a focus on integrating XML data and leveraging existing tools to enhance the system's capabilities. The team is exploring the use of XML for annotating discourse and discourse acts, drawing from projects like Michael's work in MATE. They consider using existing packages, such as SmartKom, to annotate data and build a framework for processing discourse annotations. The goal is to create a system that can handle tasks like navigation, where the system would guide users to specific locations, such as the Powder-Tower, by understanding context and intent. The team is also discussing the importance of using XML for data representation and the need to extract features from annotated data to improve the system's performance. They acknowledge the challenges of integrating different tools and the importance of collaboration to ensure the system can adapt to real-world scenarios, such as navigating to a specific address rather than just the geometric center of a building. The meeting concludes with a plan to review the system and discuss the next steps, including the use of XML for data formatting and the potential for future improvements in the system's capabilities."
pyramidkv,6,sink4,8.040201005025125,0.02409638554216864,0.2281334535617674,False,"The discussion revolves around the development of a belief-net system for natural language processing, with a focus on integrating XML data and leveraging existing tools like SmartKom. The group discusses the importance of using annotated data, such as discourse annotations, to train models that can understand and generate human-like responses. They consider the possibility of using existing packages like MATE for annotation and the need for a standardized format (e.g., XML) to structure the data. The team plans to collaborate on selecting and testing a belief-net package, with the goal of creating a system that can handle tasks like navigation and provide more accurate, context-aware responses. They also touch on challenges like handling ambiguous data and the need for a shared understanding of the system's capabilities. The conversation highlights the importance of iterative development, using real-world examples like the Powder-Tower to illustrate the practical applications of their work. The team agrees to proceed with the project, with plans to test and refine the system in the coming weeks."
pyramidkv,7,baseline,2.564102564102564,0.09523809523809523,0.4342883128694861,False,"The Welsh Government has introduced a new childcare and early education scheme, the **Childcare and Early Education (Wales) Act 2023**, which aims to provide **30 hours of free childcare per week** for eligible families. The scheme is designed to support working parents by offering **10 hours of early education** and **20 hours of childcare** per week, with the **30-hour offer** being available to families with children aged 3 to 5 years. The **10-hour early education** is available to all children, while the **30-hour childcare** is targeted at families with one parent working, or where one parent is on incapacity benefit.

### Key Features of the Scheme:
1. **Eligibility**: 
   - Families with one parent working or on incapacity benefit.
   - Children aged 3 to 5 years.
   - The **10-hour early education** is available to all children, while the **30-hour childcare** is available to eligible families.

2. **Funding and Cost**:
   - The **£4.50 per hour** rate is set to ensure affordability.
   - The **30-hour offer** is more generous than the **10-hour early education**.
   - The **£4.50 per hour** is intended to cover the cost of the childcare, with the **£6,000 minimum wage cap** and **£100,000 cap** on total funding.

3. **Quality and Workforce**:
   - The scheme emphasizes **quality childcare**, with a focus on **registered inspected providers**.
   - There is a push to **increase qualifications and training** for childcare staff to ensure high-quality care.
   - The **Team Around the Family** model is being tested in pilot areas like Gwynedd, where **registered providers** are working with families to ensure a **holistic approach** to child development.

4. **Integration with Other Policies**:
   - The scheme is being **integrated with the UK’s tax-free childcare offer**, which is available to all parents in the UK.
   - The Welsh Government is working to ensure that parents are **aware of both the Welsh and UK childcare offers**, and that providers are informed of the **tax-free childcare** option.

5. **Disadvantaged Families**:
   - The scheme is designed to **support disadvantaged families**, with a focus on **early education** and **child development**."
pyramidkv,7,sink4,1.5228426395939085,0.11876484560570066,0.4775137111517368,False,"The Welsh Government has introduced a new childcare scheme aimed at supporting working parents and improving child development. The scheme, known as the ""Childcare Offer,"" provides 30 hours of free childcare per week for eligible families, with the goal of ensuring that all children have access to high-quality, registered childcare. The scheme is designed to support parents who are working, particularly those in disadvantaged families, and to promote child development through early education and care.

Key aspects of the scheme include:

1. **Eligibility**: The scheme is available to families where one parent is working, and the child is under the age of five. Eligibility is based on the child's birthdate, with the offer available from the term after the child's third birthday.

2. **Quality of Care**: The Welsh Government emphasizes the importance of high-quality childcare, with a focus on registered and inspected providers. The scheme aims to ensure that childcare providers are well-qualified and trained, with a focus on child development and education.

3. **Integration with Other Support**: The scheme is designed to work in conjunction with other support measures, such as the ""Flying Start"" program, which provides early education and support for young children. The Welsh Government is also working to integrate the childcare offer with the UK's tax-free childcare scheme, which is available across the UK.

4. **Affordability and Cost**: The scheme is funded through a combination of public and private funding, with the Welsh Government aiming to ensure that the cost is affordable for families. The scheme includes a £4.50 per hour rate for childcare, which is considered affordable for most families.

5. **Child Development**: The scheme is designed to support child development by providing access to high-quality childcare and early education. The Welsh Government is working to ensure that the scheme supports the development of children in a way that is consistent with broader educational and social goals.

6. **Parental Support**: The scheme is intended to support parents in balancing work and family life, with the goal of ensuring that parents have the flexibility to work while their children receive high-quality care. The Welsh Government is also working to ensure that parents are aware of the available support and how to access it.

The scheme is part of a broader effort to improve childcare and early education in Wales, with the goal of ensuring that all children have access to high-quality care and education that supports their development and well-being. The Welsh Government is also working to address the challenges of affordability, quality, and accessibility in the childcare sector."
pyramidkv,8,baseline,6.956521739130435,0.0,0.21639784946236562,False,"The conversation discusses the performance of different machine learning models, specifically comparing a hybrid system and an embedded training approach for improving speech recognition. The participants are evaluating the effectiveness of using alignments from the Cambridge system versus training their own model. They discuss the importance of feature sets, hidden unit sizes, and training data. The conversation touches on the challenges of training neural networks, the impact of different training methods, and the trade-offs between model complexity and performance. They also discuss the number of hidden units and training data required for optimal results. The conversation ends with a decision to start with a smaller model for testing."
pyramidkv,8,sink4,6.329113924050632,0.018750000000000044,0.24649859943977592,False,"The conversation discusses the performance of a neural network model, specifically a hybrid system combining a speech recognition system with a recurrent neural network (RNN) for improving accuracy. The participants are evaluating whether to use the existing system or train the model from scratch. They discuss the potential benefits of embedded training versus using pre-aligned data. They also talk about the number of hidden units in the neural network, with the consensus being that a two-thousand hidden unit network is a reasonable choice, as it offers a balance between performance and training time. The conversation also touches on the importance of training data and the impact of different feature sets on model performance. The discussion highlights the trade-offs between model complexity and computational efficiency, with the group deciding to start with a two-thousand hidden unit network for testing. The conversation ends with a reference to ""Uncle Bernie's Rule,"" a guideline for determining the appropriate size of neural networks based on training data."
pyramidkv,9,baseline,8.433734939759036,0.07284768211920534,0.3116883116883117,False,"The discussion revolves around the design and functionality of a universal remote control that can handle multiple actions, such as changing channels, adjusting volume, and recording user actions. The team is considering the features and usability of the remote control, with a focus on user interface and marketing aspects. They are discussing the need for a simple and intuitive interface that can handle a variety of actions, including the ability to record and replay user actions. The project manager is also considering the technical aspects of the remote control, such as the number of buttons and the complexity of the interface. The team is also discussing the importance of user feedback and the need for a universal remote control that can be adapted to different user needs and preferences. The discussion ends with a plan to meet again in thirty minutes to discuss the next steps and to work on the ideas presented."
pyramidkv,9,sink4,5.673758865248227,0.04958677685950408,0.21588089330024818,False,"The discussion revolves around the design and functionality of a universal remote control, focusing on user interface and user experience. The team explores the need for a remote that can handle multiple functions, such as changing channels, adjusting volume, and potentially recording user actions. They consider the importance of a user-friendly interface, the need for a history function to allow users to navigate back to previous actions, and the potential for customization based on user preferences. The team also discusses the possibility of integrating a ""market expert"" feature to help users understand the requirements and specifications for the remote control. The conversation ends with a plan to meet again in thirty minutes to further develop the ideas and specifications for the remote control."
pyramidkv,10,baseline,8.602150537634408,0.05660377358490565,0.2766393442622951,False,"The meeting is about discussing the setup and use of a wireless microphone system for a conference or event, with a focus on echo cancellation and transcription of overlapping speech. The group is considering using a wireless microphone that can be passed around to multiple people, with the goal of improving the quality of audio recordings. They are also discussing the possibility of having transcribers participate in a meeting to discuss the data they are collecting, which could lead to a meta-meeting to analyze the results. The meeting is scheduled for the next day, and there are plans to have a guest speaker, John Fiscus, who will present on topics related to acoustic engineering and transcription standards. The group is also discussing the use of a wireless microphone system, with some concerns about the need for a receiver and the potential for interference. The conversation ends with a discussion about the structure of the meeting and the need for a recording."
pyramidkv,10,sink4,10.344827586206897,0.0,0.22522522522522526,False,"The meeting is discussing the setup and use of wireless microphones for a conference or event, with a focus on echo cancellation and the use of a hand-held microphone. The group is considering whether to use a lapel microphone or a hand-held one, with the latter being more convenient for passing around. They also discuss the need for a receiver and potential issues with interference. The conversation touches on the importance of having a dedicated channel for the microphone to avoid overlap in speech, and the idea of having transcribers discuss their findings in a separate meeting to share insights. There is also a mention of a planned meeting with John Fiscus, who will present on acoustic engineering and transcription standards. The discussion concludes with a decision to proceed with the digital microphone setup and a plan for a follow-up meeting to discuss the project further."
pyramidkv,11,baseline,3.785488958990536,0.09523809523809523,0.4342883128694861,False,"The Welsh Government has introduced a new childcare and early education scheme, the **Childcare and Early Education (Wales) Act 2023**, which aims to provide **30 hours of free childcare per week** for eligible families. The scheme is designed to support working parents by offering **10 hours of early education** and **20 hours of childcare** per week, with the **30-hour offer** being available to families with children aged 3 to 5 years. The **10-hour early education** is available to all children, while the **30-hour childcare** is targeted at families with one parent working, or where one parent is on incapacity benefit.

### Key Features of the Scheme:
1. **Eligibility**: 
   - Families with one parent working or on incapacity benefit.
   - Children aged 3 to 5 years.
   - The **10-hour early education** is available to all children, while the **30-hour childcare** is available to eligible families.

2. **Funding and Cost**:
   - The **£4.50 per hour** rate is set to ensure affordability.
   - The **30-hour offer** is more generous than the **10-hour early education**.
   - The **£4.50 per hour** is intended to cover the cost of the childcare, with the **£6,000 minimum wage cap** and **£100,000 cap** on total funding.

3. **Quality and Workforce**:
   - The scheme emphasizes **quality childcare**, with a focus on **registered inspected providers**.
   - There is a push to **increase qualifications and training** for childcare staff to ensure high-quality care.
   - The **Team Around the Family** model is being tested in pilot areas like Gwynedd, where **registered providers** are working with families to ensure a **holistic approach** to child development.

4. **Integration with Other Policies**:
   - The scheme is being **integrated with the UK’s tax-free childcare offer**, which is available to all parents in the UK.
   - The Welsh Government is working to ensure that parents are **aware of both the Welsh and UK childcare offers**, and that providers are informed of the **tax-free childcare** option.

5. **Disadvantaged Families**:
   - The scheme is designed to **support disadvantaged families**, with a focus on **early education** and **child development**."
pyramidkv,11,sink4,3.508771929824561,0.11876484560570066,0.4775137111517368,False,"The Welsh Government has introduced a new childcare scheme aimed at supporting working parents and improving child development. The scheme, known as the ""Childcare Offer,"" provides 30 hours of free childcare per week for eligible families, with the goal of ensuring that all children have access to high-quality, registered childcare. The scheme is designed to support parents who are working, particularly those in disadvantaged families, and to promote child development through early education and care.

Key aspects of the scheme include:

1. **Eligibility**: The scheme is available to families where one parent is working, and the child is under the age of five. Eligibility is based on the child's birthdate, with the offer available from the term after the child's third birthday.

2. **Quality of Care**: The Welsh Government emphasizes the importance of high-quality childcare, with a focus on registered and inspected providers. The scheme aims to ensure that childcare providers are well-qualified and trained, with a focus on child development and education.

3. **Integration with Other Support**: The scheme is designed to work in conjunction with other support measures, such as the ""Flying Start"" program, which provides early education and support for young children. The Welsh Government is also working to integrate the childcare offer with the UK's tax-free childcare scheme, which is available across the UK.

4. **Affordability and Cost**: The scheme is funded through a combination of public and private funding, with the Welsh Government aiming to ensure that the cost is affordable for families. The scheme includes a £4.50 per hour rate for childcare, which is considered affordable for most families.

5. **Child Development**: The scheme is designed to support child development by providing access to high-quality childcare and early education. The Welsh Government is working to ensure that the scheme supports the development of children in a way that is consistent with broader educational and social goals.

6. **Parental Support**: The scheme is intended to support parents in balancing work and family life, with the goal of ensuring that parents have the flexibility to work while their children receive high-quality care. The Welsh Government is also working to ensure that parents are aware of the available support and how to access it.

The scheme is part of a broader effort to improve childcare and early education in Wales, with the goal of ensuring that all children have access to high-quality care and education that supports their development and well-being. The Welsh Government is also working to address the challenges of affordability, quality, and accessibility in the childcare sector."
pyramidkv,12,baseline,7.5892857142857135,0.11195928753180662,0.4194268701153703,False,"The committee heard from Julie Morgan (Wales' Minister for Children and Families) and Nicola Edwards (Minister for Economy and Business Wales) on the impact of the coronavirus pandemic on children's social care and education in Wales. Key points included:

1. **Children's Social Care**: Despite the pandemic, children's social care and safeguarding assessments are still being conducted, with a focus on vulnerable children, including young carers. The government has emphasized the importance of maintaining contact with children and ensuring their needs are met, even as social distancing measures are in place.

2. **Childcare Sector**: The childcare sector has been significantly impacted by the pandemic, with many providers facing financial difficulties. The government has introduced a ""coronavirus childcare assistance scheme"" to support critical workers and families with vulnerable children. However, challenges remain in ensuring all childcare providers receive adequate support, particularly those falling between the cracks of existing funding schemes.

3. **Technology and Support**: The government has recognized the need for technology to facilitate communication and support for children and their families, especially in maintaining contact with social workers and other key workers. Efforts are being made to ensure that all vulnerable children have access to the necessary technology.

4. **Family Courts**: The family courts have adapted to the pandemic by moving many hearings online, with more complex cases being postponed. The government has issued guidance to ensure that child arrangement orders are followed, with a focus on the well-being of children and the needs of separated families.

5. **Support for Key Workers**: The government has acknowledged the importance of childcare in enabling key workers to return to work, and has taken steps to ensure that vulnerable children have access to free childcare services.

6. **Future Planning**: The government is working to address the long-term impacts of the pandemic on children's social care and education, with a focus on ensuring that the sector is resilient and able to recover. This includes ongoing discussions with the childcare sector and the voluntary sector to find solutions for providers facing financial difficulties.

In conclusion, the committee emphasized the importance of maintaining support for children and their families during the pandemic, with a focus on ensuring that vulnerable children are not left behind. The government has taken steps to address the challenges faced by the childcare sector and to ensure that children's needs are met, even in the most challenging circumstances."
pyramidkv,12,sink4,9.090909090909092,0.04120879120879117,0.39087691702713334,False,"The committee heard from Julie Morgan, the Welsh Government's Minister for Children, Young People and Families, and Nicola Edwards, the Welsh Government's Minister for Economy, about the impact of the coronavirus pandemic on children's services and the measures being taken to support them. The key points discussed include:

1. **Children's Social Care and Safeguarding**: The Welsh Government has maintained strict regulations for children's social care, ensuring that assessments and safeguarding measures continue despite the pandemic. Personal visits and social distancing measures are being balanced with the need to maintain contact with children, especially those in vulnerable situations.

2. **Childcare Sector**: The childcare sector has been significantly affected by the pandemic, with many providers struggling to maintain operations due to reduced demand and financial constraints. The Welsh Government has introduced a coronavirus childcare assistance scheme to support critical workers and families with vulnerable children. However, there are challenges in ensuring that all childcare providers receive adequate support, particularly those falling between the cracks of existing funding schemes.

3. **Support for Key Workers**: The government has emphasized the importance of childcare in enabling key workers to return to work, highlighting the role of the childcare assistance scheme in supporting vulnerable children and their families.

4. **Family Courts**: The family courts have adapted to the pandemic by moving many hearings online, with more complex cases being postponed. The government has issued guidance to ensure that child arrangement orders are upheld, with a focus on the needs of separated families and the well-being of children.

5. **Technology and Communication**: The government has acknowledged the need for technology to facilitate communication and support for children and families, ensuring that vulnerable children can maintain contact with social workers and other key workers.

6. **Future Planning**: The Welsh Government is working to address the challenges faced by the childcare sector and is exploring ways to provide targeted support to those in need, including potential bespoke schemes for providers struggling to meet the demands of the pandemic.

The committee concluded that the Welsh Government is committed to supporting children and families during the pandemic, with a focus on maintaining the well-being and safety of children while adapting to the challenges posed by the crisis."
pyramidkv,13,baseline,8.23529411764706,0.0,0.23122765196662698,False,"The meeting concluded with a positive and productive discussion about the banana-shaped remote control device, which was designed to be a creative and innovative solution for remote control applications. The team discussed the features of the product, including its ability to vibrate and its unique shape, which was inspired by a banana. They considered the product's design, functionality, and cost, and decided that it was within budget. The team also discussed the importance of collaboration and communication during the development process, and they acknowledged the challenges of working under time constraints. The meeting ended with a decision to proceed with the project and to complete the final questionnaire and meeting summary. The team expressed satisfaction with the outcome of the meeting and the progress made on the project."
pyramidkv,13,sink4,13.861386138613863,0.01764705882352946,0.28401826484018267,False,"The meeting concluded with a positive evaluation of the project, highlighting the successful collaboration between the team members. The project was completed within budget, and the team felt that the process of working individually and then coming together for a meeting was effective. The team appreciated the use of the whiteboard and digital pens for brainstorming, which allowed for more dynamic and interactive discussions. The project manager acknowledged the value of the meeting in fostering creativity and ensuring that all team members had the opportunity to contribute their ideas. The team also discussed the potential for a patent on the remote control design, which was seen as a novel and innovative solution. The meeting ended with a sense of accomplishment and a commitment to continuing the project with the remaining time. The team expressed satisfaction with the outcome and the process, and the project manager thanked the team for their hard work and collaboration. The meeting was productive, and the team felt that they had achieved their goals within the given constraints."
pyramidkv,14,baseline,11.428571428571429,0.05238095238095242,0.2747426761678543,False,"The team is discussing the design of a new remote control device with a focus on integrating a spinning wheel, a touchscreen, and voice recognition. The device is intended to be a sleek, minimalist, and functional product with a vegetable-themed aesthetic. The team is considering using rubber for the case and buttons, with a curved design that can be flipped open. They are also exploring the use of advanced integrated circuits (ICs) and a simple battery as a power source, rather than kinetic energy. The device will feature a touchscreen with a spinning wheel for interaction, and the color scheme will incorporate vegetable colors like yellow, green, and red. The team is also considering the use of a curved, rubber case with a flat back for a modern look. The design is meant to be both aesthetically pleasing and user-friendly, with a focus on simplicity and functionality. The project is being divided into tasks: the Industrial Designer will handle the look and feel, the User Interface Designer will work on the user interface, and the Marketing Expert will focus on product evaluation. The team is also considering the use of modeling clay to create a prototype. The discussion ends with a plan to finalize the design and move forward with the prototype."
pyramidkv,14,sink4,10.045662100456621,0.05524861878453036,0.34372294372294376,False,"The team is discussing the design of a new product, a remote control device with a spinning wheel and a screen, incorporating features like voice recognition, a curved rubber case, and vegetable-themed colors. They are considering using rubber for the case and buttons, with a focus on usability, aesthetics, and cost. The team is also discussing the use of advanced integrated circuits (ICs) and the inclusion of a spinning wheel for interaction. They are finalizing the design elements, including the color scheme and the placement of the spinning wheel and screen. The project is on track, and the team is preparing for the next meeting. The discussion covers the product's features, materials, and design aspects, with a focus on making the device both functional and visually appealing. The team is also considering the use of vegetable-themed colors and the integration of voice recognition technology. The final design includes a rubber case, a curved surface, and a screen with a spinning wheel, all while keeping the product affordable and user-friendly. The team is ensuring that the product meets the company's branding and functional requirements."
pyramidkv,15,baseline,11.078717201166178,0.08637873754152825,0.37161084529505584,False,"The meeting concluded with a discussion on the design and functionality of a universal remote control for television and DVD sets. Key points included:

1. **Material and Design**: The remote should be made of plastic with rubbery buttons. It should not be too heavy and should have a universal design that works with all brands of televisions and DVD players.

2. **Remote Control Technology**: The remote should use infrared beams to communicate with the television and DVD set. This technology is standard and should be compatible with all devices.

3. **User Interface and Buttons**: The remote should have a simple, intuitive design with buttons that are easy to press. The buttons should be placed in a way that is easy to use, and the remote should be designed to work with all types of televisions and DVD players.

4. **Aesthetic and Customization**: The remote should have a standard, neutral color (like black and silver) to appeal to a wide audience. However, the team also considered the possibility of offering customizable front covers (like pink for children's rooms) to make the remote more trendy and appealing to different users.

5. **Market and Marketing**: The remote should be marketed as a universal device that works with all brands. The team discussed the importance of making the remote accessible and user-friendly, with a focus on simplicity and functionality.

6. **Technical and Design Considerations**: The remote should be designed to fit the television and DVD set it is intended for. The team also discussed the need for a consistent design language across all products, ensuring that the remote is both functional and aesthetically pleasing.

7. **Future Considerations**: The team agreed to continue discussing the design and functionality of the remote in the next meeting, with a focus on the technical and user experience aspects of the product."
pyramidkv,15,sink4,10.089020771513352,0.07958477508650519,0.32454251883745966,False,"The meeting discussed the design and functionality of a new remote control for a television and DVD player. Key points included:

1. **Material and Design**: The remote should be made of plastic, with rubbery buttons. It should not be too heavy and should have a secure fit to prevent the buttons from loosening over time.

2. **Remote Functionality**: The remote should use infrared signals to communicate with the television and DVD player. It needs to be a universal remote that works with various brands and models, including those made in China.

3. **User Interface and Buttons**: The remote should have a simple, intuitive interface with clearly labeled buttons. The design should be user-friendly, with a focus on ease of use and functionality.

4. **Aesthetic and Customization**: The remote should have customizable front panels (covers) that can be changed to match different themes or preferences. The standard front should be neutral (e.g., black or silver), but users should be able to choose more colorful or trendy options.

5. **Market Considerations**: The remote should be designed to appeal to a broad audience, including younger users who may prefer more colorful options. The design should be versatile enough to fit different television and DVD player models.

6. **Technical Specifications**: The remote should be compatible with a wide range of devices, including those manufactured in China. The design should be practical and durable, with a focus on user experience and reliability.

7. **Project Management**: The team agreed to continue discussing the design and functionality of the remote in the next meeting, focusing on specific details such as button placement, material choices, and user interface elements.

The meeting concluded with a plan to finalize the design and move forward with the development of the remote control."
pyramidkv,16,baseline,13.872832369942198,0.07284768211920534,0.3116883116883117,False,"The discussion revolves around the design and functionality of a universal remote control that can handle multiple actions, such as changing channels, adjusting volume, and recording user actions. The team is considering the features and usability of the remote control, with a focus on user interface and marketing aspects. They are discussing the need for a simple and intuitive interface that can handle a variety of actions, including the ability to record and replay user actions. The project manager is also considering the technical aspects of the remote control, such as the number of buttons and the complexity of the interface. The team is also discussing the importance of user feedback and the need for a universal remote control that can be adapted to different user needs and preferences. The discussion ends with a plan to meet again in thirty minutes to discuss the next steps and to work on the ideas presented."
pyramidkv,16,sink4,13.513513513513512,0.04958677685950408,0.21588089330024818,False,"The discussion revolves around the design and functionality of a universal remote control, focusing on user interface and user experience. The team explores the need for a remote that can handle multiple functions, such as changing channels, adjusting volume, and potentially recording user actions. They consider the importance of a user-friendly interface, the need for a history function to allow users to navigate back to previous actions, and the potential for customization based on user preferences. The team also discusses the possibility of integrating a ""market expert"" feature to help users understand the requirements and specifications for the remote control. The conversation ends with a plan to meet again in thirty minutes to further develop the ideas and specifications for the remote control."
pyramidkv,17,baseline,11.881188118811883,0.05660377358490565,0.2766393442622951,False,"The meeting is about discussing the setup and use of a wireless microphone system for a conference or event, with a focus on echo cancellation and transcription of overlapping speech. The group is considering using a wireless microphone that can be passed around to multiple people, with the goal of improving the quality of audio recordings. They are also discussing the possibility of having transcribers participate in a meeting to discuss the data they are collecting, which could lead to a meta-meeting to analyze the results. The meeting is scheduled for the next day, and there are plans to have a guest speaker, John Fiscus, who will present on topics related to acoustic engineering and transcription standards. The group is also discussing the use of a wireless microphone system, with some concerns about the need for a receiver and the potential for interference. The conversation ends with a discussion about the structure of the meeting and the need for a recording."
pyramidkv,17,sink4,11.578947368421051,0.0,0.22522522522522526,False,"The meeting is discussing the setup and use of wireless microphones for a conference or event, with a focus on echo cancellation and the use of a hand-held microphone. The group is considering whether to use a lapel microphone or a hand-held one, with the latter being more convenient for passing around. They also discuss the need for a receiver and potential issues with interference. The conversation touches on the importance of having a dedicated channel for the microphone to avoid overlap in speech, and the idea of having transcribers discuss their findings in a separate meeting to share insights. There is also a mention of a planned meeting with John Fiscus, who will present on acoustic engineering and transcription standards. The discussion concludes with a decision to proceed with the digital microphone setup and a plan for a follow-up meeting to discuss the project further."
pyramidkv,18,baseline,6.030150753768844,0.07999999999999996,0.3426008968609865,False,"The meeting concluded with a discussion about the usefulness of a digital whiteboard and its potential for sketching and collaboration. The team agreed that while the device is expensive, it offers benefits for drawing and sharing ideas. They discussed the need for a shared folder for saving work and the importance of ensuring the whiteboard functions correctly. The team also talked about the project's end report and the need to present it to the manager, who is also the accountant. They mentioned the importance of clear communication and the challenges of working with the whiteboard, including potential issues with the device's functionality. The meeting ended with a decision to proceed with the project and the need to finalize the presentation. The team also discussed the importance of a clear and effective title for their end document, with the idea of using a catchy slogan. The conversation highlighted the need for collaboration and the challenges of working with technology, as well as the importance of clear communication and project management in ensuring the successful completion of the project."
pyramidkv,18,sink4,7.317073170731707,0.0,0.21804511278195493,False,"The meeting concluded with a discussion about the usefulness of a digital whiteboard and its potential for sketching and collaboration. The team agreed that while the device is expensive, it could be beneficial for drawing and sharing ideas. They discussed the need for a shared folder to store their work and the importance of ensuring the whiteboard functions correctly. The team also mentioned the need to prepare a final report and address the manager's concerns about the project's timeline and deliverables. They decided to proceed with the digital whiteboard as a tool for collaboration and idea sharing, despite its high cost. The meeting ended with a plan to finalize the project and prepare for the next steps, with the team expressing a sense of accomplishment and readiness to move forward."
pyramidkv,19,baseline,5.698005698005698,0.09523809523809523,0.4342883128694861,False,"The Welsh Government has introduced a new childcare and early education scheme, the **Childcare and Early Education (Wales) Act 2023**, which aims to provide **30 hours of free childcare per week** for eligible families. The scheme is designed to support working parents by offering **10 hours of early education** and **20 hours of childcare** per week, with the **30-hour offer** being available to families with children aged 3 to 5 years. The **10-hour early education** is available to all children, while the **30-hour childcare** is targeted at families with one parent working, or where one parent is on incapacity benefit.

### Key Features of the Scheme:
1. **Eligibility**: 
   - Families with one parent working or on incapacity benefit.
   - Children aged 3 to 5 years.
   - The **10-hour early education** is available to all children, while the **30-hour childcare** is available to eligible families.

2. **Funding and Cost**:
   - The **£4.50 per hour** rate is set to ensure affordability.
   - The **30-hour offer** is more generous than the **10-hour early education**.
   - The **£4.50 per hour** is intended to cover the cost of the childcare, with the **£6,000 minimum wage cap** and **£100,000 cap** on total funding.

3. **Quality and Workforce**:
   - The scheme emphasizes **quality childcare**, with a focus on **registered inspected providers**.
   - There is a push to **increase qualifications and training** for childcare staff to ensure high-quality care.
   - The **Team Around the Family** model is being tested in pilot areas like Gwynedd, where **registered providers** are working with families to ensure a **holistic approach** to child development.

4. **Integration with Other Policies**:
   - The scheme is being **integrated with the UK’s tax-free childcare offer**, which is available to all parents in the UK.
   - The Welsh Government is working to ensure that parents are **aware of both the Welsh and UK childcare offers**, and that providers are informed of the **tax-free childcare** option.

5. **Disadvantaged Families**:
   - The scheme is designed to **support disadvantaged families**, with a focus on **early education** and **child development**."
pyramidkv,19,sink4,5.542725173210162,0.11876484560570066,0.4775137111517368,False,"The Welsh Government has introduced a new childcare scheme aimed at supporting working parents and improving child development. The scheme, known as the ""Childcare Offer,"" provides 30 hours of free childcare per week for eligible families, with the goal of ensuring that all children have access to high-quality, registered childcare. The scheme is designed to support parents who are working, particularly those in disadvantaged families, and to promote child development through early education and care.

Key aspects of the scheme include:

1. **Eligibility**: The scheme is available to families where one parent is working, and the child is under the age of five. Eligibility is based on the child's birthdate, with the offer available from the term after the child's third birthday.

2. **Quality of Care**: The Welsh Government emphasizes the importance of high-quality childcare, with a focus on registered and inspected providers. The scheme aims to ensure that childcare providers are well-qualified and trained, with a focus on child development and education.

3. **Integration with Other Support**: The scheme is designed to work in conjunction with other support measures, such as the ""Flying Start"" program, which provides early education and support for young children. The Welsh Government is also working to integrate the childcare offer with the UK's tax-free childcare scheme, which is available across the UK.

4. **Affordability and Cost**: The scheme is funded through a combination of public and private funding, with the Welsh Government aiming to ensure that the cost is affordable for families. The scheme includes a £4.50 per hour rate for childcare, which is considered affordable for most families.

5. **Child Development**: The scheme is designed to support child development by providing access to high-quality childcare and early education. The Welsh Government is working to ensure that the scheme supports the development of children in a way that is consistent with broader educational and social goals.

6. **Parental Support**: The scheme is intended to support parents in balancing work and family life, with the goal of ensuring that parents have the flexibility to work while their children receive high-quality care. The Welsh Government is also working to ensure that parents are aware of the available support and how to access it.

The scheme is part of a broader effort to improve childcare and early education in Wales, with the goal of ensuring that all children have access to high-quality care and education that supports their development and well-being. The Welsh Government is also working to address the challenges of affordability, quality, and accessibility in the childcare sector."
pyramidkv,20,baseline,11.940298507462686,0.010752688172043001,0.1934369602763385,False,"The team has completed the project on time and within budget, and the product design has been finalized. The team is now planning to celebrate with a dinner at an Italian restaurant. The project was successful, and the team is excited about the new features and innovations they've implemented, such as the hand dynamo, battery, and new materials. They discussed the importance of teamwork and creativity, and the project manager emphasized the need for a celebration to mark their achievement. The team is looking forward to the upcoming celebration and the future of their project."
pyramidkv,20,sink4,11.235955056179774,0.04313725490196074,0.3877032520325203,False,"**Project Meeting Summary:**

**Project Name:** Hand Dynamo + Battery Power Pack  
**Team:** Industrial Designer, Project Manager, Marketing, User Interface, and Industrial Designer  

**Key Points Discussed:**

1. **Product Features:**  
   - The team discussed adding a **hand dynamo** and a **battery** to the product for power.  
   - A **battery** was initially considered, but the team decided to **remove one** to stay within budget.  
   - A **hand dynamo** was retained for its **fancy design** and **energy efficiency**.  

2. **Design and Functionality:**  
   - The **hand dynamo** was highlighted as a **unique feature** that adds **sustainability** and **innovation**.  
   - The team agreed to **remove one battery** to ensure the product remains **cost-effective** and **eco-friendly**.  

3. **Team Collaboration:**  
   - The team emphasized the importance of **creativity** and **teamwork**.  
   - The **Industrial Designer** suggested **speech recognition** and **location finding** as potential features.  
   - The **User Interface** team proposed **digital pens** and **whiteboards** for better collaboration.  

4. **Project Evaluation:**  
   - The **Project Manager** confirmed that the project is **on track** and **within budget**.  
   - The **Marketing** team praised the **team’s creativity** and **execution**.  
   - The **Industrial Designer** noted the **strong team dynamics** and **innovative ideas**.  

5. **Next Steps:**  
   - The team agreed to **finalize the design** and **move forward** with the **hand dynamo** and **battery** features.  
   - A **celebration** was planned to mark the project’s success, with a **budget check** confirmed to be **within limits**.  

**Conclusion:**  
The team successfully **adjusted the product design** to balance **functionality**, **sustainability**, and **budget**, while maintaining a **creative and collaborative** environment. The project is **on track** for a **successful launch**."
pyramidkv,21,baseline,12.435233160621761,0.07792207792207795,0.279835390946502,False,"The government is committed to ensuring that long-term care homes in Canada provide high-quality, safe, and dignified care for seniors, and that the focus remains on the well-being of residents rather than on profit. The government has been working with provinces and territories to address the challenges posed by the pandemic and to ensure that all seniors can age with dignity and safety. While the for-profit model in long-term care has been a concern, the government is working to reform the system to prioritize the care of seniors over profit. The government is also working to ensure that all Canadians, including those in the tourism and fishing industries, are supported through emergency programs and that the economy is resilient in the face of the pandemic. The government is also working to address the shortage of personal protective equipment (PPE) and to ensure that Canadians have access to the necessary supplies to protect themselves and their communities."
pyramidkv,21,sink4,0.0,0.0,0.0,False,The committee is adjourned.
pyramidkv,22,baseline,3.448275862068966,0.03529411764705881,0.2661431064572426,False,"The conversation between Professor D and the students discusses the development and evaluation of a neural network model for speech recognition, focusing on improving performance through various techniques such as using multiple models (MLPs) and feature extraction. The discussion highlights the challenges of training and testing models, the importance of feature selection, and the need for continuous improvement through experimentation. The team is considering integrating new methods, such as multi-band networks and dependency arrows between sub-bands, to enhance the system's accuracy. They also discuss the limitations of current models and the need for further research and testing. The conversation touches on the importance of training data, the role of different training targets, and the potential for combining multiple features and models to achieve better results. The team is also discussing the use of a Linux machine for running experiments and the need for collaboration and testing to refine their approach. The conversation ends with a note about the battery life of the devices and the plan to continue working on the project."
pyramidkv,22,sink4,4.545454545454546,0.03428571428571425,0.28125,False,"The discussion revolves around the development and evaluation of a neural network model for speech recognition, specifically focusing on improving the performance of a system using a combination of traditional methods and neural networks. The team is exploring ways to enhance the system by integrating neural networks with existing features and models, such as the Multi-Band (MB) system. They are considering the use of a multi-band neural network structure, where the arrows between sub-bands are bidirectional rather than unidirectional, to better model asynchronous interactions. The team is also discussing the importance of training data, training targets, and the need for further refinement of the system. They acknowledge the challenges of limited time and resources, and the potential for collaboration with other researchers to improve the system. The conversation touches on the use of a Linux machine for running experiments and the importance of testing and iterating on the model to achieve better results. The discussion concludes with a note on the need for continued improvement and the possibility of combining different approaches to enhance the system's performance."
pyramidkv,23,baseline,5.940594059405941,0.07103825136612019,0.3694581280788177,False,"The meeting concluded with a discussion on the project's presentation and the challenges faced during the design and marketing process. The team reviewed the prototype, which was initially simple but required refinement. They discussed the importance of user feedback and the need for a more polished presentation. The project manager emphasized the need for a clear and professional approach to the final presentation, while the industrial designer and marketing team highlighted the importance of a functional and visually appealing design. The team acknowledged the need for a more structured and engaging presentation, with the marketing team suggesting the inclusion of a more professional background and the use of a consistent design language. The project manager noted the importance of aligning the presentation with the product's core features and the need for a clear message. The team agreed to finalize the presentation and move forward with the final report, incorporating the feedback received. The meeting ended with a decision to celebrate the successful completion of the project, with the team expressing a sense of accomplishment and the need to maintain a professional and engaging presentation style."
pyramidkv,23,sink4,5.6939501779359425,0.050909090909090904,0.3621483375959079,False,"The meeting concluded with a discussion on the project's final presentation and the team's reflections on the design and marketing strategies. Key points included:

1. **Design and Marketing Feedback**:  
   - The team discussed the product's design, noting that it looked like a ""happy face"" and was a ""huge disaster"" if not refined.  
   - Marketing emphasized the need for a more polished, professional look, while the Industrial Designer highlighted the importance of simplicity and avoiding unnecessary complexity.  
   - The team agreed that the product's design should focus on functionality and clarity, avoiding overly flashy elements.  

2. **Project Evaluation**:  
   - The project was evaluated based on technical feasibility and user feedback, with the Industrial Designer questioning the value of the design phase.  
   - Marketing stressed the importance of aligning the product's design with its functional purpose, avoiding overcomplication.  

3. **Team Collaboration**:  
   - The team acknowledged the challenges of balancing creativity with practicality, especially in a fast-paced, internet-driven environment.  
   - The Industrial Designer and Marketing team debated the role of ""filler words"" and the need for concise, meaningful communication.  

4. **Final Steps**:  
   - The project evaluation was documented, with the Project Manager preparing a final report.  
   - The team agreed to end the meeting, with a light-hearted note about celebrating the completion of the project.  

5. **Reflections on Technology and Trends**:  
   - The team reflected on the evolution of technology, noting the internet's ubiquity and its impact on communication and design.  
   - The discussion highlighted the importance of staying grounded in practicality while embracing innovation.  

The meeting ended with a sense of accomplishment, though the team acknowledged the need for further refinement and a focus on clarity in future projects."
pyramidkv,24,baseline,11.18421052631579,0.13962264150943393,0.5385826771653544,False,"The team discussed the design and features of a new device, focusing on the following key points:

1. **Device Features and Design**:
   - The device has a **standard color** (not special or colored).
   - It has **buttons** (not a joystick) for control.
   - The **L_C_D_** (a special display) is **not** included, and the **joystick** is **removed**.
   - The **button layout** is **standard**, with **no special color** or **special buttons**.
   - The **price** is **12.5 Euros**, which is **acceptable** for the features provided.

2. **User Interface and Experience**:
   - The **button layout** is **recognizable** and **simple**.
   - The **screen** is **standard**, and the **color** is **not special**.
   - The **device** is **simple to use**, with **no special features** or **advanced functions**.

3. **Project Evaluation**:
   - The **team** agreed that the **device is functional** and **acceptable** for the **price**.
   - The **design** is **simple**, **practical**, and **user-friendly**.
   - The **team** felt that the **project was well-managed**, with **good communication** and **team collaboration**.
   - The **device** is **not** a **high-end** or **advanced** product, but it is **sufficient** for the **intended use**.

4. **Conclusion**:
   - The **device** is **acceptable** as a **basic** or **standard** product.
   - The **team** agreed that the **price** is **reasonable** for the **features** provided.
   - The **design** is **simple**, **practical**, and **functional**, with **no unnecessary features**.

In summary, the team decided that the **device is acceptable** as a **basic** or **standard** product, with **no special features** or **advanced functions**. The **price** is **reasonable**, and the **design** is **simple** and **functional**. The **project** was **well-managed**, and the **team** felt that the **device is acceptable** for the **intended use**."
pyramidkv,24,sink4,20.224719101123597,0.01980198019801982,0.23466257668711654,False,"The project team discussed the design and functionality of a new product, focusing on the user interface, industrial design, and marketing aspects. They considered various features such as the use of a joystick, buttons, and color schemes, and evaluated the cost and usability of the product. The team also discussed the importance of user experience, team collaboration, and the overall design process. They concluded that the product is ready for evaluation and that the price is acceptable. The discussion highlighted the need for a clear and intuitive design, as well as the importance of user feedback and team coordination in the development process."
pyramidkv,25,baseline,3.64963503649635,0.0505050505050505,0.4145299145299145,False,"The team is discussing the design and features of a new remote control device, focusing on the following key points:

1. **Design and Materials**:  
   - The remote control will be made of **plastic**, with a **touch screen interface**.  
   - The **battery** will be a **lithium battery** that lasts **20 years**, with a **docking base** for charging.  
   - The **remote control** will have **basic functions** (e.g., channel, volume, on/off) on the **touch screen**, with **additional features** (e.g., voice recognition, paging) as optional or secondary.  

2. **User Interface (UI)**:  
   - The **touch screen** will have a **simple, aesthetic design** with **company colors** (e.g., black and red).  
   - The **boot-up screen** will display the **logo or motto**, and the **interface** will be **customizable** (e.g., ""skin"" options for the touch screen).  
   - The **remote control** will **automatically turn on** when touched, with a **sleep mode** to conserve battery life.  

3. **Marketing and Features**:  
   - The device will be marketed as a **""fashionable""** and **modern** remote control, with a **focus on design and usability**.  
   - The **voice recognition** feature will be optional, and the **paging function** will be a simple button for emitting a **beep**.  
   - The **battery** will be **rechargeable**, and the **docking base** will be included for convenience.  

4. **Project Management**:  
   - The **project manager** (PM) will oversee the **design and development** of the remote control, ensuring **cost-effectiveness** and **user-friendly features**.  
   - The **industrial designer** (ID) will focus on the **aesthetic and physical design**, while the **user interface (UI) designer** will handle the **touch screen and software**.  
   - The **marketing team** will handle the **branding and promotion**, emphasizing the **fashionable and tech-savvy** aspects of the product.  

5. **Key Decisions**:  
   - The **touch screen** will be the **primary interface**, with **basic functions** on the screen and **optional features** (e.g., voice recognition, paging) as"
pyramidkv,25,sink4,4.081632653061225,0.0658307210031348,0.35455794777828675,False,"The team is discussing the design and features of a new remote control device, focusing on the following key points:

1. **Design and Materials**:  
   - The remote control will be made of **plastic**, with a focus on **recycled materials** to reduce environmental impact.  
   - The **touch screen** will be the primary interface, with **basic functions** (e.g., on/off, channel, volume) placed on the screen for easy access.  
   - The **battery** will be a **lithium battery** with a **20-year lifespan**, though this may not be feasible for the initial release. A **rechargeable battery** is considered for future iterations.  

2. **User Interface (UI)**:  
   - The **touch screen** will have a **simple, intuitive design** with a **logo or company branding** on the boot-up screen.  
   - The UI will be **customizable** (e.g., ""skins"") to allow users to personalize the interface.  
   - The remote will **automatically power on** when touched, with a **sleep mode** to conserve battery life.  

3. **Functionality**:  
   - The remote will include **voice recognition** for advanced features (e.g., paging, commands).  
   - A **simple button** will be included for basic functions like paging, even if voice recognition is not fully implemented.  
   - The remote will be **compatible with the device** (e.g., a PDA or smartphone) for seamless integration.  

4. **Market and Aesthetics**:  
   - The design will emphasize **fashion and modern aesthetics**, with a **black and red color scheme**.  
   - The remote will be **targeted at a younger demographic**, with a focus on **sleek, user-friendly design**.  

5. **Development and Testing**:  
   - The team will prioritize **user testing** to ensure the remote is **intuitive and functional**.  
   - The **touch screen** and **battery technology** will be tested for durability and performance.  

6. **Final Decisions**:  
   - The remote will be **plastic-based** with a **touch screen** and **basic functions** for simplicity.  
   - The **logo** will appear on the boot-up screen, and the **UI** will be **customizable** for future updates.  

The project is moving forward with a **plastic remote control** featuring"
pyramidkv,26,baseline,13.259668508287294,0.010752688172043001,0.1934369602763385,False,"The team has completed the project on time and within budget, and the product design has been finalized. The team is now planning to celebrate with a dinner at an Italian restaurant. The project was successful, and the team is excited about the new features and innovations they've implemented, such as the hand dynamo, battery, and new materials. They discussed the importance of teamwork and creativity, and the project manager emphasized the need for a celebration to mark their achievement. The team is looking forward to the upcoming celebration and the future of their project."
pyramidkv,26,sink4,12.101910828025478,0.04313725490196074,0.3877032520325203,False,"**Project Meeting Summary:**

**Project Name:** Hand Dynamo + Battery Power Pack  
**Team:** Industrial Designer, Project Manager, Marketing, User Interface, and Industrial Designer  

**Key Points Discussed:**

1. **Product Features:**  
   - The team discussed adding a **hand dynamo** and a **battery** to the product for power.  
   - A **battery** was initially considered, but the team decided to **remove one** to stay within budget.  
   - A **hand dynamo** was retained for its **fancy design** and **energy efficiency**.  

2. **Design and Functionality:**  
   - The **hand dynamo** was highlighted as a **unique feature** that adds **sustainability** and **innovation**.  
   - The team agreed to **remove one battery** to ensure the product remains **cost-effective** and **eco-friendly**.  

3. **Team Collaboration:**  
   - The team emphasized the importance of **creativity** and **teamwork**.  
   - The **Industrial Designer** suggested **speech recognition** and **location finding** as potential features.  
   - The **User Interface** team proposed **digital pens** and **whiteboards** for better collaboration.  

4. **Project Evaluation:**  
   - The **Project Manager** confirmed that the project is **on track** and **within budget**.  
   - The **Marketing** team praised the **team’s creativity** and **execution**.  
   - The **Industrial Designer** noted the **strong team dynamics** and **innovative ideas**.  

5. **Next Steps:**  
   - The team agreed to **finalize the design** and **move forward** with the **hand dynamo** and **battery** features.  
   - A **celebration** was planned to mark the project’s success, with a **budget check** confirmed to be **within limits**.  

**Conclusion:**  
The team successfully **adjusted the product design** to balance **functionality**, **sustainability**, and **budget**, while maintaining a **creative and collaborative** environment. The project is **on track** for a **successful launch**."
pyramidkv,27,baseline,8.181818181818182,0.03535353535353536,0.26796875,False,"The discussion revolves around the development of a belief-net system for natural language processing, with a focus on integrating XML data and leveraging existing tools to enhance the system's capabilities. The team is exploring the use of XML for annotating discourse and discourse acts, drawing from projects like Michael's work in MATE. They consider using existing packages, such as SmartKom, to annotate data and build a framework for processing discourse annotations. The goal is to create a system that can handle tasks like navigation, where the system would guide users to specific locations, such as the Powder-Tower, by understanding context and intent. The team is also discussing the importance of using XML for data representation and the need to extract features from annotated data to improve the system's performance. They acknowledge the challenges of integrating different tools and the importance of collaboration to ensure the system can adapt to real-world scenarios, such as navigating to a specific address rather than just the geometric center of a building. The meeting concludes with a plan to review the system and discuss the next steps, including the use of XML for data formatting and the potential for future improvements in the system's capabilities."
pyramidkv,27,sink4,7.291666666666667,0.02409638554216864,0.2281334535617674,False,"The discussion revolves around the development of a belief-net system for natural language processing, with a focus on integrating XML data and leveraging existing tools like SmartKom. The group discusses the importance of using annotated data, such as discourse annotations, to train models that can understand and generate human-like responses. They consider the possibility of using existing packages like MATE for annotation and the need for a standardized format (e.g., XML) to structure the data. The team plans to collaborate on selecting and testing a belief-net package, with the goal of creating a system that can handle tasks like navigation and provide more accurate, context-aware responses. They also touch on challenges like handling ambiguous data and the need for a shared understanding of the system's capabilities. The conversation highlights the importance of iterative development, using real-world examples like the Powder-Tower to illustrate the practical applications of their work. The team agrees to proceed with the project, with plans to test and refine the system in the coming weeks."
pyramidkv,28,baseline,7.239819004524888,0.037634408602150504,0.24394463667820065,False,"The discussion revolves around the development of a new remote control for a television that incorporates voice recognition technology, with the goal of making it more user-friendly and intuitive. The team is considering integrating voice recognition to allow users to control the TV without needing a physical remote, which could simplify the user experience. However, there are concerns about the effectiveness of voice recognition from a distance and the need for a physical remote to ensure accuracy. The team is also discussing the design of the remote control, with the idea of having a beeper button to help locate it if it's lost. The remote control would be targeted at the 15-35 age group, emphasizing simplicity and ease of use with a few key buttons and an optional voice recognition feature. The team is also discussing the need for a questionnaire and summary document to be completed and shared, as well as the next steps for the project, including a lunch break and subsequent work sessions. The conversation highlights the importance of balancing technology with user experience and ensuring the product meets the needs of its target audience."
pyramidkv,28,sink4,7.87878787878788,0.03870967741935483,0.3205912334352702,False,"The meeting concluded with a discussion on the features and design considerations for the new remote control and television interface. Key points included:

1. **Voice Recognition**: The team discussed the potential of integrating voice recognition into the remote control to allow users to interact with the television without physical buttons. This would enable users to say commands like ""Watch Channel 5"" instead of using the remote's buttons. However, there were concerns about the remote's placement and the need for a beeper button to help locate it if it's lost.

2. **Remote Control Design**: The remote control was considered to be kept close to the user for better voice recognition accuracy, especially when the user is near the television. The team also discussed the possibility of a beeper button that would alert the user to the remote's location if it's misplaced.

3. **User Interface and Design**: The team emphasized the importance of a simple and intuitive user interface, with only the essential buttons and a menu button. Voice recognition was proposed as an optional feature to enhance usability.

4. **Target Audience**: The product was aimed at the 15-35 age group, focusing on simplicity and ease of use. The design needed to be both functional and trendy to appeal to this demographic.

5. **Technical and Functional Requirements**: The team agreed that the product should have a balance of technical requirements and user-friendly features. They also discussed the need for a questionnaire and summary document to be completed and shared for further development.

6. **Next Steps**: The team planned to review the components concept and prepare for the next meeting after lunch. They also discussed the need to finalize the PowerPoint presentations and ensure they are included in the project documents.

The meeting ended with a plan to continue the discussion on the components concept and to prepare for the next steps in the project."
pyramidkv,29,baseline,22.22222222222222,0.07284768211920534,0.3116883116883117,False,"The discussion revolves around the design and functionality of a universal remote control that can handle multiple actions, such as changing channels, adjusting volume, and recording user actions. The team is considering the features and usability of the remote control, with a focus on user interface and marketing aspects. They are discussing the need for a simple and intuitive interface that can handle a variety of actions, including the ability to record and replay user actions. The project manager is also considering the technical aspects of the remote control, such as the number of buttons and the complexity of the interface. The team is also discussing the importance of user feedback and the need for a universal remote control that can be adapted to different user needs and preferences. The discussion ends with a plan to meet again in thirty minutes to discuss the next steps and to work on the ideas presented."
pyramidkv,29,sink4,15.999999999999998,0.04958677685950408,0.21588089330024818,False,"The discussion revolves around the design and functionality of a universal remote control, focusing on user interface and user experience. The team explores the need for a remote that can handle multiple functions, such as changing channels, adjusting volume, and potentially recording user actions. They consider the importance of a user-friendly interface, the need for a history function to allow users to navigate back to previous actions, and the potential for customization based on user preferences. The team also discusses the possibility of integrating a ""market expert"" feature to help users understand the requirements and specifications for the remote control. The conversation ends with a plan to meet again in thirty minutes to further develop the ideas and specifications for the remote control."
snapkv,0,baseline,8.0,0.058064516129032295,0.26327433628318586,False,"The project team is discussing the design of a new remote control. The goal is to create a product that is sleek, stylish, and functional, with a focus on user experience and originality. The team is considering features that are unique to this remote control, such as a menu-based interface or a screen that allows users to interact with the device without the need for physical buttons. They are also thinking about the battery life of the remote control, as this is a key factor in its usability. The team is also considering the design of the remote control, ensuring that it is intuitive and easy to use for a wide range of users. The discussion highlights the importance of user-centered design and the need to balance functionality with aesthetic appeal. The team is also considering the marketing strategy for the product, ensuring that it will stand out in the market and appeal to a broad audience."
snapkv,0,sink4,7.2727272727272725,0.0,0.1146496815286624,False,"The team is discussing the design of a new remote control. The goal is to create a sleek, user-friendly, and original product that stands out from existing models. They are considering a menu-based interface, reducing the number of physical buttons to make it more intuitive. The remote should be functional yet stylish, with a focus on simplicity and ease of use. They also discussed the importance of battery life and ensuring the product is accessible to a wide range of users, avoiding a steep learning curve. The team agreed to finalize the design and move on to the next steps, with specific instructions to be provided later."
snapkv,1,baseline,13.496932515337424,0.0757575757575758,0.31931668856767415,False,"The project is about designing a remote control device with a screen, battery, and buttons. The team is discussing the design, functionality, and cost of the device. They are considering using a joystick or a scroll wheel for navigation, and they are also discussing the cost of the components. The project manager is ensuring that the design is user-friendly and affordable. The team is also considering the use of a keyboard or a mouse for input, but they are leaning towards a joystick or a scroll wheel for a more intuitive experience. The project is in the early stages of development, and the team is working on the design and functionality of the device. The goal is to create a remote control that is easy to use, affordable, and has a good user experience."
snapkv,1,sink4,10.232558139534882,0.03703703703703709,0.285835453774385,False,"The project team is discussing the design of a new remote control device, focusing on its functionality, cost, and user experience. Key points include:

- **Design Concept**: The remote control should be small, compact, and user-friendly, possibly resembling a joystick or a PlayStation-style controller. It should have a screen (LCD) and buttons for navigation.
- **User Interface**: The remote should have a simple, intuitive interface with a scroll wheel or buttons for navigation. The design should be ergonomic, with a rubberized surface for better grip.
- **Cost Considerations**: The team is considering using a standard battery and a regular chip, as kinetic or more advanced components may be too expensive.
- **Functionality**: The remote should be easy to use, with a focus on simplicity and ease of operation. It should be suitable for younger users and should not be too complex.
- **Final Design**: The team agrees on a compact, user-friendly design with a screen and buttons, and they plan to finalize the design and present it for the next meeting.

The meeting concludes with the team agreeing on the design and planning to finalize the details for the next meeting."
snapkv,2,baseline,5.882352941176471,0.7851662404092071,0.841875248311482,True,"The summary of the text is as follows:

The text is a conversation between several individuals, primarily focusing on a project called ""Disfmarker"" (a fictional or invented term). The conversation starts with a discussion about a ""Disfmarker"" (a fictional or invented term), which is described as a tool or system that can be used to analyze or build something. The conversation is between several individuals, who are discussing the ""Disfmarker"" and its potential uses or applications.

The conversation starts with a person (called ""B"") who is discussing the ""Disfmarker"" and its potential uses. The conversation is between several individuals, who are discussing the ""Disfmarker"" and its potential uses or applications.

The conversation is about a ""Disfmarker"" (a fictional or invented term), which is described as a tool or system that can be used to analyze or build something. The conversation is between several individuals, who are discussing the ""Disfmarker"" and its potential uses or applications.

The conversation is about a ""Disfmarker"" (a fictional or invented term), which is described as a tool or system that can be used to analyze or build something. The conversation is between several individuals, who are discussing the ""Disfmarker"" and its potential uses or applications.

The conversation is about a ""Disfmarker"" (a fictional or invented term), which is described as a tool or system that can be used to analyze or build something. The conversation is between several individuals, who are discussing the ""Disfmarker"" and its potential uses or applications.

The conversation is about a ""Disfmarker"" (a fictional or invented term), which is described as a tool or system that can be used to analyze or build something. The conversation is between several individuals, who are discussing the ""Disfmarker"" and its potential uses or applications.

The conversation is about a ""Disfmarker"" (a fictional or invented term), which is described as a tool or system that can be used to analyze or build something. The conversation is between several individuals, who are discussing the ""Disfmarker"" and its potential uses or applications.

The conversation is about a ""Disfmarker"" (a fictional or invented term), which is described as a tool or system that can be used to analyze or build something. The conversation is between several individuals, who are discussing the ""Disfmarker"" and its potential uses or applications.

The conversation is about a ""Disfmarker"" (a fictional or invented term), which is"
snapkv,2,sink4,5.7507987220447285,0.23948220064724923,0.48537170263788965,False,"The discussion revolves around the development of a formalization task for a project involving natural language processing and computational linguistics. The group is working on creating a system that can analyze and understand human language, with a focus on building a construction analyzer that can be used in both academic and applied contexts. The team is considering using existing tools and frameworks, such as the construction analyzer that Nancy needs for child language modeling, and they are exploring ways to integrate these tools into their project.

Key points discussed include:

1. **Formalization Task**: The group is working on a formalization task to create a system that can analyze and understand human language. This involves building a construction analyzer that can be used in both academic and applied contexts.

2. **Integration with Existing Tools**: The team is considering using existing tools and frameworks, such as the construction analyzer that Nancy needs for child language modeling, and they are exploring ways to integrate these tools into their project.

3. **Collaboration and Teamwork**: The discussion highlights the importance of collaboration and teamwork in the project. The team is working together to build the system, with each member contributing their expertise and ideas.

4. **Challenges and Solutions**: The team is facing challenges in integrating different components of the system and ensuring that the construction analyzer works effectively. They are discussing potential solutions and strategies to overcome these challenges.

5. **Future Plans**: The team is planning to continue working on the project, with a focus on completing the formalization task and integrating the construction analyzer into their system. They are also discussing the possibility of involving other researchers and students in the project.

Overall, the discussion is focused on the development of a system that can analyze and understand human language, with a strong emphasis on collaboration, integration, and the use of existing tools and frameworks."
snapkv,3,baseline,8.30670926517572,0.08580858085808585,0.3714821763602252,False,"**Summary of the Meeting:**

The meeting focused on the **design and presentation of a product prototype** for a **mug with a red button**. The team discussed the **challenges of creating a functional and visually appealing product** while adhering to **budget and design constraints**. Here's a breakdown of the key points and discussions:

---

### **1. Project Overview and Challenges**
- The team was tasked with **designing a mug** with a **red button** (likely a **touch-sensitive or interactive feature**).
- The **main challenge** was to **balance functionality** with **aesthetic appeal**, while keeping the **cost low** and the **design simple**.
- The **prototype** was **initially blank**, with **no pre-designed elements**, which led to **creative freedom** but also **uncertainty** about the final outcome.

---

### **2. Design and Presentation**
- **Industrial Designer**:
  - Started with **blank slides**, then **added slides** and **modified the design** (e.g., **red button**, **background**, **tongue-like shape**).
  - **Deleted slides** to simplify the design.
  - **Felt the design was a ""happy face""** and **suggested it looked like a tongue** from a previous design.
  - **Worried about the product's appearance** and **potential for failure** if it looked too unrefined.

- **Marketing**:
  - **Felt the design was too simple** and **lacked innovation**.
  - **Worried about the product's marketability**, suggesting it might need **extensive marketing** to stand out.
  - **Compared the design to a ""happy face""** and **questioned its uniqueness**.

- **Project Manager**:
  - **Acknowledged the design's simplicity** and **lacked a clear concept**.
  - **Suggested the design should focus on functionality** rather than **overly complex concepts**.
  - **Worried about the budget** and **whether the project was on track**.

- **User Interface**:
  - **Added many slides** and **modified the design** (e.g., **tongue-like shape**, **red button**).
  - **Compared the design to a ""tongue""** from a previous project.
  - **Worried about the product's appearance** and **potential for failure**.

---

### **3."
snapkv,3,sink4,9.06515580736544,0.06006006006006004,0.3994650022291574,False,"The meeting was a discussion about a project involving the design and presentation of a product, likely a mug or similar item. The team, consisting of a Project Manager, Industrial Designer, and Marketing professional, discussed the challenges of creating a product that is both functional and visually appealing. They explored the balance between form and function, the importance of user experience, and the role of design in product development.

Key points from the discussion include:

1. **Design and Functionality**: The team emphasized the need to balance aesthetics with practicality. The product should be functional but also visually engaging, with a design that is both innovative and user-friendly.

2. **User Experience**: The team discussed the importance of user experience, including the need for intuitive design and the role of user feedback in shaping the product.

3. **Project Management**: The Project Manager highlighted the challenges of managing the project, including time constraints, resource allocation, and the need for clear communication among team members.

4. **Marketing and Presentation**: The Marketing professional emphasized the importance of a strong visual identity and the need to make the product stand out in a competitive market. They also discussed the role of branding and how the product should be presented to potential customers.

5. **Team Collaboration**: The team acknowledged the importance of collaboration and the need for open communication to ensure that all perspectives are considered in the design and development process.

6. **Technology and Innovation**: The discussion touched on the role of technology in product development, including the use of digital tools and the impact of the internet on modern design and communication.

7. **Final Thoughts**: The team concluded the meeting with a sense of accomplishment, acknowledging the challenges they faced and the progress made. They agreed to continue working on the project and to refine their approach based on the feedback and insights gained during the meeting.

Overall, the meeting was a productive discussion that highlighted the importance of design, functionality, and teamwork in the development of a successful product."
snapkv,4,baseline,4.137931034482759,0.11371237458193983,0.42864610559330896,False,"The team is discussing the design of a new remote control device, focusing on the user interface and product evaluation. The goal is to create a remote control that is both functional and aesthetically pleasing, with a design that follows current trends in the industry.

Key points from the discussion include:

1. **User Interface Design**: The team is working on a new prototype using modeling clay. The design should be intuitive and easy to use, with a focus on simplicity and functionality.

2. **Product Evaluation**: The team is evaluating the remote control's features, including the speech recognition function, buttons, and themes like fruit and vegetable shapes. The goal is to make the remote control visually appealing and functional.

3. **Trends and Materials**: The team is considering using materials that are both spongy and futuristic, such as titanium or rubber. The design should incorporate these materials to create a modern and appealing look.

4. **Functionality and Usability**: The remote control should have a simple interface with a minimal number of buttons, each performing a single function. This will make the device easier to use and more user-friendly.

5. **Design and Aesthetics**: The team is exploring the use of fruit and vegetable themes to make the remote control visually appealing. The design should also be practical, with a focus on functionality and ease of use.

6. **Future Considerations**: The team is considering the long-term usability of the remote control, including the use of batteries and the need for a simple, intuitive interface.

In summary, the team is working on a new remote control design that combines functionality with aesthetic appeal, following current trends in the industry. The goal is to create a device that is both practical and visually appealing, with a user-friendly interface and a design that incorporates modern materials and trends."
snapkv,4,sink4,4.048582995951417,0.06172839506172845,0.35070508890251384,False,"The team is discussing the design of a new remote control device, focusing on its user interface, functionality, and design trends. Key points include:

1. **User Interface and Functionality**: The remote control should have a speech recognition feature, buttons, and a user-friendly interface. The team is considering a minimalist design with a limited number of buttons to enhance usability.

2. **Design Trends**: The remote control should incorporate a ""fancy"" design, inspired by natural elements like fruits and vegetables. This includes a spongy, soft texture and a fruit-like appearance, possibly with a titanium-like smell or a rubbery feel.

3. **Material and Aesthetics**: The team is exploring materials that are both functional and visually appealing. They are considering a combination of rubber and titanium for a unique, modern look.

4. **Trends and Innovation**: The remote control should stand out by incorporating innovative features that align with current trends, such as a speech recognition system and a sleek, modern design. The team is also considering how to make the remote control visually and tactilely appealing to users.

5. **Prototyping and Testing**: The team plans to use modeling clay to create a prototype, testing different shapes and materials. They aim to balance functionality with aesthetics, ensuring the remote control is both practical and visually appealing.

6. **Final Design**: The team is considering a design that combines a spongy, fruit-like texture with a titanium-like appearance, aiming to create a unique and user-friendly remote control that aligns with current design trends."
snapkv,5,baseline,5.245901639344262,0.0357142857142857,0.33961328705999005,False,"The discussion revolves around the development and evaluation of a speech recognition system, with a focus on improving performance using machine learning techniques, particularly neural networks. Key points include:

1. **Neural Network Training**: The team is exploring the use of neural networks (e.g., MLPs) to improve the performance of their speech recognition system. They are testing different architectures and training strategies to optimize results.

2. **Data and Features**: The system uses features like PLP (Perceptual Linear Predictive Coding) and log-domain normalization. They are experimenting with different feature sets and normalization techniques to enhance performance.

3. **Training and Optimization**: The team is considering using a larger dataset (e.g., from the OGI) to train the model. They are also exploring ways to reduce computational costs (e.g., using less memory and CPU resources) while maintaining performance.

4. **Evaluation and Comparison**: The team is comparing the performance of their system with other approaches (e.g., log-RASTA, which is a type of log-domain feature extraction). They are also evaluating the effectiveness of combining multiple models or features.

5. **Challenges and Trade-offs**: The team is aware of the trade-offs between model complexity, computational resources, and performance. They are trying to balance these factors to achieve the best results.

6. **Collaboration and Feedback**: The discussion highlights the importance of collaboration with other researchers (e.g., Sunil) and the need to integrate feedback from different teams to improve the system.

7. **Future Work**: The team is considering further improvements, such as exploring multi-band neural networks or other architectures that might better handle temporal variations in speech data.

In summary, the discussion focuses on optimizing a speech recognition system using neural networks, with an emphasis on feature selection, training strategies, and computational efficiency."
snapkv,5,sink4,5.787781350482315,0.07770270270270274,0.4100647732934728,False,"The discussion revolves around the development and evaluation of a speech recognition system, focusing on the use of neural networks and the challenges of training and optimizing the model. Key points include:

1. **Neural Network Training**: The team is exploring the use of neural networks (MLPs) to improve the performance of their speech recognition system. They are considering whether to use a single neural network or multiple networks, depending on the results.

2. **Training Data and Features**: The team is working with a large amount of training data and is trying to optimize the features used for training. They are also considering the impact of different training targets and noise conditions on the model's performance.

3. **Resource Constraints**: There is a discussion about the computational resources required, including CPU and memory usage. The team is aware of the limitations and is trying to balance performance with resource efficiency.

4. **Evaluation and Improvement**: The team is evaluating the system's performance on different test sets and is looking for ways to improve the model. They are considering combining multiple features and models to enhance the system's accuracy.

5. **Collaboration and Feedback**: The team is working closely with other researchers and is open to feedback and improvements. They are also discussing the potential for integrating different approaches, such as multi-band processing and neural networks, to enhance the system.

6. **Challenges and Future Work**: The team acknowledges the challenges of training and optimizing the model, including the need for extensive testing and the importance of balancing different aspects of the system. They are also considering future work, such as exploring new architectures and techniques to improve performance.

Overall, the discussion highlights the ongoing efforts to refine the speech recognition system, address technical challenges, and optimize the model for better performance and efficiency."
snapkv,6,baseline,5.513784461152882,0.10933333333333328,0.41652754590984975,False,"The discussion revolves around the development of a belief network (or belief system) for a project involving XML data and natural language processing. The key points and concepts discussed include:

1. **XML and Data Representation**: The team is working with XML data, which is a structured format for representing information. They are using XML to store and process data, which is a common practice in natural language processing (NLP) and machine learning.

2. **Belief Networks (Bayesian Networks)**: The team is exploring the use of belief networks (a type of probabilistic graphical model) to represent and process data. These networks are used to model the relationships between variables and can be used for tasks like classification, prediction, and inference.

3. **Data Collection and Annotation**: The team is considering using annotated data from the MATE (Multimodal Annotation Tool for English) project. This data includes discourse annotations at various levels of detail, from high-level discourse acts to phonetic levels. This data could be used to train and evaluate their belief network.

4. **Tools and Libraries**: The team is considering using the MATE library, which provides tools for working with XML data and discourse annotations. They are also exploring the use of other libraries and tools, such as the Java package for XML processing, to facilitate their work.

5. **Time and Resource Constraints**: The team is aware of the time and resource constraints of their project. They are planning to use existing tools and libraries to speed up development and reduce the need for custom code. However, they are also aware that the project may require additional resources and time to complete.

6. **Future Work and Collaboration**: The team is planning to collaborate with other researchers and developers to leverage existing tools and libraries. They are also considering the use of a belief network to model the relationships between variables in their data, which could help them make predictions and inferences based on the data.

In summary, the team is working on a project that involves the development of a belief network for XML data and natural language processing. They are using existing tools and libraries to facilitate their work and are considering the use of annotated data from the MATE project to improve the accuracy and effectiveness of their model."
snapkv,6,sink4,6.79886685552408,0.03625377643504535,0.3232613908872902,False,"The discussion revolves around the development of a belief network for a system that processes natural language, with a focus on integrating XML data and leveraging existing tools and libraries. Key points include:

1. **XML Integration**: The group is considering using XML for data representation, as it is a common format for structured data. They are exploring how to use XML to annotate and process discourse data, which could be useful for tasks like sentiment analysis or discourse act recognition.

2. **Belief Networks**: The team is working on building a belief network, which is a type of probabilistic graphical model. They are discussing how to design and populate this network using existing data and tools. The goal is to create a system that can learn from data and make predictions or inferences.

3. **Data Sources**: They are considering using existing datasets and annotations, such as those from the MATE project, which annotates discourse data. This could help in training the belief network with real-world examples.

4. **Tools and Libraries**: The group is evaluating the use of Java libraries, such as the MATE library, which provides tools for discourse analysis. They are also considering other tools that might be useful for their project.

5. **Time and Collaboration**: The team is planning to work on the project over the next few days, with a focus on setting up the infrastructure and starting with a prototype. They are also discussing how to collaborate effectively, with some members taking on specific tasks.

6. **Challenges**: They acknowledge that there are challenges, such as ensuring the system can handle different data formats and that the belief network can be populated with relevant features. They are also considering the need for a clear plan and timeline.

7. **Future Work**: The discussion ends with a mention of the Powder-Tower, a historical reference to the importance of accurate data and the need for the system to navigate complex scenarios effectively, much like how the Powder-Tower was a key location in historical navigation."
snapkv,7,baseline,1.5113350125944585,0.06205250596658707,0.40376106194690264,False,"The Welsh Government has introduced a new childcare scheme, the ""Childcare Offer,"" which aims to provide 30 hours of free childcare per week for working parents in Wales. The scheme is designed to support working parents by offering them access to high-quality, registered childcare providers. The initiative is part of a broader effort to improve the quality of early years education and support families in balancing work and childcare responsibilities.

### Key Points of the Scheme:
1. **Eligibility**: The scheme is open to working parents who have a child under the age of five. Parents who are on incapacity benefit or who are working full-time are eligible for the 30 hours of free childcare per week.

2. **Quality of Care**: The scheme emphasizes the importance of high-quality, registered, and inspected childcare providers. This ensures that children receive a consistent and high standard of care, which is essential for their development and well-being.

3. **Integration with Other Services**: The scheme is integrated with other early years initiatives, such as the ""Team Around the Family"" approach, which aims to provide a holistic support system for families. This includes access to educational and social services that can help parents and children.

4. **Affordability and Accessibility**: The scheme is designed to be affordable for families, with the cost of childcare being covered by the government. This is intended to make childcare accessible to a wider range of families, including those with lower incomes.

5. **Impact on Child Development**: The scheme is expected to have a positive impact on child development, as it provides children with access to high-quality, structured environments that can support their learning and growth.

6. **Public Policy Institute for Wales (PPIW) Report**: A report by the PPIW suggested that the scheme would have minimal impact on net income, poverty, or work behavior for families with children. However, the Welsh Government has emphasized the importance of real-life evidence and the need to ensure that the scheme is accessible and beneficial to all families.

7. **Integration with UK Tax-Free Childcare**: The Welsh Government is also considering how to integrate the new childcare scheme with the UK's tax-free childcare offer. This would ensure that parents have access to a range of support options, including tax-free childcare, which can help reduce the financial burden on families.

### Conclusion:
The new childcare scheme in Wales is a significant step towards improving access to high-quality childcare for working parents. By providing 30 hours of free childcare per week, the scheme aims to support families in balancing work and"
snapkv,7,sink4,1.923076923076923,0.13149847094801226,0.43684992570579495,False,"The Welsh Government has introduced a new childcare offer, which is part of a broader strategy to support working families and improve child development. The scheme, known as the ""Team Around the Family"" initiative, aims to provide 10 hours of free childcare per week for children aged 3 to 5 years, with the goal of supporting parents who are working and ensuring that children receive high-quality early education and care. The scheme is designed to be integrated with existing childcare provision and is being piloted in several areas, including Gwynedd, where it is being combined with the ""Team Around the Family"" approach.

The scheme is intended to be affordable and accessible to all families, with a focus on supporting disadvantaged families and ensuring that children have access to high-quality early education. The Welsh Government has also emphasized the importance of quality in childcare, with a focus on registered inspected providers and the need to ensure that the provision is aligned with the broader goals of child development and early years education.

The scheme is part of a larger effort to improve the quality of childcare in Wales and to ensure that all children have access to the best possible start in life. The Welsh Government has also highlighted the importance of integrating the new childcare offer with existing support, such as the UK's tax-free childcare scheme, to ensure that parents have access to a range of options that can support their work and family life.

The scheme is being piloted in several areas, and the Welsh Government is working closely with local authorities and providers to ensure that the offer is implemented effectively. The goal is to create a system that is both affordable and of high quality, ensuring that all children have access to the best possible early education and care. The Welsh Government is also committed to ensuring that the scheme is accessible to all families, including those who may be facing financial difficulties or other challenges."
snapkv,8,baseline,7.8431372549019605,0.05555555555555558,0.2532051282051282,False,"The speaker is discussing the development and evaluation of speech recognition systems, particularly focusing on the use of hybrid systems and the importance of dictionary and alignment improvements. They mention the challenges of adapting systems to different tasks and the need for careful evaluation of performance metrics. The conversation also touches on the use of neural networks and the importance of training data in improving system accuracy. The speaker emphasizes the need for continuous improvement and the value of comparing different approaches to determine the most effective method for speech recognition tasks."
snapkv,8,sink4,7.8431372549019605,0.07608695652173914,0.2778649921507065,False,"The speaker is discussing the development and evaluation of speech recognition systems, particularly focusing on the use of neural networks and the challenges of adapting models to different tasks. They mention the importance of dictionary training, the impact of different training data, and the role of hybrid systems in improving performance. The conversation also touches on the differences between systems, the use of embedded training, and the challenges of adapting models to new tasks. The speaker emphasizes the need for careful evaluation and the importance of understanding the underlying factors that influence model performance."
snapkv,9,baseline,0.0,0.0,0.0,False,
snapkv,9,sink4,6.31578947368421,0.005780346820809301,0.21065989847715738,False,"The discussion revolves around the design of a remote control interface, focusing on the number of buttons, their functionality, and user experience. Key points include:

- **Number of Buttons**: The group considers whether to use three buttons for basic functions (e.g., channel change, volume control) or more for advanced features.
- **User Experience**: There is a focus on simplicity and ease of use, with discussions about how users interact with the remote, including the need for a ""back"" or ""history"" button to navigate through previous actions.
- **Functionality**: The remote should support common actions like changing channels, adjusting volume, and possibly recording or replaying sequences of actions.
- **Design Considerations**: The group discusses the balance between simplicity and functionality, ensuring the remote is intuitive and user-friendly.
- **Future Enhancements**: There is a mention of potential future features, such as learning from user behavior or adapting to different user preferences (e.g., left-handed vs. right-handed users).

The meeting concludes with a plan to meet again in thirty minutes to further develop the ideas and finalize the design."
snapkv,10,baseline,7.547169811320756,0.06649616368286448,0.40708661417322833,False,"The meeting discussed several key topics and decisions related to the project, including the use of wireless microphones, the setup of a hand-held microphone system, and the planning of a meeting with John Fiscus. Here is a summary of the main points and decisions made:

1. **Wireless Microphones and Hand-Held Systems**:  
   - The group discussed the use of wireless microphones, with a focus on ensuring they are compatible with the existing setup.  
   - A hand-held microphone system was considered, with the idea of passing it around to participants. However, the group decided that a lapel microphone might be more suitable for the environment, as it reduces the risk of noise and interference.  
   - A wireless transmitter was mentioned as a potential solution, but the group agreed that a wired system might be simpler and more reliable for now.  

2. **Transcription and Data Analysis**:  
   - The team discussed the progress of transcriptions, with the goal of completing 12 hours of transcription by the end of the month.  
   - A plan was proposed to have transcribers meet to discuss their findings and observations, which would help refine the transcription process and improve accuracy.  
   - This meeting would be a ""meta-meeting"" where transcribers could share insights and feedback, fostering collaboration and improving the quality of the work.  

3. **John Fiscus Visit**:  
   - The group planned to host John Fiscus for a visit, with a schedule that included an introduction to the project, a discussion on acoustic engineering, and a presentation on NIST’s work.  
   - The meeting was scheduled for the afternoon, with the goal of completing as much of the discussion as possible before lunch.  

4. **Technical and Logistical Considerations**:  
   - The group considered the use of a wireless microphone system, but opted for a wired setup to avoid complications.  
   - A hand-held microphone was proposed for use in the meeting, with the idea of passing it around to participants.  
   - The group also discussed the importance of recording the meeting to capture insights and feedback from transcribers.  

5. **Future Plans and Collaboration**:  
   - The team emphasized the importance of collaboration and shared knowledge, with plans to involve transcribers in discussions and feedback sessions.  
   - The project was described as a long-term effort, with the goal of improving the transcription process and ensuring high-quality results.  

The meeting concluded with a decision to proceed with the wired"
snapkv,10,sink4,6.6115702479338845,0.07336956521739135,0.388545529460239,False,"The meeting discussed several key topics and decisions related to the project, including the use of microphones, the setup of a wireless communication system, and the organization of meetings for data transcription and analysis. Here's a summary of the main points:

1. **Microphone Setup**: The group discussed the use of wireless microphones, with a focus on ensuring clear audio for participants. They considered using a lapel microphone or a hand-held one, but ultimately decided that a wireless system would be more practical for a group of 20 people. They also discussed the possibility of using a transmitter and receiver system to ensure clear communication.

2. **Wireless Communication**: The group considered the possibility of using a wireless microphone system, with the understanding that it would require a transmitter and receiver. They also discussed the need for a receiver in the other room, as well as the potential for a separate antenna on the microphone.

3. **Meeting Organization**: The group discussed the need for a structured meeting to transcribe data, with the goal of having transcriptions completed by a certain date. They also considered the possibility of having transcribers talk about their work in a separate meeting, which would be a ""meta-meeting"" to discuss the transcription process and observations.

4. **Project Work**: A graduate student, Espen Eriksen, introduced himself and mentioned that he is working on a project related to echo cancellation and overlapping speech in a research project. He is taking a course with Dave Gelbart and is working with Dan Ellis to develop a solution for handling overlapping speech.

5. **Future Plans**: The group discussed the possibility of having a meeting with John Fiscus, who is visiting from NIST. The meeting would include discussions on acoustic engineering, transcription processes, and the establishment of a global encoding standard for transcription.

6. **Other Topics**: The group also discussed the need for a recording of the meeting, the use of a specific room for demonstrations, and the importance of clear communication and coordination among team members.

Overall, the meeting focused on organizing the project, ensuring clear communication, and planning for future meetings and discussions. The group emphasized the importance of collaboration, clear communication, and the use of technology to enhance the project's success."
snapkv,11,baseline,4.477611940298507,0.06205250596658707,0.40376106194690264,False,"The Welsh Government has introduced a new childcare scheme, the ""Childcare Offer,"" which aims to provide 30 hours of free childcare per week for working parents in Wales. The scheme is designed to support working parents by offering them access to high-quality, registered childcare providers. The initiative is part of a broader effort to improve the quality of early years education and support families in balancing work and childcare responsibilities.

### Key Points of the Scheme:
1. **Eligibility**: The scheme is open to working parents who have a child under the age of five. Parents who are on incapacity benefit or who are working full-time are eligible for the 30 hours of free childcare per week.

2. **Quality of Care**: The scheme emphasizes the importance of high-quality, registered, and inspected childcare providers. This ensures that children receive a consistent and high standard of care, which is essential for their development and well-being.

3. **Integration with Other Services**: The scheme is integrated with other early years initiatives, such as the ""Team Around the Family"" approach, which aims to provide a holistic support system for families. This includes access to educational and social services that can help parents and children.

4. **Affordability and Accessibility**: The scheme is designed to be affordable for families, with the cost of childcare being covered by the government. This is intended to make childcare accessible to a wider range of families, including those with lower incomes.

5. **Impact on Child Development**: The scheme is expected to have a positive impact on child development, as it provides children with access to high-quality, structured environments that can support their learning and growth.

6. **Public Policy Institute for Wales (PPIW) Report**: A report by the PPIW suggested that the scheme would have minimal impact on net income, poverty, or work behavior for families with children. However, the Welsh Government has emphasized the importance of real-life evidence and the need to ensure that the scheme is accessible and beneficial to all families.

7. **Integration with UK Tax-Free Childcare**: The Welsh Government is also considering how to integrate the new childcare scheme with the UK's tax-free childcare offer. This would ensure that parents have access to a range of support options, including tax-free childcare, which can help reduce the financial burden on families.

### Conclusion:
The new childcare scheme in Wales is a significant step towards improving access to high-quality childcare for working parents. By providing 30 hours of free childcare per week, the scheme aims to support families in balancing work and"
snapkv,11,sink4,3.785488958990536,0.13149847094801226,0.43684992570579495,False,"The Welsh Government has introduced a new childcare offer, which is part of a broader strategy to support working families and improve child development. The scheme, known as the ""Team Around the Family"" initiative, aims to provide 10 hours of free childcare per week for children aged 3 to 5 years, with the goal of supporting parents who are working and ensuring that children receive high-quality early education and care. The scheme is designed to be integrated with existing childcare provision and is being piloted in several areas, including Gwynedd, where it is being combined with the ""Team Around the Family"" approach.

The scheme is intended to be affordable and accessible to all families, with a focus on supporting disadvantaged families and ensuring that children have access to high-quality early education. The Welsh Government has also emphasized the importance of quality in childcare, with a focus on registered inspected providers and the need to ensure that the provision is aligned with the broader goals of child development and early years education.

The scheme is part of a larger effort to improve the quality of childcare in Wales and to ensure that all children have access to the best possible start in life. The Welsh Government has also highlighted the importance of integrating the new childcare offer with existing support, such as the UK's tax-free childcare scheme, to ensure that parents have access to a range of options that can support their work and family life.

The scheme is being piloted in several areas, and the Welsh Government is working closely with local authorities and providers to ensure that the offer is implemented effectively. The goal is to create a system that is both affordable and of high quality, ensuring that all children have access to the best possible early education and care. The Welsh Government is also committed to ensuring that the scheme is accessible to all families, including those who may be facing financial difficulties or other challenges."
snapkv,12,baseline,7.3170731707317085,0.8631090487238979,0.8981552651806303,True,"The summary of the meeting is as follows:

- The meeting was held in private, as requested by the Chair.
- The Minister, Julie Morgan, and the Deputy Minister, Julie Morgan, provided updates on the situation in the childcare sector, the impact of the coronavirus on the sector, and the measures being taken to support the sector.
- The Minister, Julie Morgan, and the Deputy Minister, Julie Morgan, also provided updates on the situation in the childcare sector, the impact of the coronavirus on the sector, and the measures being taken to support the sector.
- The Minister, Julie Morgan, and the Deputy Minister, Julie Morgan, also provided updates on the situation in the childcare sector, the impact of the coronavirus on the sector, and the measures being taken to support the sector.
- The Minister, Julie Morgan, and the Deputy Minister, Julie Morgan, also provided updates on the situation in the childcare sector, the impact of the coronavirus on the sector, and the measures being taken to support the sector.
- The Minister, Julie Morgan, and the Deputy Minister, Julie Morgan, also provided updates on the situation in the childcare sector, the impact of the coronavirus on the sector, and the measures being taken to support the sector.
- The Minister, Julie Morgan, and the Deputy Minister, Julie Morgan, also provided updates on the situation in the childcare sector, the impact of the coronavirus on the sector, and the measures being taken to support the sector.
- The Minister, Julie Morgan, and the Deputy Minister, Julie Morgan, also provided updates on the situation in the childcare sector, the impact of the coronavirus on the sector, and the measures being taken to support the sector.
- The Minister, Julie Morgan, and the Deputy Minister, Julie Morgan, also provided updates on the situation in the childcare sector, the impact of the coronavirus on the sector, and the measures being taken to support the sector.
- The Minister, Julie Morgan, and the Deputy Minister, Julie Morgan, also provided updates on the situation in the childcare sector, the impact of the coronavirus on the sector, and the measures being taken to support the sector.
- The Minister, Julie Morgan, and the Deputy Minister, Julie Morgan, also provided updates on the situation in the childcare sector, the impact of the coronavirus on the sector, and the measures being taken to support the sector.
- The Minister, Julie Morgan, and the Deputy Minister, Julie Morgan, also provided updates on the situation in the childcare sector, the impact of the coronavirus on the sector, and the measures being taken"
snapkv,12,sink4,9.00900900900901,0.0658227848101266,0.4258373205741627,False,"The committee met to discuss the impact of the coronavirus pandemic on children's services, particularly in the context of childcare, social care, and the legal system. Key points included:

1. **Childcare Sector**: The Welsh Government has not relaxed regulations for children's social care. Assessments for child protection and safeguarding continue, with a focus on supporting vulnerable children, including young carers. The government has introduced a coronavirus childcare assistance scheme to support critical workers and families with vulnerable children. However, some childcare providers are struggling due to reduced demand and financial constraints, with some falling between the cracks of support systems.

2. **Support for Childcare Providers**: The government is working to address the financial challenges faced by childcare providers, including the double funding issue and the need for a bespoke support package. Some providers are accessing funding through the small business rate relief scheme and the economic resilience fund, but there are ongoing discussions about how to better support the sector.

3. **Social Care**: The government has maintained its commitment to social care services, ensuring that children's needs are assessed and that social workers can maintain contact with vulnerable children. The use of technology has been essential in maintaining contact and providing support during the pandemic.

4. **Family Courts**: The family courts have adapted to the pandemic by moving many hearings online, with more complex cases being postponed. The government has issued guidance to parents and families, emphasizing the importance of maintaining child arrangement orders and the need for flexibility in cases where children are moving between households.

5. **Technology and Communication**: The use of technology has been crucial in maintaining communication and support for children and families, especially in the context of social distancing and lockdown measures. The government has emphasized the importance of ensuring that all vulnerable children have access to the necessary technology to maintain contact with social workers and other key workers.

6. **Future Plans**: The government is working to ensure that the childcare and social care sectors can recover from the pandemic, with a focus on providing targeted support and addressing the challenges faced by providers. The committee acknowledged the importance of children's rights and the need for continued focus on their well-being in the context of the pandemic.

The meeting concluded with a commitment to continue supporting children and families, ensuring that their needs are met in the face of ongoing challenges."
snapkv,13,baseline,10.152284263959391,0.0,0.22801932367149758,False,"The project team successfully completed the banana-shaped remote control with a vibrating feature, which was designed to be both functional and visually appealing. The project involved a collaborative effort with regular meetings, where team members worked individually and then came together to share ideas. The team used a whiteboard and digital pens to document their ideas, and they faced some challenges with time constraints and budget limitations. Despite these challenges, the project was completed on time and within budget, with the remote control being a creative and innovative solution. The team expressed satisfaction with the outcome, and they considered the product a success. The project highlighted the importance of teamwork, creativity, and adaptability in the face of challenges. The team also discussed the potential for further innovation and the need to protect their ideas through patents. The meeting concluded with a positive evaluation of the project, and the team was ready to move forward with the next steps."
snapkv,13,sink4,10.989010989010989,0.04195804195804198,0.24232081911262804,False,"The meeting was a successful collaboration between the team, focusing on the design and development of a new product, a remote control shaped like a banana that vibrates. The team worked individually and then came together for a meeting to discuss their progress and evaluate the project. They used a whiteboard and digital pens to brainstorm and document their ideas. The project was completed within the budget, and the team felt that the process was effective, despite some time constraints and the need to make quick decisions. The remote control was praised for its innovative design, and the team expressed interest in potentially patenting the idea. The meeting concluded with a positive evaluation of the project, and the team agreed to proceed with the next steps. The meeting was productive, and the team felt that they had achieved their goals within the given time frame."
snapkv,14,baseline,11.176470588235293,0.07667731629392971,0.37020428500249125,False,"The team is discussing the design of a new remote control device with a focus on user interface, industrial design, and marketing. Key points include:

1. **Remote Control Design**: The team is considering a remote control with a spinning wheel and a screen (LCD) for interaction. The device will have a curved, rubber-covered case and rubber buttons for a tactile experience.

2. **Industrial Design**: The remote will be made of rubber for the case and buttons, with a minimalist, ""vegetable"" aesthetic (using colors like yellow, green, and purple). The design will incorporate a spinning wheel and an LCD screen for a modern, trendy look.

3. **User Interface**: The team is considering a voice recognition feature, which would be integrated with the LCD and spinning wheel. The remote will also have physical buttons for basic functions, with the LCD and spinning wheel for more advanced interactions.

4. **Marketing and Product Evaluation**: The team is discussing the use of company colors for the remote's design, aiming for a cohesive and trendy look. They are also considering the use of advanced integrated circuits (ICs) for the LCD and voice recognition features.

5. **Project Management**: The team is planning to use modeling clay to create a prototype, with the Industrial Designer and User Interface Designer working on the look and feel and user interface, respectively. The Marketing Expert will focus on product evaluation and market positioning.

6. **Technical Considerations**: The team is considering the use of a simple battery for power, as it is a safer and more cost-effective option compared to kinetic energy. They are also discussing the feasibility of incorporating solar panels, but this is not possible due to the rubber material used in the design.

The final design will feature a curved, rubber-covered case with a minimalist aesthetic, an LCD screen, a spinning wheel, and voice recognition capabilities, all while maintaining a budget-friendly and user-friendly approach."
snapkv,14,sink4,8.284023668639053,0.1428571428571429,0.41685545990031714,False,"The team is working on designing a new remote control device with a focus on user experience, aesthetics, and functionality. Key points from the discussion include:

1. **Design and Materials**:
   - The remote control will have a **curved, rubber-covered case** on one side and a **flat, minimalist design** on the other.
   - The **buttons** will be made of **rubber** for a tactile feel.
   - The **case** will be made of **rubber** for a modern, flexible look.
   - The **buttons** will be **rubber** for a soft, grippy texture.

2. **User Interface and Features**:
   - The remote will include a **spinning wheel** and an **LCD screen** for interactive control.
   - The **spinning wheel** will be used for navigation, and the **LCD screen** will display information or settings.
   - **Voice recognition** will be integrated for hands-free operation.
   - The **buttons** will be **push-style** for a modern, minimalist look.

3. **Color and Aesthetics**:
   - The remote will have a **vegetable-themed color palette**, including **green, orange, and yellow**.
   - The **buttons** will be in **company colors** to match the overall design.
   - The **case** will be in a **vegetable-inspired color** to align with the theme.

4. **Technology and Components**:
   - The remote will use a **simple battery** for power, as it is more reliable and cost-effective than kinetic energy.
   - The **LCD screen** and **spinning wheel** will be integrated into the design.
   - The **speaker** will be used for **voice feedback** to confirm commands or actions.

5. **Functionality and Usability**:
   - The remote will be **ergonomic** and **user-friendly**, with a **minimalist design**.
   - The **spinning wheel** will be used for navigation, and the **LCD screen** will provide visual feedback.
   - The **voice recognition** feature will enhance the user experience by allowing hands-free operation.

6. **Project Management and Collaboration**:
   - The **Industrial Designer** will focus on the **look and feel** of the remote.
   - The **User Interface Designer** will work on the **user interface** and **interaction design**.
   - The **Marketing Expert** will handle **product evaluation** and **market"
snapkv,15,baseline,10.557184750733139,0.051948051948051965,0.2974976830398517,False,"The meeting focused on the design and functionality of a new television remote control. Key points discussed include:

1. **Material and Button Design**:  
   - The remote should be made of **plastic**, with **rubbery buttons** for a better grip and tactile feedback.  
   - The buttons must be **non-slip** and **not too heavy** to ensure user comfort.  

2. **Remote Functionality**:  
   - The remote should use **infrared signals** to communicate with the television, as it is a standard and widely used method.  
   - The remote must be **universal**, compatible with **all brands and models** of televisions and DVD players.  

3. **User Interface and Design**:  
   - The remote should have a **simple, intuitive interface** with **clearly labeled buttons**.  
   - The **buttons should be large and easy to press**, even for users with limited dexterity.  
   - The remote should be **ergonomically designed** to fit comfortably in the hand.  

4. **Aesthetic and Customization**:  
   - The remote can be **customized with different colors** or **fronts** (e.g., pink for children, black and silver for a modern look).  
   - The **standard color** should be **grey or black**, as these are more **neutral and professional**.  

5. **Technical Specifications**:  
   - The remote should have **multiple electrical cables** for connectivity to other devices.  
   - The **remote should be lightweight** and **durable** to withstand regular use.  

6. **Marketing and Branding**:  
   - The remote should be **marketed as a universal product** to appeal to a wide audience.  
   - The **design should be trendy** to attract younger users, but also **practical** for everyday use.  

7. **Project Management**:  
   - The team agreed to **allocate time** for further discussions on **materials**, **design**, and **marketing strategies**.  
   - The **next meeting** was scheduled for **30 minutes**, with **specific instructions** to be provided to the team.  

The meeting concluded with a **positive outlook** on the project, emphasizing the importance of **user-centered design**, **technical feasibility**, and **marketability** of the remote control."
snapkv,15,sink4,11.68384879725086,0.05485232067510548,0.30916282135794326,False,"The meeting discussed the design and functionality of a new remote control device. Key points included:

1. **Material and Design**: The remote should be made of hard plastic with rubbery buttons. It should not be too heavy and should have a secure, non-loose fit. The buttons should be made in such a way that they do not fall off.

2. **Functionality**: The remote should use infrared signals to communicate with the television or other devices. It should be compatible with a wide range of devices, including different brands and models, to ensure universal usability.

3. **User Interface and Aesthetics**: The remote should have a universal design that is customizable with different front panels (covers) to make it more trendy. The front panels could be in standard colors like black and silver, or more colorful options like pink for children's use.

4. **Market Considerations**: The remote should be designed to appeal to a broad audience, including both adults and children. The design should be simple and functional, with a focus on usability and user experience.

5. **Technical Specifications**: The remote should have a reliable and consistent signal transmission method, and the design should be compatible with the television and DVD player models that the company plans to sell.

6. **Future Development**: The team discussed the need for further research and development, including testing the remote with different materials and designs to ensure it meets the desired standards and user expectations."
snapkv,16,baseline,0.0,0.0,0.0,False,
snapkv,16,sink4,13.19796954314721,0.005780346820809301,0.21065989847715738,False,"The discussion revolves around the design of a remote control interface, focusing on the number of buttons, their functionality, and user experience. Key points include:

- **Number of Buttons**: The group considers whether to use three buttons for basic functions (e.g., channel change, volume control) or more for advanced features.
- **User Experience**: There is a focus on simplicity and ease of use, with discussions about how users interact with the remote, including the need for a ""back"" or ""history"" button to navigate through previous actions.
- **Functionality**: The remote should support common actions like changing channels, adjusting volume, and possibly recording or replaying sequences of actions.
- **Design Considerations**: The group discusses the balance between simplicity and functionality, ensuring the remote is intuitive and user-friendly.
- **Future Enhancements**: There is a mention of potential future features, such as learning from user behavior or adapting to different user preferences (e.g., left-handed vs. right-handed users).

The meeting concludes with a plan to meet again in thirty minutes to further develop the ideas and finalize the design."
snapkv,17,baseline,9.819121447028424,0.06649616368286448,0.40708661417322833,False,"The meeting discussed several key topics and decisions related to the project, including the use of wireless microphones, the setup of a hand-held microphone system, and the planning of a meeting with John Fiscus. Here is a summary of the main points and decisions made:

1. **Wireless Microphones and Hand-Held Systems**:  
   - The group discussed the use of wireless microphones, with a focus on ensuring they are compatible with the existing setup.  
   - A hand-held microphone system was considered, with the idea of passing it around to participants. However, the group decided that a lapel microphone might be more suitable for the environment, as it reduces the risk of noise and interference.  
   - A wireless transmitter was mentioned as a potential solution, but the group agreed that a wired system might be simpler and more reliable for now.  

2. **Transcription and Data Analysis**:  
   - The team discussed the progress of transcriptions, with the goal of completing 12 hours of transcription by the end of the month.  
   - A plan was proposed to have transcribers meet to discuss their findings and observations, which would help refine the transcription process and improve accuracy.  
   - This meeting would be a ""meta-meeting"" where transcribers could share insights and feedback, fostering collaboration and improving the quality of the work.  

3. **John Fiscus Visit**:  
   - The group planned to host John Fiscus for a visit, with a schedule that included an introduction to the project, a discussion on acoustic engineering, and a presentation on NIST’s work.  
   - The meeting was scheduled for the afternoon, with the goal of completing as much of the discussion as possible before lunch.  

4. **Technical and Logistical Considerations**:  
   - The group considered the use of a wireless microphone system, but opted for a wired setup to avoid complications.  
   - A hand-held microphone was proposed for use in the meeting, with the idea of passing it around to participants.  
   - The group also discussed the importance of recording the meeting to capture insights and feedback from transcribers.  

5. **Future Plans and Collaboration**:  
   - The team emphasized the importance of collaboration and shared knowledge, with plans to involve transcribers in discussions and feedback sessions.  
   - The project was described as a long-term effort, with the goal of improving the transcription process and ensuring high-quality results.  

The meeting concluded with a decision to proceed with the wired"
snapkv,17,sink4,8.443271767810026,0.07336956521739135,0.388545529460239,False,"The meeting discussed several key topics and decisions related to the project, including the use of microphones, the setup of a wireless communication system, and the organization of meetings for data transcription and analysis. Here's a summary of the main points:

1. **Microphone Setup**: The group discussed the use of wireless microphones, with a focus on ensuring clear audio for participants. They considered using a lapel microphone or a hand-held one, but ultimately decided that a wireless system would be more practical for a group of 20 people. They also discussed the possibility of using a transmitter and receiver system to ensure clear communication.

2. **Wireless Communication**: The group considered the possibility of using a wireless microphone system, with the understanding that it would require a transmitter and receiver. They also discussed the need for a receiver in the other room, as well as the potential for a separate antenna on the microphone.

3. **Meeting Organization**: The group discussed the need for a structured meeting to transcribe data, with the goal of having transcriptions completed by a certain date. They also considered the possibility of having transcribers talk about their work in a separate meeting, which would be a ""meta-meeting"" to discuss the transcription process and observations.

4. **Project Work**: A graduate student, Espen Eriksen, introduced himself and mentioned that he is working on a project related to echo cancellation and overlapping speech in a research project. He is taking a course with Dave Gelbart and is working with Dan Ellis to develop a solution for handling overlapping speech.

5. **Future Plans**: The group discussed the possibility of having a meeting with John Fiscus, who is visiting from NIST. The meeting would include discussions on acoustic engineering, transcription processes, and the establishment of a global encoding standard for transcription.

6. **Other Topics**: The group also discussed the need for a recording of the meeting, the use of a specific room for demonstrations, and the importance of clear communication and coordination among team members.

Overall, the meeting focused on organizing the project, ensuring clear communication, and planning for future meetings and discussions. The group emphasized the importance of collaboration, clear communication, and the use of technology to enhance the project's success."
snapkv,18,baseline,9.316770186335404,0.0836012861736335,0.44556187144731085,False,"**Summary of the Meeting:**

The team discussed the **SMARTboard** and its potential as a tool for **digital drawing and collaboration** in a project environment. Here's a breakdown of the key points and decisions made:

---

### **1. SMARTboard as a Digital Drawing Tool**
- **Industrial Designer** and **Project Manager** agreed that the SMARTboard is **useful for drawing and sketching**, especially for **real-time collaboration** and **saving drawings digitally**.
- **User Interface** and **Marketing** expressed mixed opinions:
  - **Industrial Designer** and **Project Manager** saw value in the SMARTboard for **precise, digital sketching** and **saving work instantly**.
  - **Marketing** and **User Interface** noted that it’s **useful for professionals who sketch frequently** (e.g., designers, architects).
  - **Project Manager** acknowledged the **cost** and **expense** of the device, but acknowledged its **potential for efficiency** in **digital workflows**.

---

### **2. Criticisms and Concerns**
- **Project Manager** and **Industrial Designer** raised concerns about:
  - **High cost** of the SMARTboard and its **expensive paper**.
  - **Drawings on laptops** are **not as precise** as a physical board.
  - **Reliance on the SMARTboard** could be **problematic if it malfunctions**.
  - **Digital drawing tools** (e.g., **mouse** or **touchscreen**) are **not as intuitive** for sketching.

---

### **3. Collaboration and Workflow**
- **Project Manager** and **Industrial Designer** agreed that the SMARTboard could **streamline meetings** by allowing **real-time sharing of sketches** and **instant saving of digital files**.
- **Marketing** and **User Interface** emphasized the **benefits of digital tools** for **remote or collaborative work**, but **suggested** that the **SMARTboard** is **not a universal solution** for all users.

---

### **4. Project Management and Team Dynamics**
- **Project Manager** and **Industrial Designer** discussed the **need for a shared folder** to store **design sketches and files**.
- **Marketing** and **User Interface** agreed that the **SMARTboard** could be **useful for teams** that **sketch frequently** (e.g., **designers, architects**).
- **Project Manager** mentioned the **need to finalize the end report** and **"
snapkv,18,sink4,9.375000000000002,0.038461538461538436,0.2673056443024494,False,"The team discussed the use of a digital pen and SMARTboard for design and collaboration. They found that while the digital pen is useful for drawing and saving work, it is expensive and not ideal for sketching on a laptop. The SMARTboard was considered useful for presentations but had issues with reliability. The team agreed that the digital pen could be beneficial for creating detailed drawings, but it was deemed too costly for regular use. They also discussed the importance of saving work in a shared folder and the need to prepare for a meeting with the manager. The project manager mentioned the need to finalize the end report and address the manager's concerns about the project's progress. The team concluded that the digital pen and SMARTboard could be useful tools, but they would need to ensure they are functional and cost-effective. The discussion ended with a plan to present their findings and move forward with the project."
snapkv,19,baseline,5.963302752293577,0.06205250596658707,0.40376106194690264,False,"The Welsh Government has introduced a new childcare scheme, the ""Childcare Offer,"" which aims to provide 30 hours of free childcare per week for working parents in Wales. The scheme is designed to support working parents by offering them access to high-quality, registered childcare providers. The initiative is part of a broader effort to improve the quality of early years education and support families in balancing work and childcare responsibilities.

### Key Points of the Scheme:
1. **Eligibility**: The scheme is open to working parents who have a child under the age of five. Parents who are on incapacity benefit or who are working full-time are eligible for the 30 hours of free childcare per week.

2. **Quality of Care**: The scheme emphasizes the importance of high-quality, registered, and inspected childcare providers. This ensures that children receive a consistent and high standard of care, which is essential for their development and well-being.

3. **Integration with Other Services**: The scheme is integrated with other early years initiatives, such as the ""Team Around the Family"" approach, which aims to provide a holistic support system for families. This includes access to educational and social services that can help parents and children.

4. **Affordability and Accessibility**: The scheme is designed to be affordable for families, with the cost of childcare being covered by the government. This is intended to make childcare accessible to a wider range of families, including those with lower incomes.

5. **Impact on Child Development**: The scheme is expected to have a positive impact on child development, as it provides children with access to high-quality, structured environments that can support their learning and growth.

6. **Public Policy Institute for Wales (PPIW) Report**: A report by the PPIW suggested that the scheme would have minimal impact on net income, poverty, or work behavior for families with children. However, the Welsh Government has emphasized the importance of real-life evidence and the need to ensure that the scheme is accessible and beneficial to all families.

7. **Integration with UK Tax-Free Childcare**: The Welsh Government is also considering how to integrate the new childcare scheme with the UK's tax-free childcare offer. This would ensure that parents have access to a range of support options, including tax-free childcare, which can help reduce the financial burden on families.

### Conclusion:
The new childcare scheme in Wales is a significant step towards improving access to high-quality childcare for working parents. By providing 30 hours of free childcare per week, the scheme aims to support families in balancing work and"
snapkv,19,sink4,6.267806267806268,0.13149847094801226,0.43684992570579495,False,"The Welsh Government has introduced a new childcare offer, which is part of a broader strategy to support working families and improve child development. The scheme, known as the ""Team Around the Family"" initiative, aims to provide 10 hours of free childcare per week for children aged 3 to 5 years, with the goal of supporting parents who are working and ensuring that children receive high-quality early education and care. The scheme is designed to be integrated with existing childcare provision and is being piloted in several areas, including Gwynedd, where it is being combined with the ""Team Around the Family"" approach.

The scheme is intended to be affordable and accessible to all families, with a focus on supporting disadvantaged families and ensuring that children have access to high-quality early education. The Welsh Government has also emphasized the importance of quality in childcare, with a focus on registered inspected providers and the need to ensure that the provision is aligned with the broader goals of child development and early years education.

The scheme is part of a larger effort to improve the quality of childcare in Wales and to ensure that all children have access to the best possible start in life. The Welsh Government has also highlighted the importance of integrating the new childcare offer with existing support, such as the UK's tax-free childcare scheme, to ensure that parents have access to a range of options that can support their work and family life.

The scheme is being piloted in several areas, and the Welsh Government is working closely with local authorities and providers to ensure that the offer is implemented effectively. The goal is to create a system that is both affordable and of high quality, ensuring that all children have access to the best possible early education and care. The Welsh Government is also committed to ensuring that the scheme is accessible to all families, including those who may be facing financial difficulties or other challenges."
snapkv,20,baseline,9.95475113122172,0.015463917525773141,0.2737471952131638,False,"The project team has successfully completed the development of a new product, the ""Hand Dynamometer,"" which is a compact, battery-powered device that generates electricity through mechanical motion. The team has gone through several iterations and has now reached a final design that meets the project's requirements and budget constraints.

Key features of the final product include:

1. **Battery-Powered Operation**: The device uses a single battery, which is a cost-effective and environmentally friendly solution.
2. **Mechanical Motion**: The device generates electricity through mechanical motion, making it a self-sustaining power source.
3. **User Interface**: The device has a simple and intuitive user interface, with a single button for activation and a display that shows the generated electricity.
4. **Cost-Effective**: The final design is within the budget and uses cost-effective materials and components.
5. **Team Collaboration**: The team worked closely together, with each member contributing their expertise to ensure the project was completed on time and within budget.

The project was successful, and the team is now preparing for the final testing and launch of the product. The team is also considering adding additional features, such as a digital display or a connectivity option, to enhance the user experience."
snapkv,20,sink4,14.5985401459854,0.0,0.19909502262443435,False,"The project team met to discuss the development of a new product, focusing on its design, functionality, and budget. The team reviewed the product's features, including its energy generation capabilities, user interface, and materials. They discussed the importance of creativity, teamwork, and meeting project deadlines. The team also considered the product's potential for future enhancements, such as incorporating new materials, speech recognition, and location-based features. They concluded that the project was on track and within budget, and decided to proceed with the development. The meeting ended with a discussion about celebrating the project's success."
snapkv,21,baseline,6.83371298405467,0.4119047619047619,0.5821749795584628,True,"The Acting Chair (Mr. Bruce Stanton): We will go back to Ms. Kwan.

Ms. Jenny Kwan: I think the minister knows that what we need is national standards for seniors' care. The Revera long-term care homes are owned by the Public Sector Pension Investment Board. Since the government owns these homes, has the military been sent in there to see what's happening to seniors under their care?

Hon. Patty Hajdu: Mr. Chair, we know that it is important to work with all of the provinces and territories under whose jurisdiction it falls to protect the seniors within those care homes. That's what we've been doing since the beginning of the outbreak of the coronavirus, and that's what we'll continue to do to protect the lives of seniors and strengthen their protection. We will, as I said, Mr. Chair, work with the provinces and territories to have a longer-term plan so that all seniors can age with dignity and safety.

Ms. Jenny Kwan: The government has a clear responsibility here. What is the government doing to ensure the standards of care in these Revera homes that they own?

Hon. Patty Hajdu: Mr. Chair, as I have repeatedly said, the jurisdiction for care of long-term care homes falls within the provincial and territorial realm. However, that being said, Mr. Chair, we have been there for provinces and territories since the outbreak of the coronavirus, and as the member opposite has clearly or likely heard the Prime Minister say, we will stand with provinces and territories as all elders have the right to age with dignity

The Acting Chair (Mr. Bruce Stanton): We will go back to Ms. Kwan.

Ms. Jenny Kwan: I think the minister knows that what we need is national standards for seniors' care. The Revera long-term care homes are owned by the Public Sector Pension Investment Board. Since the government owns these homes, has the military been sent in there to see what's happening to seniors under their care?

Hon. Patty Hajdu: Mr. Chair, we know that it is important to work with all of the provinces and territories under whose jurisdiction it falls to protect the seniors within those care homes. That's what we've been doing since the beginning of the outbreak of the coronavirus, and that's what we'll continue to do to protect the lives of seniors and strengthen their protection. We will, as I said, Mr. Chair, work with the provinces and territories to have a longer-term plan so that all seniors can age with dignity and safety"
snapkv,21,sink4,5.555555555555556,0.1428571428571429,0.3616438356164383,False,"The Acting Chair (Mr. Bruce Stanton): We will now move to the next item of business, which is the motion to adjourn the committee. The motion is seconded by the member for Calgary-North East. The motion will be put to the committee.

The Acting Chair (Mr. Bruce Stanton): The motion is now put to the committee. The committee will now adjourn. The meeting is adjourned."
snapkv,22,baseline,4.240282685512367,0.0357142857142857,0.33961328705999005,False,"The discussion revolves around the development and evaluation of a speech recognition system, with a focus on improving performance using machine learning techniques, particularly neural networks. Key points include:

1. **Neural Network Training**: The team is exploring the use of neural networks (e.g., MLPs) to improve the performance of their speech recognition system. They are testing different architectures and training strategies to optimize results.

2. **Data and Features**: The system uses features like PLP (Perceptual Linear Predictive Coding) and log-domain normalization. They are experimenting with different feature sets and normalization techniques to enhance performance.

3. **Training and Optimization**: The team is considering using a larger dataset (e.g., from the OGI) to train the model. They are also exploring ways to reduce computational costs (e.g., using less memory and CPU resources) while maintaining performance.

4. **Evaluation and Comparison**: The team is comparing the performance of their system with other approaches (e.g., log-RASTA, which is a type of log-domain feature extraction). They are also evaluating the effectiveness of combining multiple models or features.

5. **Challenges and Trade-offs**: The team is aware of the trade-offs between model complexity, computational resources, and performance. They are trying to balance these factors to achieve the best results.

6. **Collaboration and Feedback**: The discussion highlights the importance of collaboration with other researchers (e.g., Sunil) and the need to integrate feedback from different teams to improve the system.

7. **Future Work**: The team is considering further improvements, such as exploring multi-band neural networks or other architectures that might better handle temporal variations in speech data.

In summary, the discussion focuses on optimizing a speech recognition system using neural networks, with an emphasis on feature selection, training strategies, and computational efficiency."
snapkv,22,sink4,3.460207612456747,0.07770270270270274,0.4100647732934728,False,"The discussion revolves around the development and evaluation of a speech recognition system, focusing on the use of neural networks and the challenges of training and optimizing the model. Key points include:

1. **Neural Network Training**: The team is exploring the use of neural networks (MLPs) to improve the performance of their speech recognition system. They are considering whether to use a single neural network or multiple networks, depending on the results.

2. **Training Data and Features**: The team is working with a large amount of training data and is trying to optimize the features used for training. They are also considering the impact of different training targets and noise conditions on the model's performance.

3. **Resource Constraints**: There is a discussion about the computational resources required, including CPU and memory usage. The team is aware of the limitations and is trying to balance performance with resource efficiency.

4. **Evaluation and Improvement**: The team is evaluating the system's performance on different test sets and is looking for ways to improve the model. They are considering combining multiple features and models to enhance the system's accuracy.

5. **Collaboration and Feedback**: The team is working closely with other researchers and is open to feedback and improvements. They are also discussing the potential for integrating different approaches, such as multi-band processing and neural networks, to enhance the system.

6. **Challenges and Future Work**: The team acknowledges the challenges of training and optimizing the model, including the need for extensive testing and the importance of balancing different aspects of the system. They are also considering future work, such as exploring new architectures and techniques to improve performance.

Overall, the discussion highlights the ongoing efforts to refine the speech recognition system, address technical challenges, and optimize the model for better performance and efficiency."
snapkv,23,baseline,6.711409395973156,0.08580858085808585,0.3714821763602252,False,"**Summary of the Meeting:**

The meeting focused on the **design and presentation of a product prototype** for a **mug with a red button**. The team discussed the **challenges of creating a functional and visually appealing product** while adhering to **budget and design constraints**. Here's a breakdown of the key points and discussions:

---

### **1. Project Overview and Challenges**
- The team was tasked with **designing a mug** with a **red button** (likely a **touch-sensitive or interactive feature**).
- The **main challenge** was to **balance functionality** with **aesthetic appeal**, while keeping the **cost low** and the **design simple**.
- The **prototype** was **initially blank**, with **no pre-designed elements**, which led to **creative freedom** but also **uncertainty** about the final outcome.

---

### **2. Design and Presentation**
- **Industrial Designer**:
  - Started with **blank slides**, then **added slides** and **modified the design** (e.g., **red button**, **background**, **tongue-like shape**).
  - **Deleted slides** to simplify the design.
  - **Felt the design was a ""happy face""** and **suggested it looked like a tongue** from a previous design.
  - **Worried about the product's appearance** and **potential for failure** if it looked too unrefined.

- **Marketing**:
  - **Felt the design was too simple** and **lacked innovation**.
  - **Worried about the product's marketability**, suggesting it might need **extensive marketing** to stand out.
  - **Compared the design to a ""happy face""** and **questioned its uniqueness**.

- **Project Manager**:
  - **Acknowledged the design's simplicity** and **lacked a clear concept**.
  - **Suggested the design should focus on functionality** rather than **overly complex concepts**.
  - **Worried about the budget** and **whether the project was on track**.

- **User Interface**:
  - **Added many slides** and **modified the design** (e.g., **tongue-like shape**, **red button**).
  - **Compared the design to a ""tongue""** from a previous project.
  - **Worried about the product's appearance** and **potential for failure**.

---

### **3."
snapkv,23,sink4,6.508875739644969,0.06006006006006004,0.3994650022291574,False,"The meeting was a discussion about a project involving the design and presentation of a product, likely a mug or similar item. The team, consisting of a Project Manager, Industrial Designer, and Marketing professional, discussed the challenges of creating a product that is both functional and visually appealing. They explored the balance between form and function, the importance of user experience, and the role of design in product development.

Key points from the discussion include:

1. **Design and Functionality**: The team emphasized the need to balance aesthetics with practicality. The product should be functional but also visually engaging, with a design that is both innovative and user-friendly.

2. **User Experience**: The team discussed the importance of user experience, including the need for intuitive design and the role of user feedback in shaping the product.

3. **Project Management**: The Project Manager highlighted the challenges of managing the project, including time constraints, resource allocation, and the need for clear communication among team members.

4. **Marketing and Presentation**: The Marketing professional emphasized the importance of a strong visual identity and the need to make the product stand out in a competitive market. They also discussed the role of branding and how the product should be presented to potential customers.

5. **Team Collaboration**: The team acknowledged the importance of collaboration and the need for open communication to ensure that all perspectives are considered in the design and development process.

6. **Technology and Innovation**: The discussion touched on the role of technology in product development, including the use of digital tools and the impact of the internet on modern design and communication.

7. **Final Thoughts**: The team concluded the meeting with a sense of accomplishment, acknowledging the challenges they faced and the progress made. They agreed to continue working on the project and to refine their approach based on the feedback and insights gained during the meeting.

Overall, the meeting was a productive discussion that highlighted the importance of design, functionality, and teamwork in the development of a successful product."
snapkv,24,baseline,15.757575757575754,0.08791208791208793,0.3245967741935484,False,"The team discussed a new project called ""Disfmarker"" which is a advanced chip for the L_C_D_ and a regular chip for the joystick. They discussed the design of the L_C_D_ and the joystick, and decided to change the design of the L_C_D_ to a push-button, and to use a special color for the buttons. They also discussed the price of the project, and decided to change the price from 12 Euros to 12 and a half Euros. The team concluded that the project is good, and they will proceed with the new design."
snapkv,24,sink4,17.857142857142854,0.0,0.21903052064631956,False,"The project team discussed the design and functionality of a new product, focusing on the user interface and the use of technology such as a joystick, buttons, and a screen. They considered the cost, color, and usability of the product, and decided to simplify the design by removing the joystick and replacing it with buttons. They also discussed the importance of a clear and recognizable interface, and the need for a good balance between functionality and cost. The team concluded that the product was ready for evaluation and that the price was acceptable."
snapkv,25,baseline,1.2012012012012012,0.8369565217391304,0.8753325731660966,True,"The summary of the provided text is as follows:

The text is a detailed, technical, and somewhat humorous conversation between a team of developers, designers, and marketers, who are discussing the development of a new remote control device, which is a plastic-based, touch-screen, and battery-powered device. The team is discussing the design, functionality, and marketing of the new remote control, which is a plastic-based, touch-screen, and battery-powered device. The team is discussing the design, functionality, and marketing of the new remote control, which is a plastic-based, touch-screen, and battery-powered device. The team is discussing the design, functionality, and marketing of the new remote control, which is a plastic-based, touch-screen, and battery-powered device. The team is discussing the design, functionality, and marketing of the new remote control, which is a plastic-based, touch-screen, and battery-powered device. The team is discussing the design, functionality, and marketing of the new remote control, which is a plastic-based, touch-screen, and battery-powered device. The team is discussing the design, functionality, and marketing of the new remote control, which is a plastic-based, touch-screen, and battery-powered device. The team is discussing the design, functionality, and marketing of the new remote control, which is a plastic-based, touch-screen, and battery-powered device. The team is discussing the design, functionality, and marketing of the new remote control, which is a plastic-based, touch-screen, and battery-powered device. The team is discussing the design, functionality, and marketing of the new remote control, which is a plastic-based, touch-screen, and battery-powered device. The team is discussing the design, functionality, and marketing of the new remote control, which is a plastic-based, touch-screen, and battery-powered device. The team is discussing the design, functionality, and marketing of the new remote control, which is a plastic-based, touch-screen, and battery-powered device. The team is discussing the design, functionality, and marketing of the new remote control, which is a plastic-based, touch-screen, and battery-powered device. The team is discussing the design, functionality, and marketing of the new remote control, which is a plastic-based, touch-screen, and battery-powered device. The team is discussing the design, functionality, and marketing of the new remote control, which is a plastic-based, touch-screen, and battery-powered device. The team is discussing the design, functionality, and marketing of the new remote control, which is"
snapkv,25,sink4,7.909604519774012,0.11764705882352944,0.3496762257169288,False,"The team has decided to proceed with a remote control that features a touch screen interface, a plastic casing, and a touch screen for basic functions such as on/off, channel selection, and volume control. They have also considered the inclusion of a battery with long-lasting power, possibly using new lithium battery technology. The remote will have a simple, user-friendly interface with a focus on aesthetics, incorporating the company's branding and colors. The team has also discussed the possibility of adding a paging function and voice recognition, though these features may be omitted due to cost and complexity considerations. The remote will be designed to be simple, functional, and user-friendly, with a focus on the basic functions that users would need. The team has also discussed the possibility of adding a skin or customizable interface, but this feature may be omitted for now due to cost and complexity. The final design will be a simple, plastic remote with a touch screen interface, a long-lasting battery, and a focus on user-friendly design and functionality."
snapkv,26,baseline,10.447761194029852,0.015463917525773141,0.2737471952131638,False,"The project team has successfully completed the development of a new product, the ""Hand Dynamometer,"" which is a compact, battery-powered device that generates electricity through mechanical motion. The team has gone through several iterations and has now reached a final design that meets the project's requirements and budget constraints.

Key features of the final product include:

1. **Battery-Powered Operation**: The device uses a single battery, which is a cost-effective and environmentally friendly solution.
2. **Mechanical Motion**: The device generates electricity through mechanical motion, making it a self-sustaining power source.
3. **User Interface**: The device has a simple and intuitive user interface, with a single button for activation and a display that shows the generated electricity.
4. **Cost-Effective**: The final design is within the budget and uses cost-effective materials and components.
5. **Team Collaboration**: The team worked closely together, with each member contributing their expertise to ensure the project was completed on time and within budget.

The project was successful, and the team is now preparing for the final testing and launch of the product. The team is also considering adding additional features, such as a digital display or a connectivity option, to enhance the user experience."
snapkv,26,sink4,13.043478260869565,0.0,0.19909502262443435,False,"The project team met to discuss the development of a new product, focusing on its design, functionality, and budget. The team reviewed the product's features, including its energy generation capabilities, user interface, and materials. They discussed the importance of creativity, teamwork, and meeting project deadlines. The team also considered the product's potential for future enhancements, such as incorporating new materials, speech recognition, and location-based features. They concluded that the project was on track and within budget, and decided to proceed with the development. The meeting ended with a discussion about celebrating the project's success."
snapkv,27,baseline,6.122448979591836,0.10933333333333328,0.41652754590984975,False,"The discussion revolves around the development of a belief network (or belief system) for a project involving XML data and natural language processing. The key points and concepts discussed include:

1. **XML and Data Representation**: The team is working with XML data, which is a structured format for representing information. They are using XML to store and process data, which is a common practice in natural language processing (NLP) and machine learning.

2. **Belief Networks (Bayesian Networks)**: The team is exploring the use of belief networks (a type of probabilistic graphical model) to represent and process data. These networks are used to model the relationships between variables and can be used for tasks like classification, prediction, and inference.

3. **Data Collection and Annotation**: The team is considering using annotated data from the MATE (Multimodal Annotation Tool for English) project. This data includes discourse annotations at various levels of detail, from high-level discourse acts to phonetic levels. This data could be used to train and evaluate their belief network.

4. **Tools and Libraries**: The team is considering using the MATE library, which provides tools for working with XML data and discourse annotations. They are also exploring the use of other libraries and tools, such as the Java package for XML processing, to facilitate their work.

5. **Time and Resource Constraints**: The team is aware of the time and resource constraints of their project. They are planning to use existing tools and libraries to speed up development and reduce the need for custom code. However, they are also aware that the project may require additional resources and time to complete.

6. **Future Work and Collaboration**: The team is planning to collaborate with other researchers and developers to leverage existing tools and libraries. They are also considering the use of a belief network to model the relationships between variables in their data, which could help them make predictions and inferences based on the data.

In summary, the team is working on a project that involves the development of a belief network for XML data and natural language processing. They are using existing tools and libraries to facilitate their work and are considering the use of annotated data from the MATE project to improve the accuracy and effectiveness of their model."
snapkv,27,sink4,7.514450867052023,0.03625377643504535,0.3232613908872902,False,"The discussion revolves around the development of a belief network for a system that processes natural language, with a focus on integrating XML data and leveraging existing tools and libraries. Key points include:

1. **XML Integration**: The group is considering using XML for data representation, as it is a common format for structured data. They are exploring how to use XML to annotate and process discourse data, which could be useful for tasks like sentiment analysis or discourse act recognition.

2. **Belief Networks**: The team is working on building a belief network, which is a type of probabilistic graphical model. They are discussing how to design and populate this network using existing data and tools. The goal is to create a system that can learn from data and make predictions or inferences.

3. **Data Sources**: They are considering using existing datasets and annotations, such as those from the MATE project, which annotates discourse data. This could help in training the belief network with real-world examples.

4. **Tools and Libraries**: The group is evaluating the use of Java libraries, such as the MATE library, which provides tools for discourse analysis. They are also considering other tools that might be useful for their project.

5. **Time and Collaboration**: The team is planning to work on the project over the next few days, with a focus on setting up the infrastructure and starting with a prototype. They are also discussing how to collaborate effectively, with some members taking on specific tasks.

6. **Challenges**: They acknowledge that there are challenges, such as ensuring the system can handle different data formats and that the belief network can be populated with relevant features. They are also considering the need for a clear plan and timeline.

7. **Future Work**: The discussion ends with a mention of the Powder-Tower, a historical reference to the importance of accurate data and the need for the system to navigate complex scenarios effectively, much like how the Powder-Tower was a key location in historical navigation."
snapkv,28,baseline,4.705882352941177,0.021671826625387025,0.3104203152364273,False,"**Summary of the Discussion:**

The discussion centered on the **design and implementation of a voice-activated remote control** for a television, with a focus on **user experience, functionality, and market targeting**. Here's a breakdown of the key points and decisions made:

---

### **1. Voice Recognition Remote Control**
- **Concept**: A remote control that uses **voice recognition** to change channels, adjust volume, or navigate menus.
- **Benefits**:
  - **Simplifies interaction**: Users can say ""Change to channel 5"" or ""Play music"" without needing buttons.
  - **Reduces clutter**: No need for physical buttons, making the remote more compact.
  - **Accessibility**: Easier for users with mobility issues or those who prefer voice commands.

- **Challenges**:
  - **Accuracy**: Voice recognition must be **accurate and reliable**, especially in noisy environments.
  - **Distance**: The remote must be **close to the user** for the TV to pick up the voice command.
  - **Integration**: The remote must work seamlessly with the TV and other devices (e.g., smart speakers, streaming services).

---

### **2. Target Audience**
- **Primary Audience**: **15–35-year-olds**.
  - This group is **tech-savvy**, values **sleek design**, and is **interested in convenience and functionality**.
  - They are **more likely to adopt new technologies** like voice-activated remotes.

- **Secondary Audience**: **Older adults** or **people with disabilities**.
  - Voice recognition can be **more accessible** for these groups.

---

### **3. User Interface and Experience**
- **User Interface (UI)**:
  - The remote should have **minimal physical buttons**, with **only the most essential functions** (e.g., power, volume, channel).
  - A **menu button** or **voice command** can be used to access additional features.
  - **Voice commands** should be **simple and intuitive**, such as ""Play music"" or ""Change to channel 5.""

- **Design Considerations**:
  - **Sleek, modern design** to appeal to younger audiences.
  - **Remote placement**: The remote should be **close to the user** for better voice recognition.
  - **Integration with smart home devices**: The remote could work with **smart speakers**, **streaming services**, or **voice assistants** (e.g., Alexa, Google Assistant)."
snapkv,28,sink4,9.230769230769232,0.02212389380530977,0.2277966101694915,False,"The discussion centered on the development of a remote control with voice recognition capabilities for a television, targeting the 15-35 age group. Key points included:

1. **Voice Recognition Integration**: The remote control could incorporate voice recognition to allow users to say ""I want to watch channel 1"" instead of using buttons. This would make the remote more intuitive and user-friendly.

2. **User Interface Design**: The remote should be simple, with only the most essential buttons (e.g., power, volume, channel) and a menu button. Voice recognition would be an optional feature, providing an extra layer of convenience.

3. **Challenges and Considerations**:
   - **Distance and Noise**: Voice recognition might not work well from a distance or in noisy environments, so the remote should remain close to the user.
   - **Remote Control Placement**: The remote should be kept near the user to ensure better voice recognition accuracy.
   - **Beep Feature**: A beeper on the TV could help locate the remote if it's misplaced.

4. **Target Audience**: The product should appeal to the 15-35 age group, who value simplicity, style, and technology. The remote should be both functional and aesthetically pleasing.

5. **Future Steps**: The team agreed to continue working on the project, with a focus on refining the design and ensuring the remote is both practical and user-friendly. They also planned to complete a questionnaire and summary before the next meeting."
snapkv,29,baseline,0.0,0.0,0.0,False,
snapkv,29,sink4,15.261044176706829,0.005780346820809301,0.21065989847715738,False,"The discussion revolves around the design of a remote control interface, focusing on the number of buttons, their functionality, and user experience. Key points include:

- **Number of Buttons**: The group considers whether to use three buttons for basic functions (e.g., channel change, volume control) or more for advanced features.
- **User Experience**: There is a focus on simplicity and ease of use, with discussions about how users interact with the remote, including the need for a ""back"" or ""history"" button to navigate through previous actions.
- **Functionality**: The remote should support common actions like changing channels, adjusting volume, and possibly recording or replaying sequences of actions.
- **Design Considerations**: The group discusses the balance between simplicity and functionality, ensuring the remote is intuitive and user-friendly.
- **Future Enhancements**: There is a mention of potential future features, such as learning from user behavior or adapting to different user preferences (e.g., left-handed vs. right-handed users).

The meeting concludes with a plan to meet again in thirty minutes to further develop the ideas and finalize the design."
