2026-06-11 21:12:52,650 [INFO] __main__: Experiment 1: Main Results
2026-06-11 21:12:52,651 [INFO] __main__:   Model: qwen3-4b
2026-06-11 21:12:52,652 [INFO] __main__:   Mode: full
2026-06-11 21:12:52,652 [INFO] __main__:   Budget: 20%
2026-06-11 21:12:52,653 [INFO] __main__:   Tasks: ['narrativeqa', 'qasper', 'multifieldqa_en', 'hotpotqa', '2wikimqa', 'gov_report', 'qmsum']
2026-06-11 21:12:52,654 [INFO] __main__:   Methods: ['fullkv', 'streaming', 'h2o', 'snapkv', 'pyramidkv', 'adakv', 'ours']
2026-06-11 21:12:52,654 [INFO] __main__:   Samples/task: 50
2026-06-11 21:12:52,655 [INFO] __main__: 
Loading model: qwen3-4b ...
2026-06-11 21:12:52,655 [INFO] core.model_loader: Loading tokenizer: Qwen/Qwen3-4B
2026-06-11 21:12:52,762 [INFO] httpx: HTTP Request: HEAD https://huggingface.co/Qwen/Qwen3-4B/resolve/main/config.json "HTTP/1.1 307 Temporary Redirect"
2026-06-11 21:12:52,764 [WARNING] huggingface_hub.utils._http: Warning: You are sending unauthenticated requests to the HF Hub. Please set a HF_TOKEN to enable higher rate limits and faster downloads.
2026-06-11 21:12:52,772 [INFO] httpx: HTTP Request: HEAD https://huggingface.co/api/resolve-cache/models/Qwen/Qwen3-4B/1cfa9a7208912126459214e8b04321603b3df60c/config.json "HTTP/1.1 200 OK"
2026-06-11 21:12:52,860 [INFO] httpx: HTTP Request: HEAD https://huggingface.co/Qwen/Qwen3-4B/resolve/main/tokenizer_config.json "HTTP/1.1 307 Temporary Redirect"
2026-06-11 21:12:52,869 [INFO] httpx: HTTP Request: HEAD https://huggingface.co/api/resolve-cache/models/Qwen/Qwen3-4B/1cfa9a7208912126459214e8b04321603b3df60c/tokenizer_config.json "HTTP/1.1 200 OK"
2026-06-11 21:12:52,998 [INFO] httpx: HTTP Request: GET https://huggingface.co/api/models/Qwen/Qwen3-4B/tree/main/additional_chat_templates?recursive=false&expand=false "HTTP/1.1 404 Not Found"
2026-06-11 21:12:53,070 [INFO] httpx: HTTP Request: GET https://huggingface.co/api/models/Qwen/Qwen3-4B/tree/main?recursive=true&expand=false "HTTP/1.1 200 OK"
2026-06-11 21:12:54,315 [INFO] httpx: HTTP Request: GET https://huggingface.co/api/models/Qwen/Qwen3-4B "HTTP/1.1 200 OK"
2026-06-11 21:12:54,320 [INFO] core.model_loader: Loading model: Qwen/Qwen3-4B in torch.float16
2026-06-11 21:12:54,353 [INFO] httpx: HTTP Request: HEAD https://huggingface.co/Qwen/Qwen3-4B/resolve/main/config.json "HTTP/1.1 307 Temporary Redirect"
2026-06-11 21:12:54,369 [INFO] httpx: HTTP Request: HEAD https://huggingface.co/api/resolve-cache/models/Qwen/Qwen3-4B/1cfa9a7208912126459214e8b04321603b3df60c/config.json "HTTP/1.1 200 OK"
2026-06-11 21:13:19,547 [INFO] httpx: HTTP Request: HEAD https://huggingface.co/Qwen/Qwen3-4B/resolve/main/generation_config.json "HTTP/1.1 307 Temporary Redirect"
2026-06-11 21:13:19,559 [INFO] httpx: HTTP Request: HEAD https://huggingface.co/api/resolve-cache/models/Qwen/Qwen3-4B/1cfa9a7208912126459214e8b04321603b3df60c/generation_config.json "HTTP/1.1 200 OK"
2026-06-11 21:13:19,694 [INFO] httpx: HTTP Request: HEAD https://huggingface.co/Qwen/Qwen3-4B/resolve/main/custom_generate/generate.py "HTTP/1.1 404 Not Found"
2026-06-11 21:13:19,758 [INFO] core.model_loader: Model loaded: layers=36, num_heads=32, num_kv_heads=8
2026-06-11 21:13:19,775 [INFO] __main__: 
────────────────────────────────────────────────────────────
2026-06-11 21:13:19,777 [INFO] __main__: Method: FULLKV | Budget: 20%
2026-06-11 21:13:19,779 [INFO] __main__: ────────────────────────────────────────────────────────────
2026-06-11 21:13:19,782 [INFO] __main__: 
  Task: narrativeqa
2026-06-11 21:13:19,784 [INFO] core.dataset_loader: Loading LongBench/narrativeqa ...
2026-06-11 21:13:19,840 [INFO] httpx: HTTP Request: GET https://huggingface.co/api/datasets/THUDM/LongBench "HTTP/1.1 307 Temporary Redirect"
2026-06-11 21:13:19,890 [INFO] httpx: HTTP Request: GET https://huggingface.co/api/datasets/zai-org/LongBench "HTTP/1.1 200 OK"
2026-06-11 21:13:20,590 [INFO] httpx: HTTP Request: GET https://huggingface.co/api/datasets/THUDM/LongBench/revision/main "HTTP/1.1 307 Temporary Redirect"
2026-06-11 21:13:20,627 [INFO] httpx: HTTP Request: GET https://huggingface.co/api/datasets/zai-org/LongBench/revision/main "HTTP/1.1 200 OK"
2026-06-11 21:13:20,670 [INFO] httpx: HTTP Request: GET https://huggingface.co/api/datasets/THUDM/LongBench/tree/main?recursive=false&expand=false "HTTP/1.1 307 Temporary Redirect"
2026-06-11 21:13:21,534 [INFO] httpx: HTTP Request: GET https://huggingface.co/api/datasets/zai-org/LongBench/tree/main?recursive=false&expand=false "HTTP/1.1 200 OK"
2026-06-11 21:13:22,494 [INFO] core.dataset_loader: Loaded 50 samples from narrativeqa
2026-06-11 21:13:22,503 [INFO] core.evaluator_v2: [fullkv] narrativeqa (50샘플, budget=20%)
2026-06-11 21:15:38,035 [INFO] core.evaluator_v2:   [5/50] avg=2.81
2026-06-11 21:16:08,943 [WARNING] core.model_loader: Input length 8716 > max 8192, truncating...
2026-06-11 21:17:36,364 [INFO] core.evaluator_v2:   [10/50] avg=12.12
2026-06-11 21:19:29,877 [INFO] core.evaluator_v2:   [15/50] avg=10.02
2026-06-11 21:21:10,420 [INFO] core.evaluator_v2:   [20/50] avg=8.76
2026-06-11 21:23:06,331 [INFO] core.evaluator_v2:   [25/50] avg=9.21
2026-06-11 21:25:10,857 [INFO] core.evaluator_v2:   [30/50] avg=8.80
2026-06-11 21:27:29,469 [INFO] core.evaluator_v2:   [35/50] avg=7.91
2026-06-11 21:29:31,011 [INFO] core.evaluator_v2:   [40/50] avg=7.43
2026-06-11 21:31:38,519 [INFO] core.evaluator_v2:   [45/50] avg=7.69
2026-06-11 21:32:04,837 [WARNING] core.model_loader: Input length 8717 > max 8192, truncating...
2026-06-11 21:33:51,220 [INFO] core.evaluator_v2:   [50/50] avg=7.33
2026-06-11 21:33:51,223 [INFO] __main__:   → score=7.33, mem_red=0.0%, ttft=3256.6ms
2026-06-11 21:33:51,223 [INFO] __main__: 
  Task: qasper
2026-06-11 21:33:51,224 [INFO] core.dataset_loader: Loading LongBench/qasper ...
2026-06-11 21:33:51,300 [INFO] httpx: HTTP Request: GET https://huggingface.co/api/datasets/THUDM/LongBench "HTTP/1.1 307 Temporary Redirect"
2026-06-11 21:33:51,361 [INFO] httpx: HTTP Request: GET https://huggingface.co/api/datasets/zai-org/LongBench "HTTP/1.1 200 OK"
2026-06-11 21:33:52,294 [INFO] core.dataset_loader: Loaded 50 samples from qasper
2026-06-11 21:33:52,296 [INFO] core.evaluator_v2: [fullkv] qasper (50샘플, budget=20%)
2026-06-11 21:35:26,732 [INFO] core.evaluator_v2:   [5/50] avg=12.60
2026-06-11 21:37:01,911 [INFO] core.evaluator_v2:   [10/50] avg=23.01
2026-06-11 21:38:58,202 [INFO] core.evaluator_v2:   [15/50] avg=20.53
2026-06-11 21:40:37,868 [INFO] core.evaluator_v2:   [20/50] avg=21.28
2026-06-11 21:42:06,777 [INFO] core.evaluator_v2:   [25/50] avg=22.03
2026-06-11 21:43:47,380 [INFO] core.evaluator_v2:   [30/50] avg=22.35
2026-06-11 21:45:20,188 [INFO] core.evaluator_v2:   [35/50] avg=20.25
2026-06-11 21:46:30,956 [INFO] core.evaluator_v2:   [40/50] avg=19.43
2026-06-11 21:48:05,794 [INFO] core.evaluator_v2:   [45/50] avg=20.25
2026-06-11 21:49:55,160 [INFO] core.evaluator_v2:   [50/50] avg=19.29
2026-06-11 21:49:55,163 [INFO] __main__:   → score=19.29, mem_red=0.0%, ttft=2096.1ms
2026-06-11 21:49:55,164 [INFO] __main__: 
  Task: multifieldqa_en
2026-06-11 21:49:55,166 [INFO] core.dataset_loader: Loading LongBench/multifieldqa_en ...
2026-06-11 21:49:55,242 [INFO] httpx: HTTP Request: GET https://huggingface.co/api/datasets/THUDM/LongBench "HTTP/1.1 307 Temporary Redirect"
2026-06-11 21:49:55,296 [INFO] httpx: HTTP Request: GET https://huggingface.co/api/datasets/zai-org/LongBench "HTTP/1.1 200 OK"
2026-06-11 21:49:56,354 [INFO] core.dataset_loader: Loaded 50 samples from multifieldqa_en
2026-06-11 21:49:56,359 [INFO] core.evaluator_v2: [fullkv] multifieldqa_en (50샘플, budget=20%)
2026-06-11 21:50:37,156 [WARNING] core.model_loader: Input length 11006 > max 8192, truncating...
2026-06-11 21:51:47,764 [INFO] core.evaluator_v2:   [5/50] avg=38.27
2026-06-11 21:53:09,703 [INFO] core.evaluator_v2:   [10/50] avg=35.76
2026-06-11 21:55:13,068 [INFO] core.evaluator_v2:   [15/50] avg=27.50
2026-06-11 21:57:09,400 [INFO] core.evaluator_v2:   [20/50] avg=30.61
2026-06-11 21:57:09,979 [WARNING] core.model_loader: Input length 9207 > max 8192, truncating...
2026-06-11 21:58:51,300 [INFO] core.evaluator_v2:   [25/50] avg=33.90
2026-06-11 22:01:01,447 [INFO] core.evaluator_v2:   [30/50] avg=30.03
2026-06-11 22:02:35,889 [INFO] core.evaluator_v2:   [35/50] avg=29.38
2026-06-11 22:03:56,785 [WARNING] core.model_loader: Input length 8391 > max 8192, truncating...
2026-06-11 22:04:29,325 [INFO] core.evaluator_v2:   [40/50] avg=28.71
2026-06-11 22:06:11,604 [INFO] core.evaluator_v2:   [45/50] avg=30.44
2026-06-11 22:07:25,937 [INFO] core.evaluator_v2:   [50/50] avg=33.21
2026-06-11 22:07:25,946 [INFO] __main__:   → score=33.21, mem_red=0.0%, ttft=2970.9ms
2026-06-11 22:07:25,947 [INFO] __main__: 
  Task: hotpotqa
2026-06-11 22:07:25,948 [INFO] core.dataset_loader: Loading LongBench/hotpotqa ...
2026-06-11 22:07:26,024 [INFO] httpx: HTTP Request: GET https://huggingface.co/api/datasets/THUDM/LongBench "HTTP/1.1 307 Temporary Redirect"
2026-06-11 22:07:26,065 [INFO] httpx: HTTP Request: GET https://huggingface.co/api/datasets/zai-org/LongBench "HTTP/1.1 200 OK"
2026-06-11 22:07:27,049 [INFO] core.dataset_loader: Loaded 50 samples from hotpotqa
2026-06-11 22:07:27,052 [INFO] core.evaluator_v2: [fullkv] hotpotqa (50샘플, budget=20%)
2026-06-11 22:09:27,494 [INFO] core.evaluator_v2:   [5/50] avg=6.72
2026-06-11 22:11:24,945 [INFO] core.evaluator_v2:   [10/50] avg=9.59
2026-06-11 22:13:26,483 [INFO] core.evaluator_v2:   [15/50] avg=8.47
2026-06-11 22:15:00,386 [INFO] core.evaluator_v2:   [20/50] avg=13.62
2026-06-11 22:17:07,797 [INFO] core.evaluator_v2:   [25/50] avg=12.02
2026-06-11 22:19:28,551 [INFO] core.evaluator_v2:   [30/50] avg=10.04
2026-06-11 22:21:27,103 [INFO] core.evaluator_v2:   [35/50] avg=9.92
2026-06-11 22:23:27,408 [INFO] core.evaluator_v2:   [40/50] avg=9.30
2026-06-11 22:25:26,867 [INFO] core.evaluator_v2:   [45/50] avg=9.13
2026-06-11 22:27:24,191 [INFO] core.evaluator_v2:   [50/50] avg=9.79
2026-06-11 22:27:24,195 [INFO] __main__:   → score=9.79, mem_red=0.0%, ttft=3281.3ms
2026-06-11 22:27:24,197 [INFO] __main__: 
  Task: 2wikimqa
2026-06-11 22:27:24,199 [INFO] core.dataset_loader: Loading LongBench/2wikimqa ...
2026-06-11 22:27:24,291 [INFO] httpx: HTTP Request: GET https://huggingface.co/api/datasets/THUDM/LongBench "HTTP/1.1 307 Temporary Redirect"
2026-06-11 22:27:24,377 [INFO] httpx: HTTP Request: GET https://huggingface.co/api/datasets/zai-org/LongBench "HTTP/1.1 200 OK"
2026-06-11 22:27:25,360 [INFO] core.dataset_loader: Loaded 50 samples from 2wikimqa
2026-06-11 22:27:25,362 [INFO] core.evaluator_v2: [fullkv] 2wikimqa (50샘플, budget=20%)
2026-06-11 22:29:16,726 [INFO] core.evaluator_v2:   [5/50] avg=15.84
2026-06-11 22:31:06,574 [INFO] core.evaluator_v2:   [10/50] avg=16.78
2026-06-11 22:32:49,285 [INFO] core.evaluator_v2:   [15/50] avg=18.03
2026-06-11 22:34:22,398 [INFO] core.evaluator_v2:   [20/50] avg=18.19
2026-06-11 22:36:20,793 [INFO] core.evaluator_v2:   [25/50] avg=16.32
2026-06-11 22:37:49,400 [INFO] core.evaluator_v2:   [30/50] avg=18.01
2026-06-11 22:39:47,390 [INFO] core.evaluator_v2:   [35/50] avg=17.35
2026-06-11 22:41:56,759 [INFO] core.evaluator_v2:   [40/50] avg=15.67
2026-06-11 22:43:42,121 [INFO] core.evaluator_v2:   [45/50] avg=14.75
2026-06-11 22:45:17,593 [INFO] core.evaluator_v2:   [50/50] avg=15.82
2026-06-11 22:45:17,596 [INFO] __main__:   → score=15.82, mem_red=0.0%, ttft=3085.7ms
2026-06-11 22:45:17,598 [INFO] __main__: 
  Task: gov_report
2026-06-11 22:45:17,599 [INFO] core.dataset_loader: Loading LongBench/gov_report ...
2026-06-11 22:45:17,696 [INFO] httpx: HTTP Request: GET https://huggingface.co/api/datasets/THUDM/LongBench "HTTP/1.1 307 Temporary Redirect"
2026-06-11 22:45:17,729 [INFO] httpx: HTTP Request: GET https://huggingface.co/api/datasets/zai-org/LongBench "HTTP/1.1 200 OK"
2026-06-11 22:45:18,836 [INFO] core.dataset_loader: Loaded 50 samples from gov_report
2026-06-11 22:45:18,839 [INFO] core.evaluator_v2: [fullkv] gov_report (50샘플, budget=20%)
2026-06-11 22:47:32,021 [INFO] core.evaluator_v2:   [5/50] avg=9.61
2026-06-11 22:49:37,939 [INFO] core.evaluator_v2:   [10/50] avg=8.51
2026-06-11 22:51:50,307 [INFO] core.evaluator_v2:   [15/50] avg=9.89
2026-06-11 22:53:50,742 [INFO] core.evaluator_v2:   [20/50] avg=11.82
2026-06-11 22:55:58,310 [INFO] core.evaluator_v2:   [25/50] avg=10.84
2026-06-11 22:58:08,694 [INFO] core.evaluator_v2:   [30/50] avg=10.75
2026-06-11 23:00:16,770 [INFO] core.evaluator_v2:   [35/50] avg=10.49
2026-06-11 23:02:21,912 [INFO] core.evaluator_v2:   [40/50] avg=10.27
2026-06-11 23:04:40,126 [INFO] core.evaluator_v2:   [45/50] avg=10.30
2026-06-11 23:06:50,375 [INFO] core.evaluator_v2:   [50/50] avg=10.34
2026-06-11 23:06:50,378 [INFO] __main__:   → score=10.34, mem_red=0.0%, ttft=2671.8ms
2026-06-11 23:06:50,379 [INFO] __main__: 
  Task: qmsum
2026-06-11 23:06:50,379 [INFO] core.dataset_loader: Loading LongBench/qmsum ...
2026-06-11 23:06:50,451 [INFO] httpx: HTTP Request: GET https://huggingface.co/api/datasets/THUDM/LongBench "HTTP/1.1 307 Temporary Redirect"
2026-06-11 23:06:50,484 [INFO] httpx: HTTP Request: GET https://huggingface.co/api/datasets/zai-org/LongBench "HTTP/1.1 200 OK"
2026-06-11 23:06:51,544 [INFO] core.dataset_loader: Loaded 50 samples from qmsum
2026-06-11 23:06:51,549 [INFO] core.evaluator_v2: [fullkv] qmsum (50샘플, budget=20%)
2026-06-11 23:08:56,597 [INFO] core.evaluator_v2:   [5/50] avg=9.43
2026-06-11 23:11:01,449 [INFO] core.evaluator_v2:   [10/50] avg=7.93
2026-06-11 23:13:05,460 [INFO] core.evaluator_v2:   [15/50] avg=8.68
2026-06-11 23:15:13,299 [INFO] core.evaluator_v2:   [20/50] avg=9.49
2026-06-11 23:17:24,875 [INFO] core.evaluator_v2:   [25/50] avg=9.47
2026-06-11 23:19:33,149 [INFO] core.evaluator_v2:   [30/50] avg=9.64
2026-06-11 23:21:38,234 [INFO] core.evaluator_v2:   [35/50] avg=9.60
2026-06-11 23:23:55,387 [INFO] core.evaluator_v2:   [40/50] avg=9.71
2026-06-11 23:26:01,463 [INFO] core.evaluator_v2:   [45/50] avg=9.49
2026-06-11 23:28:11,661 [INFO] core.evaluator_v2:   [50/50] avg=9.38
2026-06-11 23:28:11,665 [INFO] __main__:   → score=9.38, mem_red=0.0%, ttft=2889.6ms
2026-06-11 23:28:11,667 [INFO] __main__: 
────────────────────────────────────────────────────────────
2026-06-11 23:28:11,669 [INFO] __main__: Method: STREAMING | Budget: 20%
2026-06-11 23:28:11,670 [INFO] __main__: ────────────────────────────────────────────────────────────
2026-06-11 23:28:11,672 [INFO] __main__: 
  Task: narrativeqa
2026-06-11 23:28:11,672 [INFO] core.dataset_loader: Loading LongBench/narrativeqa ...
2026-06-11 23:28:11,746 [INFO] httpx: HTTP Request: GET https://huggingface.co/api/datasets/THUDM/LongBench "HTTP/1.1 307 Temporary Redirect"
2026-06-11 23:28:11,778 [INFO] httpx: HTTP Request: GET https://huggingface.co/api/datasets/zai-org/LongBench "HTTP/1.1 200 OK"
2026-06-11 23:28:12,953 [INFO] core.dataset_loader: Loaded 50 samples from narrativeqa
2026-06-11 23:28:12,956 [INFO] core.evaluator_v2: [streaming] narrativeqa (50샘플, budget=20%)
2026-06-11 23:30:11,801 [INFO] core.evaluator_v2:   [5/50] avg=3.71
2026-06-11 23:30:41,942 [WARNING] core.model_loader: Input length 8716 > max 8192, truncating...
2026-06-11 23:32:21,317 [INFO] core.evaluator_v2:   [10/50] avg=5.32
2026-06-11 23:34:25,662 [INFO] core.evaluator_v2:   [15/50] avg=3.88
2026-06-11 23:36:23,269 [INFO] core.evaluator_v2:   [20/50] avg=3.50
2026-06-11 23:38:23,317 [INFO] core.evaluator_v2:   [25/50] avg=4.42
2026-06-11 23:40:14,789 [INFO] core.evaluator_v2:   [30/50] avg=5.10
2026-06-11 23:42:06,774 [INFO] core.evaluator_v2:   [35/50] avg=5.42
2026-06-11 23:44:04,700 [INFO] core.evaluator_v2:   [40/50] avg=5.47
2026-06-11 23:46:18,857 [INFO] core.evaluator_v2:   [45/50] avg=5.58
2026-06-11 23:46:44,733 [WARNING] core.model_loader: Input length 8717 > max 8192, truncating...
2026-06-11 23:48:43,427 [INFO] core.evaluator_v2:   [50/50] avg=5.12
2026-06-11 23:48:43,430 [INFO] __main__:   → score=5.12, mem_red=80.0%, ttft=3217.7ms
2026-06-11 23:48:43,431 [INFO] __main__: 
  Task: qasper
2026-06-11 23:48:43,431 [INFO] core.dataset_loader: Loading LongBench/qasper ...
2026-06-11 23:48:43,504 [INFO] httpx: HTTP Request: GET https://huggingface.co/api/datasets/THUDM/LongBench "HTTP/1.1 307 Temporary Redirect"
2026-06-11 23:48:43,549 [INFO] httpx: HTTP Request: GET https://huggingface.co/api/datasets/zai-org/LongBench "HTTP/1.1 200 OK"
2026-06-11 23:48:44,241 [INFO] core.dataset_loader: Loaded 50 samples from qasper
2026-06-11 23:48:44,242 [INFO] core.evaluator_v2: [streaming] qasper (50샘플, budget=20%)
2026-06-11 23:50:10,139 [INFO] core.evaluator_v2:   [5/50] avg=9.63
2026-06-11 23:51:49,298 [INFO] core.evaluator_v2:   [10/50] avg=10.35
2026-06-11 23:53:37,684 [INFO] core.evaluator_v2:   [15/50] avg=10.72
2026-06-11 23:55:12,517 [INFO] core.evaluator_v2:   [20/50] avg=9.78
2026-06-11 23:56:39,992 [INFO] core.evaluator_v2:   [25/50] avg=10.19
2026-06-11 23:58:27,461 [INFO] core.evaluator_v2:   [30/50] avg=10.42
2026-06-11 23:59:52,244 [INFO] core.evaluator_v2:   [35/50] avg=9.57
2026-06-12 00:01:31,235 [INFO] core.evaluator_v2:   [40/50] avg=9.23
2026-06-12 00:03:08,450 [INFO] core.evaluator_v2:   [45/50] avg=8.99
2026-06-12 00:04:59,015 [INFO] core.evaluator_v2:   [50/50] avg=9.01
2026-06-12 00:04:59,018 [INFO] __main__:   → score=9.01, mem_red=80.0%, ttft=2133.9ms
2026-06-12 00:04:59,018 [INFO] __main__: 
  Task: multifieldqa_en
2026-06-12 00:04:59,019 [INFO] core.dataset_loader: Loading LongBench/multifieldqa_en ...
2026-06-12 00:04:59,120 [INFO] httpx: HTTP Request: GET https://huggingface.co/api/datasets/THUDM/LongBench "HTTP/1.1 307 Temporary Redirect"
2026-06-12 00:04:59,174 [INFO] httpx: HTTP Request: GET https://huggingface.co/api/datasets/zai-org/LongBench "HTTP/1.1 200 OK"
2026-06-12 00:04:59,856 [INFO] core.dataset_loader: Loaded 50 samples from multifieldqa_en
2026-06-12 00:04:59,857 [INFO] core.evaluator_v2: [streaming] multifieldqa_en (50샘플, budget=20%)
2026-06-12 00:05:47,668 [WARNING] core.model_loader: Input length 11006 > max 8192, truncating...
2026-06-12 00:07:11,297 [INFO] core.evaluator_v2:   [5/50] avg=24.47
2026-06-12 00:08:45,011 [INFO] core.evaluator_v2:   [10/50] avg=25.56
2026-06-12 00:10:39,248 [INFO] core.evaluator_v2:   [15/50] avg=20.08
2026-06-12 00:12:46,451 [INFO] core.evaluator_v2:   [20/50] avg=17.14
2026-06-12 00:12:46,916 [WARNING] core.model_loader: Input length 9207 > max 8192, truncating...
2026-06-12 00:14:46,539 [INFO] core.evaluator_v2:   [25/50] avg=20.77
2026-06-12 00:16:55,314 [INFO] core.evaluator_v2:   [30/50] avg=20.00
2026-06-12 00:18:41,145 [INFO] core.evaluator_v2:   [35/50] avg=18.83
2026-06-12 00:20:13,632 [WARNING] core.model_loader: Input length 8391 > max 8192, truncating...
2026-06-12 00:20:48,200 [INFO] core.evaluator_v2:   [40/50] avg=19.25
2026-06-12 00:22:55,781 [INFO] core.evaluator_v2:   [45/50] avg=17.92
2026-06-12 00:24:38,117 [INFO] core.evaluator_v2:   [50/50] avg=18.09
2026-06-12 00:24:38,136 [INFO] __main__:   → score=18.09, mem_red=80.0%, ttft=2932.0ms
2026-06-12 00:24:38,139 [INFO] __main__: 
  Task: hotpotqa
2026-06-12 00:24:38,139 [INFO] core.dataset_loader: Loading LongBench/hotpotqa ...
2026-06-12 00:24:38,216 [INFO] httpx: HTTP Request: GET https://huggingface.co/api/datasets/THUDM/LongBench "HTTP/1.1 307 Temporary Redirect"
2026-06-12 00:24:38,247 [INFO] httpx: HTTP Request: GET https://huggingface.co/api/datasets/zai-org/LongBench "HTTP/1.1 200 OK"
2026-06-12 00:24:38,931 [INFO] core.dataset_loader: Loaded 50 samples from hotpotqa
2026-06-12 00:24:38,932 [INFO] core.evaluator_v2: [streaming] hotpotqa (50샘플, budget=20%)
2026-06-12 00:26:48,189 [INFO] core.evaluator_v2:   [5/50] avg=2.59
2026-06-12 00:28:48,924 [INFO] core.evaluator_v2:   [10/50] avg=4.78
2026-06-12 00:30:46,652 [INFO] core.evaluator_v2:   [15/50] avg=6.88
2026-06-12 00:32:40,188 [INFO] core.evaluator_v2:   [20/50] avg=8.59
2026-06-12 00:34:56,071 [INFO] core.evaluator_v2:   [25/50] avg=6.97
2026-06-12 00:37:14,580 [INFO] core.evaluator_v2:   [30/50] avg=5.85
2026-06-12 00:39:33,029 [INFO] core.evaluator_v2:   [35/50] avg=5.05
2026-06-12 00:41:44,561 [INFO] core.evaluator_v2:   [40/50] avg=4.58
2026-06-12 00:43:39,930 [INFO] core.evaluator_v2:   [45/50] avg=5.25
2026-06-12 00:45:49,768 [INFO] core.evaluator_v2:   [50/50] avg=5.75
2026-06-12 00:45:49,770 [INFO] __main__:   → score=5.75, mem_red=80.0%, ttft=3285.6ms
2026-06-12 00:45:49,771 [INFO] __main__: 
  Task: 2wikimqa
2026-06-12 00:45:49,771 [INFO] core.dataset_loader: Loading LongBench/2wikimqa ...
2026-06-12 00:45:50,115 [INFO] httpx: HTTP Request: GET https://huggingface.co/api/datasets/THUDM/LongBench "HTTP/1.1 307 Temporary Redirect"
2026-06-12 00:45:50,284 [INFO] httpx: HTTP Request: GET https://huggingface.co/api/datasets/zai-org/LongBench "HTTP/1.1 200 OK"
2026-06-12 00:45:50,964 [INFO] core.dataset_loader: Loaded 50 samples from 2wikimqa
2026-06-12 00:45:50,965 [INFO] core.evaluator_v2: [streaming] 2wikimqa (50샘플, budget=20%)
2026-06-12 00:48:00,508 [INFO] core.evaluator_v2:   [5/50] avg=2.77
2026-06-12 00:50:09,804 [INFO] core.evaluator_v2:   [10/50] avg=3.08
2026-06-12 00:52:13,351 [INFO] core.evaluator_v2:   [15/50] avg=3.35
2026-06-12 00:54:18,049 [INFO] core.evaluator_v2:   [20/50] avg=2.75
2026-06-12 00:56:37,675 [INFO] core.evaluator_v2:   [25/50] avg=2.34
2026-06-12 00:58:32,782 [INFO] core.evaluator_v2:   [30/50] avg=2.92
2026-06-12 01:00:37,420 [INFO] core.evaluator_v2:   [35/50] avg=3.31
2026-06-12 01:02:53,856 [INFO] core.evaluator_v2:   [40/50] avg=3.12
2026-06-12 01:04:46,846 [INFO] core.evaluator_v2:   [45/50] avg=3.11
2026-06-12 01:06:53,707 [INFO] core.evaluator_v2:   [50/50] avg=2.93
2026-06-12 01:06:53,716 [INFO] __main__:   → score=2.93, mem_red=80.0%, ttft=3059.2ms
2026-06-12 01:06:53,717 [INFO] __main__: 
  Task: gov_report
2026-06-12 01:06:53,718 [INFO] core.dataset_loader: Loading LongBench/gov_report ...
2026-06-12 01:06:53,802 [INFO] httpx: HTTP Request: GET https://huggingface.co/api/datasets/THUDM/LongBench "HTTP/1.1 307 Temporary Redirect"
2026-06-12 01:06:53,853 [INFO] httpx: HTTP Request: GET https://huggingface.co/api/datasets/zai-org/LongBench "HTTP/1.1 200 OK"
2026-06-12 01:06:54,640 [INFO] core.dataset_loader: Loaded 50 samples from gov_report
2026-06-12 01:06:54,641 [INFO] core.evaluator_v2: [streaming] gov_report (50샘플, budget=20%)
2026-06-12 01:09:04,245 [INFO] core.evaluator_v2:   [5/50] avg=6.85
2026-06-12 01:11:11,541 [INFO] core.evaluator_v2:   [10/50] avg=6.85
2026-06-12 01:13:24,350 [INFO] core.evaluator_v2:   [15/50] avg=7.94
2026-06-12 01:15:24,154 [INFO] core.evaluator_v2:   [20/50] avg=8.01
2026-06-12 01:17:31,782 [INFO] core.evaluator_v2:   [25/50] avg=8.08
2026-06-12 01:19:42,021 [INFO] core.evaluator_v2:   [30/50] avg=8.02
2026-06-12 01:21:50,390 [INFO] core.evaluator_v2:   [35/50] avg=7.99
2026-06-12 01:23:54,463 [INFO] core.evaluator_v2:   [40/50] avg=8.50
2026-06-12 01:26:08,443 [INFO] core.evaluator_v2:   [45/50] avg=8.49
2026-06-12 01:28:14,967 [INFO] core.evaluator_v2:   [50/50] avg=8.72
2026-06-12 01:28:14,969 [INFO] __main__:   → score=8.72, mem_red=80.0%, ttft=2647.0ms
2026-06-12 01:28:14,969 [INFO] __main__: 
  Task: qmsum
2026-06-12 01:28:14,970 [INFO] core.dataset_loader: Loading LongBench/qmsum ...
2026-06-12 01:28:15,055 [INFO] httpx: HTTP Request: GET https://huggingface.co/api/datasets/THUDM/LongBench "HTTP/1.1 307 Temporary Redirect"
2026-06-12 01:28:15,102 [INFO] httpx: HTTP Request: GET https://huggingface.co/api/datasets/zai-org/LongBench "HTTP/1.1 200 OK"
2026-06-12 01:28:15,820 [INFO] core.dataset_loader: Loaded 50 samples from qmsum
2026-06-12 01:28:15,821 [INFO] core.evaluator_v2: [streaming] qmsum (50샘플, budget=20%)
2026-06-12 01:30:11,757 [INFO] core.evaluator_v2:   [5/50] avg=7.68
2026-06-12 01:32:17,590 [INFO] core.evaluator_v2:   [10/50] avg=6.55
2026-06-12 01:34:27,003 [INFO] core.evaluator_v2:   [15/50] avg=6.77
2026-06-12 01:36:39,131 [INFO] core.evaluator_v2:   [20/50] avg=7.35
2026-06-12 01:38:51,922 [INFO] core.evaluator_v2:   [25/50] avg=7.58
2026-06-12 01:41:02,234 [INFO] core.evaluator_v2:   [30/50] avg=7.59
2026-06-12 01:43:03,692 [INFO] core.evaluator_v2:   [35/50] avg=7.33
2026-06-12 01:45:14,207 [INFO] core.evaluator_v2:   [40/50] avg=7.47
2026-06-12 01:47:26,299 [INFO] core.evaluator_v2:   [45/50] avg=7.19
2026-06-12 01:49:30,132 [INFO] core.evaluator_v2:   [50/50] avg=7.08
2026-06-12 01:49:30,134 [INFO] __main__:   → score=7.08, mem_red=80.0%, ttft=2883.3ms
2026-06-12 01:49:30,135 [INFO] __main__: 
────────────────────────────────────────────────────────────
2026-06-12 01:49:30,136 [INFO] __main__: Method: H2O | Budget: 20%
2026-06-12 01:49:30,136 [INFO] __main__: ────────────────────────────────────────────────────────────
2026-06-12 01:49:30,137 [INFO] __main__: 
  Task: narrativeqa
2026-06-12 01:49:30,137 [INFO] core.dataset_loader: Loading LongBench/narrativeqa ...
2026-06-12 01:49:30,218 [INFO] httpx: HTTP Request: GET https://huggingface.co/api/datasets/THUDM/LongBench "HTTP/1.1 307 Temporary Redirect"
2026-06-12 01:49:30,253 [INFO] httpx: HTTP Request: GET https://huggingface.co/api/datasets/zai-org/LongBench "HTTP/1.1 200 OK"
2026-06-12 01:49:31,231 [INFO] core.dataset_loader: Loaded 50 samples from narrativeqa
2026-06-12 01:49:31,232 [INFO] core.evaluator_v2: [h2o] narrativeqa (50샘플, budget=20%)
2026-06-12 01:51:40,877 [INFO] core.evaluator_v2:   [5/50] avg=4.99
2026-06-12 01:52:11,529 [WARNING] core.model_loader: Input length 8716 > max 8192, truncating...
2026-06-12 01:53:38,468 [INFO] core.evaluator_v2:   [10/50] avg=3.34
2026-06-12 01:55:41,193 [INFO] core.evaluator_v2:   [15/50] avg=3.15
2026-06-12 01:57:38,883 [INFO] core.evaluator_v2:   [20/50] avg=2.96
2026-06-12 01:59:37,028 [INFO] core.evaluator_v2:   [25/50] avg=4.28
2026-06-12 02:01:47,217 [INFO] core.evaluator_v2:   [30/50] avg=5.05
2026-06-12 02:03:25,625 [INFO] core.evaluator_v2:   [35/50] avg=5.23
2026-06-12 02:05:45,342 [INFO] core.evaluator_v2:   [40/50] avg=5.08
2026-06-12 02:07:33,984 [INFO] core.evaluator_v2:   [45/50] avg=5.09
2026-06-12 02:07:56,779 [WARNING] core.model_loader: Input length 8717 > max 8192, truncating...
2026-06-12 02:09:44,844 [INFO] core.evaluator_v2:   [50/50] avg=5.03
2026-06-12 02:09:44,854 [INFO] __main__:   → score=5.03, mem_red=80.0%, ttft=3342.5ms
2026-06-12 02:09:44,854 [INFO] __main__: 
  Task: qasper
2026-06-12 02:09:44,855 [INFO] core.dataset_loader: Loading LongBench/qasper ...
2026-06-12 02:09:44,924 [INFO] httpx: HTTP Request: GET https://huggingface.co/api/datasets/THUDM/LongBench "HTTP/1.1 307 Temporary Redirect"
2026-06-12 02:09:44,969 [INFO] httpx: HTTP Request: GET https://huggingface.co/api/datasets/zai-org/LongBench "HTTP/1.1 200 OK"
2026-06-12 02:09:45,627 [INFO] core.dataset_loader: Loaded 50 samples from qasper
2026-06-12 02:09:45,631 [INFO] core.evaluator_v2: [h2o] qasper (50샘플, budget=20%)
2026-06-12 02:11:31,076 [INFO] core.evaluator_v2:   [5/50] avg=5.71
2026-06-12 02:13:17,562 [INFO] core.evaluator_v2:   [10/50] avg=8.09
2026-06-12 02:14:59,402 [INFO] core.evaluator_v2:   [15/50] avg=9.57
2026-06-12 02:15:57,356 [INFO] core.evaluator_v2:   [20/50] avg=13.24
2026-06-12 02:17:10,398 [INFO] core.evaluator_v2:   [25/50] avg=11.95
2026-06-12 02:18:39,986 [INFO] core.evaluator_v2:   [30/50] avg=11.15
2026-06-12 02:20:17,863 [INFO] core.evaluator_v2:   [35/50] avg=10.39
2026-06-12 02:21:04,868 [INFO] core.evaluator_v2:   [40/50] avg=11.01
2026-06-12 02:22:42,793 [INFO] core.evaluator_v2:   [45/50] avg=10.62
2026-06-12 02:24:26,890 [INFO] core.evaluator_v2:   [50/50] avg=10.65
2026-06-12 02:24:26,892 [INFO] __main__:   → score=10.65, mem_red=80.0%, ttft=2119.1ms
2026-06-12 02:24:26,892 [INFO] __main__: 
  Task: multifieldqa_en
2026-06-12 02:24:26,893 [INFO] core.dataset_loader: Loading LongBench/multifieldqa_en ...
2026-06-12 02:24:26,963 [INFO] httpx: HTTP Request: GET https://huggingface.co/api/datasets/THUDM/LongBench "HTTP/1.1 307 Temporary Redirect"
2026-06-12 02:24:27,024 [INFO] httpx: HTTP Request: GET https://huggingface.co/api/datasets/zai-org/LongBench "HTTP/1.1 200 OK"
2026-06-12 02:24:27,583 [INFO] core.dataset_loader: Loaded 50 samples from multifieldqa_en
2026-06-12 02:24:27,584 [INFO] core.evaluator_v2: [h2o] multifieldqa_en (50샘플, budget=20%)
2026-06-12 02:24:45,186 [WARNING] core.model_loader: Input length 11006 > max 8192, truncating...
2026-06-12 02:25:57,528 [INFO] core.evaluator_v2:   [5/50] avg=31.07
2026-06-12 02:27:10,894 [INFO] core.evaluator_v2:   [10/50] avg=35.50
2026-06-12 02:29:12,018 [INFO] core.evaluator_v2:   [15/50] avg=26.54
2026-06-12 02:30:51,260 [INFO] core.evaluator_v2:   [20/50] avg=26.70
2026-06-12 02:30:51,697 [WARNING] core.model_loader: Input length 9207 > max 8192, truncating...
2026-06-12 02:32:13,602 [INFO] core.evaluator_v2:   [25/50] avg=28.42
2026-06-12 02:33:55,718 [INFO] core.evaluator_v2:   [30/50] avg=27.46
2026-06-12 02:35:53,301 [INFO] core.evaluator_v2:   [35/50] avg=24.69
2026-06-12 02:37:08,310 [WARNING] core.model_loader: Input length 8391 > max 8192, truncating...
2026-06-12 02:37:42,868 [INFO] core.evaluator_v2:   [40/50] avg=22.35
2026-06-12 02:39:32,962 [INFO] core.evaluator_v2:   [45/50] avg=21.93
2026-06-12 02:40:49,652 [INFO] core.evaluator_v2:   [50/50] avg=22.37
2026-06-12 02:40:49,654 [INFO] __main__:   → score=22.37, mem_red=80.0%, ttft=2974.4ms
2026-06-12 02:40:49,654 [INFO] __main__: 
  Task: hotpotqa
2026-06-12 02:40:49,655 [INFO] core.dataset_loader: Loading LongBench/hotpotqa ...
2026-06-12 02:40:49,733 [INFO] httpx: HTTP Request: GET https://huggingface.co/api/datasets/THUDM/LongBench "HTTP/1.1 307 Temporary Redirect"
2026-06-12 02:40:49,766 [INFO] httpx: HTTP Request: GET https://huggingface.co/api/datasets/zai-org/LongBench "HTTP/1.1 200 OK"
2026-06-12 02:40:50,626 [INFO] core.dataset_loader: Loaded 50 samples from hotpotqa
2026-06-12 02:40:50,629 [INFO] core.evaluator_v2: [h2o] hotpotqa (50샘플, budget=20%)
2026-06-12 02:42:49,798 [INFO] core.evaluator_v2:   [5/50] avg=4.34
2026-06-12 02:44:32,719 [INFO] core.evaluator_v2:   [10/50] avg=13.78
2026-06-12 02:46:28,112 [INFO] core.evaluator_v2:   [15/50] avg=15.41
2026-06-12 02:48:03,582 [INFO] core.evaluator_v2:   [20/50] avg=12.31
2026-06-12 02:50:10,076 [INFO] core.evaluator_v2:   [25/50] avg=10.67
2026-06-12 02:52:15,279 [INFO] core.evaluator_v2:   [30/50] avg=9.33
2026-06-12 02:54:16,403 [INFO] core.evaluator_v2:   [35/50] avg=8.69
2026-06-12 02:56:10,300 [INFO] core.evaluator_v2:   [40/50] avg=8.44
2026-06-12 02:58:15,738 [INFO] core.evaluator_v2:   [45/50] avg=8.85
2026-06-12 03:00:21,565 [INFO] core.evaluator_v2:   [50/50] avg=8.91
2026-06-12 03:00:21,660 [INFO] __main__:   → score=8.91, mem_red=80.0%, ttft=3281.3ms
2026-06-12 03:00:21,664 [INFO] __main__: 
  Task: 2wikimqa
2026-06-12 03:00:21,665 [INFO] core.dataset_loader: Loading LongBench/2wikimqa ...
2026-06-12 03:00:21,744 [INFO] httpx: HTTP Request: GET https://huggingface.co/api/datasets/THUDM/LongBench "HTTP/1.1 307 Temporary Redirect"
2026-06-12 03:00:21,777 [INFO] httpx: HTTP Request: GET https://huggingface.co/api/datasets/zai-org/LongBench "HTTP/1.1 200 OK"
2026-06-12 03:00:22,440 [INFO] core.dataset_loader: Loaded 50 samples from 2wikimqa
2026-06-12 03:00:22,481 [INFO] core.evaluator_v2: [h2o] 2wikimqa (50샘플, budget=20%)
2026-06-12 03:02:35,554 [INFO] core.evaluator_v2:   [5/50] avg=3.77
2026-06-12 03:04:51,017 [INFO] core.evaluator_v2:   [10/50] avg=2.76
2026-06-12 03:06:45,567 [INFO] core.evaluator_v2:   [15/50] avg=2.10
2026-06-12 03:08:40,983 [INFO] core.evaluator_v2:   [20/50] avg=3.76
2026-06-12 03:10:54,366 [INFO] core.evaluator_v2:   [25/50] avg=3.17
2026-06-12 03:12:29,065 [INFO] core.evaluator_v2:   [30/50] avg=3.34
2026-06-12 03:14:21,213 [INFO] core.evaluator_v2:   [35/50] avg=3.73
2026-06-12 03:16:29,475 [INFO] core.evaluator_v2:   [40/50] avg=3.68
2026-06-12 03:17:51,915 [INFO] core.evaluator_v2:   [45/50] avg=3.83
2026-06-12 03:19:39,707 [INFO] core.evaluator_v2:   [50/50] avg=3.58
2026-06-12 03:19:39,717 [INFO] __main__:   → score=3.58, mem_red=80.0%, ttft=3056.6ms
2026-06-12 03:19:39,717 [INFO] __main__: 
  Task: gov_report
2026-06-12 03:19:39,718 [INFO] core.dataset_loader: Loading LongBench/gov_report ...
2026-06-12 03:19:39,791 [INFO] httpx: HTTP Request: GET https://huggingface.co/api/datasets/THUDM/LongBench "HTTP/1.1 307 Temporary Redirect"
2026-06-12 03:19:39,832 [INFO] httpx: HTTP Request: GET https://huggingface.co/api/datasets/zai-org/LongBench "HTTP/1.1 200 OK"
2026-06-12 03:19:40,539 [INFO] core.dataset_loader: Loaded 50 samples from gov_report
2026-06-12 03:19:40,540 [INFO] core.evaluator_v2: [h2o] gov_report (50샘플, budget=20%)
2026-06-12 03:21:48,837 [INFO] core.evaluator_v2:   [5/50] avg=13.54
2026-06-12 03:23:54,321 [INFO] core.evaluator_v2:   [10/50] avg=11.46
2026-06-12 03:26:04,036 [INFO] core.evaluator_v2:   [15/50] avg=12.55
2026-06-12 03:27:22,063 [INFO] core.evaluator_v2:   [20/50] avg=11.29
2026-06-12 03:29:27,286 [INFO] core.evaluator_v2:   [25/50] avg=11.44
2026-06-12 03:31:36,143 [INFO] core.evaluator_v2:   [30/50] avg=11.28
2026-06-12 03:33:43,822 [INFO] core.evaluator_v2:   [35/50] avg=10.99
2026-06-12 03:35:45,333 [INFO] core.evaluator_v2:   [40/50] avg=10.88
2026-06-12 03:37:57,980 [INFO] core.evaluator_v2:   [45/50] avg=10.55
2026-06-12 03:40:02,060 [INFO] core.evaluator_v2:   [50/50] avg=10.97
2026-06-12 03:40:02,062 [INFO] __main__:   → score=10.97, mem_red=80.0%, ttft=2651.7ms
2026-06-12 03:40:02,062 [INFO] __main__: 
  Task: qmsum
2026-06-12 03:40:02,063 [INFO] core.dataset_loader: Loading LongBench/qmsum ...
2026-06-12 03:40:02,139 [INFO] httpx: HTTP Request: GET https://huggingface.co/api/datasets/THUDM/LongBench "HTTP/1.1 307 Temporary Redirect"
2026-06-12 03:40:02,169 [INFO] httpx: HTTP Request: GET https://huggingface.co/api/datasets/zai-org/LongBench "HTTP/1.1 200 OK"
2026-06-12 03:40:02,847 [INFO] core.dataset_loader: Loaded 50 samples from qmsum
2026-06-12 03:40:02,848 [INFO] core.evaluator_v2: [h2o] qmsum (50샘플, budget=20%)
2026-06-12 03:42:10,589 [INFO] core.evaluator_v2:   [5/50] avg=9.10
2026-06-12 03:44:00,338 [INFO] core.evaluator_v2:   [10/50] avg=7.49
2026-06-12 03:46:07,918 [INFO] core.evaluator_v2:   [15/50] avg=7.30
2026-06-12 03:48:18,353 [INFO] core.evaluator_v2:   [20/50] avg=8.06
2026-06-12 03:50:12,585 [INFO] core.evaluator_v2:   [25/50] avg=8.07
2026-06-12 03:51:49,815 [INFO] core.evaluator_v2:   [30/50] avg=8.29
2026-06-12 03:53:57,777 [INFO] core.evaluator_v2:   [35/50] avg=8.20
2026-06-12 03:55:42,074 [INFO] core.evaluator_v2:   [40/50] avg=8.35
2026-06-12 03:57:54,121 [INFO] core.evaluator_v2:   [45/50] avg=8.42
2026-06-12 04:00:03,626 [INFO] core.evaluator_v2:   [50/50] avg=8.55
2026-06-12 04:00:03,628 [INFO] __main__:   → score=8.55, mem_red=80.0%, ttft=2867.9ms
2026-06-12 04:00:03,629 [INFO] __main__: 
────────────────────────────────────────────────────────────
2026-06-12 04:00:03,629 [INFO] __main__: Method: SNAPKV | Budget: 20%
2026-06-12 04:00:03,630 [INFO] __main__: ────────────────────────────────────────────────────────────
2026-06-12 04:00:03,630 [INFO] __main__: 
  Task: narrativeqa
2026-06-12 04:00:03,631 [INFO] core.dataset_loader: Loading LongBench/narrativeqa ...
2026-06-12 04:00:03,700 [INFO] httpx: HTTP Request: GET https://huggingface.co/api/datasets/THUDM/LongBench "HTTP/1.1 307 Temporary Redirect"
2026-06-12 04:00:03,749 [INFO] httpx: HTTP Request: GET https://huggingface.co/api/datasets/zai-org/LongBench "HTTP/1.1 200 OK"
2026-06-12 04:00:04,544 [INFO] core.dataset_loader: Loaded 50 samples from narrativeqa
2026-06-12 04:00:04,545 [INFO] core.evaluator_v2: [snapkv] narrativeqa (50샘플, budget=20%)
2026-06-12 04:00:09,617 [WARNING] core.evaluator_v2: Sample 0 failed: Expected all tensors to be on the same device, but got tensors is on cpu, different from other tensors on cuda:0 (when checking argument in method wrapper_CUDA_cat)
2026-06-12 04:00:12,419 [WARNING] core.evaluator_v2: Sample 1 failed: Expected all tensors to be on the same device, but got tensors is on cpu, different from other tensors on cuda:0 (when checking argument in method wrapper_CUDA_cat)
2026-06-12 04:00:15,032 [WARNING] core.evaluator_v2: Sample 2 failed: Expected all tensors to be on the same device, but got tensors is on cpu, different from other tensors on cuda:0 (when checking argument in method wrapper_CUDA_cat)
2026-06-12 04:00:17,868 [WARNING] core.evaluator_v2: Sample 3 failed: Expected all tensors to be on the same device, but got tensors is on cpu, different from other tensors on cuda:0 (when checking argument in method wrapper_CUDA_cat)
2026-06-12 04:00:22,121 [WARNING] core.evaluator_v2: Sample 4 failed: Expected all tensors to be on the same device, but got tensors is on cpu, different from other tensors on cuda:0 (when checking argument in method wrapper_CUDA_cat)
2026-06-12 04:00:26,480 [WARNING] core.evaluator_v2: Sample 5 failed: Expected all tensors to be on the same device, but got tensors is on cpu, different from other tensors on cuda:0 (when checking argument in method wrapper_CUDA_cat)
2026-06-12 04:00:26,796 [WARNING] core.model_loader: Input length 8716 > max 8192, truncating...
2026-06-12 04:00:32,135 [WARNING] core.evaluator_v2: Sample 6 failed: Expected all tensors to be on the same device, but got tensors is on cpu, different from other tensors on cuda:0 (when checking argument in method wrapper_CUDA_cat)
2026-06-12 04:00:35,254 [WARNING] core.evaluator_v2: Sample 7 failed: Expected all tensors to be on the same device, but got tensors is on cpu, different from other tensors on cuda:0 (when checking argument in method wrapper_CUDA_cat)
2026-06-12 04:00:38,768 [WARNING] core.evaluator_v2: Sample 8 failed: Expected all tensors to be on the same device, but got tensors is on cpu, different from other tensors on cuda:0 (when checking argument in method wrapper_CUDA_cat)
2026-06-12 04:00:41,775 [WARNING] core.evaluator_v2: Sample 9 failed: Expected all tensors to be on the same device, but got tensors is on cpu, different from other tensors on cuda:0 (when checking argument in method wrapper_CUDA_cat)
2026-06-12 04:00:44,227 [WARNING] core.evaluator_v2: Sample 10 failed: Expected all tensors to be on the same device, but got tensors is on cpu, different from other tensors on cuda:0 (when checking argument in method wrapper_CUDA_cat)
2026-06-12 04:00:47,456 [WARNING] core.evaluator_v2: Sample 11 failed: Expected all tensors to be on the same device, but got tensors is on cpu, different from other tensors on cuda:0 (when checking argument in method wrapper_CUDA_cat)
2026-06-12 04:00:50,428 [WARNING] core.evaluator_v2: Sample 12 failed: Expected all tensors to be on the same device, but got tensors is on cpu, different from other tensors on cuda:0 (when checking argument in method wrapper_CUDA_cat)
2026-06-12 04:00:53,479 [WARNING] core.evaluator_v2: Sample 13 failed: Expected all tensors to be on the same device, but got tensors is on cpu, different from other tensors on cuda:0 (when checking argument in method wrapper_CUDA_cat)
2026-06-12 04:00:56,281 [WARNING] core.evaluator_v2: Sample 14 failed: Expected all tensors to be on the same device, but got tensors is on cpu, different from other tensors on cuda:0 (when checking argument in method wrapper_CUDA_cat)
2026-06-12 04:00:58,971 [WARNING] core.evaluator_v2: Sample 15 failed: Expected all tensors to be on the same device, but got tensors is on cpu, different from other tensors on cuda:0 (when checking argument in method wrapper_CUDA_cat)
2026-06-12 04:01:01,409 [WARNING] core.evaluator_v2: Sample 16 failed: Expected all tensors to be on the same device, but got tensors is on cpu, different from other tensors on cuda:0 (when checking argument in method wrapper_CUDA_cat)
2026-06-12 04:01:04,036 [WARNING] core.evaluator_v2: Sample 17 failed: Expected all tensors to be on the same device, but got tensors is on cpu, different from other tensors on cuda:0 (when checking argument in method wrapper_CUDA_cat)
2026-06-12 04:01:08,009 [WARNING] core.evaluator_v2: Sample 18 failed: Expected all tensors to be on the same device, but got tensors is on cpu, different from other tensors on cuda:0 (when checking argument in method wrapper_CUDA_cat)
2026-06-12 04:01:10,901 [WARNING] core.evaluator_v2: Sample 19 failed: Expected all tensors to be on the same device, but got tensors is on cpu, different from other tensors on cuda:0 (when checking argument in method wrapper_CUDA_cat)
2026-06-12 04:01:14,786 [WARNING] core.evaluator_v2: Sample 20 failed: Expected all tensors to be on the same device, but got tensors is on cpu, different from other tensors on cuda:0 (when checking argument in method wrapper_CUDA_cat)
2026-06-12 04:01:20,342 [WARNING] core.evaluator_v2: Sample 21 failed: Expected all tensors to be on the same device, but got tensors is on cpu, different from other tensors on cuda:0 (when checking argument in method wrapper_CUDA_cat)
2026-06-12 04:01:23,137 [WARNING] core.evaluator_v2: Sample 22 failed: Expected all tensors to be on the same device, but got tensors is on cpu, different from other tensors on cuda:0 (when checking argument in method wrapper_CUDA_cat)
2026-06-12 04:01:25,982 [WARNING] core.evaluator_v2: Sample 23 failed: Expected all tensors to be on the same device, but got tensors is on cpu, different from other tensors on cuda:0 (when checking argument in method wrapper_CUDA_cat)
2026-06-12 04:01:28,478 [WARNING] core.evaluator_v2: Sample 24 failed: Expected all tensors to be on the same device, but got tensors is on cpu, different from other tensors on cuda:0 (when checking argument in method wrapper_CUDA_cat)
2026-06-12 04:01:31,487 [WARNING] core.evaluator_v2: Sample 25 failed: Expected all tensors to be on the same device, but got tensors is on cpu, different from other tensors on cuda:0 (when checking argument in method wrapper_CUDA_cat)
2026-06-12 04:01:35,133 [WARNING] core.evaluator_v2: Sample 26 failed: Expected all tensors to be on the same device, but got tensors is on cpu, different from other tensors on cuda:0 (when checking argument in method wrapper_CUDA_cat)
2026-06-12 04:01:37,892 [WARNING] core.evaluator_v2: Sample 27 failed: Expected all tensors to be on the same device, but got tensors is on cpu, different from other tensors on cuda:0 (when checking argument in method wrapper_CUDA_cat)
2026-06-12 04:01:40,681 [WARNING] core.evaluator_v2: Sample 28 failed: Expected all tensors to be on the same device, but got tensors is on cpu, different from other tensors on cuda:0 (when checking argument in method wrapper_CUDA_cat)
2026-06-12 04:01:43,789 [WARNING] core.evaluator_v2: Sample 29 failed: Expected all tensors to be on the same device, but got tensors is on cpu, different from other tensors on cuda:0 (when checking argument in method wrapper_CUDA_cat)
2026-06-12 04:01:47,344 [WARNING] core.evaluator_v2: Sample 30 failed: Expected all tensors to be on the same device, but got tensors is on cpu, different from other tensors on cuda:0 (when checking argument in method wrapper_CUDA_cat)
2026-06-12 04:01:50,582 [WARNING] core.evaluator_v2: Sample 31 failed: Expected all tensors to be on the same device, but got tensors is on cpu, different from other tensors on cuda:0 (when checking argument in method wrapper_CUDA_cat)
2026-06-12 04:01:53,612 [WARNING] core.evaluator_v2: Sample 32 failed: Expected all tensors to be on the same device, but got tensors is on cpu, different from other tensors on cuda:0 (when checking argument in method wrapper_CUDA_cat)
2026-06-12 04:01:57,778 [WARNING] core.evaluator_v2: Sample 33 failed: Expected all tensors to be on the same device, but got tensors is on cpu, different from other tensors on cuda:0 (when checking argument in method wrapper_CUDA_cat)
2026-06-12 04:02:00,779 [WARNING] core.evaluator_v2: Sample 34 failed: Expected all tensors to be on the same device, but got tensors is on cpu, different from other tensors on cuda:0 (when checking argument in method wrapper_CUDA_cat)
2026-06-12 04:02:05,120 [WARNING] core.evaluator_v2: Sample 35 failed: Expected all tensors to be on the same device, but got tensors is on cpu, different from other tensors on cuda:0 (when checking argument in method wrapper_CUDA_cat)
2026-06-12 04:02:07,869 [WARNING] core.evaluator_v2: Sample 36 failed: Expected all tensors to be on the same device, but got tensors is on cpu, different from other tensors on cuda:0 (when checking argument in method wrapper_CUDA_cat)
2026-06-12 04:02:10,517 [WARNING] core.evaluator_v2: Sample 37 failed: Expected all tensors to be on the same device, but got tensors is on cpu, different from other tensors on cuda:0 (when checking argument in method wrapper_CUDA_cat)
2026-06-12 04:02:16,412 [WARNING] core.evaluator_v2: Sample 38 failed: Expected all tensors to be on the same device, but got tensors is on cpu, different from other tensors on cuda:0 (when checking argument in method wrapper_CUDA_cat)
2026-06-12 04:02:19,218 [WARNING] core.evaluator_v2: Sample 39 failed: Expected all tensors to be on the same device, but got tensors is on cpu, different from other tensors on cuda:0 (when checking argument in method wrapper_CUDA_cat)
2026-06-12 04:02:22,485 [WARNING] core.evaluator_v2: Sample 40 failed: Expected all tensors to be on the same device, but got tensors is on cpu, different from other tensors on cuda:0 (when checking argument in method wrapper_CUDA_cat)
2026-06-12 04:02:25,477 [WARNING] core.evaluator_v2: Sample 41 failed: Expected all tensors to be on the same device, but got tensors is on cpu, different from other tensors on cuda:0 (when checking argument in method wrapper_CUDA_cat)
2026-06-12 04:02:28,259 [WARNING] core.evaluator_v2: Sample 42 failed: Expected all tensors to be on the same device, but got tensors is on cpu, different from other tensors on cuda:0 (when checking argument in method wrapper_CUDA_cat)
2026-06-12 04:02:32,425 [WARNING] core.evaluator_v2: Sample 43 failed: Expected all tensors to be on the same device, but got tensors is on cpu, different from other tensors on cuda:0 (when checking argument in method wrapper_CUDA_cat)
2026-06-12 04:02:38,331 [WARNING] core.evaluator_v2: Sample 44 failed: Expected all tensors to be on the same device, but got tensors is on cpu, different from other tensors on cuda:0 (when checking argument in method wrapper_CUDA_cat)
2026-06-12 04:02:41,363 [WARNING] core.evaluator_v2: Sample 45 failed: Expected all tensors to be on the same device, but got tensors is on cpu, different from other tensors on cuda:0 (when checking argument in method wrapper_CUDA_cat)
2026-06-12 04:02:41,631 [WARNING] core.model_loader: Input length 8717 > max 8192, truncating...
2026-06-12 04:02:46,971 [WARNING] core.evaluator_v2: Sample 46 failed: Expected all tensors to be on the same device, but got tensors is on cpu, different from other tensors on cuda:0 (when checking argument in method wrapper_CUDA_cat)
2026-06-12 04:02:49,951 [WARNING] core.evaluator_v2: Sample 47 failed: Expected all tensors to be on the same device, but got tensors is on cpu, different from other tensors on cuda:0 (when checking argument in method wrapper_CUDA_cat)
2026-06-12 04:02:55,560 [WARNING] core.evaluator_v2: Sample 48 failed: Expected all tensors to be on the same device, but got tensors is on cpu, different from other tensors on cuda:0 (when checking argument in method wrapper_CUDA_cat)
2026-06-12 04:02:58,246 [WARNING] core.evaluator_v2: Sample 49 failed: Expected all tensors to be on the same device, but got tensors is on cpu, different from other tensors on cuda:0 (when checking argument in method wrapper_CUDA_cat)
2026-06-12 04:02:58,248 [INFO] __main__:   → score=0.00, mem_red=0.0%, ttft=0.0ms
2026-06-12 04:02:58,248 [INFO] __main__: 
  Task: qasper
2026-06-12 04:02:58,249 [INFO] core.dataset_loader: Loading LongBench/qasper ...
2026-06-12 04:02:58,382 [INFO] httpx: HTTP Request: GET https://huggingface.co/api/datasets/THUDM/LongBench "HTTP/1.1 307 Temporary Redirect"
2026-06-12 04:02:58,415 [INFO] httpx: HTTP Request: GET https://huggingface.co/api/datasets/zai-org/LongBench "HTTP/1.1 200 OK"
2026-06-12 04:02:59,225 [INFO] core.dataset_loader: Loaded 50 samples from qasper
2026-06-12 04:02:59,227 [INFO] core.evaluator_v2: [snapkv] qasper (50샘플, budget=20%)
2026-06-12 04:03:00,586 [WARNING] core.evaluator_v2: Sample 0 failed: Expected all tensors to be on the same device, but got tensors is on cpu, different from other tensors on cuda:0 (when checking argument in method wrapper_CUDA_cat)
2026-06-12 04:03:01,909 [WARNING] core.evaluator_v2: Sample 1 failed: Expected all tensors to be on the same device, but got tensors is on cpu, different from other tensors on cuda:0 (when checking argument in method wrapper_CUDA_cat)
2026-06-12 04:03:03,458 [WARNING] core.evaluator_v2: Sample 2 failed: Expected all tensors to be on the same device, but got tensors is on cpu, different from other tensors on cuda:0 (when checking argument in method wrapper_CUDA_cat)
2026-06-12 04:03:04,454 [WARNING] core.evaluator_v2: Sample 3 failed: Expected all tensors to be on the same device, but got tensors is on cpu, different from other tensors on cuda:0 (when checking argument in method wrapper_CUDA_cat)
2026-06-12 04:03:07,183 [WARNING] core.evaluator_v2: Sample 4 failed: Expected all tensors to be on the same device, but got tensors is on cpu, different from other tensors on cuda:0 (when checking argument in method wrapper_CUDA_cat)
2026-06-12 04:03:10,977 [WARNING] core.evaluator_v2: Sample 5 failed: Expected all tensors to be on the same device, but got tensors is on cpu, different from other tensors on cuda:0 (when checking argument in method wrapper_CUDA_cat)
2026-06-12 04:03:12,670 [WARNING] core.evaluator_v2: Sample 6 failed: Expected all tensors to be on the same device, but got tensors is on cpu, different from other tensors on cuda:0 (when checking argument in method wrapper_CUDA_cat)
2026-06-12 04:03:15,163 [WARNING] core.evaluator_v2: Sample 7 failed: Expected all tensors to be on the same device, but got tensors is on cpu, different from other tensors on cuda:0 (when checking argument in method wrapper_CUDA_cat)
2026-06-12 04:03:19,217 [WARNING] core.evaluator_v2: Sample 8 failed: Expected all tensors to be on the same device, but got tensors is on cpu, different from other tensors on cuda:0 (when checking argument in method wrapper_CUDA_cat)
2026-06-12 04:03:21,770 [WARNING] core.evaluator_v2: Sample 9 failed: Expected all tensors to be on the same device, but got tensors is on cpu, different from other tensors on cuda:0 (when checking argument in method wrapper_CUDA_cat)
2026-06-12 04:03:23,402 [WARNING] core.evaluator_v2: Sample 10 failed: Expected all tensors to be on the same device, but got tensors is on cpu, different from other tensors on cuda:0 (when checking argument in method wrapper_CUDA_cat)
2026-06-12 04:03:26,838 [WARNING] core.evaluator_v2: Sample 11 failed: Expected all tensors to be on the same device, but got tensors is on cpu, different from other tensors on cuda:0 (when checking argument in method wrapper_CUDA_cat)
2026-06-12 04:03:29,871 [WARNING] core.evaluator_v2: Sample 12 failed: Expected all tensors to be on the same device, but got tensors is on cpu, different from other tensors on cuda:0 (when checking argument in method wrapper_CUDA_cat)
2026-06-12 04:03:34,260 [WARNING] core.evaluator_v2: Sample 13 failed: Expected all tensors to be on the same device, but got tensors is on cpu, different from other tensors on cuda:0 (when checking argument in method wrapper_CUDA_cat)
2026-06-12 04:03:36,382 [WARNING] core.evaluator_v2: Sample 14 failed: Expected all tensors to be on the same device, but got tensors is on cpu, different from other tensors on cuda:0 (when checking argument in method wrapper_CUDA_cat)
2026-06-12 04:03:39,573 [WARNING] core.evaluator_v2: Sample 15 failed: Expected all tensors to be on the same device, but got tensors is on cpu, different from other tensors on cuda:0 (when checking argument in method wrapper_CUDA_cat)
2026-06-12 04:03:42,599 [WARNING] core.evaluator_v2: Sample 16 failed: Expected all tensors to be on the same device, but got tensors is on cpu, different from other tensors on cuda:0 (when checking argument in method wrapper_CUDA_cat)
2026-06-12 04:03:43,646 [WARNING] core.evaluator_v2: Sample 17 failed: Expected all tensors to be on the same device, but got tensors is on cpu, different from other tensors on cuda:0 (when checking argument in method wrapper_CUDA_cat)
2026-06-12 04:03:45,102 [WARNING] core.evaluator_v2: Sample 18 failed: Expected all tensors to be on the same device, but got tensors is on cpu, different from other tensors on cuda:0 (when checking argument in method wrapper_CUDA_cat)
2026-06-12 04:03:46,728 [WARNING] core.evaluator_v2: Sample 19 failed: Expected all tensors to be on the same device, but got tensors is on cpu, different from other tensors on cuda:0 (when checking argument in method wrapper_CUDA_cat)
2026-06-12 04:03:48,623 [WARNING] core.evaluator_v2: Sample 20 failed: Expected all tensors to be on the same device, but got tensors is on cpu, different from other tensors on cuda:0 (when checking argument in method wrapper_CUDA_cat)
2026-06-12 04:03:51,421 [WARNING] core.evaluator_v2: Sample 21 failed: Expected all tensors to be on the same device, but got tensors is on cpu, different from other tensors on cuda:0 (when checking argument in method wrapper_CUDA_cat)
2026-06-12 04:03:54,311 [WARNING] core.evaluator_v2: Sample 22 failed: Expected all tensors to be on the same device, but got tensors is on cpu, different from other tensors on cuda:0 (when checking argument in method wrapper_CUDA_cat)
2026-06-12 04:03:55,531 [WARNING] core.evaluator_v2: Sample 23 failed: Expected all tensors to be on the same device, but got tensors is on cpu, different from other tensors on cuda:0 (when checking argument in method wrapper_CUDA_cat)
2026-06-12 04:03:57,200 [WARNING] core.evaluator_v2: Sample 24 failed: Expected all tensors to be on the same device, but got tensors is on cpu, different from other tensors on cuda:0 (when checking argument in method wrapper_CUDA_cat)
2026-06-12 04:04:00,046 [WARNING] core.evaluator_v2: Sample 25 failed: Expected all tensors to be on the same device, but got tensors is on cpu, different from other tensors on cuda:0 (when checking argument in method wrapper_CUDA_cat)
2026-06-12 04:04:02,705 [WARNING] core.evaluator_v2: Sample 26 failed: Expected all tensors to be on the same device, but got tensors is on cpu, different from other tensors on cuda:0 (when checking argument in method wrapper_CUDA_cat)
2026-06-12 04:04:05,945 [WARNING] core.evaluator_v2: Sample 27 failed: Expected all tensors to be on the same device, but got tensors is on cpu, different from other tensors on cuda:0 (when checking argument in method wrapper_CUDA_cat)
2026-06-12 04:04:07,376 [WARNING] core.evaluator_v2: Sample 28 failed: Expected all tensors to be on the same device, but got tensors is on cpu, different from other tensors on cuda:0 (when checking argument in method wrapper_CUDA_cat)
2026-06-12 04:04:08,471 [WARNING] core.evaluator_v2: Sample 29 failed: Expected all tensors to be on the same device, but got tensors is on cpu, different from other tensors on cuda:0 (when checking argument in method wrapper_CUDA_cat)
2026-06-12 04:04:09,669 [WARNING] core.evaluator_v2: Sample 30 failed: Expected all tensors to be on the same device, but got tensors is on cpu, different from other tensors on cuda:0 (when checking argument in method wrapper_CUDA_cat)
2026-06-12 04:04:12,714 [WARNING] core.evaluator_v2: Sample 31 failed: Expected all tensors to be on the same device, but got tensors is on cpu, different from other tensors on cuda:0 (when checking argument in method wrapper_CUDA_cat)
2026-06-12 04:04:13,729 [WARNING] core.evaluator_v2: Sample 32 failed: Expected all tensors to be on the same device, but got tensors is on cpu, different from other tensors on cuda:0 (when checking argument in method wrapper_CUDA_cat)
2026-06-12 04:04:16,197 [WARNING] core.evaluator_v2: Sample 33 failed: Expected all tensors to be on the same device, but got tensors is on cpu, different from other tensors on cuda:0 (when checking argument in method wrapper_CUDA_cat)
2026-06-12 04:04:19,078 [WARNING] core.evaluator_v2: Sample 34 failed: Expected all tensors to be on the same device, but got tensors is on cpu, different from other tensors on cuda:0 (when checking argument in method wrapper_CUDA_cat)
2026-06-12 04:04:20,050 [WARNING] core.evaluator_v2: Sample 35 failed: Expected all tensors to be on the same device, but got tensors is on cpu, different from other tensors on cuda:0 (when checking argument in method wrapper_CUDA_cat)
2026-06-12 04:04:21,090 [WARNING] core.evaluator_v2: Sample 36 failed: Expected all tensors to be on the same device, but got tensors is on cpu, different from other tensors on cuda:0 (when checking argument in method wrapper_CUDA_cat)
2026-06-12 04:04:23,932 [WARNING] core.evaluator_v2: Sample 37 failed: Expected all tensors to be on the same device, but got tensors is on cpu, different from other tensors on cuda:0 (when checking argument in method wrapper_CUDA_cat)
2026-06-12 04:04:26,717 [WARNING] core.evaluator_v2: Sample 38 failed: Expected all tensors to be on the same device, but got tensors is on cpu, different from other tensors on cuda:0 (when checking argument in method wrapper_CUDA_cat)
2026-06-12 04:04:27,588 [WARNING] core.evaluator_v2: Sample 39 failed: Expected all tensors to be on the same device, but got tensors is on cpu, different from other tensors on cuda:0 (when checking argument in method wrapper_CUDA_cat)
2026-06-12 04:04:29,295 [WARNING] core.evaluator_v2: Sample 40 failed: Expected all tensors to be on the same device, but got tensors is on cpu, different from other tensors on cuda:0 (when checking argument in method wrapper_CUDA_cat)
2026-06-12 04:04:33,659 [WARNING] core.evaluator_v2: Sample 41 failed: Expected all tensors to be on the same device, but got tensors is on cpu, different from other tensors on cuda:0 (when checking argument in method wrapper_CUDA_cat)
2026-06-12 04:04:34,974 [WARNING] core.evaluator_v2: Sample 42 failed: Expected all tensors to be on the same device, but got tensors is on cpu, different from other tensors on cuda:0 (when checking argument in method wrapper_CUDA_cat)
2026-06-12 04:04:37,462 [WARNING] core.evaluator_v2: Sample 43 failed: Expected all tensors to be on the same device, but got tensors is on cpu, different from other tensors on cuda:0 (when checking argument in method wrapper_CUDA_cat)
2026-06-12 04:04:39,151 [WARNING] core.evaluator_v2: Sample 44 failed: Expected all tensors to be on the same device, but got tensors is on cpu, different from other tensors on cuda:0 (when checking argument in method wrapper_CUDA_cat)
2026-06-12 04:04:42,434 [WARNING] core.evaluator_v2: Sample 45 failed: Expected all tensors to be on the same device, but got tensors is on cpu, different from other tensors on cuda:0 (when checking argument in method wrapper_CUDA_cat)
2026-06-12 04:04:45,137 [WARNING] core.evaluator_v2: Sample 46 failed: Expected all tensors to be on the same device, but got tensors is on cpu, different from other tensors on cuda:0 (when checking argument in method wrapper_CUDA_cat)
2026-06-12 04:04:46,627 [WARNING] core.evaluator_v2: Sample 47 failed: Expected all tensors to be on the same device, but got tensors is on cpu, different from other tensors on cuda:0 (when checking argument in method wrapper_CUDA_cat)
2026-06-12 04:04:49,785 [WARNING] core.evaluator_v2: Sample 48 failed: Expected all tensors to be on the same device, but got tensors is on cpu, different from other tensors on cuda:0 (when checking argument in method wrapper_CUDA_cat)
2026-06-12 04:04:52,787 [WARNING] core.evaluator_v2: Sample 49 failed: Expected all tensors to be on the same device, but got tensors is on cpu, different from other tensors on cuda:0 (when checking argument in method wrapper_CUDA_cat)
2026-06-12 04:04:52,789 [INFO] __main__:   → score=0.00, mem_red=0.0%, ttft=0.0ms
2026-06-12 04:04:52,790 [INFO] __main__: 
  Task: multifieldqa_en
2026-06-12 04:04:52,790 [INFO] core.dataset_loader: Loading LongBench/multifieldqa_en ...
2026-06-12 04:04:52,905 [INFO] httpx: HTTP Request: GET https://huggingface.co/api/datasets/THUDM/LongBench "HTTP/1.1 307 Temporary Redirect"
2026-06-12 04:04:52,969 [INFO] httpx: HTTP Request: GET https://huggingface.co/api/datasets/zai-org/LongBench "HTTP/1.1 200 OK"
2026-06-12 04:04:53,827 [INFO] core.dataset_loader: Loaded 50 samples from multifieldqa_en
2026-06-12 04:04:53,829 [INFO] core.evaluator_v2: [snapkv] multifieldqa_en (50샘플, budget=20%)
2026-06-12 04:04:54,638 [WARNING] core.evaluator_v2: Sample 0 failed: Expected all tensors to be on the same device, but got tensors is on cpu, different from other tensors on cuda:0 (when checking argument in method wrapper_CUDA_cat)
2026-06-12 04:04:57,997 [WARNING] core.evaluator_v2: Sample 1 failed: Expected all tensors to be on the same device, but got tensors is on cpu, different from other tensors on cuda:0 (when checking argument in method wrapper_CUDA_cat)
2026-06-12 04:04:58,253 [WARNING] core.model_loader: Input length 11006 > max 8192, truncating...
2026-06-12 04:05:03,725 [WARNING] core.evaluator_v2: Sample 2 failed: Expected all tensors to be on the same device, but got tensors is on cpu, different from other tensors on cuda:0 (when checking argument in method wrapper_CUDA_cat)
2026-06-12 04:05:06,739 [WARNING] core.evaluator_v2: Sample 3 failed: Expected all tensors to be on the same device, but got tensors is on cpu, different from other tensors on cuda:0 (when checking argument in method wrapper_CUDA_cat)
2026-06-12 04:05:10,440 [WARNING] core.evaluator_v2: Sample 4 failed: Expected all tensors to be on the same device, but got tensors is on cpu, different from other tensors on cuda:0 (when checking argument in method wrapper_CUDA_cat)
2026-06-12 04:05:11,668 [WARNING] core.evaluator_v2: Sample 5 failed: Expected all tensors to be on the same device, but got tensors is on cpu, different from other tensors on cuda:0 (when checking argument in method wrapper_CUDA_cat)
2026-06-12 04:05:14,495 [WARNING] core.evaluator_v2: Sample 6 failed: Expected all tensors to be on the same device, but got tensors is on cpu, different from other tensors on cuda:0 (when checking argument in method wrapper_CUDA_cat)
2026-06-12 04:05:17,616 [WARNING] core.evaluator_v2: Sample 7 failed: Expected all tensors to be on the same device, but got tensors is on cpu, different from other tensors on cuda:0 (when checking argument in method wrapper_CUDA_cat)
2026-06-12 04:05:19,037 [WARNING] core.evaluator_v2: Sample 8 failed: Expected all tensors to be on the same device, but got tensors is on cpu, different from other tensors on cuda:0 (when checking argument in method wrapper_CUDA_cat)
2026-06-12 04:05:21,909 [WARNING] core.evaluator_v2: Sample 9 failed: Expected all tensors to be on the same device, but got tensors is on cpu, different from other tensors on cuda:0 (when checking argument in method wrapper_CUDA_cat)
2026-06-12 04:05:24,518 [WARNING] core.evaluator_v2: Sample 10 failed: Expected all tensors to be on the same device, but got tensors is on cpu, different from other tensors on cuda:0 (when checking argument in method wrapper_CUDA_cat)
2026-06-12 04:05:27,409 [WARNING] core.evaluator_v2: Sample 11 failed: Expected all tensors to be on the same device, but got tensors is on cpu, different from other tensors on cuda:0 (when checking argument in method wrapper_CUDA_cat)
2026-06-12 04:05:31,789 [WARNING] core.evaluator_v2: Sample 12 failed: Expected all tensors to be on the same device, but got tensors is on cpu, different from other tensors on cuda:0 (when checking argument in method wrapper_CUDA_cat)
2026-06-12 04:05:33,030 [WARNING] core.evaluator_v2: Sample 13 failed: Expected all tensors to be on the same device, but got tensors is on cpu, different from other tensors on cuda:0 (when checking argument in method wrapper_CUDA_cat)
2026-06-12 04:05:36,873 [WARNING] core.evaluator_v2: Sample 14 failed: Expected all tensors to be on the same device, but got tensors is on cpu, different from other tensors on cuda:0 (when checking argument in method wrapper_CUDA_cat)
2026-06-12 04:05:39,421 [WARNING] core.evaluator_v2: Sample 15 failed: Expected all tensors to be on the same device, but got tensors is on cpu, different from other tensors on cuda:0 (when checking argument in method wrapper_CUDA_cat)
2026-06-12 04:05:45,246 [WARNING] core.evaluator_v2: Sample 16 failed: Expected all tensors to be on the same device, but got tensors is on cpu, different from other tensors on cuda:0 (when checking argument in method wrapper_CUDA_cat)
2026-06-12 04:05:46,320 [WARNING] core.evaluator_v2: Sample 17 failed: Expected all tensors to be on the same device, but got tensors is on cpu, different from other tensors on cuda:0 (when checking argument in method wrapper_CUDA_cat)
2026-06-12 04:05:50,783 [WARNING] core.evaluator_v2: Sample 18 failed: Expected all tensors to be on the same device, but got tensors is on cpu, different from other tensors on cuda:0 (when checking argument in method wrapper_CUDA_cat)
2026-06-12 04:05:53,525 [WARNING] core.evaluator_v2: Sample 19 failed: Expected all tensors to be on the same device, but got tensors is on cpu, different from other tensors on cuda:0 (when checking argument in method wrapper_CUDA_cat)
2026-06-12 04:05:53,751 [WARNING] core.model_loader: Input length 9207 > max 8192, truncating...
2026-06-12 04:05:59,169 [WARNING] core.evaluator_v2: Sample 20 failed: Expected all tensors to be on the same device, but got tensors is on cpu, different from other tensors on cuda:0 (when checking argument in method wrapper_CUDA_cat)
2026-06-12 04:06:00,713 [WARNING] core.evaluator_v2: Sample 21 failed: Expected all tensors to be on the same device, but got tensors is on cpu, different from other tensors on cuda:0 (when checking argument in method wrapper_CUDA_cat)
2026-06-12 04:06:03,791 [WARNING] core.evaluator_v2: Sample 22 failed: Expected all tensors to be on the same device, but got tensors is on cpu, different from other tensors on cuda:0 (when checking argument in method wrapper_CUDA_cat)
2026-06-12 04:06:10,148 [WARNING] core.evaluator_v2: Sample 23 failed: Expected all tensors to be on the same device, but got tensors is on cpu, different from other tensors on cuda:0 (when checking argument in method wrapper_CUDA_cat)
2026-06-12 04:06:10,948 [WARNING] core.evaluator_v2: Sample 24 failed: Expected all tensors to be on the same device, but got tensors is on cpu, different from other tensors on cuda:0 (when checking argument in method wrapper_CUDA_cat)
2026-06-12 04:06:11,910 [WARNING] core.evaluator_v2: Sample 25 failed: Expected all tensors to be on the same device, but got tensors is on cpu, different from other tensors on cuda:0 (when checking argument in method wrapper_CUDA_cat)
2026-06-12 04:06:14,358 [WARNING] core.evaluator_v2: Sample 26 failed: Expected all tensors to be on the same device, but got tensors is on cpu, different from other tensors on cuda:0 (when checking argument in method wrapper_CUDA_cat)
2026-06-12 04:06:19,191 [WARNING] core.evaluator_v2: Sample 27 failed: Expected all tensors to be on the same device, but got tensors is on cpu, different from other tensors on cuda:0 (when checking argument in method wrapper_CUDA_cat)
2026-06-12 04:06:22,241 [WARNING] core.evaluator_v2: Sample 28 failed: Expected all tensors to be on the same device, but got tensors is on cpu, different from other tensors on cuda:0 (when checking argument in method wrapper_CUDA_cat)
2026-06-12 04:06:27,802 [WARNING] core.evaluator_v2: Sample 29 failed: Expected all tensors to be on the same device, but got tensors is on cpu, different from other tensors on cuda:0 (when checking argument in method wrapper_CUDA_cat)
2026-06-12 04:06:30,871 [WARNING] core.evaluator_v2: Sample 30 failed: Expected all tensors to be on the same device, but got tensors is on cpu, different from other tensors on cuda:0 (when checking argument in method wrapper_CUDA_cat)
2026-06-12 04:06:33,361 [WARNING] core.evaluator_v2: Sample 31 failed: Expected all tensors to be on the same device, but got tensors is on cpu, different from other tensors on cuda:0 (when checking argument in method wrapper_CUDA_cat)
2026-06-12 04:06:35,450 [WARNING] core.evaluator_v2: Sample 32 failed: Expected all tensors to be on the same device, but got tensors is on cpu, different from other tensors on cuda:0 (when checking argument in method wrapper_CUDA_cat)
2026-06-12 04:06:38,162 [WARNING] core.evaluator_v2: Sample 33 failed: Expected all tensors to be on the same device, but got tensors is on cpu, different from other tensors on cuda:0 (when checking argument in method wrapper_CUDA_cat)
2026-06-12 04:06:41,431 [WARNING] core.evaluator_v2: Sample 34 failed: Expected all tensors to be on the same device, but got tensors is on cpu, different from other tensors on cuda:0 (when checking argument in method wrapper_CUDA_cat)
2026-06-12 04:06:44,753 [WARNING] core.evaluator_v2: Sample 35 failed: Expected all tensors to be on the same device, but got tensors is on cpu, different from other tensors on cuda:0 (when checking argument in method wrapper_CUDA_cat)
2026-06-12 04:06:47,320 [WARNING] core.evaluator_v2: Sample 36 failed: Expected all tensors to be on the same device, but got tensors is on cpu, different from other tensors on cuda:0 (when checking argument in method wrapper_CUDA_cat)
2026-06-12 04:06:50,469 [WARNING] core.evaluator_v2: Sample 37 failed: Expected all tensors to be on the same device, but got tensors is on cpu, different from other tensors on cuda:0 (when checking argument in method wrapper_CUDA_cat)
2026-06-12 04:06:51,892 [WARNING] core.evaluator_v2: Sample 38 failed: Expected all tensors to be on the same device, but got tensors is on cpu, different from other tensors on cuda:0 (when checking argument in method wrapper_CUDA_cat)
2026-06-12 04:06:52,179 [WARNING] core.model_loader: Input length 8391 > max 8192, truncating...
2026-06-12 04:06:57,519 [WARNING] core.evaluator_v2: Sample 39 failed: Expected all tensors to be on the same device, but got tensors is on cpu, different from other tensors on cuda:0 (when checking argument in method wrapper_CUDA_cat)
2026-06-12 04:07:00,050 [WARNING] core.evaluator_v2: Sample 40 failed: Expected all tensors to be on the same device, but got tensors is on cpu, different from other tensors on cuda:0 (when checking argument in method wrapper_CUDA_cat)
2026-06-12 04:07:03,044 [WARNING] core.evaluator_v2: Sample 41 failed: Expected all tensors to be on the same device, but got tensors is on cpu, different from other tensors on cuda:0 (when checking argument in method wrapper_CUDA_cat)
2026-06-12 04:07:06,172 [WARNING] core.evaluator_v2: Sample 42 failed: Expected all tensors to be on the same device, but got tensors is on cpu, different from other tensors on cuda:0 (when checking argument in method wrapper_CUDA_cat)
2026-06-12 04:07:11,802 [WARNING] core.evaluator_v2: Sample 43 failed: Expected all tensors to be on the same device, but got tensors is on cpu, different from other tensors on cuda:0 (when checking argument in method wrapper_CUDA_cat)
2026-06-12 04:07:17,395 [WARNING] core.evaluator_v2: Sample 44 failed: Expected all tensors to be on the same device, but got tensors is on cpu, different from other tensors on cuda:0 (when checking argument in method wrapper_CUDA_cat)
2026-06-12 04:07:23,668 [WARNING] core.evaluator_v2: Sample 45 failed: Expected all tensors to be on the same device, but got tensors is on cpu, different from other tensors on cuda:0 (when checking argument in method wrapper_CUDA_cat)
2026-06-12 04:07:25,277 [WARNING] core.evaluator_v2: Sample 46 failed: Expected all tensors to be on the same device, but got tensors is on cpu, different from other tensors on cuda:0 (when checking argument in method wrapper_CUDA_cat)
2026-06-12 04:07:27,049 [WARNING] core.evaluator_v2: Sample 47 failed: Expected all tensors to be on the same device, but got tensors is on cpu, different from other tensors on cuda:0 (when checking argument in method wrapper_CUDA_cat)
2026-06-12 04:07:28,451 [WARNING] core.evaluator_v2: Sample 48 failed: Expected all tensors to be on the same device, but got tensors is on cpu, different from other tensors on cuda:0 (when checking argument in method wrapper_CUDA_cat)
2026-06-12 04:07:30,996 [WARNING] core.evaluator_v2: Sample 49 failed: Expected all tensors to be on the same device, but got tensors is on cpu, different from other tensors on cuda:0 (when checking argument in method wrapper_CUDA_cat)
2026-06-12 04:07:31,036 [INFO] __main__:   → score=0.00, mem_red=0.0%, ttft=0.0ms
2026-06-12 04:07:31,050 [INFO] __main__: 
  Task: hotpotqa
2026-06-12 04:07:31,052 [INFO] core.dataset_loader: Loading LongBench/hotpotqa ...
2026-06-12 04:07:31,173 [INFO] httpx: HTTP Request: GET https://huggingface.co/api/datasets/THUDM/LongBench "HTTP/1.1 307 Temporary Redirect"
2026-06-12 04:07:31,202 [INFO] httpx: HTTP Request: GET https://huggingface.co/api/datasets/zai-org/LongBench "HTTP/1.1 200 OK"
2026-06-12 04:07:32,092 [INFO] core.dataset_loader: Loaded 50 samples from hotpotqa
2026-06-12 04:07:32,094 [INFO] core.evaluator_v2: [snapkv] hotpotqa (50샘플, budget=20%)
2026-06-12 04:07:36,192 [WARNING] core.evaluator_v2: Sample 0 failed: Expected all tensors to be on the same device, but got tensors is on cpu, different from other tensors on cuda:0 (when checking argument in method wrapper_CUDA_cat)
2026-06-12 04:07:39,201 [WARNING] core.evaluator_v2: Sample 1 failed: Expected all tensors to be on the same device, but got tensors is on cpu, different from other tensors on cuda:0 (when checking argument in method wrapper_CUDA_cat)
2026-06-12 04:07:42,645 [WARNING] core.evaluator_v2: Sample 2 failed: Expected all tensors to be on the same device, but got tensors is on cpu, different from other tensors on cuda:0 (when checking argument in method wrapper_CUDA_cat)
2026-06-12 04:07:47,524 [WARNING] core.evaluator_v2: Sample 3 failed: Expected all tensors to be on the same device, but got tensors is on cpu, different from other tensors on cuda:0 (when checking argument in method wrapper_CUDA_cat)
2026-06-12 04:07:50,802 [WARNING] core.evaluator_v2: Sample 4 failed: Expected all tensors to be on the same device, but got tensors is on cpu, different from other tensors on cuda:0 (when checking argument in method wrapper_CUDA_cat)
2026-06-12 04:07:51,682 [WARNING] core.evaluator_v2: Sample 5 failed: Expected all tensors to be on the same device, but got tensors is on cpu, different from other tensors on cuda:0 (when checking argument in method wrapper_CUDA_cat)
2026-06-12 04:07:54,990 [WARNING] core.evaluator_v2: Sample 6 failed: Expected all tensors to be on the same device, but got tensors is on cpu, different from other tensors on cuda:0 (when checking argument in method wrapper_CUDA_cat)
2026-06-12 04:07:58,380 [WARNING] core.evaluator_v2: Sample 7 failed: Expected all tensors to be on the same device, but got tensors is on cpu, different from other tensors on cuda:0 (when checking argument in method wrapper_CUDA_cat)
2026-06-12 04:08:03,266 [WARNING] core.evaluator_v2: Sample 8 failed: Expected all tensors to be on the same device, but got tensors is on cpu, different from other tensors on cuda:0 (when checking argument in method wrapper_CUDA_cat)
2026-06-12 04:08:06,953 [WARNING] core.evaluator_v2: Sample 9 failed: Expected all tensors to be on the same device, but got tensors is on cpu, different from other tensors on cuda:0 (when checking argument in method wrapper_CUDA_cat)
2026-06-12 04:08:10,641 [WARNING] core.evaluator_v2: Sample 10 failed: Expected all tensors to be on the same device, but got tensors is on cpu, different from other tensors on cuda:0 (when checking argument in method wrapper_CUDA_cat)
2026-06-12 04:08:14,070 [WARNING] core.evaluator_v2: Sample 11 failed: Expected all tensors to be on the same device, but got tensors is on cpu, different from other tensors on cuda:0 (when checking argument in method wrapper_CUDA_cat)
2026-06-12 04:08:16,837 [WARNING] core.evaluator_v2: Sample 12 failed: Expected all tensors to be on the same device, but got tensors is on cpu, different from other tensors on cuda:0 (when checking argument in method wrapper_CUDA_cat)
2026-06-12 04:08:20,337 [WARNING] core.evaluator_v2: Sample 13 failed: Expected all tensors to be on the same device, but got tensors is on cpu, different from other tensors on cuda:0 (when checking argument in method wrapper_CUDA_cat)
2026-06-12 04:08:24,244 [WARNING] core.evaluator_v2: Sample 14 failed: Expected all tensors to be on the same device, but got tensors is on cpu, different from other tensors on cuda:0 (when checking argument in method wrapper_CUDA_cat)
2026-06-12 04:08:26,411 [WARNING] core.evaluator_v2: Sample 15 failed: Expected all tensors to be on the same device, but got tensors is on cpu, different from other tensors on cuda:0 (when checking argument in method wrapper_CUDA_cat)
2026-06-12 04:08:29,452 [WARNING] core.evaluator_v2: Sample 16 failed: Expected all tensors to be on the same device, but got tensors is on cpu, different from other tensors on cuda:0 (when checking argument in method wrapper_CUDA_cat)
2026-06-12 04:08:32,969 [WARNING] core.evaluator_v2: Sample 17 failed: Expected all tensors to be on the same device, but got tensors is on cpu, different from other tensors on cuda:0 (when checking argument in method wrapper_CUDA_cat)
2026-06-12 04:08:35,730 [WARNING] core.evaluator_v2: Sample 18 failed: Expected all tensors to be on the same device, but got tensors is on cpu, different from other tensors on cuda:0 (when checking argument in method wrapper_CUDA_cat)
2026-06-12 04:08:38,639 [WARNING] core.evaluator_v2: Sample 19 failed: Expected all tensors to be on the same device, but got tensors is on cpu, different from other tensors on cuda:0 (when checking argument in method wrapper_CUDA_cat)
2026-06-12 04:08:42,889 [WARNING] core.evaluator_v2: Sample 20 failed: Expected all tensors to be on the same device, but got tensors is on cpu, different from other tensors on cuda:0 (when checking argument in method wrapper_CUDA_cat)
2026-06-12 04:08:46,031 [WARNING] core.evaluator_v2: Sample 21 failed: Expected all tensors to be on the same device, but got tensors is on cpu, different from other tensors on cuda:0 (when checking argument in method wrapper_CUDA_cat)
2026-06-12 04:08:49,376 [WARNING] core.evaluator_v2: Sample 22 failed: Expected all tensors to be on the same device, but got tensors is on cpu, different from other tensors on cuda:0 (when checking argument in method wrapper_CUDA_cat)
2026-06-12 04:08:53,081 [WARNING] core.evaluator_v2: Sample 23 failed: Expected all tensors to be on the same device, but got tensors is on cpu, different from other tensors on cuda:0 (when checking argument in method wrapper_CUDA_cat)
2026-06-12 04:08:56,554 [WARNING] core.evaluator_v2: Sample 24 failed: Expected all tensors to be on the same device, but got tensors is on cpu, different from other tensors on cuda:0 (when checking argument in method wrapper_CUDA_cat)
2026-06-12 04:09:00,162 [WARNING] core.evaluator_v2: Sample 25 failed: Expected all tensors to be on the same device, but got tensors is on cpu, different from other tensors on cuda:0 (when checking argument in method wrapper_CUDA_cat)
2026-06-12 04:09:03,530 [WARNING] core.evaluator_v2: Sample 26 failed: Expected all tensors to be on the same device, but got tensors is on cpu, different from other tensors on cuda:0 (when checking argument in method wrapper_CUDA_cat)
2026-06-12 04:09:06,852 [WARNING] core.evaluator_v2: Sample 27 failed: Expected all tensors to be on the same device, but got tensors is on cpu, different from other tensors on cuda:0 (when checking argument in method wrapper_CUDA_cat)
2026-06-12 04:09:10,742 [WARNING] core.evaluator_v2: Sample 28 failed: Expected all tensors to be on the same device, but got tensors is on cpu, different from other tensors on cuda:0 (when checking argument in method wrapper_CUDA_cat)
2026-06-12 04:09:14,869 [WARNING] core.evaluator_v2: Sample 29 failed: Expected all tensors to be on the same device, but got tensors is on cpu, different from other tensors on cuda:0 (when checking argument in method wrapper_CUDA_cat)
2026-06-12 04:09:18,213 [WARNING] core.evaluator_v2: Sample 30 failed: Expected all tensors to be on the same device, but got tensors is on cpu, different from other tensors on cuda:0 (when checking argument in method wrapper_CUDA_cat)
2026-06-12 04:09:22,239 [WARNING] core.evaluator_v2: Sample 31 failed: Expected all tensors to be on the same device, but got tensors is on cpu, different from other tensors on cuda:0 (when checking argument in method wrapper_CUDA_cat)
2026-06-12 04:09:25,915 [WARNING] core.evaluator_v2: Sample 32 failed: Expected all tensors to be on the same device, but got tensors is on cpu, different from other tensors on cuda:0 (when checking argument in method wrapper_CUDA_cat)
2026-06-12 04:09:29,591 [WARNING] core.evaluator_v2: Sample 33 failed: Expected all tensors to be on the same device, but got tensors is on cpu, different from other tensors on cuda:0 (when checking argument in method wrapper_CUDA_cat)
2026-06-12 04:09:33,847 [WARNING] core.evaluator_v2: Sample 34 failed: Expected all tensors to be on the same device, but got tensors is on cpu, different from other tensors on cuda:0 (when checking argument in method wrapper_CUDA_cat)
2026-06-12 04:09:37,079 [WARNING] core.evaluator_v2: Sample 35 failed: Expected all tensors to be on the same device, but got tensors is on cpu, different from other tensors on cuda:0 (when checking argument in method wrapper_CUDA_cat)
2026-06-12 04:09:40,601 [WARNING] core.evaluator_v2: Sample 36 failed: Expected all tensors to be on the same device, but got tensors is on cpu, different from other tensors on cuda:0 (when checking argument in method wrapper_CUDA_cat)
2026-06-12 04:09:44,084 [WARNING] core.evaluator_v2: Sample 37 failed: Expected all tensors to be on the same device, but got tensors is on cpu, different from other tensors on cuda:0 (when checking argument in method wrapper_CUDA_cat)
2026-06-12 04:09:47,384 [WARNING] core.evaluator_v2: Sample 38 failed: Expected all tensors to be on the same device, but got tensors is on cpu, different from other tensors on cuda:0 (when checking argument in method wrapper_CUDA_cat)
2026-06-12 04:09:51,022 [WARNING] core.evaluator_v2: Sample 39 failed: Expected all tensors to be on the same device, but got tensors is on cpu, different from other tensors on cuda:0 (when checking argument in method wrapper_CUDA_cat)
2026-06-12 04:09:54,489 [WARNING] core.evaluator_v2: Sample 40 failed: Expected all tensors to be on the same device, but got tensors is on cpu, different from other tensors on cuda:0 (when checking argument in method wrapper_CUDA_cat)
2026-06-12 04:09:58,217 [WARNING] core.evaluator_v2: Sample 41 failed: Expected all tensors to be on the same device, but got tensors is on cpu, different from other tensors on cuda:0 (when checking argument in method wrapper_CUDA_cat)
2026-06-12 04:10:01,582 [WARNING] core.evaluator_v2: Sample 42 failed: Expected all tensors to be on the same device, but got tensors is on cpu, different from other tensors on cuda:0 (when checking argument in method wrapper_CUDA_cat)
2026-06-12 04:10:05,161 [WARNING] core.evaluator_v2: Sample 43 failed: Expected all tensors to be on the same device, but got tensors is on cpu, different from other tensors on cuda:0 (when checking argument in method wrapper_CUDA_cat)
2026-06-12 04:10:09,331 [WARNING] core.evaluator_v2: Sample 44 failed: Expected all tensors to be on the same device, but got tensors is on cpu, different from other tensors on cuda:0 (when checking argument in method wrapper_CUDA_cat)
2026-06-12 04:10:13,466 [WARNING] core.evaluator_v2: Sample 45 failed: Expected all tensors to be on the same device, but got tensors is on cpu, different from other tensors on cuda:0 (when checking argument in method wrapper_CUDA_cat)
2026-06-12 04:10:17,205 [WARNING] core.evaluator_v2: Sample 46 failed: Expected all tensors to be on the same device, but got tensors is on cpu, different from other tensors on cuda:0 (when checking argument in method wrapper_CUDA_cat)
2026-06-12 04:10:20,681 [WARNING] core.evaluator_v2: Sample 47 failed: Expected all tensors to be on the same device, but got tensors is on cpu, different from other tensors on cuda:0 (when checking argument in method wrapper_CUDA_cat)
2026-06-12 04:10:24,478 [WARNING] core.evaluator_v2: Sample 48 failed: Expected all tensors to be on the same device, but got tensors is on cpu, different from other tensors on cuda:0 (when checking argument in method wrapper_CUDA_cat)
2026-06-12 04:10:28,166 [WARNING] core.evaluator_v2: Sample 49 failed: Expected all tensors to be on the same device, but got tensors is on cpu, different from other tensors on cuda:0 (when checking argument in method wrapper_CUDA_cat)
2026-06-12 04:10:28,168 [INFO] __main__:   → score=0.00, mem_red=0.0%, ttft=0.0ms
2026-06-12 04:10:28,168 [INFO] __main__: 
  Task: 2wikimqa
2026-06-12 04:10:28,169 [INFO] core.dataset_loader: Loading LongBench/2wikimqa ...
2026-06-12 04:10:28,301 [INFO] httpx: HTTP Request: GET https://huggingface.co/api/datasets/THUDM/LongBench "HTTP/1.1 307 Temporary Redirect"
2026-06-12 04:10:28,378 [INFO] httpx: HTTP Request: GET https://huggingface.co/api/datasets/zai-org/LongBench "HTTP/1.1 200 OK"
2026-06-12 04:10:29,244 [INFO] core.dataset_loader: Loaded 50 samples from 2wikimqa
2026-06-12 04:10:29,245 [INFO] core.evaluator_v2: [snapkv] 2wikimqa (50샘플, budget=20%)
2026-06-12 04:10:33,070 [WARNING] core.evaluator_v2: Sample 0 failed: Expected all tensors to be on the same device, but got tensors is on cpu, different from other tensors on cuda:0 (when checking argument in method wrapper_CUDA_cat)
2026-06-12 04:10:35,601 [WARNING] core.evaluator_v2: Sample 1 failed: Expected all tensors to be on the same device, but got tensors is on cpu, different from other tensors on cuda:0 (when checking argument in method wrapper_CUDA_cat)
2026-06-12 04:10:39,345 [WARNING] core.evaluator_v2: Sample 2 failed: Expected all tensors to be on the same device, but got tensors is on cpu, different from other tensors on cuda:0 (when checking argument in method wrapper_CUDA_cat)
2026-06-12 04:10:43,517 [WARNING] core.evaluator_v2: Sample 3 failed: Expected all tensors to be on the same device, but got tensors is on cpu, different from other tensors on cuda:0 (when checking argument in method wrapper_CUDA_cat)
2026-06-12 04:10:47,559 [WARNING] core.evaluator_v2: Sample 4 failed: Expected all tensors to be on the same device, but got tensors is on cpu, different from other tensors on cuda:0 (when checking argument in method wrapper_CUDA_cat)
2026-06-12 04:10:51,324 [WARNING] core.evaluator_v2: Sample 5 failed: Expected all tensors to be on the same device, but got tensors is on cpu, different from other tensors on cuda:0 (when checking argument in method wrapper_CUDA_cat)
2026-06-12 04:10:54,572 [WARNING] core.evaluator_v2: Sample 6 failed: Expected all tensors to be on the same device, but got tensors is on cpu, different from other tensors on cuda:0 (when checking argument in method wrapper_CUDA_cat)
2026-06-12 04:10:58,903 [WARNING] core.evaluator_v2: Sample 7 failed: Expected all tensors to be on the same device, but got tensors is on cpu, different from other tensors on cuda:0 (when checking argument in method wrapper_CUDA_cat)
2026-06-12 04:11:02,556 [WARNING] core.evaluator_v2: Sample 8 failed: Expected all tensors to be on the same device, but got tensors is on cpu, different from other tensors on cuda:0 (when checking argument in method wrapper_CUDA_cat)
2026-06-12 04:11:05,961 [WARNING] core.evaluator_v2: Sample 9 failed: Expected all tensors to be on the same device, but got tensors is on cpu, different from other tensors on cuda:0 (when checking argument in method wrapper_CUDA_cat)
2026-06-12 04:11:08,115 [WARNING] core.evaluator_v2: Sample 10 failed: Expected all tensors to be on the same device, but got tensors is on cpu, different from other tensors on cuda:0 (when checking argument in method wrapper_CUDA_cat)
2026-06-12 04:11:12,045 [WARNING] core.evaluator_v2: Sample 11 failed: Expected all tensors to be on the same device, but got tensors is on cpu, different from other tensors on cuda:0 (when checking argument in method wrapper_CUDA_cat)
2026-06-12 04:11:13,225 [WARNING] core.evaluator_v2: Sample 12 failed: Expected all tensors to be on the same device, but got tensors is on cpu, different from other tensors on cuda:0 (when checking argument in method wrapper_CUDA_cat)
2026-06-12 04:11:17,421 [WARNING] core.evaluator_v2: Sample 13 failed: Expected all tensors to be on the same device, but got tensors is on cpu, different from other tensors on cuda:0 (when checking argument in method wrapper_CUDA_cat)
2026-06-12 04:11:22,215 [WARNING] core.evaluator_v2: Sample 14 failed: Expected all tensors to be on the same device, but got tensors is on cpu, different from other tensors on cuda:0 (when checking argument in method wrapper_CUDA_cat)
2026-06-12 04:11:25,430 [WARNING] core.evaluator_v2: Sample 15 failed: Expected all tensors to be on the same device, but got tensors is on cpu, different from other tensors on cuda:0 (when checking argument in method wrapper_CUDA_cat)
2026-06-12 04:11:29,681 [WARNING] core.evaluator_v2: Sample 16 failed: Expected all tensors to be on the same device, but got tensors is on cpu, different from other tensors on cuda:0 (when checking argument in method wrapper_CUDA_cat)
2026-06-12 04:11:31,934 [WARNING] core.evaluator_v2: Sample 17 failed: Expected all tensors to be on the same device, but got tensors is on cpu, different from other tensors on cuda:0 (when checking argument in method wrapper_CUDA_cat)
2026-06-12 04:11:35,406 [WARNING] core.evaluator_v2: Sample 18 failed: Expected all tensors to be on the same device, but got tensors is on cpu, different from other tensors on cuda:0 (when checking argument in method wrapper_CUDA_cat)
2026-06-12 04:11:38,370 [WARNING] core.evaluator_v2: Sample 19 failed: Expected all tensors to be on the same device, but got tensors is on cpu, different from other tensors on cuda:0 (when checking argument in method wrapper_CUDA_cat)
2026-06-12 04:11:42,102 [WARNING] core.evaluator_v2: Sample 20 failed: Expected all tensors to be on the same device, but got tensors is on cpu, different from other tensors on cuda:0 (when checking argument in method wrapper_CUDA_cat)
2026-06-12 04:11:45,497 [WARNING] core.evaluator_v2: Sample 21 failed: Expected all tensors to be on the same device, but got tensors is on cpu, different from other tensors on cuda:0 (when checking argument in method wrapper_CUDA_cat)
2026-06-12 04:11:48,616 [WARNING] core.evaluator_v2: Sample 22 failed: Expected all tensors to be on the same device, but got tensors is on cpu, different from other tensors on cuda:0 (when checking argument in method wrapper_CUDA_cat)
2026-06-12 04:11:52,583 [WARNING] core.evaluator_v2: Sample 23 failed: Expected all tensors to be on the same device, but got tensors is on cpu, different from other tensors on cuda:0 (when checking argument in method wrapper_CUDA_cat)
2026-06-12 04:11:56,744 [WARNING] core.evaluator_v2: Sample 24 failed: Expected all tensors to be on the same device, but got tensors is on cpu, different from other tensors on cuda:0 (when checking argument in method wrapper_CUDA_cat)
2026-06-12 04:12:00,344 [WARNING] core.evaluator_v2: Sample 25 failed: Expected all tensors to be on the same device, but got tensors is on cpu, different from other tensors on cuda:0 (when checking argument in method wrapper_CUDA_cat)
2026-06-12 04:12:00,995 [WARNING] core.evaluator_v2: Sample 26 failed: Expected all tensors to be on the same device, but got tensors is on cpu, different from other tensors on cuda:0 (when checking argument in method wrapper_CUDA_cat)
2026-06-12 04:12:04,513 [WARNING] core.evaluator_v2: Sample 27 failed: Expected all tensors to be on the same device, but got tensors is on cpu, different from other tensors on cuda:0 (when checking argument in method wrapper_CUDA_cat)
2026-06-12 04:12:06,660 [WARNING] core.evaluator_v2: Sample 28 failed: Expected all tensors to be on the same device, but got tensors is on cpu, different from other tensors on cuda:0 (when checking argument in method wrapper_CUDA_cat)
2026-06-12 04:12:09,108 [WARNING] core.evaluator_v2: Sample 29 failed: Expected all tensors to be on the same device, but got tensors is on cpu, different from other tensors on cuda:0 (when checking argument in method wrapper_CUDA_cat)
2026-06-12 04:12:11,641 [WARNING] core.evaluator_v2: Sample 30 failed: Expected all tensors to be on the same device, but got tensors is on cpu, different from other tensors on cuda:0 (when checking argument in method wrapper_CUDA_cat)
2026-06-12 04:12:15,279 [WARNING] core.evaluator_v2: Sample 31 failed: Expected all tensors to be on the same device, but got tensors is on cpu, different from other tensors on cuda:0 (when checking argument in method wrapper_CUDA_cat)
2026-06-12 04:12:18,814 [WARNING] core.evaluator_v2: Sample 32 failed: Expected all tensors to be on the same device, but got tensors is on cpu, different from other tensors on cuda:0 (when checking argument in method wrapper_CUDA_cat)
2026-06-12 04:12:23,334 [WARNING] core.evaluator_v2: Sample 33 failed: Expected all tensors to be on the same device, but got tensors is on cpu, different from other tensors on cuda:0 (when checking argument in method wrapper_CUDA_cat)
2026-06-12 04:12:26,963 [WARNING] core.evaluator_v2: Sample 34 failed: Expected all tensors to be on the same device, but got tensors is on cpu, different from other tensors on cuda:0 (when checking argument in method wrapper_CUDA_cat)
2026-06-12 04:12:30,743 [WARNING] core.evaluator_v2: Sample 35 failed: Expected all tensors to be on the same device, but got tensors is on cpu, different from other tensors on cuda:0 (when checking argument in method wrapper_CUDA_cat)
2026-06-12 04:12:33,955 [WARNING] core.evaluator_v2: Sample 36 failed: Expected all tensors to be on the same device, but got tensors is on cpu, different from other tensors on cuda:0 (when checking argument in method wrapper_CUDA_cat)
2026-06-12 04:12:36,517 [WARNING] core.evaluator_v2: Sample 37 failed: Expected all tensors to be on the same device, but got tensors is on cpu, different from other tensors on cuda:0 (when checking argument in method wrapper_CUDA_cat)
2026-06-12 04:12:40,440 [WARNING] core.evaluator_v2: Sample 38 failed: Expected all tensors to be on the same device, but got tensors is on cpu, different from other tensors on cuda:0 (when checking argument in method wrapper_CUDA_cat)
2026-06-12 04:12:44,694 [WARNING] core.evaluator_v2: Sample 39 failed: Expected all tensors to be on the same device, but got tensors is on cpu, different from other tensors on cuda:0 (when checking argument in method wrapper_CUDA_cat)
2026-06-12 04:12:45,268 [WARNING] core.evaluator_v2: Sample 40 failed: Expected all tensors to be on the same device, but got tensors is on cpu, different from other tensors on cuda:0 (when checking argument in method wrapper_CUDA_cat)
2026-06-12 04:12:48,046 [WARNING] core.evaluator_v2: Sample 41 failed: Expected all tensors to be on the same device, but got tensors is on cpu, different from other tensors on cuda:0 (when checking argument in method wrapper_CUDA_cat)
2026-06-12 04:12:51,453 [WARNING] core.evaluator_v2: Sample 42 failed: Expected all tensors to be on the same device, but got tensors is on cpu, different from other tensors on cuda:0 (when checking argument in method wrapper_CUDA_cat)
2026-06-12 04:12:55,554 [WARNING] core.evaluator_v2: Sample 43 failed: Expected all tensors to be on the same device, but got tensors is on cpu, different from other tensors on cuda:0 (when checking argument in method wrapper_CUDA_cat)
2026-06-12 04:12:59,316 [WARNING] core.evaluator_v2: Sample 44 failed: Expected all tensors to be on the same device, but got tensors is on cpu, different from other tensors on cuda:0 (when checking argument in method wrapper_CUDA_cat)
2026-06-12 04:13:01,725 [WARNING] core.evaluator_v2: Sample 45 failed: Expected all tensors to be on the same device, but got tensors is on cpu, different from other tensors on cuda:0 (when checking argument in method wrapper_CUDA_cat)
2026-06-12 04:13:03,047 [WARNING] core.evaluator_v2: Sample 46 failed: Expected all tensors to be on the same device, but got tensors is on cpu, different from other tensors on cuda:0 (when checking argument in method wrapper_CUDA_cat)
2026-06-12 04:13:06,942 [WARNING] core.evaluator_v2: Sample 47 failed: Expected all tensors to be on the same device, but got tensors is on cpu, different from other tensors on cuda:0 (when checking argument in method wrapper_CUDA_cat)
2026-06-12 04:13:10,655 [WARNING] core.evaluator_v2: Sample 48 failed: Expected all tensors to be on the same device, but got tensors is on cpu, different from other tensors on cuda:0 (when checking argument in method wrapper_CUDA_cat)
2026-06-12 04:13:13,486 [WARNING] core.evaluator_v2: Sample 49 failed: Expected all tensors to be on the same device, but got tensors is on cpu, different from other tensors on cuda:0 (when checking argument in method wrapper_CUDA_cat)
2026-06-12 04:13:13,492 [INFO] __main__:   → score=0.00, mem_red=0.0%, ttft=0.0ms
2026-06-12 04:13:13,496 [INFO] __main__: 
  Task: gov_report
2026-06-12 04:13:13,497 [INFO] core.dataset_loader: Loading LongBench/gov_report ...
2026-06-12 04:13:13,678 [INFO] httpx: HTTP Request: GET https://huggingface.co/api/datasets/THUDM/LongBench "HTTP/1.1 307 Temporary Redirect"
2026-06-12 04:13:13,710 [INFO] httpx: HTTP Request: GET https://huggingface.co/api/datasets/zai-org/LongBench "HTTP/1.1 200 OK"
2026-06-12 04:13:14,662 [INFO] core.dataset_loader: Loaded 50 samples from gov_report
2026-06-12 04:13:14,663 [INFO] core.evaluator_v2: [snapkv] gov_report (50샘플, budget=20%)
2026-06-12 04:13:17,585 [WARNING] core.evaluator_v2: Sample 0 failed: Expected all tensors to be on the same device, but got tensors is on cpu, different from other tensors on cuda:0 (when checking argument in method wrapper_CUDA_cat)
2026-06-12 04:13:20,417 [WARNING] core.evaluator_v2: Sample 1 failed: Expected all tensors to be on the same device, but got tensors is on cpu, different from other tensors on cuda:0 (when checking argument in method wrapper_CUDA_cat)
2026-06-12 04:13:23,719 [WARNING] core.evaluator_v2: Sample 2 failed: Expected all tensors to be on the same device, but got tensors is on cpu, different from other tensors on cuda:0 (when checking argument in method wrapper_CUDA_cat)
2026-06-12 04:13:27,111 [WARNING] core.evaluator_v2: Sample 3 failed: Expected all tensors to be on the same device, but got tensors is on cpu, different from other tensors on cuda:0 (when checking argument in method wrapper_CUDA_cat)
2026-06-12 04:13:29,737 [WARNING] core.evaluator_v2: Sample 4 failed: Expected all tensors to be on the same device, but got tensors is on cpu, different from other tensors on cuda:0 (when checking argument in method wrapper_CUDA_cat)
2026-06-12 04:13:32,594 [WARNING] core.evaluator_v2: Sample 5 failed: Expected all tensors to be on the same device, but got tensors is on cpu, different from other tensors on cuda:0 (when checking argument in method wrapper_CUDA_cat)
2026-06-12 04:13:35,402 [WARNING] core.evaluator_v2: Sample 6 failed: Expected all tensors to be on the same device, but got tensors is on cpu, different from other tensors on cuda:0 (when checking argument in method wrapper_CUDA_cat)
2026-06-12 04:13:38,348 [WARNING] core.evaluator_v2: Sample 7 failed: Expected all tensors to be on the same device, but got tensors is on cpu, different from other tensors on cuda:0 (when checking argument in method wrapper_CUDA_cat)
2026-06-12 04:13:41,254 [WARNING] core.evaluator_v2: Sample 8 failed: Expected all tensors to be on the same device, but got tensors is on cpu, different from other tensors on cuda:0 (when checking argument in method wrapper_CUDA_cat)
2026-06-12 04:13:44,360 [WARNING] core.evaluator_v2: Sample 9 failed: Expected all tensors to be on the same device, but got tensors is on cpu, different from other tensors on cuda:0 (when checking argument in method wrapper_CUDA_cat)
2026-06-12 04:13:47,908 [WARNING] core.evaluator_v2: Sample 10 failed: Expected all tensors to be on the same device, but got tensors is on cpu, different from other tensors on cuda:0 (when checking argument in method wrapper_CUDA_cat)
2026-06-12 04:13:51,023 [WARNING] core.evaluator_v2: Sample 11 failed: Expected all tensors to be on the same device, but got tensors is on cpu, different from other tensors on cuda:0 (when checking argument in method wrapper_CUDA_cat)
2026-06-12 04:13:54,090 [WARNING] core.evaluator_v2: Sample 12 failed: Expected all tensors to be on the same device, but got tensors is on cpu, different from other tensors on cuda:0 (when checking argument in method wrapper_CUDA_cat)
2026-06-12 04:13:57,332 [WARNING] core.evaluator_v2: Sample 13 failed: Expected all tensors to be on the same device, but got tensors is on cpu, different from other tensors on cuda:0 (when checking argument in method wrapper_CUDA_cat)
2026-06-12 04:14:00,135 [WARNING] core.evaluator_v2: Sample 14 failed: Expected all tensors to be on the same device, but got tensors is on cpu, different from other tensors on cuda:0 (when checking argument in method wrapper_CUDA_cat)
2026-06-12 04:14:01,796 [WARNING] core.evaluator_v2: Sample 15 failed: Expected all tensors to be on the same device, but got tensors is on cpu, different from other tensors on cuda:0 (when checking argument in method wrapper_CUDA_cat)
2026-06-12 04:14:02,859 [WARNING] core.evaluator_v2: Sample 16 failed: Expected all tensors to be on the same device, but got tensors is on cpu, different from other tensors on cuda:0 (when checking argument in method wrapper_CUDA_cat)
2026-06-12 04:14:04,207 [WARNING] core.evaluator_v2: Sample 17 failed: Expected all tensors to be on the same device, but got tensors is on cpu, different from other tensors on cuda:0 (when checking argument in method wrapper_CUDA_cat)
2026-06-12 04:14:07,364 [WARNING] core.evaluator_v2: Sample 18 failed: Expected all tensors to be on the same device, but got tensors is on cpu, different from other tensors on cuda:0 (when checking argument in method wrapper_CUDA_cat)
2026-06-12 04:14:10,122 [WARNING] core.evaluator_v2: Sample 19 failed: Expected all tensors to be on the same device, but got tensors is on cpu, different from other tensors on cuda:0 (when checking argument in method wrapper_CUDA_cat)
2026-06-12 04:14:13,037 [WARNING] core.evaluator_v2: Sample 20 failed: Expected all tensors to be on the same device, but got tensors is on cpu, different from other tensors on cuda:0 (when checking argument in method wrapper_CUDA_cat)
2026-06-12 04:14:15,658 [WARNING] core.evaluator_v2: Sample 21 failed: Expected all tensors to be on the same device, but got tensors is on cpu, different from other tensors on cuda:0 (when checking argument in method wrapper_CUDA_cat)
2026-06-12 04:14:18,854 [WARNING] core.evaluator_v2: Sample 22 failed: Expected all tensors to be on the same device, but got tensors is on cpu, different from other tensors on cuda:0 (when checking argument in method wrapper_CUDA_cat)
2026-06-12 04:14:21,441 [WARNING] core.evaluator_v2: Sample 23 failed: Expected all tensors to be on the same device, but got tensors is on cpu, different from other tensors on cuda:0 (when checking argument in method wrapper_CUDA_cat)
2026-06-12 04:14:24,200 [WARNING] core.evaluator_v2: Sample 24 failed: Expected all tensors to be on the same device, but got tensors is on cpu, different from other tensors on cuda:0 (when checking argument in method wrapper_CUDA_cat)
2026-06-12 04:14:27,077 [WARNING] core.evaluator_v2: Sample 25 failed: Expected all tensors to be on the same device, but got tensors is on cpu, different from other tensors on cuda:0 (when checking argument in method wrapper_CUDA_cat)
2026-06-12 04:14:29,811 [WARNING] core.evaluator_v2: Sample 26 failed: Expected all tensors to be on the same device, but got tensors is on cpu, different from other tensors on cuda:0 (when checking argument in method wrapper_CUDA_cat)
2026-06-12 04:14:33,560 [WARNING] core.evaluator_v2: Sample 27 failed: Expected all tensors to be on the same device, but got tensors is on cpu, different from other tensors on cuda:0 (when checking argument in method wrapper_CUDA_cat)
2026-06-12 04:14:36,375 [WARNING] core.evaluator_v2: Sample 28 failed: Expected all tensors to be on the same device, but got tensors is on cpu, different from other tensors on cuda:0 (when checking argument in method wrapper_CUDA_cat)
2026-06-12 04:14:39,129 [WARNING] core.evaluator_v2: Sample 29 failed: Expected all tensors to be on the same device, but got tensors is on cpu, different from other tensors on cuda:0 (when checking argument in method wrapper_CUDA_cat)
2026-06-12 04:14:41,767 [WARNING] core.evaluator_v2: Sample 30 failed: Expected all tensors to be on the same device, but got tensors is on cpu, different from other tensors on cuda:0 (when checking argument in method wrapper_CUDA_cat)
2026-06-12 04:14:44,755 [WARNING] core.evaluator_v2: Sample 31 failed: Expected all tensors to be on the same device, but got tensors is on cpu, different from other tensors on cuda:0 (when checking argument in method wrapper_CUDA_cat)
2026-06-12 04:14:47,926 [WARNING] core.evaluator_v2: Sample 32 failed: Expected all tensors to be on the same device, but got tensors is on cpu, different from other tensors on cuda:0 (when checking argument in method wrapper_CUDA_cat)
2026-06-12 04:14:51,461 [WARNING] core.evaluator_v2: Sample 33 failed: Expected all tensors to be on the same device, but got tensors is on cpu, different from other tensors on cuda:0 (when checking argument in method wrapper_CUDA_cat)
2026-06-12 04:14:54,849 [WARNING] core.evaluator_v2: Sample 34 failed: Expected all tensors to be on the same device, but got tensors is on cpu, different from other tensors on cuda:0 (when checking argument in method wrapper_CUDA_cat)
2026-06-12 04:14:58,037 [WARNING] core.evaluator_v2: Sample 35 failed: Expected all tensors to be on the same device, but got tensors is on cpu, different from other tensors on cuda:0 (when checking argument in method wrapper_CUDA_cat)
2026-06-12 04:15:00,728 [WARNING] core.evaluator_v2: Sample 36 failed: Expected all tensors to be on the same device, but got tensors is on cpu, different from other tensors on cuda:0 (when checking argument in method wrapper_CUDA_cat)
2026-06-12 04:15:04,433 [WARNING] core.evaluator_v2: Sample 37 failed: Expected all tensors to be on the same device, but got tensors is on cpu, different from other tensors on cuda:0 (when checking argument in method wrapper_CUDA_cat)
2026-06-12 04:15:08,164 [WARNING] core.evaluator_v2: Sample 38 failed: Expected all tensors to be on the same device, but got tensors is on cpu, different from other tensors on cuda:0 (when checking argument in method wrapper_CUDA_cat)
2026-06-12 04:15:09,336 [WARNING] core.evaluator_v2: Sample 39 failed: Expected all tensors to be on the same device, but got tensors is on cpu, different from other tensors on cuda:0 (when checking argument in method wrapper_CUDA_cat)
2026-06-12 04:15:12,776 [WARNING] core.evaluator_v2: Sample 40 failed: Expected all tensors to be on the same device, but got tensors is on cpu, different from other tensors on cuda:0 (when checking argument in method wrapper_CUDA_cat)
2026-06-12 04:15:16,568 [WARNING] core.evaluator_v2: Sample 41 failed: Expected all tensors to be on the same device, but got tensors is on cpu, different from other tensors on cuda:0 (when checking argument in method wrapper_CUDA_cat)
2026-06-12 04:15:19,137 [WARNING] core.evaluator_v2: Sample 42 failed: Expected all tensors to be on the same device, but got tensors is on cpu, different from other tensors on cuda:0 (when checking argument in method wrapper_CUDA_cat)
2026-06-12 04:15:23,309 [WARNING] core.evaluator_v2: Sample 43 failed: Expected all tensors to be on the same device, but got tensors is on cpu, different from other tensors on cuda:0 (when checking argument in method wrapper_CUDA_cat)
2026-06-12 04:15:25,904 [WARNING] core.evaluator_v2: Sample 44 failed: Expected all tensors to be on the same device, but got tensors is on cpu, different from other tensors on cuda:0 (when checking argument in method wrapper_CUDA_cat)
2026-06-12 04:15:29,268 [WARNING] core.evaluator_v2: Sample 45 failed: Expected all tensors to be on the same device, but got tensors is on cpu, different from other tensors on cuda:0 (when checking argument in method wrapper_CUDA_cat)
2026-06-12 04:15:31,708 [WARNING] core.evaluator_v2: Sample 46 failed: Expected all tensors to be on the same device, but got tensors is on cpu, different from other tensors on cuda:0 (when checking argument in method wrapper_CUDA_cat)
2026-06-12 04:15:33,675 [WARNING] core.evaluator_v2: Sample 47 failed: Expected all tensors to be on the same device, but got tensors is on cpu, different from other tensors on cuda:0 (when checking argument in method wrapper_CUDA_cat)
2026-06-12 04:15:36,709 [WARNING] core.evaluator_v2: Sample 48 failed: Expected all tensors to be on the same device, but got tensors is on cpu, different from other tensors on cuda:0 (when checking argument in method wrapper_CUDA_cat)
2026-06-12 04:15:39,938 [WARNING] core.evaluator_v2: Sample 49 failed: Expected all tensors to be on the same device, but got tensors is on cpu, different from other tensors on cuda:0 (when checking argument in method wrapper_CUDA_cat)
2026-06-12 04:15:39,939 [INFO] __main__:   → score=0.00, mem_red=0.0%, ttft=0.0ms
2026-06-12 04:15:39,940 [INFO] __main__: 
  Task: qmsum
2026-06-12 04:15:39,941 [INFO] core.dataset_loader: Loading LongBench/qmsum ...
2026-06-12 04:15:40,068 [INFO] httpx: HTTP Request: GET https://huggingface.co/api/datasets/THUDM/LongBench "HTTP/1.1 307 Temporary Redirect"
2026-06-12 04:15:40,100 [INFO] httpx: HTTP Request: GET https://huggingface.co/api/datasets/zai-org/LongBench "HTTP/1.1 200 OK"
2026-06-12 04:15:41,081 [INFO] core.dataset_loader: Loaded 50 samples from qmsum
2026-06-12 04:15:41,082 [INFO] core.evaluator_v2: [snapkv] qmsum (50샘플, budget=20%)
2026-06-12 04:15:44,337 [WARNING] core.evaluator_v2: Sample 0 failed: Expected all tensors to be on the same device, but got tensors is on cpu, different from other tensors on cuda:0 (when checking argument in method wrapper_CUDA_cat)
2026-06-12 04:15:47,373 [WARNING] core.evaluator_v2: Sample 1 failed: Expected all tensors to be on the same device, but got tensors is on cpu, different from other tensors on cuda:0 (when checking argument in method wrapper_CUDA_cat)
2026-06-12 04:15:49,899 [WARNING] core.evaluator_v2: Sample 2 failed: Expected all tensors to be on the same device, but got tensors is on cpu, different from other tensors on cuda:0 (when checking argument in method wrapper_CUDA_cat)
2026-06-12 04:15:52,529 [WARNING] core.evaluator_v2: Sample 3 failed: Expected all tensors to be on the same device, but got tensors is on cpu, different from other tensors on cuda:0 (when checking argument in method wrapper_CUDA_cat)
2026-06-12 04:15:56,046 [WARNING] core.evaluator_v2: Sample 4 failed: Expected all tensors to be on the same device, but got tensors is on cpu, different from other tensors on cuda:0 (when checking argument in method wrapper_CUDA_cat)
2026-06-12 04:15:58,974 [WARNING] core.evaluator_v2: Sample 5 failed: Expected all tensors to be on the same device, but got tensors is on cpu, different from other tensors on cuda:0 (when checking argument in method wrapper_CUDA_cat)
2026-06-12 04:16:01,481 [WARNING] core.evaluator_v2: Sample 6 failed: Expected all tensors to be on the same device, but got tensors is on cpu, different from other tensors on cuda:0 (when checking argument in method wrapper_CUDA_cat)
2026-06-12 04:16:04,610 [WARNING] core.evaluator_v2: Sample 7 failed: Expected all tensors to be on the same device, but got tensors is on cpu, different from other tensors on cuda:0 (when checking argument in method wrapper_CUDA_cat)
2026-06-12 04:16:07,561 [WARNING] core.evaluator_v2: Sample 8 failed: Expected all tensors to be on the same device, but got tensors is on cpu, different from other tensors on cuda:0 (when checking argument in method wrapper_CUDA_cat)
2026-06-12 04:16:10,343 [WARNING] core.evaluator_v2: Sample 9 failed: Expected all tensors to be on the same device, but got tensors is on cpu, different from other tensors on cuda:0 (when checking argument in method wrapper_CUDA_cat)
2026-06-12 04:16:13,223 [WARNING] core.evaluator_v2: Sample 10 failed: Expected all tensors to be on the same device, but got tensors is on cpu, different from other tensors on cuda:0 (when checking argument in method wrapper_CUDA_cat)
2026-06-12 04:16:16,373 [WARNING] core.evaluator_v2: Sample 11 failed: Expected all tensors to be on the same device, but got tensors is on cpu, different from other tensors on cuda:0 (when checking argument in method wrapper_CUDA_cat)
2026-06-12 04:16:18,912 [WARNING] core.evaluator_v2: Sample 12 failed: Expected all tensors to be on the same device, but got tensors is on cpu, different from other tensors on cuda:0 (when checking argument in method wrapper_CUDA_cat)
2026-06-12 04:16:22,188 [WARNING] core.evaluator_v2: Sample 13 failed: Expected all tensors to be on the same device, but got tensors is on cpu, different from other tensors on cuda:0 (when checking argument in method wrapper_CUDA_cat)
2026-06-12 04:16:25,171 [WARNING] core.evaluator_v2: Sample 14 failed: Expected all tensors to be on the same device, but got tensors is on cpu, different from other tensors on cuda:0 (when checking argument in method wrapper_CUDA_cat)
2026-06-12 04:16:28,752 [WARNING] core.evaluator_v2: Sample 15 failed: Expected all tensors to be on the same device, but got tensors is on cpu, different from other tensors on cuda:0 (when checking argument in method wrapper_CUDA_cat)
2026-06-12 04:16:31,784 [WARNING] core.evaluator_v2: Sample 16 failed: Expected all tensors to be on the same device, but got tensors is on cpu, different from other tensors on cuda:0 (when checking argument in method wrapper_CUDA_cat)
2026-06-12 04:16:34,733 [WARNING] core.evaluator_v2: Sample 17 failed: Expected all tensors to be on the same device, but got tensors is on cpu, different from other tensors on cuda:0 (when checking argument in method wrapper_CUDA_cat)
2026-06-12 04:16:38,249 [WARNING] core.evaluator_v2: Sample 18 failed: Expected all tensors to be on the same device, but got tensors is on cpu, different from other tensors on cuda:0 (when checking argument in method wrapper_CUDA_cat)
2026-06-12 04:16:41,499 [WARNING] core.evaluator_v2: Sample 19 failed: Expected all tensors to be on the same device, but got tensors is on cpu, different from other tensors on cuda:0 (when checking argument in method wrapper_CUDA_cat)
2026-06-12 04:16:45,698 [WARNING] core.evaluator_v2: Sample 20 failed: Expected all tensors to be on the same device, but got tensors is on cpu, different from other tensors on cuda:0 (when checking argument in method wrapper_CUDA_cat)
2026-06-12 04:16:48,557 [WARNING] core.evaluator_v2: Sample 21 failed: Expected all tensors to be on the same device, but got tensors is on cpu, different from other tensors on cuda:0 (when checking argument in method wrapper_CUDA_cat)
2026-06-12 04:16:51,516 [WARNING] core.evaluator_v2: Sample 22 failed: Expected all tensors to be on the same device, but got tensors is on cpu, different from other tensors on cuda:0 (when checking argument in method wrapper_CUDA_cat)
2026-06-12 04:16:54,223 [WARNING] core.evaluator_v2: Sample 23 failed: Expected all tensors to be on the same device, but got tensors is on cpu, different from other tensors on cuda:0 (when checking argument in method wrapper_CUDA_cat)
2026-06-12 04:16:57,217 [WARNING] core.evaluator_v2: Sample 24 failed: Expected all tensors to be on the same device, but got tensors is on cpu, different from other tensors on cuda:0 (when checking argument in method wrapper_CUDA_cat)
2026-06-12 04:17:00,020 [WARNING] core.evaluator_v2: Sample 25 failed: Expected all tensors to be on the same device, but got tensors is on cpu, different from other tensors on cuda:0 (when checking argument in method wrapper_CUDA_cat)
2026-06-12 04:17:04,205 [WARNING] core.evaluator_v2: Sample 26 failed: Expected all tensors to be on the same device, but got tensors is on cpu, different from other tensors on cuda:0 (when checking argument in method wrapper_CUDA_cat)
2026-06-12 04:17:06,743 [WARNING] core.evaluator_v2: Sample 27 failed: Expected all tensors to be on the same device, but got tensors is on cpu, different from other tensors on cuda:0 (when checking argument in method wrapper_CUDA_cat)
2026-06-12 04:17:09,493 [WARNING] core.evaluator_v2: Sample 28 failed: Expected all tensors to be on the same device, but got tensors is on cpu, different from other tensors on cuda:0 (when checking argument in method wrapper_CUDA_cat)
2026-06-12 04:17:12,362 [WARNING] core.evaluator_v2: Sample 29 failed: Expected all tensors to be on the same device, but got tensors is on cpu, different from other tensors on cuda:0 (when checking argument in method wrapper_CUDA_cat)
2026-06-12 04:17:15,416 [WARNING] core.evaluator_v2: Sample 30 failed: Expected all tensors to be on the same device, but got tensors is on cpu, different from other tensors on cuda:0 (when checking argument in method wrapper_CUDA_cat)
2026-06-12 04:17:18,156 [WARNING] core.evaluator_v2: Sample 31 failed: Expected all tensors to be on the same device, but got tensors is on cpu, different from other tensors on cuda:0 (when checking argument in method wrapper_CUDA_cat)
2026-06-12 04:17:21,169 [WARNING] core.evaluator_v2: Sample 32 failed: Expected all tensors to be on the same device, but got tensors is on cpu, different from other tensors on cuda:0 (when checking argument in method wrapper_CUDA_cat)
2026-06-12 04:17:23,692 [WARNING] core.evaluator_v2: Sample 33 failed: Expected all tensors to be on the same device, but got tensors is on cpu, different from other tensors on cuda:0 (when checking argument in method wrapper_CUDA_cat)
2026-06-12 04:17:26,575 [WARNING] core.evaluator_v2: Sample 34 failed: Expected all tensors to be on the same device, but got tensors is on cpu, different from other tensors on cuda:0 (when checking argument in method wrapper_CUDA_cat)
2026-06-12 04:17:30,832 [WARNING] core.evaluator_v2: Sample 35 failed: Expected all tensors to be on the same device, but got tensors is on cpu, different from other tensors on cuda:0 (when checking argument in method wrapper_CUDA_cat)
2026-06-12 04:17:35,184 [WARNING] core.evaluator_v2: Sample 36 failed: Expected all tensors to be on the same device, but got tensors is on cpu, different from other tensors on cuda:0 (when checking argument in method wrapper_CUDA_cat)
2026-06-12 04:17:37,936 [WARNING] core.evaluator_v2: Sample 37 failed: Expected all tensors to be on the same device, but got tensors is on cpu, different from other tensors on cuda:0 (when checking argument in method wrapper_CUDA_cat)
2026-06-12 04:17:41,127 [WARNING] core.evaluator_v2: Sample 38 failed: Expected all tensors to be on the same device, but got tensors is on cpu, different from other tensors on cuda:0 (when checking argument in method wrapper_CUDA_cat)
2026-06-12 04:17:44,183 [WARNING] core.evaluator_v2: Sample 39 failed: Expected all tensors to be on the same device, but got tensors is on cpu, different from other tensors on cuda:0 (when checking argument in method wrapper_CUDA_cat)
2026-06-12 04:17:47,665 [WARNING] core.evaluator_v2: Sample 40 failed: Expected all tensors to be on the same device, but got tensors is on cpu, different from other tensors on cuda:0 (when checking argument in method wrapper_CUDA_cat)
2026-06-12 04:17:50,195 [WARNING] core.evaluator_v2: Sample 41 failed: Expected all tensors to be on the same device, but got tensors is on cpu, different from other tensors on cuda:0 (when checking argument in method wrapper_CUDA_cat)
2026-06-12 04:17:53,762 [WARNING] core.evaluator_v2: Sample 42 failed: Expected all tensors to be on the same device, but got tensors is on cpu, different from other tensors on cuda:0 (when checking argument in method wrapper_CUDA_cat)
2026-06-12 04:17:57,139 [WARNING] core.evaluator_v2: Sample 43 failed: Expected all tensors to be on the same device, but got tensors is on cpu, different from other tensors on cuda:0 (when checking argument in method wrapper_CUDA_cat)
2026-06-12 04:18:00,027 [WARNING] core.evaluator_v2: Sample 44 failed: Expected all tensors to be on the same device, but got tensors is on cpu, different from other tensors on cuda:0 (when checking argument in method wrapper_CUDA_cat)
2026-06-12 04:18:03,038 [WARNING] core.evaluator_v2: Sample 45 failed: Expected all tensors to be on the same device, but got tensors is on cpu, different from other tensors on cuda:0 (when checking argument in method wrapper_CUDA_cat)
2026-06-12 04:18:06,035 [WARNING] core.evaluator_v2: Sample 46 failed: Expected all tensors to be on the same device, but got tensors is on cpu, different from other tensors on cuda:0 (when checking argument in method wrapper_CUDA_cat)
2026-06-12 04:18:09,489 [WARNING] core.evaluator_v2: Sample 47 failed: Expected all tensors to be on the same device, but got tensors is on cpu, different from other tensors on cuda:0 (when checking argument in method wrapper_CUDA_cat)
2026-06-12 04:18:13,048 [WARNING] core.evaluator_v2: Sample 48 failed: Expected all tensors to be on the same device, but got tensors is on cpu, different from other tensors on cuda:0 (when checking argument in method wrapper_CUDA_cat)
2026-06-12 04:18:15,571 [WARNING] core.evaluator_v2: Sample 49 failed: Expected all tensors to be on the same device, but got tensors is on cpu, different from other tensors on cuda:0 (when checking argument in method wrapper_CUDA_cat)
2026-06-12 04:18:15,572 [INFO] __main__:   → score=0.00, mem_red=0.0%, ttft=0.0ms
2026-06-12 04:18:15,573 [INFO] __main__: 
────────────────────────────────────────────────────────────
2026-06-12 04:18:15,573 [INFO] __main__: Method: PYRAMIDKV | Budget: 20%
2026-06-12 04:18:15,574 [INFO] __main__: ────────────────────────────────────────────────────────────
2026-06-12 04:18:15,575 [INFO] __main__: 
  Task: narrativeqa
2026-06-12 04:18:15,576 [INFO] core.dataset_loader: Loading LongBench/narrativeqa ...
2026-06-12 04:18:15,704 [INFO] httpx: HTTP Request: GET https://huggingface.co/api/datasets/THUDM/LongBench "HTTP/1.1 307 Temporary Redirect"
2026-06-12 04:18:15,770 [INFO] httpx: HTTP Request: GET https://huggingface.co/api/datasets/zai-org/LongBench "HTTP/1.1 200 OK"
2026-06-12 04:18:16,744 [INFO] core.dataset_loader: Loaded 50 samples from narrativeqa
2026-06-12 04:18:16,750 [INFO] core.evaluator_v2: [pyramidkv] narrativeqa (50샘플, budget=20%)
2026-06-12 04:18:20,827 [WARNING] core.evaluator_v2: Sample 0 failed: Expected all tensors to be on the same device, but got tensors is on cpu, different from other tensors on cuda:0 (when checking argument in method wrapper_CUDA_cat)
2026-06-12 04:18:23,661 [WARNING] core.evaluator_v2: Sample 1 failed: Expected all tensors to be on the same device, but got tensors is on cpu, different from other tensors on cuda:0 (when checking argument in method wrapper_CUDA_cat)
2026-06-12 04:18:26,336 [WARNING] core.evaluator_v2: Sample 2 failed: Expected all tensors to be on the same device, but got tensors is on cpu, different from other tensors on cuda:0 (when checking argument in method wrapper_CUDA_cat)
2026-06-12 04:18:29,173 [WARNING] core.evaluator_v2: Sample 3 failed: Expected all tensors to be on the same device, but got tensors is on cpu, different from other tensors on cuda:0 (when checking argument in method wrapper_CUDA_cat)
2026-06-12 04:18:33,397 [WARNING] core.evaluator_v2: Sample 4 failed: Expected all tensors to be on the same device, but got tensors is on cpu, different from other tensors on cuda:0 (when checking argument in method wrapper_CUDA_cat)
2026-06-12 04:18:37,831 [WARNING] core.evaluator_v2: Sample 5 failed: Expected all tensors to be on the same device, but got tensors is on cpu, different from other tensors on cuda:0 (when checking argument in method wrapper_CUDA_cat)
2026-06-12 04:18:38,119 [WARNING] core.model_loader: Input length 8716 > max 8192, truncating...
2026-06-12 04:18:43,438 [WARNING] core.evaluator_v2: Sample 6 failed: Expected all tensors to be on the same device, but got tensors is on cpu, different from other tensors on cuda:0 (when checking argument in method wrapper_CUDA_cat)
2026-06-12 04:18:46,566 [WARNING] core.evaluator_v2: Sample 7 failed: Expected all tensors to be on the same device, but got tensors is on cpu, different from other tensors on cuda:0 (when checking argument in method wrapper_CUDA_cat)
2026-06-12 04:18:50,128 [WARNING] core.evaluator_v2: Sample 8 failed: Expected all tensors to be on the same device, but got tensors is on cpu, different from other tensors on cuda:0 (when checking argument in method wrapper_CUDA_cat)
2026-06-12 04:18:53,133 [WARNING] core.evaluator_v2: Sample 9 failed: Expected all tensors to be on the same device, but got tensors is on cpu, different from other tensors on cuda:0 (when checking argument in method wrapper_CUDA_cat)
2026-06-12 04:18:55,544 [WARNING] core.evaluator_v2: Sample 10 failed: Expected all tensors to be on the same device, but got tensors is on cpu, different from other tensors on cuda:0 (when checking argument in method wrapper_CUDA_cat)
2026-06-12 04:18:58,705 [WARNING] core.evaluator_v2: Sample 11 failed: Expected all tensors to be on the same device, but got tensors is on cpu, different from other tensors on cuda:0 (when checking argument in method wrapper_CUDA_cat)
2026-06-12 04:19:01,933 [WARNING] core.evaluator_v2: Sample 12 failed: Expected all tensors to be on the same device, but got tensors is on cpu, different from other tensors on cuda:0 (when checking argument in method wrapper_CUDA_cat)
2026-06-12 04:19:04,923 [WARNING] core.evaluator_v2: Sample 13 failed: Expected all tensors to be on the same device, but got tensors is on cpu, different from other tensors on cuda:0 (when checking argument in method wrapper_CUDA_cat)
2026-06-12 04:19:07,509 [WARNING] core.evaluator_v2: Sample 14 failed: Expected all tensors to be on the same device, but got tensors is on cpu, different from other tensors on cuda:0 (when checking argument in method wrapper_CUDA_cat)
2026-06-12 04:19:10,312 [WARNING] core.evaluator_v2: Sample 15 failed: Expected all tensors to be on the same device, but got tensors is on cpu, different from other tensors on cuda:0 (when checking argument in method wrapper_CUDA_cat)
2026-06-12 04:19:12,708 [WARNING] core.evaluator_v2: Sample 16 failed: Expected all tensors to be on the same device, but got tensors is on cpu, different from other tensors on cuda:0 (when checking argument in method wrapper_CUDA_cat)
2026-06-12 04:19:15,331 [WARNING] core.evaluator_v2: Sample 17 failed: Expected all tensors to be on the same device, but got tensors is on cpu, different from other tensors on cuda:0 (when checking argument in method wrapper_CUDA_cat)
2026-06-12 04:19:19,253 [WARNING] core.evaluator_v2: Sample 18 failed: Expected all tensors to be on the same device, but got tensors is on cpu, different from other tensors on cuda:0 (when checking argument in method wrapper_CUDA_cat)
2026-06-12 04:19:22,119 [WARNING] core.evaluator_v2: Sample 19 failed: Expected all tensors to be on the same device, but got tensors is on cpu, different from other tensors on cuda:0 (when checking argument in method wrapper_CUDA_cat)
2026-06-12 04:19:26,145 [WARNING] core.evaluator_v2: Sample 20 failed: Expected all tensors to be on the same device, but got tensors is on cpu, different from other tensors on cuda:0 (when checking argument in method wrapper_CUDA_cat)
2026-06-12 04:19:31,752 [WARNING] core.evaluator_v2: Sample 21 failed: Expected all tensors to be on the same device, but got tensors is on cpu, different from other tensors on cuda:0 (when checking argument in method wrapper_CUDA_cat)
2026-06-12 04:19:34,409 [WARNING] core.evaluator_v2: Sample 22 failed: Expected all tensors to be on the same device, but got tensors is on cpu, different from other tensors on cuda:0 (when checking argument in method wrapper_CUDA_cat)
2026-06-12 04:19:37,235 [WARNING] core.evaluator_v2: Sample 23 failed: Expected all tensors to be on the same device, but got tensors is on cpu, different from other tensors on cuda:0 (when checking argument in method wrapper_CUDA_cat)
2026-06-12 04:19:39,729 [WARNING] core.evaluator_v2: Sample 24 failed: Expected all tensors to be on the same device, but got tensors is on cpu, different from other tensors on cuda:0 (when checking argument in method wrapper_CUDA_cat)
2026-06-12 04:19:42,727 [WARNING] core.evaluator_v2: Sample 25 failed: Expected all tensors to be on the same device, but got tensors is on cpu, different from other tensors on cuda:0 (when checking argument in method wrapper_CUDA_cat)
2026-06-12 04:19:46,334 [WARNING] core.evaluator_v2: Sample 26 failed: Expected all tensors to be on the same device, but got tensors is on cpu, different from other tensors on cuda:0 (when checking argument in method wrapper_CUDA_cat)
2026-06-12 04:19:49,039 [WARNING] core.evaluator_v2: Sample 27 failed: Expected all tensors to be on the same device, but got tensors is on cpu, different from other tensors on cuda:0 (when checking argument in method wrapper_CUDA_cat)
2026-06-12 04:19:51,843 [WARNING] core.evaluator_v2: Sample 28 failed: Expected all tensors to be on the same device, but got tensors is on cpu, different from other tensors on cuda:0 (when checking argument in method wrapper_CUDA_cat)
2026-06-12 04:19:54,846 [WARNING] core.evaluator_v2: Sample 29 failed: Expected all tensors to be on the same device, but got tensors is on cpu, different from other tensors on cuda:0 (when checking argument in method wrapper_CUDA_cat)
2026-06-12 04:19:58,351 [WARNING] core.evaluator_v2: Sample 30 failed: Expected all tensors to be on the same device, but got tensors is on cpu, different from other tensors on cuda:0 (when checking argument in method wrapper_CUDA_cat)
2026-06-12 04:20:01,715 [WARNING] core.evaluator_v2: Sample 31 failed: Expected all tensors to be on the same device, but got tensors is on cpu, different from other tensors on cuda:0 (when checking argument in method wrapper_CUDA_cat)
2026-06-12 04:20:04,636 [WARNING] core.evaluator_v2: Sample 32 failed: Expected all tensors to be on the same device, but got tensors is on cpu, different from other tensors on cuda:0 (when checking argument in method wrapper_CUDA_cat)
2026-06-12 04:20:08,751 [WARNING] core.evaluator_v2: Sample 33 failed: Expected all tensors to be on the same device, but got tensors is on cpu, different from other tensors on cuda:0 (when checking argument in method wrapper_CUDA_cat)
2026-06-12 04:20:11,990 [WARNING] core.evaluator_v2: Sample 34 failed: Expected all tensors to be on the same device, but got tensors is on cpu, different from other tensors on cuda:0 (when checking argument in method wrapper_CUDA_cat)
2026-06-12 04:20:16,319 [WARNING] core.evaluator_v2: Sample 35 failed: Expected all tensors to be on the same device, but got tensors is on cpu, different from other tensors on cuda:0 (when checking argument in method wrapper_CUDA_cat)
2026-06-12 04:20:19,144 [WARNING] core.evaluator_v2: Sample 36 failed: Expected all tensors to be on the same device, but got tensors is on cpu, different from other tensors on cuda:0 (when checking argument in method wrapper_CUDA_cat)
2026-06-12 04:20:21,774 [WARNING] core.evaluator_v2: Sample 37 failed: Expected all tensors to be on the same device, but got tensors is on cpu, different from other tensors on cuda:0 (when checking argument in method wrapper_CUDA_cat)
2026-06-12 04:20:27,651 [WARNING] core.evaluator_v2: Sample 38 failed: Expected all tensors to be on the same device, but got tensors is on cpu, different from other tensors on cuda:0 (when checking argument in method wrapper_CUDA_cat)
2026-06-12 04:20:30,436 [WARNING] core.evaluator_v2: Sample 39 failed: Expected all tensors to be on the same device, but got tensors is on cpu, different from other tensors on cuda:0 (when checking argument in method wrapper_CUDA_cat)
2026-06-12 04:20:33,863 [WARNING] core.evaluator_v2: Sample 40 failed: Expected all tensors to be on the same device, but got tensors is on cpu, different from other tensors on cuda:0 (when checking argument in method wrapper_CUDA_cat)
2026-06-12 04:20:36,836 [WARNING] core.evaluator_v2: Sample 41 failed: Expected all tensors to be on the same device, but got tensors is on cpu, different from other tensors on cuda:0 (when checking argument in method wrapper_CUDA_cat)
2026-06-12 04:20:39,694 [WARNING] core.evaluator_v2: Sample 42 failed: Expected all tensors to be on the same device, but got tensors is on cpu, different from other tensors on cuda:0 (when checking argument in method wrapper_CUDA_cat)
2026-06-12 04:20:43,874 [WARNING] core.evaluator_v2: Sample 43 failed: Expected all tensors to be on the same device, but got tensors is on cpu, different from other tensors on cuda:0 (when checking argument in method wrapper_CUDA_cat)
2026-06-12 04:20:49,752 [WARNING] core.evaluator_v2: Sample 44 failed: Expected all tensors to be on the same device, but got tensors is on cpu, different from other tensors on cuda:0 (when checking argument in method wrapper_CUDA_cat)
2026-06-12 04:20:52,817 [WARNING] core.evaluator_v2: Sample 45 failed: Expected all tensors to be on the same device, but got tensors is on cpu, different from other tensors on cuda:0 (when checking argument in method wrapper_CUDA_cat)
2026-06-12 04:20:53,062 [WARNING] core.model_loader: Input length 8717 > max 8192, truncating...
2026-06-12 04:20:58,372 [WARNING] core.evaluator_v2: Sample 46 failed: Expected all tensors to be on the same device, but got tensors is on cpu, different from other tensors on cuda:0 (when checking argument in method wrapper_CUDA_cat)
2026-06-12 04:21:01,591 [WARNING] core.evaluator_v2: Sample 47 failed: Expected all tensors to be on the same device, but got tensors is on cpu, different from other tensors on cuda:0 (when checking argument in method wrapper_CUDA_cat)
2026-06-12 04:21:07,140 [WARNING] core.evaluator_v2: Sample 48 failed: Expected all tensors to be on the same device, but got tensors is on cpu, different from other tensors on cuda:0 (when checking argument in method wrapper_CUDA_cat)
2026-06-12 04:21:09,927 [WARNING] core.evaluator_v2: Sample 49 failed: Expected all tensors to be on the same device, but got tensors is on cpu, different from other tensors on cuda:0 (when checking argument in method wrapper_CUDA_cat)
2026-06-12 04:21:09,928 [INFO] __main__:   → score=0.00, mem_red=0.0%, ttft=0.0ms
2026-06-12 04:21:09,929 [INFO] __main__: 
  Task: qasper
2026-06-12 04:21:09,930 [INFO] core.dataset_loader: Loading LongBench/qasper ...
2026-06-12 04:21:10,051 [INFO] httpx: HTTP Request: GET https://huggingface.co/api/datasets/THUDM/LongBench "HTTP/1.1 307 Temporary Redirect"
2026-06-12 04:21:10,079 [INFO] httpx: HTTP Request: GET https://huggingface.co/api/datasets/zai-org/LongBench "HTTP/1.1 200 OK"
2026-06-12 04:21:10,869 [INFO] core.dataset_loader: Loaded 50 samples from qasper
2026-06-12 04:21:10,870 [INFO] core.evaluator_v2: [pyramidkv] qasper (50샘플, budget=20%)
2026-06-12 04:21:12,213 [WARNING] core.evaluator_v2: Sample 0 failed: Expected all tensors to be on the same device, but got tensors is on cpu, different from other tensors on cuda:0 (when checking argument in method wrapper_CUDA_cat)
2026-06-12 04:21:13,437 [WARNING] core.evaluator_v2: Sample 1 failed: Expected all tensors to be on the same device, but got tensors is on cpu, different from other tensors on cuda:0 (when checking argument in method wrapper_CUDA_cat)
2026-06-12 04:21:14,984 [WARNING] core.evaluator_v2: Sample 2 failed: Expected all tensors to be on the same device, but got tensors is on cpu, different from other tensors on cuda:0 (when checking argument in method wrapper_CUDA_cat)
2026-06-12 04:21:15,876 [WARNING] core.evaluator_v2: Sample 3 failed: Expected all tensors to be on the same device, but got tensors is on cpu, different from other tensors on cuda:0 (when checking argument in method wrapper_CUDA_cat)
2026-06-12 04:21:18,693 [WARNING] core.evaluator_v2: Sample 4 failed: Expected all tensors to be on the same device, but got tensors is on cpu, different from other tensors on cuda:0 (when checking argument in method wrapper_CUDA_cat)
2026-06-12 04:21:22,492 [WARNING] core.evaluator_v2: Sample 5 failed: Expected all tensors to be on the same device, but got tensors is on cpu, different from other tensors on cuda:0 (when checking argument in method wrapper_CUDA_cat)
2026-06-12 04:21:24,268 [WARNING] core.evaluator_v2: Sample 6 failed: Expected all tensors to be on the same device, but got tensors is on cpu, different from other tensors on cuda:0 (when checking argument in method wrapper_CUDA_cat)
2026-06-12 04:21:26,775 [WARNING] core.evaluator_v2: Sample 7 failed: Expected all tensors to be on the same device, but got tensors is on cpu, different from other tensors on cuda:0 (when checking argument in method wrapper_CUDA_cat)
2026-06-12 04:21:30,840 [WARNING] core.evaluator_v2: Sample 8 failed: Expected all tensors to be on the same device, but got tensors is on cpu, different from other tensors on cuda:0 (when checking argument in method wrapper_CUDA_cat)
2026-06-12 04:21:33,414 [WARNING] core.evaluator_v2: Sample 9 failed: Expected all tensors to be on the same device, but got tensors is on cpu, different from other tensors on cuda:0 (when checking argument in method wrapper_CUDA_cat)
2026-06-12 04:21:35,023 [WARNING] core.evaluator_v2: Sample 10 failed: Expected all tensors to be on the same device, but got tensors is on cpu, different from other tensors on cuda:0 (when checking argument in method wrapper_CUDA_cat)
2026-06-12 04:21:38,497 [WARNING] core.evaluator_v2: Sample 11 failed: Expected all tensors to be on the same device, but got tensors is on cpu, different from other tensors on cuda:0 (when checking argument in method wrapper_CUDA_cat)
2026-06-12 04:21:41,430 [WARNING] core.evaluator_v2: Sample 12 failed: Expected all tensors to be on the same device, but got tensors is on cpu, different from other tensors on cuda:0 (when checking argument in method wrapper_CUDA_cat)
2026-06-12 04:21:45,651 [WARNING] core.evaluator_v2: Sample 13 failed: Expected all tensors to be on the same device, but got tensors is on cpu, different from other tensors on cuda:0 (when checking argument in method wrapper_CUDA_cat)
2026-06-12 04:21:47,867 [WARNING] core.evaluator_v2: Sample 14 failed: Expected all tensors to be on the same device, but got tensors is on cpu, different from other tensors on cuda:0 (when checking argument in method wrapper_CUDA_cat)
2026-06-12 04:21:50,976 [WARNING] core.evaluator_v2: Sample 15 failed: Expected all tensors to be on the same device, but got tensors is on cpu, different from other tensors on cuda:0 (when checking argument in method wrapper_CUDA_cat)
2026-06-12 04:21:53,945 [WARNING] core.evaluator_v2: Sample 16 failed: Expected all tensors to be on the same device, but got tensors is on cpu, different from other tensors on cuda:0 (when checking argument in method wrapper_CUDA_cat)
2026-06-12 04:21:54,931 [WARNING] core.evaluator_v2: Sample 17 failed: Expected all tensors to be on the same device, but got tensors is on cpu, different from other tensors on cuda:0 (when checking argument in method wrapper_CUDA_cat)
2026-06-12 04:21:56,407 [WARNING] core.evaluator_v2: Sample 18 failed: Expected all tensors to be on the same device, but got tensors is on cpu, different from other tensors on cuda:0 (when checking argument in method wrapper_CUDA_cat)
2026-06-12 04:21:57,918 [WARNING] core.evaluator_v2: Sample 19 failed: Expected all tensors to be on the same device, but got tensors is on cpu, different from other tensors on cuda:0 (when checking argument in method wrapper_CUDA_cat)
2026-06-12 04:21:59,705 [WARNING] core.evaluator_v2: Sample 20 failed: Expected all tensors to be on the same device, but got tensors is on cpu, different from other tensors on cuda:0 (when checking argument in method wrapper_CUDA_cat)
2026-06-12 04:22:02,564 [WARNING] core.evaluator_v2: Sample 21 failed: Expected all tensors to be on the same device, but got tensors is on cpu, different from other tensors on cuda:0 (when checking argument in method wrapper_CUDA_cat)
2026-06-12 04:22:05,694 [WARNING] core.evaluator_v2: Sample 22 failed: Expected all tensors to be on the same device, but got tensors is on cpu, different from other tensors on cuda:0 (when checking argument in method wrapper_CUDA_cat)
2026-06-12 04:22:07,004 [WARNING] core.evaluator_v2: Sample 23 failed: Expected all tensors to be on the same device, but got tensors is on cpu, different from other tensors on cuda:0 (when checking argument in method wrapper_CUDA_cat)
2026-06-12 04:22:08,679 [WARNING] core.evaluator_v2: Sample 24 failed: Expected all tensors to be on the same device, but got tensors is on cpu, different from other tensors on cuda:0 (when checking argument in method wrapper_CUDA_cat)
2026-06-12 04:22:11,599 [WARNING] core.evaluator_v2: Sample 25 failed: Expected all tensors to be on the same device, but got tensors is on cpu, different from other tensors on cuda:0 (when checking argument in method wrapper_CUDA_cat)
2026-06-12 04:22:14,316 [WARNING] core.evaluator_v2: Sample 26 failed: Expected all tensors to be on the same device, but got tensors is on cpu, different from other tensors on cuda:0 (when checking argument in method wrapper_CUDA_cat)
2026-06-12 04:22:17,548 [WARNING] core.evaluator_v2: Sample 27 failed: Expected all tensors to be on the same device, but got tensors is on cpu, different from other tensors on cuda:0 (when checking argument in method wrapper_CUDA_cat)
2026-06-12 04:22:18,975 [WARNING] core.evaluator_v2: Sample 28 failed: Expected all tensors to be on the same device, but got tensors is on cpu, different from other tensors on cuda:0 (when checking argument in method wrapper_CUDA_cat)
2026-06-12 04:22:20,067 [WARNING] core.evaluator_v2: Sample 29 failed: Expected all tensors to be on the same device, but got tensors is on cpu, different from other tensors on cuda:0 (when checking argument in method wrapper_CUDA_cat)
2026-06-12 04:22:21,255 [WARNING] core.evaluator_v2: Sample 30 failed: Expected all tensors to be on the same device, but got tensors is on cpu, different from other tensors on cuda:0 (when checking argument in method wrapper_CUDA_cat)
2026-06-12 04:22:24,285 [WARNING] core.evaluator_v2: Sample 31 failed: Expected all tensors to be on the same device, but got tensors is on cpu, different from other tensors on cuda:0 (when checking argument in method wrapper_CUDA_cat)
2026-06-12 04:22:25,288 [WARNING] core.evaluator_v2: Sample 32 failed: Expected all tensors to be on the same device, but got tensors is on cpu, different from other tensors on cuda:0 (when checking argument in method wrapper_CUDA_cat)
2026-06-12 04:22:27,744 [WARNING] core.evaluator_v2: Sample 33 failed: Expected all tensors to be on the same device, but got tensors is on cpu, different from other tensors on cuda:0 (when checking argument in method wrapper_CUDA_cat)
2026-06-12 04:22:30,678 [WARNING] core.evaluator_v2: Sample 34 failed: Expected all tensors to be on the same device, but got tensors is on cpu, different from other tensors on cuda:0 (when checking argument in method wrapper_CUDA_cat)
2026-06-12 04:22:31,621 [WARNING] core.evaluator_v2: Sample 35 failed: Expected all tensors to be on the same device, but got tensors is on cpu, different from other tensors on cuda:0 (when checking argument in method wrapper_CUDA_cat)
2026-06-12 04:22:32,695 [WARNING] core.evaluator_v2: Sample 36 failed: Expected all tensors to be on the same device, but got tensors is on cpu, different from other tensors on cuda:0 (when checking argument in method wrapper_CUDA_cat)
2026-06-12 04:22:35,457 [WARNING] core.evaluator_v2: Sample 37 failed: Expected all tensors to be on the same device, but got tensors is on cpu, different from other tensors on cuda:0 (when checking argument in method wrapper_CUDA_cat)
2026-06-12 04:22:38,216 [WARNING] core.evaluator_v2: Sample 38 failed: Expected all tensors to be on the same device, but got tensors is on cpu, different from other tensors on cuda:0 (when checking argument in method wrapper_CUDA_cat)
2026-06-12 04:22:39,161 [WARNING] core.evaluator_v2: Sample 39 failed: Expected all tensors to be on the same device, but got tensors is on cpu, different from other tensors on cuda:0 (when checking argument in method wrapper_CUDA_cat)
2026-06-12 04:22:40,920 [WARNING] core.evaluator_v2: Sample 40 failed: Expected all tensors to be on the same device, but got tensors is on cpu, different from other tensors on cuda:0 (when checking argument in method wrapper_CUDA_cat)
2026-06-12 04:22:45,221 [WARNING] core.evaluator_v2: Sample 41 failed: Expected all tensors to be on the same device, but got tensors is on cpu, different from other tensors on cuda:0 (when checking argument in method wrapper_CUDA_cat)
2026-06-12 04:22:46,529 [WARNING] core.evaluator_v2: Sample 42 failed: Expected all tensors to be on the same device, but got tensors is on cpu, different from other tensors on cuda:0 (when checking argument in method wrapper_CUDA_cat)
2026-06-12 04:22:49,068 [WARNING] core.evaluator_v2: Sample 43 failed: Expected all tensors to be on the same device, but got tensors is on cpu, different from other tensors on cuda:0 (when checking argument in method wrapper_CUDA_cat)
2026-06-12 04:22:50,711 [WARNING] core.evaluator_v2: Sample 44 failed: Expected all tensors to be on the same device, but got tensors is on cpu, different from other tensors on cuda:0 (when checking argument in method wrapper_CUDA_cat)
2026-06-12 04:22:53,986 [WARNING] core.evaluator_v2: Sample 45 failed: Expected all tensors to be on the same device, but got tensors is on cpu, different from other tensors on cuda:0 (when checking argument in method wrapper_CUDA_cat)
2026-06-12 04:22:56,668 [WARNING] core.evaluator_v2: Sample 46 failed: Expected all tensors to be on the same device, but got tensors is on cpu, different from other tensors on cuda:0 (when checking argument in method wrapper_CUDA_cat)
2026-06-12 04:22:58,156 [WARNING] core.evaluator_v2: Sample 47 failed: Expected all tensors to be on the same device, but got tensors is on cpu, different from other tensors on cuda:0 (when checking argument in method wrapper_CUDA_cat)
2026-06-12 04:23:01,338 [WARNING] core.evaluator_v2: Sample 48 failed: Expected all tensors to be on the same device, but got tensors is on cpu, different from other tensors on cuda:0 (when checking argument in method wrapper_CUDA_cat)
2026-06-12 04:23:04,310 [WARNING] core.evaluator_v2: Sample 49 failed: Expected all tensors to be on the same device, but got tensors is on cpu, different from other tensors on cuda:0 (when checking argument in method wrapper_CUDA_cat)
2026-06-12 04:23:04,327 [INFO] __main__:   → score=0.00, mem_red=0.0%, ttft=0.0ms
2026-06-12 04:23:04,330 [INFO] __main__: 
  Task: multifieldqa_en
2026-06-12 04:23:04,332 [INFO] core.dataset_loader: Loading LongBench/multifieldqa_en ...
2026-06-12 04:23:04,488 [INFO] httpx: HTTP Request: GET https://huggingface.co/api/datasets/THUDM/LongBench "HTTP/1.1 307 Temporary Redirect"
2026-06-12 04:23:04,530 [INFO] httpx: HTTP Request: GET https://huggingface.co/api/datasets/zai-org/LongBench "HTTP/1.1 200 OK"
2026-06-12 04:23:05,342 [INFO] core.dataset_loader: Loaded 50 samples from multifieldqa_en
2026-06-12 04:23:05,345 [INFO] core.evaluator_v2: [pyramidkv] multifieldqa_en (50샘플, budget=20%)
2026-06-12 04:23:06,117 [WARNING] core.evaluator_v2: Sample 0 failed: Expected all tensors to be on the same device, but got tensors is on cpu, different from other tensors on cuda:0 (when checking argument in method wrapper_CUDA_cat)
2026-06-12 04:23:09,457 [WARNING] core.evaluator_v2: Sample 1 failed: Expected all tensors to be on the same device, but got tensors is on cpu, different from other tensors on cuda:0 (when checking argument in method wrapper_CUDA_cat)
2026-06-12 04:23:09,693 [WARNING] core.model_loader: Input length 11006 > max 8192, truncating...
2026-06-12 04:23:14,998 [WARNING] core.evaluator_v2: Sample 2 failed: Expected all tensors to be on the same device, but got tensors is on cpu, different from other tensors on cuda:0 (when checking argument in method wrapper_CUDA_cat)
2026-06-12 04:23:18,454 [WARNING] core.evaluator_v2: Sample 3 failed: Expected all tensors to be on the same device, but got tensors is on cpu, different from other tensors on cuda:0 (when checking argument in method wrapper_CUDA_cat)
2026-06-12 04:23:22,422 [WARNING] core.evaluator_v2: Sample 4 failed: Expected all tensors to be on the same device, but got tensors is on cpu, different from other tensors on cuda:0 (when checking argument in method wrapper_CUDA_cat)
2026-06-12 04:23:23,625 [WARNING] core.evaluator_v2: Sample 5 failed: Expected all tensors to be on the same device, but got tensors is on cpu, different from other tensors on cuda:0 (when checking argument in method wrapper_CUDA_cat)
2026-06-12 04:23:26,475 [WARNING] core.evaluator_v2: Sample 6 failed: Expected all tensors to be on the same device, but got tensors is on cpu, different from other tensors on cuda:0 (when checking argument in method wrapper_CUDA_cat)
2026-06-12 04:23:29,510 [WARNING] core.evaluator_v2: Sample 7 failed: Expected all tensors to be on the same device, but got tensors is on cpu, different from other tensors on cuda:0 (when checking argument in method wrapper_CUDA_cat)
2026-06-12 04:23:31,028 [WARNING] core.evaluator_v2: Sample 8 failed: Expected all tensors to be on the same device, but got tensors is on cpu, different from other tensors on cuda:0 (when checking argument in method wrapper_CUDA_cat)
2026-06-12 04:23:33,876 [WARNING] core.evaluator_v2: Sample 9 failed: Expected all tensors to be on the same device, but got tensors is on cpu, different from other tensors on cuda:0 (when checking argument in method wrapper_CUDA_cat)
2026-06-12 04:23:36,497 [WARNING] core.evaluator_v2: Sample 10 failed: Expected all tensors to be on the same device, but got tensors is on cpu, different from other tensors on cuda:0 (when checking argument in method wrapper_CUDA_cat)
2026-06-12 04:23:39,439 [WARNING] core.evaluator_v2: Sample 11 failed: Expected all tensors to be on the same device, but got tensors is on cpu, different from other tensors on cuda:0 (when checking argument in method wrapper_CUDA_cat)
2026-06-12 04:23:43,796 [WARNING] core.evaluator_v2: Sample 12 failed: Expected all tensors to be on the same device, but got tensors is on cpu, different from other tensors on cuda:0 (when checking argument in method wrapper_CUDA_cat)
2026-06-12 04:23:44,951 [WARNING] core.evaluator_v2: Sample 13 failed: Expected all tensors to be on the same device, but got tensors is on cpu, different from other tensors on cuda:0 (when checking argument in method wrapper_CUDA_cat)
2026-06-12 04:23:48,751 [WARNING] core.evaluator_v2: Sample 14 failed: Expected all tensors to be on the same device, but got tensors is on cpu, different from other tensors on cuda:0 (when checking argument in method wrapper_CUDA_cat)
2026-06-12 04:23:51,438 [WARNING] core.evaluator_v2: Sample 15 failed: Expected all tensors to be on the same device, but got tensors is on cpu, different from other tensors on cuda:0 (when checking argument in method wrapper_CUDA_cat)
2026-06-12 04:23:57,283 [WARNING] core.evaluator_v2: Sample 16 failed: Expected all tensors to be on the same device, but got tensors is on cpu, different from other tensors on cuda:0 (when checking argument in method wrapper_CUDA_cat)
2026-06-12 04:23:58,376 [WARNING] core.evaluator_v2: Sample 17 failed: Expected all tensors to be on the same device, but got tensors is on cpu, different from other tensors on cuda:0 (when checking argument in method wrapper_CUDA_cat)
2026-06-12 04:24:03,024 [WARNING] core.evaluator_v2: Sample 18 failed: Expected all tensors to be on the same device, but got tensors is on cpu, different from other tensors on cuda:0 (when checking argument in method wrapper_CUDA_cat)
2026-06-12 04:24:05,730 [WARNING] core.evaluator_v2: Sample 19 failed: Expected all tensors to be on the same device, but got tensors is on cpu, different from other tensors on cuda:0 (when checking argument in method wrapper_CUDA_cat)
2026-06-12 04:24:06,049 [WARNING] core.model_loader: Input length 9207 > max 8192, truncating...
2026-06-12 04:24:11,372 [WARNING] core.evaluator_v2: Sample 20 failed: Expected all tensors to be on the same device, but got tensors is on cpu, different from other tensors on cuda:0 (when checking argument in method wrapper_CUDA_cat)
2026-06-12 04:24:12,823 [WARNING] core.evaluator_v2: Sample 21 failed: Expected all tensors to be on the same device, but got tensors is on cpu, different from other tensors on cuda:0 (when checking argument in method wrapper_CUDA_cat)
2026-06-12 04:24:15,909 [WARNING] core.evaluator_v2: Sample 22 failed: Expected all tensors to be on the same device, but got tensors is on cpu, different from other tensors on cuda:0 (when checking argument in method wrapper_CUDA_cat)
2026-06-12 04:24:22,220 [WARNING] core.evaluator_v2: Sample 23 failed: Expected all tensors to be on the same device, but got tensors is on cpu, different from other tensors on cuda:0 (when checking argument in method wrapper_CUDA_cat)
2026-06-12 04:24:23,008 [WARNING] core.evaluator_v2: Sample 24 failed: Expected all tensors to be on the same device, but got tensors is on cpu, different from other tensors on cuda:0 (when checking argument in method wrapper_CUDA_cat)
2026-06-12 04:24:23,927 [WARNING] core.evaluator_v2: Sample 25 failed: Expected all tensors to be on the same device, but got tensors is on cpu, different from other tensors on cuda:0 (when checking argument in method wrapper_CUDA_cat)
2026-06-12 04:24:26,487 [WARNING] core.evaluator_v2: Sample 26 failed: Expected all tensors to be on the same device, but got tensors is on cpu, different from other tensors on cuda:0 (when checking argument in method wrapper_CUDA_cat)
2026-06-12 04:24:31,269 [WARNING] core.evaluator_v2: Sample 27 failed: Expected all tensors to be on the same device, but got tensors is on cpu, different from other tensors on cuda:0 (when checking argument in method wrapper_CUDA_cat)
2026-06-12 04:24:34,246 [WARNING] core.evaluator_v2: Sample 28 failed: Expected all tensors to be on the same device, but got tensors is on cpu, different from other tensors on cuda:0 (when checking argument in method wrapper_CUDA_cat)
2026-06-12 04:24:39,791 [WARNING] core.evaluator_v2: Sample 29 failed: Expected all tensors to be on the same device, but got tensors is on cpu, different from other tensors on cuda:0 (when checking argument in method wrapper_CUDA_cat)
2026-06-12 04:24:42,767 [WARNING] core.evaluator_v2: Sample 30 failed: Expected all tensors to be on the same device, but got tensors is on cpu, different from other tensors on cuda:0 (when checking argument in method wrapper_CUDA_cat)
2026-06-12 04:24:45,243 [WARNING] core.evaluator_v2: Sample 31 failed: Expected all tensors to be on the same device, but got tensors is on cpu, different from other tensors on cuda:0 (when checking argument in method wrapper_CUDA_cat)
2026-06-12 04:24:47,381 [WARNING] core.evaluator_v2: Sample 32 failed: Expected all tensors to be on the same device, but got tensors is on cpu, different from other tensors on cuda:0 (when checking argument in method wrapper_CUDA_cat)
2026-06-12 04:24:50,070 [WARNING] core.evaluator_v2: Sample 33 failed: Expected all tensors to be on the same device, but got tensors is on cpu, different from other tensors on cuda:0 (when checking argument in method wrapper_CUDA_cat)
2026-06-12 04:24:53,501 [WARNING] core.evaluator_v2: Sample 34 failed: Expected all tensors to be on the same device, but got tensors is on cpu, different from other tensors on cuda:0 (when checking argument in method wrapper_CUDA_cat)
2026-06-12 04:24:56,959 [WARNING] core.evaluator_v2: Sample 35 failed: Expected all tensors to be on the same device, but got tensors is on cpu, different from other tensors on cuda:0 (when checking argument in method wrapper_CUDA_cat)
2026-06-12 04:24:59,391 [WARNING] core.evaluator_v2: Sample 36 failed: Expected all tensors to be on the same device, but got tensors is on cpu, different from other tensors on cuda:0 (when checking argument in method wrapper_CUDA_cat)
2026-06-12 04:25:02,390 [WARNING] core.evaluator_v2: Sample 37 failed: Expected all tensors to be on the same device, but got tensors is on cpu, different from other tensors on cuda:0 (when checking argument in method wrapper_CUDA_cat)
2026-06-12 04:25:03,853 [WARNING] core.evaluator_v2: Sample 38 failed: Expected all tensors to be on the same device, but got tensors is on cpu, different from other tensors on cuda:0 (when checking argument in method wrapper_CUDA_cat)
2026-06-12 04:25:04,054 [WARNING] core.model_loader: Input length 8391 > max 8192, truncating...
2026-06-12 04:25:09,353 [WARNING] core.evaluator_v2: Sample 39 failed: Expected all tensors to be on the same device, but got tensors is on cpu, different from other tensors on cuda:0 (when checking argument in method wrapper_CUDA_cat)
2026-06-12 04:25:12,049 [WARNING] core.evaluator_v2: Sample 40 failed: Expected all tensors to be on the same device, but got tensors is on cpu, different from other tensors on cuda:0 (when checking argument in method wrapper_CUDA_cat)
2026-06-12 04:25:15,036 [WARNING] core.evaluator_v2: Sample 41 failed: Expected all tensors to be on the same device, but got tensors is on cpu, different from other tensors on cuda:0 (when checking argument in method wrapper_CUDA_cat)
2026-06-12 04:25:18,163 [WARNING] core.evaluator_v2: Sample 42 failed: Expected all tensors to be on the same device, but got tensors is on cpu, different from other tensors on cuda:0 (when checking argument in method wrapper_CUDA_cat)
2026-06-12 04:25:23,791 [WARNING] core.evaluator_v2: Sample 43 failed: Expected all tensors to be on the same device, but got tensors is on cpu, different from other tensors on cuda:0 (when checking argument in method wrapper_CUDA_cat)
2026-06-12 04:25:29,368 [WARNING] core.evaluator_v2: Sample 44 failed: Expected all tensors to be on the same device, but got tensors is on cpu, different from other tensors on cuda:0 (when checking argument in method wrapper_CUDA_cat)
2026-06-12 04:25:35,684 [WARNING] core.evaluator_v2: Sample 45 failed: Expected all tensors to be on the same device, but got tensors is on cpu, different from other tensors on cuda:0 (when checking argument in method wrapper_CUDA_cat)
2026-06-12 04:25:37,293 [WARNING] core.evaluator_v2: Sample 46 failed: Expected all tensors to be on the same device, but got tensors is on cpu, different from other tensors on cuda:0 (when checking argument in method wrapper_CUDA_cat)
2026-06-12 04:25:39,081 [WARNING] core.evaluator_v2: Sample 47 failed: Expected all tensors to be on the same device, but got tensors is on cpu, different from other tensors on cuda:0 (when checking argument in method wrapper_CUDA_cat)
2026-06-12 04:25:40,483 [WARNING] core.evaluator_v2: Sample 48 failed: Expected all tensors to be on the same device, but got tensors is on cpu, different from other tensors on cuda:0 (when checking argument in method wrapper_CUDA_cat)
2026-06-12 04:25:43,010 [WARNING] core.evaluator_v2: Sample 49 failed: Expected all tensors to be on the same device, but got tensors is on cpu, different from other tensors on cuda:0 (when checking argument in method wrapper_CUDA_cat)
2026-06-12 04:25:43,032 [INFO] __main__:   → score=0.00, mem_red=0.0%, ttft=0.0ms
2026-06-12 04:25:43,040 [INFO] __main__: 
  Task: hotpotqa
2026-06-12 04:25:43,043 [INFO] core.dataset_loader: Loading LongBench/hotpotqa ...
2026-06-12 04:25:43,147 [INFO] httpx: HTTP Request: GET https://huggingface.co/api/datasets/THUDM/LongBench "HTTP/1.1 307 Temporary Redirect"
2026-06-12 04:25:43,298 [INFO] httpx: HTTP Request: GET https://huggingface.co/api/datasets/zai-org/LongBench "HTTP/1.1 200 OK"
2026-06-12 04:25:44,606 [INFO] core.dataset_loader: Loaded 50 samples from hotpotqa
2026-06-12 04:25:44,643 [INFO] core.evaluator_v2: [pyramidkv] hotpotqa (50샘플, budget=20%)
2026-06-12 04:25:48,655 [WARNING] core.evaluator_v2: Sample 0 failed: Expected all tensors to be on the same device, but got tensors is on cpu, different from other tensors on cuda:0 (when checking argument in method wrapper_CUDA_cat)
2026-06-12 04:25:51,750 [WARNING] core.evaluator_v2: Sample 1 failed: Expected all tensors to be on the same device, but got tensors is on cpu, different from other tensors on cuda:0 (when checking argument in method wrapper_CUDA_cat)
2026-06-12 04:25:55,123 [WARNING] core.evaluator_v2: Sample 2 failed: Expected all tensors to be on the same device, but got tensors is on cpu, different from other tensors on cuda:0 (when checking argument in method wrapper_CUDA_cat)
2026-06-12 04:26:00,021 [WARNING] core.evaluator_v2: Sample 3 failed: Expected all tensors to be on the same device, but got tensors is on cpu, different from other tensors on cuda:0 (when checking argument in method wrapper_CUDA_cat)
2026-06-12 04:26:03,395 [WARNING] core.evaluator_v2: Sample 4 failed: Expected all tensors to be on the same device, but got tensors is on cpu, different from other tensors on cuda:0 (when checking argument in method wrapper_CUDA_cat)
2026-06-12 04:26:04,325 [WARNING] core.evaluator_v2: Sample 5 failed: Expected all tensors to be on the same device, but got tensors is on cpu, different from other tensors on cuda:0 (when checking argument in method wrapper_CUDA_cat)
2026-06-12 04:26:07,652 [WARNING] core.evaluator_v2: Sample 6 failed: Expected all tensors to be on the same device, but got tensors is on cpu, different from other tensors on cuda:0 (when checking argument in method wrapper_CUDA_cat)
2026-06-12 04:26:11,088 [WARNING] core.evaluator_v2: Sample 7 failed: Expected all tensors to be on the same device, but got tensors is on cpu, different from other tensors on cuda:0 (when checking argument in method wrapper_CUDA_cat)
2026-06-12 04:26:15,818 [WARNING] core.evaluator_v2: Sample 8 failed: Expected all tensors to be on the same device, but got tensors is on cpu, different from other tensors on cuda:0 (when checking argument in method wrapper_CUDA_cat)
2026-06-12 04:26:19,421 [WARNING] core.evaluator_v2: Sample 9 failed: Expected all tensors to be on the same device, but got tensors is on cpu, different from other tensors on cuda:0 (when checking argument in method wrapper_CUDA_cat)
2026-06-12 04:26:22,887 [WARNING] core.evaluator_v2: Sample 10 failed: Expected all tensors to be on the same device, but got tensors is on cpu, different from other tensors on cuda:0 (when checking argument in method wrapper_CUDA_cat)
2026-06-12 04:26:26,332 [WARNING] core.evaluator_v2: Sample 11 failed: Expected all tensors to be on the same device, but got tensors is on cpu, different from other tensors on cuda:0 (when checking argument in method wrapper_CUDA_cat)
2026-06-12 04:26:29,087 [WARNING] core.evaluator_v2: Sample 12 failed: Expected all tensors to be on the same device, but got tensors is on cpu, different from other tensors on cuda:0 (when checking argument in method wrapper_CUDA_cat)
2026-06-12 04:26:32,444 [WARNING] core.evaluator_v2: Sample 13 failed: Expected all tensors to be on the same device, but got tensors is on cpu, different from other tensors on cuda:0 (when checking argument in method wrapper_CUDA_cat)
2026-06-12 04:26:35,399 [WARNING] core.evaluator_v2: Sample 14 failed: Expected all tensors to be on the same device, but got tensors is on cpu, different from other tensors on cuda:0 (when checking argument in method wrapper_CUDA_cat)
2026-06-12 04:26:37,540 [WARNING] core.evaluator_v2: Sample 15 failed: Expected all tensors to be on the same device, but got tensors is on cpu, different from other tensors on cuda:0 (when checking argument in method wrapper_CUDA_cat)
2026-06-12 04:26:40,471 [WARNING] core.evaluator_v2: Sample 16 failed: Expected all tensors to be on the same device, but got tensors is on cpu, different from other tensors on cuda:0 (when checking argument in method wrapper_CUDA_cat)
2026-06-12 04:26:43,852 [WARNING] core.evaluator_v2: Sample 17 failed: Expected all tensors to be on the same device, but got tensors is on cpu, different from other tensors on cuda:0 (when checking argument in method wrapper_CUDA_cat)
2026-06-12 04:26:46,674 [WARNING] core.evaluator_v2: Sample 18 failed: Expected all tensors to be on the same device, but got tensors is on cpu, different from other tensors on cuda:0 (when checking argument in method wrapper_CUDA_cat)
2026-06-12 04:26:49,603 [WARNING] core.evaluator_v2: Sample 19 failed: Expected all tensors to be on the same device, but got tensors is on cpu, different from other tensors on cuda:0 (when checking argument in method wrapper_CUDA_cat)
2026-06-12 04:26:53,815 [WARNING] core.evaluator_v2: Sample 20 failed: Expected all tensors to be on the same device, but got tensors is on cpu, different from other tensors on cuda:0 (when checking argument in method wrapper_CUDA_cat)
2026-06-12 04:26:56,970 [WARNING] core.evaluator_v2: Sample 21 failed: Expected all tensors to be on the same device, but got tensors is on cpu, different from other tensors on cuda:0 (when checking argument in method wrapper_CUDA_cat)
2026-06-12 04:27:00,269 [WARNING] core.evaluator_v2: Sample 22 failed: Expected all tensors to be on the same device, but got tensors is on cpu, different from other tensors on cuda:0 (when checking argument in method wrapper_CUDA_cat)
2026-06-12 04:27:03,711 [WARNING] core.evaluator_v2: Sample 23 failed: Expected all tensors to be on the same device, but got tensors is on cpu, different from other tensors on cuda:0 (when checking argument in method wrapper_CUDA_cat)
2026-06-12 04:27:07,101 [WARNING] core.evaluator_v2: Sample 24 failed: Expected all tensors to be on the same device, but got tensors is on cpu, different from other tensors on cuda:0 (when checking argument in method wrapper_CUDA_cat)
2026-06-12 04:27:10,716 [WARNING] core.evaluator_v2: Sample 25 failed: Expected all tensors to be on the same device, but got tensors is on cpu, different from other tensors on cuda:0 (when checking argument in method wrapper_CUDA_cat)
2026-06-12 04:27:14,025 [WARNING] core.evaluator_v2: Sample 26 failed: Expected all tensors to be on the same device, but got tensors is on cpu, different from other tensors on cuda:0 (when checking argument in method wrapper_CUDA_cat)
2026-06-12 04:27:17,371 [WARNING] core.evaluator_v2: Sample 27 failed: Expected all tensors to be on the same device, but got tensors is on cpu, different from other tensors on cuda:0 (when checking argument in method wrapper_CUDA_cat)
2026-06-12 04:27:21,192 [WARNING] core.evaluator_v2: Sample 28 failed: Expected all tensors to be on the same device, but got tensors is on cpu, different from other tensors on cuda:0 (when checking argument in method wrapper_CUDA_cat)
2026-06-12 04:27:25,279 [WARNING] core.evaluator_v2: Sample 29 failed: Expected all tensors to be on the same device, but got tensors is on cpu, different from other tensors on cuda:0 (when checking argument in method wrapper_CUDA_cat)
2026-06-12 04:27:28,421 [WARNING] core.evaluator_v2: Sample 30 failed: Expected all tensors to be on the same device, but got tensors is on cpu, different from other tensors on cuda:0 (when checking argument in method wrapper_CUDA_cat)
2026-06-12 04:27:32,380 [WARNING] core.evaluator_v2: Sample 31 failed: Expected all tensors to be on the same device, but got tensors is on cpu, different from other tensors on cuda:0 (when checking argument in method wrapper_CUDA_cat)
2026-06-12 04:27:36,033 [WARNING] core.evaluator_v2: Sample 32 failed: Expected all tensors to be on the same device, but got tensors is on cpu, different from other tensors on cuda:0 (when checking argument in method wrapper_CUDA_cat)
2026-06-12 04:27:39,818 [WARNING] core.evaluator_v2: Sample 33 failed: Expected all tensors to be on the same device, but got tensors is on cpu, different from other tensors on cuda:0 (when checking argument in method wrapper_CUDA_cat)
2026-06-12 04:27:43,885 [WARNING] core.evaluator_v2: Sample 34 failed: Expected all tensors to be on the same device, but got tensors is on cpu, different from other tensors on cuda:0 (when checking argument in method wrapper_CUDA_cat)
2026-06-12 04:27:47,115 [WARNING] core.evaluator_v2: Sample 35 failed: Expected all tensors to be on the same device, but got tensors is on cpu, different from other tensors on cuda:0 (when checking argument in method wrapper_CUDA_cat)
2026-06-12 04:27:50,683 [WARNING] core.evaluator_v2: Sample 36 failed: Expected all tensors to be on the same device, but got tensors is on cpu, different from other tensors on cuda:0 (when checking argument in method wrapper_CUDA_cat)
2026-06-12 04:27:54,126 [WARNING] core.evaluator_v2: Sample 37 failed: Expected all tensors to be on the same device, but got tensors is on cpu, different from other tensors on cuda:0 (when checking argument in method wrapper_CUDA_cat)
2026-06-12 04:27:57,372 [WARNING] core.evaluator_v2: Sample 38 failed: Expected all tensors to be on the same device, but got tensors is on cpu, different from other tensors on cuda:0 (when checking argument in method wrapper_CUDA_cat)
2026-06-12 04:28:01,020 [WARNING] core.evaluator_v2: Sample 39 failed: Expected all tensors to be on the same device, but got tensors is on cpu, different from other tensors on cuda:0 (when checking argument in method wrapper_CUDA_cat)
2026-06-12 04:28:04,498 [WARNING] core.evaluator_v2: Sample 40 failed: Expected all tensors to be on the same device, but got tensors is on cpu, different from other tensors on cuda:0 (when checking argument in method wrapper_CUDA_cat)
2026-06-12 04:28:08,258 [WARNING] core.evaluator_v2: Sample 41 failed: Expected all tensors to be on the same device, but got tensors is on cpu, different from other tensors on cuda:0 (when checking argument in method wrapper_CUDA_cat)
2026-06-12 04:28:11,613 [WARNING] core.evaluator_v2: Sample 42 failed: Expected all tensors to be on the same device, but got tensors is on cpu, different from other tensors on cuda:0 (when checking argument in method wrapper_CUDA_cat)
2026-06-12 04:28:15,164 [WARNING] core.evaluator_v2: Sample 43 failed: Expected all tensors to be on the same device, but got tensors is on cpu, different from other tensors on cuda:0 (when checking argument in method wrapper_CUDA_cat)
2026-06-12 04:28:19,332 [WARNING] core.evaluator_v2: Sample 44 failed: Expected all tensors to be on the same device, but got tensors is on cpu, different from other tensors on cuda:0 (when checking argument in method wrapper_CUDA_cat)
2026-06-12 04:28:23,505 [WARNING] core.evaluator_v2: Sample 45 failed: Expected all tensors to be on the same device, but got tensors is on cpu, different from other tensors on cuda:0 (when checking argument in method wrapper_CUDA_cat)
2026-06-12 04:28:27,285 [WARNING] core.evaluator_v2: Sample 46 failed: Expected all tensors to be on the same device, but got tensors is on cpu, different from other tensors on cuda:0 (when checking argument in method wrapper_CUDA_cat)
2026-06-12 04:28:30,796 [WARNING] core.evaluator_v2: Sample 47 failed: Expected all tensors to be on the same device, but got tensors is on cpu, different from other tensors on cuda:0 (when checking argument in method wrapper_CUDA_cat)
2026-06-12 04:28:34,570 [WARNING] core.evaluator_v2: Sample 48 failed: Expected all tensors to be on the same device, but got tensors is on cpu, different from other tensors on cuda:0 (when checking argument in method wrapper_CUDA_cat)
2026-06-12 04:28:38,234 [WARNING] core.evaluator_v2: Sample 49 failed: Expected all tensors to be on the same device, but got tensors is on cpu, different from other tensors on cuda:0 (when checking argument in method wrapper_CUDA_cat)
2026-06-12 04:28:38,238 [INFO] __main__:   → score=0.00, mem_red=0.0%, ttft=0.0ms
2026-06-12 04:28:38,239 [INFO] __main__: 
  Task: 2wikimqa
2026-06-12 04:28:38,241 [INFO] core.dataset_loader: Loading LongBench/2wikimqa ...
2026-06-12 04:28:38,356 [INFO] httpx: HTTP Request: GET https://huggingface.co/api/datasets/THUDM/LongBench "HTTP/1.1 307 Temporary Redirect"
2026-06-12 04:28:38,454 [INFO] httpx: HTTP Request: GET https://huggingface.co/api/datasets/zai-org/LongBench "HTTP/1.1 200 OK"
2026-06-12 04:28:39,652 [INFO] core.dataset_loader: Loaded 50 samples from 2wikimqa
2026-06-12 04:28:39,653 [INFO] core.evaluator_v2: [pyramidkv] 2wikimqa (50샘플, budget=20%)
2026-06-12 04:28:43,672 [WARNING] core.evaluator_v2: Sample 0 failed: Expected all tensors to be on the same device, but got tensors is on cpu, different from other tensors on cuda:0 (when checking argument in method wrapper_CUDA_cat)
2026-06-12 04:28:46,110 [WARNING] core.evaluator_v2: Sample 1 failed: Expected all tensors to be on the same device, but got tensors is on cpu, different from other tensors on cuda:0 (when checking argument in method wrapper_CUDA_cat)
2026-06-12 04:28:49,850 [WARNING] core.evaluator_v2: Sample 2 failed: Expected all tensors to be on the same device, but got tensors is on cpu, different from other tensors on cuda:0 (when checking argument in method wrapper_CUDA_cat)
2026-06-12 04:28:53,856 [WARNING] core.evaluator_v2: Sample 3 failed: Expected all tensors to be on the same device, but got tensors is on cpu, different from other tensors on cuda:0 (when checking argument in method wrapper_CUDA_cat)
2026-06-12 04:28:57,821 [WARNING] core.evaluator_v2: Sample 4 failed: Expected all tensors to be on the same device, but got tensors is on cpu, different from other tensors on cuda:0 (when checking argument in method wrapper_CUDA_cat)
2026-06-12 04:29:01,461 [WARNING] core.evaluator_v2: Sample 5 failed: Expected all tensors to be on the same device, but got tensors is on cpu, different from other tensors on cuda:0 (when checking argument in method wrapper_CUDA_cat)
2026-06-12 04:29:04,643 [WARNING] core.evaluator_v2: Sample 6 failed: Expected all tensors to be on the same device, but got tensors is on cpu, different from other tensors on cuda:0 (when checking argument in method wrapper_CUDA_cat)
2026-06-12 04:29:08,814 [WARNING] core.evaluator_v2: Sample 7 failed: Expected all tensors to be on the same device, but got tensors is on cpu, different from other tensors on cuda:0 (when checking argument in method wrapper_CUDA_cat)
2026-06-12 04:29:12,353 [WARNING] core.evaluator_v2: Sample 8 failed: Expected all tensors to be on the same device, but got tensors is on cpu, different from other tensors on cuda:0 (when checking argument in method wrapper_CUDA_cat)
2026-06-12 04:29:15,704 [WARNING] core.evaluator_v2: Sample 9 failed: Expected all tensors to be on the same device, but got tensors is on cpu, different from other tensors on cuda:0 (when checking argument in method wrapper_CUDA_cat)
2026-06-12 04:29:17,679 [WARNING] core.evaluator_v2: Sample 10 failed: Expected all tensors to be on the same device, but got tensors is on cpu, different from other tensors on cuda:0 (when checking argument in method wrapper_CUDA_cat)
2026-06-12 04:29:21,673 [WARNING] core.evaluator_v2: Sample 11 failed: Expected all tensors to be on the same device, but got tensors is on cpu, different from other tensors on cuda:0 (when checking argument in method wrapper_CUDA_cat)
2026-06-12 04:29:22,819 [WARNING] core.evaluator_v2: Sample 12 failed: Expected all tensors to be on the same device, but got tensors is on cpu, different from other tensors on cuda:0 (when checking argument in method wrapper_CUDA_cat)
2026-06-12 04:29:27,097 [WARNING] core.evaluator_v2: Sample 13 failed: Expected all tensors to be on the same device, but got tensors is on cpu, different from other tensors on cuda:0 (when checking argument in method wrapper_CUDA_cat)
2026-06-12 04:29:31,885 [WARNING] core.evaluator_v2: Sample 14 failed: Expected all tensors to be on the same device, but got tensors is on cpu, different from other tensors on cuda:0 (when checking argument in method wrapper_CUDA_cat)
2026-06-12 04:29:35,114 [WARNING] core.evaluator_v2: Sample 15 failed: Expected all tensors to be on the same device, but got tensors is on cpu, different from other tensors on cuda:0 (when checking argument in method wrapper_CUDA_cat)
2026-06-12 04:29:39,393 [WARNING] core.evaluator_v2: Sample 16 failed: Expected all tensors to be on the same device, but got tensors is on cpu, different from other tensors on cuda:0 (when checking argument in method wrapper_CUDA_cat)
2026-06-12 04:29:41,623 [WARNING] core.evaluator_v2: Sample 17 failed: Expected all tensors to be on the same device, but got tensors is on cpu, different from other tensors on cuda:0 (when checking argument in method wrapper_CUDA_cat)
2026-06-12 04:29:45,179 [WARNING] core.evaluator_v2: Sample 18 failed: Expected all tensors to be on the same device, but got tensors is on cpu, different from other tensors on cuda:0 (when checking argument in method wrapper_CUDA_cat)
2026-06-12 04:29:48,223 [WARNING] core.evaluator_v2: Sample 19 failed: Expected all tensors to be on the same device, but got tensors is on cpu, different from other tensors on cuda:0 (when checking argument in method wrapper_CUDA_cat)
2026-06-12 04:29:51,877 [WARNING] core.evaluator_v2: Sample 20 failed: Expected all tensors to be on the same device, but got tensors is on cpu, different from other tensors on cuda:0 (when checking argument in method wrapper_CUDA_cat)
2026-06-12 04:29:55,182 [WARNING] core.evaluator_v2: Sample 21 failed: Expected all tensors to be on the same device, but got tensors is on cpu, different from other tensors on cuda:0 (when checking argument in method wrapper_CUDA_cat)
2026-06-12 04:29:58,439 [WARNING] core.evaluator_v2: Sample 22 failed: Expected all tensors to be on the same device, but got tensors is on cpu, different from other tensors on cuda:0 (when checking argument in method wrapper_CUDA_cat)
2026-06-12 04:30:03,958 [WARNING] core.evaluator_v2: Sample 23 failed: Expected all tensors to be on the same device, but got tensors is on cpu, different from other tensors on cuda:0 (when checking argument in method wrapper_CUDA_cat)
2026-06-12 04:30:08,311 [WARNING] core.evaluator_v2: Sample 24 failed: Expected all tensors to be on the same device, but got tensors is on cpu, different from other tensors on cuda:0 (when checking argument in method wrapper_CUDA_cat)
2026-06-12 04:30:11,642 [WARNING] core.evaluator_v2: Sample 25 failed: Expected all tensors to be on the same device, but got tensors is on cpu, different from other tensors on cuda:0 (when checking argument in method wrapper_CUDA_cat)
2026-06-12 04:30:12,288 [WARNING] core.evaluator_v2: Sample 26 failed: Expected all tensors to be on the same device, but got tensors is on cpu, different from other tensors on cuda:0 (when checking argument in method wrapper_CUDA_cat)
2026-06-12 04:30:15,792 [WARNING] core.evaluator_v2: Sample 27 failed: Expected all tensors to be on the same device, but got tensors is on cpu, different from other tensors on cuda:0 (when checking argument in method wrapper_CUDA_cat)
2026-06-12 04:30:17,966 [WARNING] core.evaluator_v2: Sample 28 failed: Expected all tensors to be on the same device, but got tensors is on cpu, different from other tensors on cuda:0 (when checking argument in method wrapper_CUDA_cat)
2026-06-12 04:30:20,342 [WARNING] core.evaluator_v2: Sample 29 failed: Expected all tensors to be on the same device, but got tensors is on cpu, different from other tensors on cuda:0 (when checking argument in method wrapper_CUDA_cat)
2026-06-12 04:30:22,804 [WARNING] core.evaluator_v2: Sample 30 failed: Expected all tensors to be on the same device, but got tensors is on cpu, different from other tensors on cuda:0 (when checking argument in method wrapper_CUDA_cat)
2026-06-12 04:30:26,468 [WARNING] core.evaluator_v2: Sample 31 failed: Expected all tensors to be on the same device, but got tensors is on cpu, different from other tensors on cuda:0 (when checking argument in method wrapper_CUDA_cat)
2026-06-12 04:30:29,958 [WARNING] core.evaluator_v2: Sample 32 failed: Expected all tensors to be on the same device, but got tensors is on cpu, different from other tensors on cuda:0 (when checking argument in method wrapper_CUDA_cat)
2026-06-12 04:30:34,395 [WARNING] core.evaluator_v2: Sample 33 failed: Expected all tensors to be on the same device, but got tensors is on cpu, different from other tensors on cuda:0 (when checking argument in method wrapper_CUDA_cat)
2026-06-12 04:30:38,108 [WARNING] core.evaluator_v2: Sample 34 failed: Expected all tensors to be on the same device, but got tensors is on cpu, different from other tensors on cuda:0 (when checking argument in method wrapper_CUDA_cat)
2026-06-12 04:30:42,039 [WARNING] core.evaluator_v2: Sample 35 failed: Expected all tensors to be on the same device, but got tensors is on cpu, different from other tensors on cuda:0 (when checking argument in method wrapper_CUDA_cat)
2026-06-12 04:30:45,140 [WARNING] core.evaluator_v2: Sample 36 failed: Expected all tensors to be on the same device, but got tensors is on cpu, different from other tensors on cuda:0 (when checking argument in method wrapper_CUDA_cat)
2026-06-12 04:30:47,897 [WARNING] core.evaluator_v2: Sample 37 failed: Expected all tensors to be on the same device, but got tensors is on cpu, different from other tensors on cuda:0 (when checking argument in method wrapper_CUDA_cat)
2026-06-12 04:30:51,664 [WARNING] core.evaluator_v2: Sample 38 failed: Expected all tensors to be on the same device, but got tensors is on cpu, different from other tensors on cuda:0 (when checking argument in method wrapper_CUDA_cat)
2026-06-12 04:30:55,924 [WARNING] core.evaluator_v2: Sample 39 failed: Expected all tensors to be on the same device, but got tensors is on cpu, different from other tensors on cuda:0 (when checking argument in method wrapper_CUDA_cat)
2026-06-12 04:30:56,556 [WARNING] core.evaluator_v2: Sample 40 failed: Expected all tensors to be on the same device, but got tensors is on cpu, different from other tensors on cuda:0 (when checking argument in method wrapper_CUDA_cat)
2026-06-12 04:30:59,260 [WARNING] core.evaluator_v2: Sample 41 failed: Expected all tensors to be on the same device, but got tensors is on cpu, different from other tensors on cuda:0 (when checking argument in method wrapper_CUDA_cat)
2026-06-12 04:31:02,713 [WARNING] core.evaluator_v2: Sample 42 failed: Expected all tensors to be on the same device, but got tensors is on cpu, different from other tensors on cuda:0 (when checking argument in method wrapper_CUDA_cat)
2026-06-12 04:31:06,781 [WARNING] core.evaluator_v2: Sample 43 failed: Expected all tensors to be on the same device, but got tensors is on cpu, different from other tensors on cuda:0 (when checking argument in method wrapper_CUDA_cat)
2026-06-12 04:31:10,531 [WARNING] core.evaluator_v2: Sample 44 failed: Expected all tensors to be on the same device, but got tensors is on cpu, different from other tensors on cuda:0 (when checking argument in method wrapper_CUDA_cat)
2026-06-12 04:31:12,939 [WARNING] core.evaluator_v2: Sample 45 failed: Expected all tensors to be on the same device, but got tensors is on cpu, different from other tensors on cuda:0 (when checking argument in method wrapper_CUDA_cat)
2026-06-12 04:31:14,260 [WARNING] core.evaluator_v2: Sample 46 failed: Expected all tensors to be on the same device, but got tensors is on cpu, different from other tensors on cuda:0 (when checking argument in method wrapper_CUDA_cat)
2026-06-12 04:31:18,171 [WARNING] core.evaluator_v2: Sample 47 failed: Expected all tensors to be on the same device, but got tensors is on cpu, different from other tensors on cuda:0 (when checking argument in method wrapper_CUDA_cat)
2026-06-12 04:31:21,938 [WARNING] core.evaluator_v2: Sample 48 failed: Expected all tensors to be on the same device, but got tensors is on cpu, different from other tensors on cuda:0 (when checking argument in method wrapper_CUDA_cat)
2026-06-12 04:31:24,797 [WARNING] core.evaluator_v2: Sample 49 failed: Expected all tensors to be on the same device, but got tensors is on cpu, different from other tensors on cuda:0 (when checking argument in method wrapper_CUDA_cat)
2026-06-12 04:31:24,806 [INFO] __main__:   → score=0.00, mem_red=0.0%, ttft=0.0ms
2026-06-12 04:31:24,836 [INFO] __main__: 
  Task: gov_report
2026-06-12 04:31:24,841 [INFO] core.dataset_loader: Loading LongBench/gov_report ...
2026-06-12 04:31:24,944 [INFO] httpx: HTTP Request: GET https://huggingface.co/api/datasets/THUDM/LongBench "HTTP/1.1 307 Temporary Redirect"
2026-06-12 04:31:25,024 [INFO] httpx: HTTP Request: GET https://huggingface.co/api/datasets/zai-org/LongBench "HTTP/1.1 200 OK"
2026-06-12 04:31:26,139 [INFO] core.dataset_loader: Loaded 50 samples from gov_report
2026-06-12 04:31:26,143 [INFO] core.evaluator_v2: [pyramidkv] gov_report (50샘플, budget=20%)
2026-06-12 04:31:29,025 [WARNING] core.evaluator_v2: Sample 0 failed: Expected all tensors to be on the same device, but got tensors is on cpu, different from other tensors on cuda:0 (when checking argument in method wrapper_CUDA_cat)
2026-06-12 04:31:31,729 [WARNING] core.evaluator_v2: Sample 1 failed: Expected all tensors to be on the same device, but got tensors is on cpu, different from other tensors on cuda:0 (when checking argument in method wrapper_CUDA_cat)
2026-06-12 04:31:35,142 [WARNING] core.evaluator_v2: Sample 2 failed: Expected all tensors to be on the same device, but got tensors is on cpu, different from other tensors on cuda:0 (when checking argument in method wrapper_CUDA_cat)
2026-06-12 04:31:38,578 [WARNING] core.evaluator_v2: Sample 3 failed: Expected all tensors to be on the same device, but got tensors is on cpu, different from other tensors on cuda:0 (when checking argument in method wrapper_CUDA_cat)
2026-06-12 04:31:41,219 [WARNING] core.evaluator_v2: Sample 4 failed: Expected all tensors to be on the same device, but got tensors is on cpu, different from other tensors on cuda:0 (when checking argument in method wrapper_CUDA_cat)
2026-06-12 04:31:44,076 [WARNING] core.evaluator_v2: Sample 5 failed: Expected all tensors to be on the same device, but got tensors is on cpu, different from other tensors on cuda:0 (when checking argument in method wrapper_CUDA_cat)
2026-06-12 04:31:46,668 [WARNING] core.evaluator_v2: Sample 6 failed: Expected all tensors to be on the same device, but got tensors is on cpu, different from other tensors on cuda:0 (when checking argument in method wrapper_CUDA_cat)
2026-06-12 04:31:49,550 [WARNING] core.evaluator_v2: Sample 7 failed: Expected all tensors to be on the same device, but got tensors is on cpu, different from other tensors on cuda:0 (when checking argument in method wrapper_CUDA_cat)
2026-06-12 04:31:52,451 [WARNING] core.evaluator_v2: Sample 8 failed: Expected all tensors to be on the same device, but got tensors is on cpu, different from other tensors on cuda:0 (when checking argument in method wrapper_CUDA_cat)
2026-06-12 04:31:55,536 [WARNING] core.evaluator_v2: Sample 9 failed: Expected all tensors to be on the same device, but got tensors is on cpu, different from other tensors on cuda:0 (when checking argument in method wrapper_CUDA_cat)
2026-06-12 04:31:59,092 [WARNING] core.evaluator_v2: Sample 10 failed: Expected all tensors to be on the same device, but got tensors is on cpu, different from other tensors on cuda:0 (when checking argument in method wrapper_CUDA_cat)
2026-06-12 04:32:02,223 [WARNING] core.evaluator_v2: Sample 11 failed: Expected all tensors to be on the same device, but got tensors is on cpu, different from other tensors on cuda:0 (when checking argument in method wrapper_CUDA_cat)
2026-06-12 04:32:05,410 [WARNING] core.evaluator_v2: Sample 12 failed: Expected all tensors to be on the same device, but got tensors is on cpu, different from other tensors on cuda:0 (when checking argument in method wrapper_CUDA_cat)
2026-06-12 04:32:08,614 [WARNING] core.evaluator_v2: Sample 13 failed: Expected all tensors to be on the same device, but got tensors is on cpu, different from other tensors on cuda:0 (when checking argument in method wrapper_CUDA_cat)
2026-06-12 04:32:11,494 [WARNING] core.evaluator_v2: Sample 14 failed: Expected all tensors to be on the same device, but got tensors is on cpu, different from other tensors on cuda:0 (when checking argument in method wrapper_CUDA_cat)
2026-06-12 04:32:13,122 [WARNING] core.evaluator_v2: Sample 15 failed: Expected all tensors to be on the same device, but got tensors is on cpu, different from other tensors on cuda:0 (when checking argument in method wrapper_CUDA_cat)
2026-06-12 04:32:14,200 [WARNING] core.evaluator_v2: Sample 16 failed: Expected all tensors to be on the same device, but got tensors is on cpu, different from other tensors on cuda:0 (when checking argument in method wrapper_CUDA_cat)
2026-06-12 04:32:15,615 [WARNING] core.evaluator_v2: Sample 17 failed: Expected all tensors to be on the same device, but got tensors is on cpu, different from other tensors on cuda:0 (when checking argument in method wrapper_CUDA_cat)
2026-06-12 04:32:18,749 [WARNING] core.evaluator_v2: Sample 18 failed: Expected all tensors to be on the same device, but got tensors is on cpu, different from other tensors on cuda:0 (when checking argument in method wrapper_CUDA_cat)
2026-06-12 04:32:21,577 [WARNING] core.evaluator_v2: Sample 19 failed: Expected all tensors to be on the same device, but got tensors is on cpu, different from other tensors on cuda:0 (when checking argument in method wrapper_CUDA_cat)
2026-06-12 04:32:24,584 [WARNING] core.evaluator_v2: Sample 20 failed: Expected all tensors to be on the same device, but got tensors is on cpu, different from other tensors on cuda:0 (when checking argument in method wrapper_CUDA_cat)
2026-06-12 04:32:27,371 [WARNING] core.evaluator_v2: Sample 21 failed: Expected all tensors to be on the same device, but got tensors is on cpu, different from other tensors on cuda:0 (when checking argument in method wrapper_CUDA_cat)
2026-06-12 04:32:30,600 [WARNING] core.evaluator_v2: Sample 22 failed: Expected all tensors to be on the same device, but got tensors is on cpu, different from other tensors on cuda:0 (when checking argument in method wrapper_CUDA_cat)
2026-06-12 04:32:33,125 [WARNING] core.evaluator_v2: Sample 23 failed: Expected all tensors to be on the same device, but got tensors is on cpu, different from other tensors on cuda:0 (when checking argument in method wrapper_CUDA_cat)
2026-06-12 04:32:35,954 [WARNING] core.evaluator_v2: Sample 24 failed: Expected all tensors to be on the same device, but got tensors is on cpu, different from other tensors on cuda:0 (when checking argument in method wrapper_CUDA_cat)
2026-06-12 04:32:38,938 [WARNING] core.evaluator_v2: Sample 25 failed: Expected all tensors to be on the same device, but got tensors is on cpu, different from other tensors on cuda:0 (when checking argument in method wrapper_CUDA_cat)
2026-06-12 04:32:41,670 [WARNING] core.evaluator_v2: Sample 26 failed: Expected all tensors to be on the same device, but got tensors is on cpu, different from other tensors on cuda:0 (when checking argument in method wrapper_CUDA_cat)
2026-06-12 04:32:45,529 [WARNING] core.evaluator_v2: Sample 27 failed: Expected all tensors to be on the same device, but got tensors is on cpu, different from other tensors on cuda:0 (when checking argument in method wrapper_CUDA_cat)
2026-06-12 04:32:48,304 [WARNING] core.evaluator_v2: Sample 28 failed: Expected all tensors to be on the same device, but got tensors is on cpu, different from other tensors on cuda:0 (when checking argument in method wrapper_CUDA_cat)
2026-06-12 04:32:51,156 [WARNING] core.evaluator_v2: Sample 29 failed: Expected all tensors to be on the same device, but got tensors is on cpu, different from other tensors on cuda:0 (when checking argument in method wrapper_CUDA_cat)
2026-06-12 04:32:53,600 [WARNING] core.evaluator_v2: Sample 30 failed: Expected all tensors to be on the same device, but got tensors is on cpu, different from other tensors on cuda:0 (when checking argument in method wrapper_CUDA_cat)
2026-06-12 04:32:56,903 [WARNING] core.evaluator_v2: Sample 31 failed: Expected all tensors to be on the same device, but got tensors is on cpu, different from other tensors on cuda:0 (when checking argument in method wrapper_CUDA_cat)
2026-06-12 04:33:00,163 [WARNING] core.evaluator_v2: Sample 32 failed: Expected all tensors to be on the same device, but got tensors is on cpu, different from other tensors on cuda:0 (when checking argument in method wrapper_CUDA_cat)
2026-06-12 04:33:03,307 [WARNING] core.evaluator_v2: Sample 33 failed: Expected all tensors to be on the same device, but got tensors is on cpu, different from other tensors on cuda:0 (when checking argument in method wrapper_CUDA_cat)
2026-06-12 04:33:06,518 [WARNING] core.evaluator_v2: Sample 34 failed: Expected all tensors to be on the same device, but got tensors is on cpu, different from other tensors on cuda:0 (when checking argument in method wrapper_CUDA_cat)
2026-06-12 04:33:09,815 [WARNING] core.evaluator_v2: Sample 35 failed: Expected all tensors to be on the same device, but got tensors is on cpu, different from other tensors on cuda:0 (when checking argument in method wrapper_CUDA_cat)
2026-06-12 04:33:12,489 [WARNING] core.evaluator_v2: Sample 36 failed: Expected all tensors to be on the same device, but got tensors is on cpu, different from other tensors on cuda:0 (when checking argument in method wrapper_CUDA_cat)
2026-06-12 04:33:15,211 [WARNING] core.evaluator_v2: Sample 37 failed: Expected all tensors to be on the same device, but got tensors is on cpu, different from other tensors on cuda:0 (when checking argument in method wrapper_CUDA_cat)
2026-06-12 04:33:18,319 [WARNING] core.evaluator_v2: Sample 38 failed: Expected all tensors to be on the same device, but got tensors is on cpu, different from other tensors on cuda:0 (when checking argument in method wrapper_CUDA_cat)
2026-06-12 04:33:19,448 [WARNING] core.evaluator_v2: Sample 39 failed: Expected all tensors to be on the same device, but got tensors is on cpu, different from other tensors on cuda:0 (when checking argument in method wrapper_CUDA_cat)
2026-06-12 04:33:22,974 [WARNING] core.evaluator_v2: Sample 40 failed: Expected all tensors to be on the same device, but got tensors is on cpu, different from other tensors on cuda:0 (when checking argument in method wrapper_CUDA_cat)
2026-06-12 04:33:26,713 [WARNING] core.evaluator_v2: Sample 41 failed: Expected all tensors to be on the same device, but got tensors is on cpu, different from other tensors on cuda:0 (when checking argument in method wrapper_CUDA_cat)
2026-06-12 04:33:29,455 [WARNING] core.evaluator_v2: Sample 42 failed: Expected all tensors to be on the same device, but got tensors is on cpu, different from other tensors on cuda:0 (when checking argument in method wrapper_CUDA_cat)
2026-06-12 04:33:33,629 [WARNING] core.evaluator_v2: Sample 43 failed: Expected all tensors to be on the same device, but got tensors is on cpu, different from other tensors on cuda:0 (when checking argument in method wrapper_CUDA_cat)
2026-06-12 04:33:36,343 [WARNING] core.evaluator_v2: Sample 44 failed: Expected all tensors to be on the same device, but got tensors is on cpu, different from other tensors on cuda:0 (when checking argument in method wrapper_CUDA_cat)
2026-06-12 04:33:39,483 [WARNING] core.evaluator_v2: Sample 45 failed: Expected all tensors to be on the same device, but got tensors is on cpu, different from other tensors on cuda:0 (when checking argument in method wrapper_CUDA_cat)
2026-06-12 04:33:42,061 [WARNING] core.evaluator_v2: Sample 46 failed: Expected all tensors to be on the same device, but got tensors is on cpu, different from other tensors on cuda:0 (when checking argument in method wrapper_CUDA_cat)
2026-06-12 04:33:44,017 [WARNING] core.evaluator_v2: Sample 47 failed: Expected all tensors to be on the same device, but got tensors is on cpu, different from other tensors on cuda:0 (when checking argument in method wrapper_CUDA_cat)
2026-06-12 04:33:47,195 [WARNING] core.evaluator_v2: Sample 48 failed: Expected all tensors to be on the same device, but got tensors is on cpu, different from other tensors on cuda:0 (when checking argument in method wrapper_CUDA_cat)
2026-06-12 04:33:50,281 [WARNING] core.evaluator_v2: Sample 49 failed: Expected all tensors to be on the same device, but got tensors is on cpu, different from other tensors on cuda:0 (when checking argument in method wrapper_CUDA_cat)
2026-06-12 04:33:50,283 [INFO] __main__:   → score=0.00, mem_red=0.0%, ttft=0.0ms
2026-06-12 04:33:50,284 [INFO] __main__: 
  Task: qmsum
2026-06-12 04:33:50,285 [INFO] core.dataset_loader: Loading LongBench/qmsum ...
2026-06-12 04:33:50,424 [INFO] httpx: HTTP Request: GET https://huggingface.co/api/datasets/THUDM/LongBench "HTTP/1.1 307 Temporary Redirect"
2026-06-12 04:33:50,466 [INFO] httpx: HTTP Request: GET https://huggingface.co/api/datasets/zai-org/LongBench "HTTP/1.1 200 OK"
2026-06-12 04:33:51,546 [INFO] core.dataset_loader: Loaded 50 samples from qmsum
2026-06-12 04:33:51,548 [INFO] core.evaluator_v2: [pyramidkv] qmsum (50샘플, budget=20%)
2026-06-12 04:33:54,920 [WARNING] core.evaluator_v2: Sample 0 failed: Expected all tensors to be on the same device, but got tensors is on cpu, different from other tensors on cuda:0 (when checking argument in method wrapper_CUDA_cat)
2026-06-12 04:33:57,939 [WARNING] core.evaluator_v2: Sample 1 failed: Expected all tensors to be on the same device, but got tensors is on cpu, different from other tensors on cuda:0 (when checking argument in method wrapper_CUDA_cat)
2026-06-12 04:34:00,544 [WARNING] core.evaluator_v2: Sample 2 failed: Expected all tensors to be on the same device, but got tensors is on cpu, different from other tensors on cuda:0 (when checking argument in method wrapper_CUDA_cat)
2026-06-12 04:34:03,232 [WARNING] core.evaluator_v2: Sample 3 failed: Expected all tensors to be on the same device, but got tensors is on cpu, different from other tensors on cuda:0 (when checking argument in method wrapper_CUDA_cat)
2026-06-12 04:34:06,792 [WARNING] core.evaluator_v2: Sample 4 failed: Expected all tensors to be on the same device, but got tensors is on cpu, different from other tensors on cuda:0 (when checking argument in method wrapper_CUDA_cat)
2026-06-12 04:34:09,793 [WARNING] core.evaluator_v2: Sample 5 failed: Expected all tensors to be on the same device, but got tensors is on cpu, different from other tensors on cuda:0 (when checking argument in method wrapper_CUDA_cat)
2026-06-12 04:34:12,312 [WARNING] core.evaluator_v2: Sample 6 failed: Expected all tensors to be on the same device, but got tensors is on cpu, different from other tensors on cuda:0 (when checking argument in method wrapper_CUDA_cat)
2026-06-12 04:34:15,448 [WARNING] core.evaluator_v2: Sample 7 failed: Expected all tensors to be on the same device, but got tensors is on cpu, different from other tensors on cuda:0 (when checking argument in method wrapper_CUDA_cat)
2026-06-12 04:34:18,387 [WARNING] core.evaluator_v2: Sample 8 failed: Expected all tensors to be on the same device, but got tensors is on cpu, different from other tensors on cuda:0 (when checking argument in method wrapper_CUDA_cat)
2026-06-12 04:34:21,257 [WARNING] core.evaluator_v2: Sample 9 failed: Expected all tensors to be on the same device, but got tensors is on cpu, different from other tensors on cuda:0 (when checking argument in method wrapper_CUDA_cat)
2026-06-12 04:34:24,200 [WARNING] core.evaluator_v2: Sample 10 failed: Expected all tensors to be on the same device, but got tensors is on cpu, different from other tensors on cuda:0 (when checking argument in method wrapper_CUDA_cat)
2026-06-12 04:34:27,271 [WARNING] core.evaluator_v2: Sample 11 failed: Expected all tensors to be on the same device, but got tensors is on cpu, different from other tensors on cuda:0 (when checking argument in method wrapper_CUDA_cat)
2026-06-12 04:34:30,015 [WARNING] core.evaluator_v2: Sample 12 failed: Expected all tensors to be on the same device, but got tensors is on cpu, different from other tensors on cuda:0 (when checking argument in method wrapper_CUDA_cat)
2026-06-12 04:34:33,218 [WARNING] core.evaluator_v2: Sample 13 failed: Expected all tensors to be on the same device, but got tensors is on cpu, different from other tensors on cuda:0 (when checking argument in method wrapper_CUDA_cat)
2026-06-12 04:34:36,277 [WARNING] core.evaluator_v2: Sample 14 failed: Expected all tensors to be on the same device, but got tensors is on cpu, different from other tensors on cuda:0 (when checking argument in method wrapper_CUDA_cat)
2026-06-12 04:34:39,823 [WARNING] core.evaluator_v2: Sample 15 failed: Expected all tensors to be on the same device, but got tensors is on cpu, different from other tensors on cuda:0 (when checking argument in method wrapper_CUDA_cat)
2026-06-12 04:34:42,641 [WARNING] core.evaluator_v2: Sample 16 failed: Expected all tensors to be on the same device, but got tensors is on cpu, different from other tensors on cuda:0 (when checking argument in method wrapper_CUDA_cat)
2026-06-12 04:34:45,635 [WARNING] core.evaluator_v2: Sample 17 failed: Expected all tensors to be on the same device, but got tensors is on cpu, different from other tensors on cuda:0 (when checking argument in method wrapper_CUDA_cat)
2026-06-12 04:34:49,177 [WARNING] core.evaluator_v2: Sample 18 failed: Expected all tensors to be on the same device, but got tensors is on cpu, different from other tensors on cuda:0 (when checking argument in method wrapper_CUDA_cat)
2026-06-12 04:34:52,402 [WARNING] core.evaluator_v2: Sample 19 failed: Expected all tensors to be on the same device, but got tensors is on cpu, different from other tensors on cuda:0 (when checking argument in method wrapper_CUDA_cat)
2026-06-12 04:34:56,672 [WARNING] core.evaluator_v2: Sample 20 failed: Expected all tensors to be on the same device, but got tensors is on cpu, different from other tensors on cuda:0 (when checking argument in method wrapper_CUDA_cat)
2026-06-12 04:34:59,501 [WARNING] core.evaluator_v2: Sample 21 failed: Expected all tensors to be on the same device, but got tensors is on cpu, different from other tensors on cuda:0 (when checking argument in method wrapper_CUDA_cat)
2026-06-12 04:35:02,428 [WARNING] core.evaluator_v2: Sample 22 failed: Expected all tensors to be on the same device, but got tensors is on cpu, different from other tensors on cuda:0 (when checking argument in method wrapper_CUDA_cat)
2026-06-12 04:35:05,083 [WARNING] core.evaluator_v2: Sample 23 failed: Expected all tensors to be on the same device, but got tensors is on cpu, different from other tensors on cuda:0 (when checking argument in method wrapper_CUDA_cat)
2026-06-12 04:35:08,164 [WARNING] core.evaluator_v2: Sample 24 failed: Expected all tensors to be on the same device, but got tensors is on cpu, different from other tensors on cuda:0 (when checking argument in method wrapper_CUDA_cat)
2026-06-12 04:35:10,779 [WARNING] core.evaluator_v2: Sample 25 failed: Expected all tensors to be on the same device, but got tensors is on cpu, different from other tensors on cuda:0 (when checking argument in method wrapper_CUDA_cat)
2026-06-12 04:35:15,024 [WARNING] core.evaluator_v2: Sample 26 failed: Expected all tensors to be on the same device, but got tensors is on cpu, different from other tensors on cuda:0 (when checking argument in method wrapper_CUDA_cat)
2026-06-12 04:35:17,541 [WARNING] core.evaluator_v2: Sample 27 failed: Expected all tensors to be on the same device, but got tensors is on cpu, different from other tensors on cuda:0 (when checking argument in method wrapper_CUDA_cat)
2026-06-12 04:35:20,345 [WARNING] core.evaluator_v2: Sample 28 failed: Expected all tensors to be on the same device, but got tensors is on cpu, different from other tensors on cuda:0 (when checking argument in method wrapper_CUDA_cat)
2026-06-12 04:35:23,113 [WARNING] core.evaluator_v2: Sample 29 failed: Expected all tensors to be on the same device, but got tensors is on cpu, different from other tensors on cuda:0 (when checking argument in method wrapper_CUDA_cat)
2026-06-12 04:35:26,150 [WARNING] core.evaluator_v2: Sample 30 failed: Expected all tensors to be on the same device, but got tensors is on cpu, different from other tensors on cuda:0 (when checking argument in method wrapper_CUDA_cat)
2026-06-12 04:35:28,823 [WARNING] core.evaluator_v2: Sample 31 failed: Expected all tensors to be on the same device, but got tensors is on cpu, different from other tensors on cuda:0 (when checking argument in method wrapper_CUDA_cat)
2026-06-12 04:35:31,721 [WARNING] core.evaluator_v2: Sample 32 failed: Expected all tensors to be on the same device, but got tensors is on cpu, different from other tensors on cuda:0 (when checking argument in method wrapper_CUDA_cat)
2026-06-12 04:35:34,240 [WARNING] core.evaluator_v2: Sample 33 failed: Expected all tensors to be on the same device, but got tensors is on cpu, different from other tensors on cuda:0 (when checking argument in method wrapper_CUDA_cat)
2026-06-12 04:35:37,104 [WARNING] core.evaluator_v2: Sample 34 failed: Expected all tensors to be on the same device, but got tensors is on cpu, different from other tensors on cuda:0 (when checking argument in method wrapper_CUDA_cat)
2026-06-12 04:35:41,395 [WARNING] core.evaluator_v2: Sample 35 failed: Expected all tensors to be on the same device, but got tensors is on cpu, different from other tensors on cuda:0 (when checking argument in method wrapper_CUDA_cat)
2026-06-12 04:35:45,718 [WARNING] core.evaluator_v2: Sample 36 failed: Expected all tensors to be on the same device, but got tensors is on cpu, different from other tensors on cuda:0 (when checking argument in method wrapper_CUDA_cat)
2026-06-12 04:35:48,432 [WARNING] core.evaluator_v2: Sample 37 failed: Expected all tensors to be on the same device, but got tensors is on cpu, different from other tensors on cuda:0 (when checking argument in method wrapper_CUDA_cat)
2026-06-12 04:35:51,738 [WARNING] core.evaluator_v2: Sample 38 failed: Expected all tensors to be on the same device, but got tensors is on cpu, different from other tensors on cuda:0 (when checking argument in method wrapper_CUDA_cat)
2026-06-12 04:35:54,710 [WARNING] core.evaluator_v2: Sample 39 failed: Expected all tensors to be on the same device, but got tensors is on cpu, different from other tensors on cuda:0 (when checking argument in method wrapper_CUDA_cat)
2026-06-12 04:35:58,231 [WARNING] core.evaluator_v2: Sample 40 failed: Expected all tensors to be on the same device, but got tensors is on cpu, different from other tensors on cuda:0 (when checking argument in method wrapper_CUDA_cat)
2026-06-12 04:36:01,067 [WARNING] core.evaluator_v2: Sample 41 failed: Expected all tensors to be on the same device, but got tensors is on cpu, different from other tensors on cuda:0 (when checking argument in method wrapper_CUDA_cat)
2026-06-12 04:36:04,616 [WARNING] core.evaluator_v2: Sample 42 failed: Expected all tensors to be on the same device, but got tensors is on cpu, different from other tensors on cuda:0 (when checking argument in method wrapper_CUDA_cat)
2026-06-12 04:36:07,825 [WARNING] core.evaluator_v2: Sample 43 failed: Expected all tensors to be on the same device, but got tensors is on cpu, different from other tensors on cuda:0 (when checking argument in method wrapper_CUDA_cat)
2026-06-12 04:36:10,731 [WARNING] core.evaluator_v2: Sample 44 failed: Expected all tensors to be on the same device, but got tensors is on cpu, different from other tensors on cuda:0 (when checking argument in method wrapper_CUDA_cat)
2026-06-12 04:36:13,884 [WARNING] core.evaluator_v2: Sample 45 failed: Expected all tensors to be on the same device, but got tensors is on cpu, different from other tensors on cuda:0 (when checking argument in method wrapper_CUDA_cat)
2026-06-12 04:36:17,004 [WARNING] core.evaluator_v2: Sample 46 failed: Expected all tensors to be on the same device, but got tensors is on cpu, different from other tensors on cuda:0 (when checking argument in method wrapper_CUDA_cat)
2026-06-12 04:36:20,275 [WARNING] core.evaluator_v2: Sample 47 failed: Expected all tensors to be on the same device, but got tensors is on cpu, different from other tensors on cuda:0 (when checking argument in method wrapper_CUDA_cat)
2026-06-12 04:36:23,806 [WARNING] core.evaluator_v2: Sample 48 failed: Expected all tensors to be on the same device, but got tensors is on cpu, different from other tensors on cuda:0 (when checking argument in method wrapper_CUDA_cat)
2026-06-12 04:36:26,475 [WARNING] core.evaluator_v2: Sample 49 failed: Expected all tensors to be on the same device, but got tensors is on cpu, different from other tensors on cuda:0 (when checking argument in method wrapper_CUDA_cat)
2026-06-12 04:36:26,477 [INFO] __main__:   → score=0.00, mem_red=0.0%, ttft=0.0ms
2026-06-12 04:36:26,478 [INFO] __main__: 
────────────────────────────────────────────────────────────
2026-06-12 04:36:26,479 [INFO] __main__: Method: ADAKV | Budget: 20%
2026-06-12 04:36:26,479 [INFO] __main__: ────────────────────────────────────────────────────────────
2026-06-12 04:36:26,480 [INFO] __main__: 
  Task: narrativeqa
2026-06-12 04:36:26,481 [INFO] core.dataset_loader: Loading LongBench/narrativeqa ...
2026-06-12 04:36:26,595 [INFO] httpx: HTTP Request: GET https://huggingface.co/api/datasets/THUDM/LongBench "HTTP/1.1 307 Temporary Redirect"
2026-06-12 04:36:26,625 [INFO] httpx: HTTP Request: GET https://huggingface.co/api/datasets/zai-org/LongBench "HTTP/1.1 200 OK"
2026-06-12 04:36:27,735 [INFO] core.dataset_loader: Loaded 50 samples from narrativeqa
2026-06-12 04:36:27,738 [INFO] core.evaluator_v2: [adakv] narrativeqa (50샘플, budget=20%)
2026-06-12 04:37:56,151 [INFO] core.evaluator_v2:   [5/50] avg=2.48
2026-06-12 04:38:10,120 [WARNING] core.model_loader: Input length 8716 > max 8192, truncating...
2026-06-12 04:39:42,484 [INFO] core.evaluator_v2:   [10/50] avg=2.63
2026-06-12 04:41:27,492 [INFO] core.evaluator_v2:   [15/50] avg=3.61
2026-06-12 04:43:13,623 [INFO] core.evaluator_v2:   [20/50] avg=3.17
2026-06-12 04:45:05,926 [INFO] core.evaluator_v2:   [25/50] avg=3.22
2026-06-12 04:46:22,971 [INFO] core.evaluator_v2:   [30/50] avg=3.46
2026-06-12 04:48:06,808 [INFO] core.evaluator_v2:   [35/50] avg=4.29
2026-06-12 04:49:45,512 [INFO] core.evaluator_v2:   [40/50] avg=4.08
2026-06-12 04:51:20,917 [INFO] core.evaluator_v2:   [45/50] avg=4.12
2026-06-12 04:51:48,128 [WARNING] core.model_loader: Input length 8717 > max 8192, truncating...
2026-06-12 04:53:06,382 [INFO] core.evaluator_v2:   [50/50] avg=3.87
2026-06-12 04:53:06,384 [INFO] __main__:   → score=3.87, mem_red=80.0%, ttft=3279.9ms
2026-06-12 04:53:06,386 [INFO] __main__: 
  Task: qasper
2026-06-12 04:53:06,389 [INFO] core.dataset_loader: Loading LongBench/qasper ...
2026-06-12 04:53:06,493 [INFO] httpx: HTTP Request: GET https://huggingface.co/api/datasets/THUDM/LongBench "HTTP/1.1 307 Temporary Redirect"
2026-06-12 04:53:06,520 [INFO] httpx: HTTP Request: GET https://huggingface.co/api/datasets/zai-org/LongBench "HTTP/1.1 200 OK"
2026-06-12 04:53:07,422 [INFO] core.dataset_loader: Loaded 50 samples from qasper
2026-06-12 04:53:07,438 [INFO] core.evaluator_v2: [adakv] qasper (50샘플, budget=20%)
2026-06-12 04:54:45,705 [INFO] core.evaluator_v2:   [5/50] avg=4.98
2026-06-12 04:56:42,000 [INFO] core.evaluator_v2:   [10/50] avg=6.86
2026-06-12 04:58:17,158 [INFO] core.evaluator_v2:   [15/50] avg=6.11
2026-06-12 04:59:58,246 [INFO] core.evaluator_v2:   [20/50] avg=7.19
2026-06-12 05:01:55,335 [INFO] core.evaluator_v2:   [25/50] avg=6.48
2026-06-12 05:03:33,006 [INFO] core.evaluator_v2:   [30/50] avg=6.72
2026-06-12 05:05:16,972 [INFO] core.evaluator_v2:   [35/50] avg=6.06
2026-06-12 05:06:54,417 [INFO] core.evaluator_v2:   [40/50] avg=5.54
2026-06-12 05:08:43,012 [INFO] core.evaluator_v2:   [45/50] avg=5.73
2026-06-12 05:10:23,662 [INFO] core.evaluator_v2:   [50/50] avg=5.90
2026-06-12 05:10:23,665 [INFO] __main__:   → score=5.90, mem_red=80.0%, ttft=2089.8ms
2026-06-12 05:10:23,667 [INFO] __main__: 
  Task: multifieldqa_en
2026-06-12 05:10:23,667 [INFO] core.dataset_loader: Loading LongBench/multifieldqa_en ...
2026-06-12 05:10:23,788 [INFO] httpx: HTTP Request: GET https://huggingface.co/api/datasets/THUDM/LongBench "HTTP/1.1 307 Temporary Redirect"
2026-06-12 05:10:23,818 [INFO] httpx: HTTP Request: GET https://huggingface.co/api/datasets/zai-org/LongBench "HTTP/1.1 200 OK"
2026-06-12 05:10:24,623 [INFO] core.dataset_loader: Loaded 50 samples from multifieldqa_en
2026-06-12 05:10:24,631 [INFO] core.evaluator_v2: [adakv] multifieldqa_en (50샘플, budget=20%)
2026-06-12 05:10:53,687 [WARNING] core.model_loader: Input length 11006 > max 8192, truncating...
2026-06-12 05:12:06,275 [INFO] core.evaluator_v2:   [5/50] avg=20.96
2026-06-12 05:13:22,890 [INFO] core.evaluator_v2:   [10/50] avg=13.61
2026-06-12 05:15:20,246 [INFO] core.evaluator_v2:   [15/50] avg=10.35
2026-06-12 05:17:16,418 [INFO] core.evaluator_v2:   [20/50] avg=14.12
2026-06-12 05:17:16,941 [WARNING] core.model_loader: Input length 9207 > max 8192, truncating...
2026-06-12 05:19:06,651 [INFO] core.evaluator_v2:   [25/50] avg=18.07
2026-06-12 05:20:57,332 [INFO] core.evaluator_v2:   [30/50] avg=16.26
2026-06-12 05:22:32,860 [INFO] core.evaluator_v2:   [35/50] avg=14.28
2026-06-12 05:23:46,618 [WARNING] core.model_loader: Input length 8391 > max 8192, truncating...
2026-06-12 05:24:22,106 [INFO] core.evaluator_v2:   [40/50] avg=13.31
2026-06-12 05:26:17,962 [INFO] core.evaluator_v2:   [45/50] avg=12.25
2026-06-12 05:27:49,514 [INFO] core.evaluator_v2:   [50/50] avg=14.44
2026-06-12 05:27:49,522 [INFO] __main__:   → score=14.44, mem_red=80.0%, ttft=2952.8ms
2026-06-12 05:27:49,524 [INFO] __main__: 
  Task: hotpotqa
2026-06-12 05:27:49,527 [INFO] core.dataset_loader: Loading LongBench/hotpotqa ...
2026-06-12 05:27:49,699 [INFO] httpx: HTTP Request: GET https://huggingface.co/api/datasets/THUDM/LongBench "HTTP/1.1 307 Temporary Redirect"
2026-06-12 05:27:49,841 [INFO] httpx: HTTP Request: GET https://huggingface.co/api/datasets/zai-org/LongBench "HTTP/1.1 200 OK"
2026-06-12 05:27:51,719 [INFO] core.dataset_loader: Loaded 50 samples from hotpotqa
2026-06-12 05:27:51,722 [INFO] core.evaluator_v2: [adakv] hotpotqa (50샘플, budget=20%)
2026-06-12 05:29:36,567 [INFO] core.evaluator_v2:   [5/50] avg=5.64
2026-06-12 05:31:30,793 [INFO] core.evaluator_v2:   [10/50] avg=6.34
2026-06-12 05:32:48,016 [INFO] core.evaluator_v2:   [15/50] avg=7.82
2026-06-12 05:34:50,522 [INFO] core.evaluator_v2:   [20/50] avg=6.16
2026-06-12 05:36:37,519 [INFO] core.evaluator_v2:   [25/50] avg=5.44
2026-06-12 05:38:04,173 [INFO] core.evaluator_v2:   [30/50] avg=4.53
2026-06-12 05:39:09,559 [INFO] core.evaluator_v2:   [35/50] avg=4.27
2026-06-12 05:40:47,552 [INFO] core.evaluator_v2:   [40/50] avg=3.79
2026-06-12 05:42:21,829 [INFO] core.evaluator_v2:   [45/50] avg=4.52
2026-06-12 05:43:53,245 [INFO] core.evaluator_v2:   [50/50] avg=4.47
2026-06-12 05:43:53,247 [INFO] __main__:   → score=4.47, mem_red=80.0%, ttft=3306.6ms
2026-06-12 05:43:53,248 [INFO] __main__: 
  Task: 2wikimqa
2026-06-12 05:43:53,249 [INFO] core.dataset_loader: Loading LongBench/2wikimqa ...
2026-06-12 05:43:53,347 [INFO] httpx: HTTP Request: GET https://huggingface.co/api/datasets/THUDM/LongBench "HTTP/1.1 307 Temporary Redirect"
2026-06-12 05:43:53,376 [INFO] httpx: HTTP Request: GET https://huggingface.co/api/datasets/zai-org/LongBench "HTTP/1.1 200 OK"
2026-06-12 05:43:54,425 [INFO] core.dataset_loader: Loaded 50 samples from 2wikimqa
2026-06-12 05:43:54,436 [INFO] core.evaluator_v2: [adakv] 2wikimqa (50샘플, budget=20%)
2026-06-12 05:45:31,071 [INFO] core.evaluator_v2:   [5/50] avg=3.69
2026-06-12 05:46:52,582 [INFO] core.evaluator_v2:   [10/50] avg=6.25
2026-06-12 05:48:16,612 [INFO] core.evaluator_v2:   [15/50] avg=7.56
2026-06-12 05:49:50,586 [INFO] core.evaluator_v2:   [20/50] avg=6.56
2026-06-12 05:51:11,114 [INFO] core.evaluator_v2:   [25/50] avg=8.16
2026-06-12 05:52:55,567 [INFO] core.evaluator_v2:   [30/50] avg=10.11
2026-06-12 05:54:27,153 [INFO] core.evaluator_v2:   [35/50] avg=8.77
2026-06-12 05:55:52,046 [INFO] core.evaluator_v2:   [40/50] avg=8.82
2026-06-12 05:57:45,446 [INFO] core.evaluator_v2:   [45/50] avg=8.12
2026-06-12 05:59:51,821 [INFO] core.evaluator_v2:   [50/50] avg=8.16
2026-06-12 05:59:51,825 [INFO] __main__:   → score=8.16, mem_red=80.0%, ttft=3107.2ms
2026-06-12 05:59:51,827 [INFO] __main__: 
  Task: gov_report
2026-06-12 05:59:51,828 [INFO] core.dataset_loader: Loading LongBench/gov_report ...
2026-06-12 05:59:51,929 [INFO] httpx: HTTP Request: GET https://huggingface.co/api/datasets/THUDM/LongBench "HTTP/1.1 307 Temporary Redirect"
2026-06-12 05:59:51,990 [INFO] httpx: HTTP Request: GET https://huggingface.co/api/datasets/zai-org/LongBench "HTTP/1.1 200 OK"
2026-06-12 05:59:53,314 [INFO] core.dataset_loader: Loaded 50 samples from gov_report
2026-06-12 05:59:53,318 [INFO] core.evaluator_v2: [adakv] gov_report (50샘플, budget=20%)
2026-06-12 06:01:39,481 [INFO] core.evaluator_v2:   [5/50] avg=14.34
2026-06-12 06:03:29,603 [INFO] core.evaluator_v2:   [10/50] avg=14.59
2026-06-12 06:05:22,528 [INFO] core.evaluator_v2:   [15/50] avg=14.61
2026-06-12 06:06:47,607 [INFO] core.evaluator_v2:   [20/50] avg=14.40
2026-06-12 06:08:54,321 [INFO] core.evaluator_v2:   [25/50] avg=14.02
2026-06-12 06:10:52,096 [INFO] core.evaluator_v2:   [30/50] avg=13.92
2026-06-12 06:12:50,636 [INFO] core.evaluator_v2:   [35/50] avg=13.48
2026-06-12 06:14:34,691 [INFO] core.evaluator_v2:   [40/50] avg=13.26
2026-06-12 06:16:19,044 [INFO] core.evaluator_v2:   [45/50] avg=13.23
2026-06-12 06:18:13,786 [INFO] core.evaluator_v2:   [50/50] avg=13.07
2026-06-12 06:18:13,790 [INFO] __main__:   → score=13.07, mem_red=80.0%, ttft=2699.9ms
2026-06-12 06:18:13,794 [INFO] __main__: 
  Task: qmsum
2026-06-12 06:18:13,797 [INFO] core.dataset_loader: Loading LongBench/qmsum ...
2026-06-12 06:18:13,951 [INFO] httpx: HTTP Request: GET https://huggingface.co/api/datasets/THUDM/LongBench "HTTP/1.1 307 Temporary Redirect"
2026-06-12 06:18:13,986 [INFO] httpx: HTTP Request: GET https://huggingface.co/api/datasets/zai-org/LongBench "HTTP/1.1 200 OK"
2026-06-12 06:18:15,502 [INFO] core.dataset_loader: Loaded 50 samples from qmsum
2026-06-12 06:18:15,545 [INFO] core.evaluator_v2: [adakv] qmsum (50샘플, budget=20%)
2026-06-12 06:20:17,889 [INFO] core.evaluator_v2:   [5/50] avg=6.56
2026-06-12 06:22:15,457 [INFO] core.evaluator_v2:   [10/50] avg=5.66
2026-06-12 06:24:00,401 [INFO] core.evaluator_v2:   [15/50] avg=6.32
2026-06-12 06:26:02,293 [INFO] core.evaluator_v2:   [20/50] avg=6.63
2026-06-12 06:28:09,465 [INFO] core.evaluator_v2:   [25/50] avg=6.76
2026-06-12 06:30:06,425 [INFO] core.evaluator_v2:   [30/50] avg=7.09
2026-06-12 06:31:44,871 [INFO] core.evaluator_v2:   [35/50] avg=7.16
2026-06-12 06:33:35,540 [INFO] core.evaluator_v2:   [40/50] avg=7.47
2026-06-12 06:35:35,841 [INFO] core.evaluator_v2:   [45/50] avg=7.33
2026-06-12 06:37:35,277 [INFO] core.evaluator_v2:   [50/50] avg=7.35
2026-06-12 06:37:35,279 [INFO] __main__:   → score=7.35, mem_red=80.0%, ttft=2908.5ms
2026-06-12 06:37:35,280 [INFO] __main__: 
────────────────────────────────────────────────────────────
2026-06-12 06:37:35,281 [INFO] __main__: Method: OURS | Budget: 20%
2026-06-12 06:37:35,282 [INFO] __main__: ────────────────────────────────────────────────────────────
2026-06-12 06:37:35,283 [INFO] __main__: 
  Task: narrativeqa
2026-06-12 06:37:35,283 [INFO] core.dataset_loader: Loading LongBench/narrativeqa ...
2026-06-12 06:37:35,415 [INFO] httpx: HTTP Request: GET https://huggingface.co/api/datasets/THUDM/LongBench "HTTP/1.1 307 Temporary Redirect"
2026-06-12 06:37:35,550 [INFO] httpx: HTTP Request: GET https://huggingface.co/api/datasets/zai-org/LongBench "HTTP/1.1 200 OK"
2026-06-12 06:37:37,023 [INFO] core.dataset_loader: Loaded 50 samples from narrativeqa
2026-06-12 06:37:37,032 [INFO] core.evaluator_v2: [ours] narrativeqa (50샘플, budget=20%)
2026-06-12 06:39:46,433 [INFO] core.evaluator_v2:   [5/50] avg=3.51
2026-06-12 06:40:16,930 [WARNING] core.model_loader: Input length 8716 > max 8192, truncating...
2026-06-12 06:41:59,686 [INFO] core.evaluator_v2:   [10/50] avg=6.29
2026-06-12 06:43:39,141 [INFO] core.evaluator_v2:   [15/50] avg=5.10
2026-06-12 06:45:21,383 [INFO] core.evaluator_v2:   [20/50] avg=4.11
2026-06-12 06:47:15,617 [INFO] core.evaluator_v2:   [25/50] avg=5.21
2026-06-12 06:49:15,615 [INFO] core.evaluator_v2:   [30/50] avg=5.90
2026-06-12 06:50:56,581 [INFO] core.evaluator_v2:   [35/50] avg=6.33
2026-06-12 06:52:31,174 [INFO] core.evaluator_v2:   [40/50] avg=6.52
2026-06-12 06:54:32,758 [INFO] core.evaluator_v2:   [45/50] avg=6.74
2026-06-12 06:54:52,005 [WARNING] core.model_loader: Input length 8717 > max 8192, truncating...
2026-06-12 06:56:37,580 [INFO] core.evaluator_v2:   [50/50] avg=6.30
2026-06-12 06:56:37,582 [INFO] __main__:   → score=6.30, mem_red=80.0%, ttft=3325.9ms
2026-06-12 06:56:37,584 [INFO] __main__: 
  Task: qasper
2026-06-12 06:56:37,585 [INFO] core.dataset_loader: Loading LongBench/qasper ...
2026-06-12 06:56:37,678 [INFO] httpx: HTTP Request: GET https://huggingface.co/api/datasets/THUDM/LongBench "HTTP/1.1 307 Temporary Redirect"
2026-06-12 06:56:37,708 [INFO] httpx: HTTP Request: GET https://huggingface.co/api/datasets/zai-org/LongBench "HTTP/1.1 200 OK"
2026-06-12 06:56:38,913 [INFO] core.dataset_loader: Loaded 50 samples from qasper
2026-06-12 06:56:38,958 [INFO] core.evaluator_v2: [ours] qasper (50샘플, budget=20%)
2026-06-12 06:57:49,313 [INFO] core.evaluator_v2:   [5/50] avg=7.93
2026-06-12 06:59:27,670 [INFO] core.evaluator_v2:   [10/50] avg=11.98
2026-06-12 07:01:16,565 [INFO] core.evaluator_v2:   [15/50] avg=13.04
2026-06-12 07:02:36,648 [INFO] core.evaluator_v2:   [20/50] avg=13.18
2026-06-12 07:03:48,051 [INFO] core.evaluator_v2:   [25/50] avg=12.23
2026-06-12 07:04:55,220 [INFO] core.evaluator_v2:   [30/50] avg=11.21
2026-06-12 07:06:22,979 [INFO] core.evaluator_v2:   [35/50] avg=10.81
2026-06-12 07:06:52,650 [INFO] core.evaluator_v2:   [40/50] avg=10.71
2026-06-12 07:08:22,519 [INFO] core.evaluator_v2:   [45/50] avg=10.12
2026-06-12 07:10:00,059 [INFO] core.evaluator_v2:   [50/50] avg=10.19
2026-06-12 07:10:00,061 [INFO] __main__:   → score=10.19, mem_red=80.0%, ttft=2229.5ms
2026-06-12 07:10:00,062 [INFO] __main__: 
  Task: multifieldqa_en
2026-06-12 07:10:00,063 [INFO] core.dataset_loader: Loading LongBench/multifieldqa_en ...
2026-06-12 07:10:00,137 [INFO] httpx: HTTP Request: GET https://huggingface.co/api/datasets/THUDM/LongBench "HTTP/1.1 307 Temporary Redirect"
2026-06-12 07:10:00,166 [INFO] httpx: HTTP Request: GET https://huggingface.co/api/datasets/zai-org/LongBench "HTTP/1.1 200 OK"
2026-06-12 07:10:01,053 [INFO] core.dataset_loader: Loaded 50 samples from multifieldqa_en
2026-06-12 07:10:01,056 [INFO] core.evaluator_v2: [ours] multifieldqa_en (50샘플, budget=20%)
2026-06-12 07:10:09,685 [WARNING] core.model_loader: Input length 11006 > max 8192, truncating...
2026-06-12 07:11:31,113 [INFO] core.evaluator_v2:   [5/50] avg=26.47
2026-06-12 07:12:40,585 [INFO] core.evaluator_v2:   [10/50] avg=32.72
2026-06-12 07:14:36,657 [INFO] core.evaluator_v2:   [15/50] avg=25.67
2026-06-12 07:16:29,700 [INFO] core.evaluator_v2:   [20/50] avg=25.34
2026-06-12 07:16:30,133 [WARNING] core.model_loader: Input length 9207 > max 8192, truncating...
2026-06-12 07:18:20,937 [INFO] core.evaluator_v2:   [25/50] avg=22.85
2026-06-12 07:19:41,654 [INFO] core.evaluator_v2:   [30/50] avg=22.51
2026-06-12 07:21:05,963 [INFO] core.evaluator_v2:   [35/50] avg=20.68
2026-06-12 07:22:28,844 [WARNING] core.model_loader: Input length 8391 > max 8192, truncating...
2026-06-12 07:23:03,384 [INFO] core.evaluator_v2:   [40/50] avg=18.90
2026-06-12 07:24:52,377 [INFO] core.evaluator_v2:   [45/50] avg=19.99
2026-06-12 07:26:35,697 [INFO] core.evaluator_v2:   [50/50] avg=19.31
2026-06-12 07:26:35,702 [INFO] __main__:   → score=19.31, mem_red=80.0%, ttft=3024.8ms
2026-06-12 07:26:35,727 [INFO] __main__: 
  Task: hotpotqa
2026-06-12 07:26:35,730 [INFO] core.dataset_loader: Loading LongBench/hotpotqa ...
2026-06-12 07:26:35,804 [INFO] httpx: HTTP Request: GET https://huggingface.co/api/datasets/THUDM/LongBench "HTTP/1.1 307 Temporary Redirect"
2026-06-12 07:26:35,862 [INFO] httpx: HTTP Request: GET https://huggingface.co/api/datasets/zai-org/LongBench "HTTP/1.1 200 OK"
2026-06-12 07:26:37,126 [INFO] core.dataset_loader: Loaded 50 samples from hotpotqa
2026-06-12 07:26:37,137 [INFO] core.evaluator_v2: [ours] hotpotqa (50샘플, budget=20%)
2026-06-12 07:28:34,904 [INFO] core.evaluator_v2:   [5/50] avg=4.43
2026-06-12 07:30:04,828 [INFO] core.evaluator_v2:   [10/50] avg=11.97
2026-06-12 07:32:00,627 [INFO] core.evaluator_v2:   [15/50] avg=9.76
2026-06-12 07:33:37,868 [INFO] core.evaluator_v2:   [20/50] avg=8.39
2026-06-12 07:35:35,173 [INFO] core.evaluator_v2:   [25/50] avg=9.80
2026-06-12 07:37:24,071 [INFO] core.evaluator_v2:   [30/50] avg=8.19
2026-06-12 07:38:55,948 [INFO] core.evaluator_v2:   [35/50] avg=7.28
2026-06-12 07:41:03,557 [INFO] core.evaluator_v2:   [40/50] avg=6.61
2026-06-12 07:43:05,494 [INFO] core.evaluator_v2:   [45/50] avg=7.13
2026-06-12 07:45:11,313 [INFO] core.evaluator_v2:   [50/50] avg=7.37
2026-06-12 07:45:11,330 [INFO] __main__:   → score=7.37, mem_red=80.0%, ttft=3358.7ms
2026-06-12 07:45:11,331 [INFO] __main__: 
  Task: 2wikimqa
2026-06-12 07:45:11,332 [INFO] core.dataset_loader: Loading LongBench/2wikimqa ...
2026-06-12 07:45:11,417 [INFO] httpx: HTTP Request: GET https://huggingface.co/api/datasets/THUDM/LongBench "HTTP/1.1 307 Temporary Redirect"
2026-06-12 07:45:11,452 [INFO] httpx: HTTP Request: GET https://huggingface.co/api/datasets/zai-org/LongBench "HTTP/1.1 200 OK"
2026-06-12 07:45:12,611 [INFO] core.dataset_loader: Loaded 50 samples from 2wikimqa
2026-06-12 07:45:12,632 [INFO] core.evaluator_v2: [ours] 2wikimqa (50샘플, budget=20%)
2026-06-12 07:47:23,287 [INFO] core.evaluator_v2:   [5/50] avg=3.60
2026-06-12 07:48:43,002 [INFO] core.evaluator_v2:   [10/50] avg=10.12
2026-06-12 07:50:33,573 [INFO] core.evaluator_v2:   [15/50] avg=6.92
2026-06-12 07:52:16,848 [INFO] core.evaluator_v2:   [20/50] avg=7.33
2026-06-12 07:54:31,695 [INFO] core.evaluator_v2:   [25/50] avg=6.52
2026-06-12 07:55:50,401 [INFO] core.evaluator_v2:   [30/50] avg=8.28
2026-06-12 07:57:17,779 [INFO] core.evaluator_v2:   [35/50] avg=9.13
2026-06-12 07:59:08,725 [INFO] core.evaluator_v2:   [40/50] avg=9.34
2026-06-12 08:00:14,331 [INFO] core.evaluator_v2:   [45/50] avg=8.99
2026-06-12 08:01:59,153 [INFO] core.evaluator_v2:   [50/50] avg=8.14
2026-06-12 08:01:59,155 [INFO] __main__:   → score=8.14, mem_red=80.0%, ttft=3222.0ms
2026-06-12 08:01:59,156 [INFO] __main__: 
  Task: gov_report
2026-06-12 08:01:59,156 [INFO] core.dataset_loader: Loading LongBench/gov_report ...
2026-06-12 08:01:59,224 [INFO] httpx: HTTP Request: GET https://huggingface.co/api/datasets/THUDM/LongBench "HTTP/1.1 307 Temporary Redirect"
2026-06-12 08:01:59,302 [INFO] httpx: HTTP Request: GET https://huggingface.co/api/datasets/zai-org/LongBench "HTTP/1.1 200 OK"
2026-06-12 08:02:00,787 [INFO] core.dataset_loader: Loaded 50 samples from gov_report
2026-06-12 08:02:00,790 [INFO] core.evaluator_v2: [ours] gov_report (50샘플, budget=20%)
2026-06-12 08:04:08,887 [INFO] core.evaluator_v2:   [5/50] avg=10.97
2026-06-12 08:06:12,482 [INFO] core.evaluator_v2:   [10/50] avg=7.70
2026-06-12 08:08:21,938 [INFO] core.evaluator_v2:   [15/50] avg=8.30
2026-06-12 08:09:39,025 [INFO] core.evaluator_v2:   [20/50] avg=8.15
2026-06-12 08:11:43,699 [INFO] core.evaluator_v2:   [25/50] avg=8.66
2026-06-12 08:13:33,674 [INFO] core.evaluator_v2:   [30/50] avg=8.86
2026-06-12 08:15:40,043 [INFO] core.evaluator_v2:   [35/50] avg=9.11
2026-06-12 08:17:30,917 [INFO] core.evaluator_v2:   [40/50] avg=9.63
2026-06-12 08:19:43,307 [INFO] core.evaluator_v2:   [45/50] avg=9.97
2026-06-12 08:21:46,845 [INFO] core.evaluator_v2:   [50/50] avg=10.62
2026-06-12 08:21:46,852 [INFO] __main__:   → score=10.62, mem_red=80.0%, ttft=2726.9ms
2026-06-12 08:21:46,852 [INFO] __main__: 
  Task: qmsum
2026-06-12 08:21:46,857 [INFO] core.dataset_loader: Loading LongBench/qmsum ...
2026-06-12 08:21:46,947 [INFO] httpx: HTTP Request: GET https://huggingface.co/api/datasets/THUDM/LongBench "HTTP/1.1 307 Temporary Redirect"
2026-06-12 08:21:46,990 [INFO] httpx: HTTP Request: GET https://huggingface.co/api/datasets/zai-org/LongBench "HTTP/1.1 200 OK"
2026-06-12 08:21:48,479 [INFO] core.dataset_loader: Loaded 50 samples from qmsum
2026-06-12 08:21:48,482 [INFO] core.evaluator_v2: [ours] qmsum (50샘플, budget=20%)
2026-06-12 08:23:56,370 [INFO] core.evaluator_v2:   [5/50] avg=8.27
2026-06-12 08:25:35,288 [INFO] core.evaluator_v2:   [10/50] avg=7.15
2026-06-12 08:27:46,382 [INFO] core.evaluator_v2:   [15/50] avg=7.34
2026-06-12 08:29:58,176 [INFO] core.evaluator_v2:   [20/50] avg=7.63
2026-06-12 08:31:30,762 [INFO] core.evaluator_v2:   [25/50] avg=7.97
2026-06-12 08:33:26,697 [INFO] core.evaluator_v2:   [30/50] avg=7.75
2026-06-12 08:35:31,822 [INFO] core.evaluator_v2:   [35/50] avg=7.66
2026-06-12 08:37:47,304 [INFO] core.evaluator_v2:   [40/50] avg=7.79
2026-06-12 08:39:56,915 [INFO] core.evaluator_v2:   [45/50] avg=7.77
2026-06-12 08:42:05,160 [INFO] core.evaluator_v2:   [50/50] avg=8.01
2026-06-12 08:42:05,167 [INFO] __main__:   → score=8.01, mem_red=80.0%, ttft=2978.9ms
2026-06-12 08:42:05,194 [INFO] core.results_manager: Results saved to results/exp1_qwen3-4b_full_20260611_211252.csv
2026-06-12 08:42:05,263 [INFO] core.results_manager: JSON saved to results/exp1_qwen3-4b_full_20260611_211252.json
2026-06-12 08:42:05,271 [INFO] __main__: Experiment 1 completed!
