task,budget,method,sample_idx,score,word_rep,char_rep,collapsed_old,collapsed_new,onset,dispersion_cv,max_gap,recent500_coverage
qmsum,0.8,streaming,0,13.740458015267176,0.0078125,0.32313341493268055,0,0,23,13.304143793181405,1107.0,500
qmsum,0.8,streaming,1,13.131313131313133,0.006097560975609756,0.2849949647532729,0,0,29,16.20148632291638,1641.0,500
qmsum,0.8,streaming,2,8.938547486033519,0.03125,0.36422613531047265,0,0,48,22.313047742566038,3112.0,500
qmsum,0.8,streaming,3,11.320754716981133,0.0,0.29981884057971014,0,0,,19.99420207474776,2499.0,500
qmsum,0.8,streaming,4,4.166666666666667,0.007936507936507936,0.28797083839611176,0,0,62,17.945923985115062,2013.0,500
qmsum,0.8,streaming,5,5.3475935828877015,0.0,0.3055555555555556,0,0,,22.628302438707095,3201.0,500
qmsum,0.8,streaming,6,8.866995073891626,0.028901734104046242,0.37236962488563585,0,0,6,22.628302438707095,3201.0,500
qmsum,0.8,streaming,7,3.75,0.01910828025477707,0.3374642516682555,0,0,63,22.628302438707095,3201.0,500
qmsum,0.8,streaming,8,6.097560975609756,0.0,0.3689497716894977,0,0,,22.628302438707095,3201.0,500
qmsum,0.8,streaming,9,14.285714285714285,0.03333333333333333,0.29644670050761424,0,0,39,12.8825556009296,1038.0,500
qmsum,0.8,streaming,10,8.16326530612245,0.0125,0.3599624060150376,0,0,23,22.628302438707095,3201.0,500
qmsum,0.8,streaming,11,4.8484848484848495,0.01910828025477707,0.3374642516682555,0,0,63,22.628302438707095,3201.0,500
qmsum,0.8,streaming,12,14.049586776859504,0.017964071856287425,0.4117647058823529,0,0,5,20.393139713093806,2600.0,500
qmsum,0.8,streaming,13,8.24742268041237,0.0,0.3185328185328185,0,0,,20.36683909142766,2593.0,500
qmsum,0.8,streaming,14,13.13131313131313,0.0,0.2434017595307918,0,0,,19.663369832397546,2417.0,500
qmsum,0.8,streaming,15,12.093023255813954,0.07051282051282051,0.31381957773512476,0,0,22,17.220457988590535,1854.0,500
qmsum,0.8,streaming,16,13.714285714285715,0.03333333333333333,0.29644670050761424,0,0,39,12.8825556009296,1038.0,500
qmsum,0.8,streaming,17,12.264150943396226,0.0125,0.3599624060150376,0,0,23,22.628302438707095,3201.0,500
qmsum,0.8,streaming,18,5.847953216374268,0.014285714285714285,0.28938547486033517,0,0,22,22.09688123008186,3052.0,500
qmsum,0.8,streaming,19,8.040201005025125,0.01910828025477707,0.3374642516682555,0,0,63,22.628302438707095,3201.0,500
qmsum,0.8,streaming,20,9.859154929577466,0.0,0.2333804809052334,0,0,,20.648877318270845,2665.0,500
qmsum,0.8,streaming,21,10.869565217391305,0.019736842105263157,0.34472934472934474,0,0,24,22.628302438707095,3201.0,500
qmsum,0.8,streaming,22,2.424242424242424,0.0,0.3055555555555556,0,0,,22.628302438707095,3201.0,500
qmsum,0.8,streaming,23,8.121827411167512,0.0,0.29981884057971014,0,0,,19.99420207474776,2499.0,500
qmsum,0.8,streaming,24,16.87763713080169,0.024242424242424242,0.29022988505747127,0,0,91,14.526399756155296,1319.0,500
qmsum,0.8,streaming,25,6.097560975609756,0.0,0.2882527147087858,0,0,,14.634487357819824,1339.0,500
qmsum,0.8,streaming,26,9.523809523809526,0.0,0.2333804809052334,0,0,,20.648877318270845,2665.0,500
qmsum,0.8,streaming,27,9.183673469387756,0.028901734104046242,0.37236962488563585,0,0,6,22.628302438707095,3201.0,500
qmsum,0.8,streaming,28,6.862745098039215,0.025,0.3464788732394366,0,0,48,18.64854255149911,2174.0,500
qmsum,0.8,streaming,29,20.264317180616743,0.03333333333333333,0.29644670050761424,0,0,39,12.8825556009296,1038.0,500
qmsum,0.8,streaming,30,12.875536480686694,0.006097560975609756,0.2849949647532729,0,0,29,16.20148632291638,1641.0,500
qmsum,0.8,streaming,31,4.878048780487805,0.04,0.3333333333333333,0,0,55,22.628302438707095,3201.0,500
qmsum,0.8,streaming,32,9.467455621301776,0.01935483870967742,0.24845995893223818,0,0,62,22.1314270497851,3062.0,500
qmsum,0.8,streaming,33,13.617021276595745,0.017964071856287425,0.4117647058823529,0,0,5,20.393139713093806,2600.0,500
qmsum,0.8,streaming,34,4.25531914893617,0.0,0.3395225464190981,0,0,,18.954264000184647,2246.0,500
qmsum,0.8,streaming,35,7.575757575757576,0.0,0.2333804809052334,0,0,,20.648877318270845,2665.0,500
qmsum,0.8,streaming,36,14.37908496732026,0.0,0.2333804809052334,0,0,,20.648877318270845,2665.0,500
qmsum,0.8,streaming,37,8.139534883720929,0.04,0.3333333333333333,0,0,55,22.628302438707095,3201.0,500
qmsum,0.8,streaming,38,8.121827411167512,0.0,0.3185328185328185,0,0,,20.36683909142766,2593.0,500
qmsum,0.8,streaming,39,12.549019607843137,0.006097560975609756,0.2849949647532729,0,0,29,16.20148632291638,1641.0,500
qmsum,0.8,streaming,40,7.142857142857144,0.007936507936507936,0.28797083839611176,0,0,62,17.945923985115062,2013.0,500
qmsum,0.8,streaming,41,11.711711711711713,0.017964071856287425,0.4117647058823529,0,0,5,20.393139713093806,2600.0,500
qmsum,0.8,streaming,42,6.1349693251533735,0.014285714285714285,0.28938547486033517,0,0,22,22.09688123008186,3052.0,500
qmsum,0.8,streaming,43,10.256410256410257,0.018633540372670808,0.30028063610851263,0,0,18,17.867963717447953,1996.0,500
qmsum,0.8,streaming,44,6.9364161849710975,0.0,0.3395225464190981,0,0,,18.954264000184647,2246.0,500
qmsum,0.8,streaming,45,15.544041450777199,0.0,0.2723833543505675,0,0,,16.076073786521484,1616.0,500
qmsum,0.8,streaming,46,12.413793103448274,0.0,0.2723833543505675,0,0,,16.076073786521484,1616.0,500
qmsum,0.8,streaming,47,5.405405405405405,0.0078125,0.32313341493268055,0,0,23,13.304143793181405,1107.0,500
qmsum,0.8,streaming,48,5.031446540880503,0.014285714285714285,0.28938547486033517,0,0,22,22.09688123008186,3052.0,500
qmsum,0.8,streaming,49,9.734513274336283,0.017964071856287425,0.4117647058823529,0,0,5,20.393139713093806,2600.0,500
qmsum,0.8,h2o,0,6.329113924050632,0.702247191011236,0.9301270417422868,1,1,7,0.40744978485012956,5.0,401
qmsum,0.8,h2o,1,0.0,0.9192546583850931,1.0,1,1,0,0.4113372776459944,6.0,405
qmsum,0.8,h2o,2,4.137931034482759,0.9119496855345912,0.9883474576271186,1,1,2,0.38683000676272195,5.0,407
qmsum,0.8,h2o,3,1.9704433497536946,0.8975903614457831,1.0,1,1,6,0.4058626359425205,5.0,395
qmsum,0.8,h2o,4,4.18848167539267,0.5819209039548022,0.8444206008583691,1,1,8,0.40566996382337167,6.0,391
qmsum,0.8,h2o,5,4.739336492890995,0.827027027027027,0.9182509505703422,1,1,17,0.3811834515807004,5.0,414
qmsum,0.8,h2o,6,1.1976047904191618,0.9431818181818182,0.9887218045112782,1,1,2,0.4048502514224925,5.0,390
qmsum,0.8,h2o,7,2.4844720496894412,0.875,0.9655172413793104,1,1,7,0.436472079337404,5.0,418
qmsum,0.8,h2o,8,3.703703703703704,0.8448275862068966,0.9457221711131555,1,1,12,0.37080938271374153,4.0,399
qmsum,0.8,h2o,9,6.024096385542169,0.27741935483870966,0.7033985581874357,0,1,15,0.3966695674893423,5.0,406
qmsum,0.8,h2o,10,1.01010101010101,0.8611111111111112,0.9250814332247557,1,1,15,0.3728267998837571,4.0,421
qmsum,0.8,h2o,11,1.2048192771084338,0.875,0.9655172413793104,1,1,7,0.436472079337404,5.0,418
qmsum,0.8,h2o,12,5.2631578947368425,0.9389312977099237,0.9655688622754491,1,1,3,0.4328488106202999,6.0,409
qmsum,0.8,h2o,13,3.9603960396039604,0.7674418604651163,0.9091743119266055,1,1,20,0.42063458682958654,8.0,401
qmsum,0.8,h2o,14,19.35483870967742,0.23668639053254437,0.7651821862348178,0,1,0,0.4222557438363302,7.0,414
qmsum,0.8,h2o,15,15.261044176706825,0.5483870967741935,0.7656108597285067,1,1,44,0.4090640125715476,6.0,405
qmsum,0.8,h2o,16,13.872832369942198,0.27741935483870966,0.7033985581874357,0,1,15,0.3966695674893423,5.0,406
qmsum,0.8,h2o,17,1.8691588785046724,0.8611111111111112,0.9250814332247557,1,1,15,0.3728267998837571,4.0,421
qmsum,0.8,h2o,18,3.5502958579881656,0.8731343283582089,0.92578125,1,1,10,0.41452775931827596,7.0,401
qmsum,0.8,h2o,19,3.0000000000000004,0.875,0.9655172413793104,1,1,7,0.436472079337404,5.0,418
qmsum,0.8,h2o,20,3.2608695652173907,0.8098159509202454,0.8931068931068931,1,1,22,0.3980735941408201,6.0,402
qmsum,0.8,h2o,21,1.1428571428571428,0.9122807017543859,0.9977142857142857,1,1,0,0.42190747663720757,5.0,415
qmsum,0.8,h2o,22,1.0582010582010581,0.827027027027027,0.9182509505703422,1,1,17,0.3811834515807004,5.0,414
qmsum,0.8,h2o,23,4.25531914893617,0.8975903614457831,1.0,1,1,6,0.4058626359425205,5.0,395
qmsum,0.8,h2o,24,15.286624203821656,0.2345679012345679,0.5699588477366255,0,0,20,0.41033242342992066,6.0,412
qmsum,0.8,h2o,25,5.813953488372093,0.21637426900584794,0.48443579766536965,0,0,13,0.41493758836783606,5.0,407
qmsum,0.8,h2o,26,6.0606060606060606,0.8098159509202454,0.8931068931068931,1,1,22,0.3980735941408201,6.0,402
qmsum,0.8,h2o,27,0.0,0.9431818181818182,0.9887218045112782,1,1,2,0.4048502514224925,5.0,390
qmsum,0.8,h2o,28,3.7209302325581395,0.7891891891891892,0.8872377622377622,1,1,9,0.419151827423387,6.0,400
qmsum,0.8,h2o,29,23.111111111111114,0.27741935483870966,0.7033985581874357,0,1,15,0.3966695674893423,5.0,406
qmsum,0.8,h2o,30,0.0,0.9192546583850931,1.0,1,1,0,0.4113372776459944,6.0,405
qmsum,0.8,h2o,31,8.333333333333332,0.3496932515337423,0.6954206602768903,1,1,1,0.4262704482552644,5.0,396
qmsum,0.8,h2o,32,4.225352112676056,0.935064935064935,0.9859437751004017,1,1,3,0.4173221805368938,6.0,418
qmsum,0.8,h2o,33,7.650273224043715,0.9389312977099237,0.9655688622754491,1,1,3,0.4328488106202999,6.0,409
qmsum,0.8,h2o,34,3.896103896103896,0.8681318681318682,0.9587719298245614,1,1,12,0.3816589326327399,5.0,384
qmsum,0.8,h2o,35,3.4482758620689653,0.8098159509202454,0.8931068931068931,1,1,22,0.3980735941408201,6.0,402
qmsum,0.8,h2o,36,3.0769230769230775,0.8098159509202454,0.8931068931068931,1,1,22,0.3980735941408201,6.0,402
qmsum,0.8,h2o,37,4.545454545454546,0.3496932515337423,0.6954206602768903,1,1,1,0.4262704482552644,5.0,396
qmsum,0.8,h2o,38,4.878048780487805,0.7674418604651163,0.9091743119266055,1,1,20,0.42063458682958654,8.0,401
qmsum,0.8,h2o,39,4.694835680751173,0.9192546583850931,1.0,1,1,0,0.4113372776459944,6.0,405
qmsum,0.8,h2o,40,10.232558139534884,0.5819209039548022,0.8444206008583691,1,1,8,0.40566996382337167,6.0,391
qmsum,0.8,h2o,41,0.0,0.9389312977099237,0.9655688622754491,1,1,3,0.4328488106202999,6.0,409
qmsum,0.8,h2o,42,7.453416149068322,0.8731343283582089,0.92578125,1,1,10,0.41452775931827596,7.0,401
qmsum,0.8,h2o,43,9.574468085106384,0.48554913294797686,0.9226006191950464,1,1,23,0.4045272024240253,5.0,400
qmsum,0.8,h2o,44,2.877697841726619,0.8681318681318682,0.9587719298245614,1,1,12,0.3816589326327399,5.0,384
qmsum,0.8,h2o,45,12.658227848101266,0.5536723163841808,0.8057482656095144,1,1,11,0.4134394180465211,6.0,392
qmsum,0.8,h2o,46,8.465608465608467,0.5536723163841808,0.8057482656095144,1,1,11,0.4134394180465211,6.0,392
qmsum,0.8,h2o,47,2.285714285714286,0.702247191011236,0.9301270417422868,1,1,7,0.40744978485012956,5.0,401
qmsum,0.8,h2o,48,1.2738853503184715,0.8731343283582089,0.92578125,1,1,10,0.41452775931827596,7.0,401
qmsum,0.8,h2o,49,1.1494252873563218,0.9389312977099237,0.9655688622754491,1,1,3,0.4328488106202999,6.0,409
qmsum,0.8,snapkv,0,2.8368794326241136,0.8647058823529412,0.9989583333333333,1,1,6,0.6905774754158721,13.0,408
qmsum,0.8,snapkv,1,8.64864864864865,0.574585635359116,0.8169014084507042,1,1,13,0.7323945871743298,14.0,412
qmsum,0.8,snapkv,2,3.7974683544303804,0.75,0.957345971563981,1,1,0,0.7552243242833407,15.0,437
qmsum,0.8,snapkv,3,7.9207920792079225,0.0,0.2054794520547945,0,0,,0.6789641616269898,14.0,375
qmsum,0.8,snapkv,4,0.0,0.9647058823529412,1.0,1,1,0,0.7038501934910298,21.0,405
qmsum,0.8,snapkv,5,4.938271604938271,0.12598425196850394,0.5187353629976581,0,0,25,0.7346172000395615,13.0,431
qmsum,0.8,snapkv,6,6.896551724137932,0.7142857142857143,0.9438596491228071,1,1,12,0.7705003776368412,15.0,401
qmsum,0.8,snapkv,7,3.6585365853658534,0.39204545454545453,0.7130841121495327,1,1,19,0.7853499127939776,15.0,426
qmsum,0.8,snapkv,8,1.282051282051282,0.8941176470588236,1.0,1,1,0,0.7445567409487569,13.0,433
qmsum,0.8,snapkv,9,2.5423728813559325,0.9595959595959596,0.9837288135593221,1,1,6,0.6280543893281777,8.0,403
qmsum,0.8,snapkv,10,3.4682080924855496,0.7777777777777778,0.8497854077253219,1,1,28,0.7373350980229646,13.0,427
qmsum,0.8,snapkv,11,5.9171597633136095,0.39204545454545453,0.7130841121495327,1,1,19,0.7853499127939776,15.0,426
qmsum,0.8,snapkv,12,12.355212355212354,0.5026455026455027,0.838599487617421,1,1,20,0.7739778941817502,14.0,393
qmsum,0.8,snapkv,13,10.294117647058824,0.0,0.3663716814159292,0,0,,0.7212830847580384,14.0,411
qmsum,0.8,snapkv,14,17.511520737327192,0.4342857142857143,0.7908704883227177,1,1,0,0.7392572647551876,15.0,416
qmsum,0.8,snapkv,15,19.718309859154928,0.012987012987012988,0.4455852156057495,0,0,6,0.7187774330190828,14.0,411
qmsum,0.8,snapkv,16,1.646090534979424,0.9595959595959596,0.9837288135593221,1,1,6,0.6280543893281777,8.0,403
qmsum,0.8,snapkv,17,4.232804232804233,0.7777777777777778,0.8497854077253219,1,1,28,0.7373350980229646,13.0,427
qmsum,0.8,snapkv,18,5.825242718446602,0.0,0.45135135135135135,0,0,,0.708152733282113,15.0,397
qmsum,0.8,snapkv,19,6.896551724137931,0.39204545454545453,0.7130841121495327,1,1,19,0.7853499127939776,15.0,426
qmsum,0.8,snapkv,20,6.829268292682928,0.6994535519125683,0.8324607329842932,1,1,17,0.680067679723063,16.0,402
qmsum,0.8,snapkv,21,10.42654028436019,0.0,0.21030042918454936,0,0,,0.7691362307141261,17.0,409
qmsum,0.8,snapkv,22,4.285714285714286,0.12598425196850394,0.5187353629976581,0,0,25,0.7346172000395615,13.0,431
qmsum,0.8,snapkv,23,9.30232558139535,0.0,0.2054794520547945,0,0,,0.6789641616269898,14.0,375
qmsum,0.8,snapkv,24,13.333333333333334,0.058823529411764705,0.40096618357487923,0,0,0,0.7412075996994667,14.0,426
qmsum,0.8,snapkv,25,5.405405405405405,0.810126582278481,0.9957983193277311,1,1,3,0.6931084724010033,13.0,405
qmsum,0.8,snapkv,26,7.936507936507936,0.6994535519125683,0.8324607329842932,1,1,17,0.680067679723063,16.0,402
qmsum,0.8,snapkv,27,8.383233532934131,0.7142857142857143,0.9438596491228071,1,1,12,0.7705003776368412,15.0,401
qmsum,0.8,snapkv,28,5.5813953488372094,0.4175824175824176,0.6422454804947669,1,1,19,0.7525759091337407,14.0,419
qmsum,0.8,snapkv,29,6.101694915254237,0.9595959595959596,0.9837288135593221,1,1,6,0.6280543893281777,8.0,403
qmsum,0.8,snapkv,30,7.2727272727272725,0.574585635359116,0.8169014084507042,1,1,13,0.7323945871743298,14.0,412
qmsum,0.8,snapkv,31,15.09433962264151,0.4642857142857143,0.9642857142857143,1,1,0,0.7519750468791384,15.0,390
qmsum,0.8,snapkv,32,10.344827586206899,0.6559139784946236,0.9060987415295256,1,1,6,0.7091462163125194,18.0,434
qmsum,0.8,snapkv,33,12.698412698412698,0.5026455026455027,0.838599487617421,1,1,20,0.7739778941817502,14.0,393
qmsum,0.8,snapkv,34,0.0,0.8985507246376812,1.0,1,1,0,0.7432664118603399,16.0,392
qmsum,0.8,snapkv,35,5.128205128205129,0.6994535519125683,0.8324607329842932,1,1,17,0.680067679723063,16.0,402
qmsum,0.8,snapkv,36,8.333333333333334,0.6994535519125683,0.8324607329842932,1,1,17,0.680067679723063,16.0,402
qmsum,0.8,snapkv,37,9.836065573770494,0.4642857142857143,0.9642857142857143,1,1,0,0.7519750468791384,15.0,390
qmsum,0.8,snapkv,38,10.071942446043165,0.0,0.3663716814159292,0,0,,0.7212830847580384,14.0,411
qmsum,0.8,snapkv,39,9.090909090909092,0.574585635359116,0.8169014084507042,1,1,13,0.7323945871743298,14.0,412
qmsum,0.8,snapkv,40,0.0,0.9647058823529412,1.0,1,1,0,0.7038501934910298,21.0,405
qmsum,0.8,snapkv,41,9.205020920502092,0.5026455026455027,0.838599487617421,1,1,20,0.7739778941817502,14.0,393
qmsum,0.8,snapkv,42,6.315789473684211,0.0,0.45135135135135135,0,0,,0.708152733282113,15.0,397
qmsum,0.8,snapkv,43,0.0,0.9647058823529412,1.0,1,1,0,0.6898437047704423,15.0,394
qmsum,0.8,snapkv,44,1.4184397163120568,0.8985507246376812,1.0,1,1,0,0.7432664118603399,16.0,392
qmsum,0.8,snapkv,45,0.9345794392523363,0.9595375722543352,1.0,1,1,0,0.669047533430744,14.0,403
qmsum,0.8,snapkv,46,0.0,0.9595375722543352,1.0,1,1,0,0.669047533430744,14.0,403
qmsum,0.8,snapkv,47,1.2658227848101267,0.8647058823529412,0.9989583333333333,1,1,6,0.6905774754158721,13.0,408
qmsum,0.8,snapkv,48,6.593406593406594,0.0,0.45135135135135135,0,0,,0.708152733282113,15.0,397
qmsum,0.8,snapkv,49,9.876543209876543,0.5026455026455027,0.838599487617421,1,1,20,0.7739778941817502,14.0,393
qmsum,0.8,pyramidkv,0,6.329113924050632,0.702247191011236,0.9301270417422868,1,1,7,0.40744978485012956,5.0,404
qmsum,0.8,pyramidkv,1,0.0,0.9192546583850931,1.0,1,1,0,0.4113372776459944,6.0,407
qmsum,0.8,pyramidkv,2,4.137931034482759,0.9119496855345912,0.9883474576271186,1,1,2,0.38683000676272195,5.0,411
qmsum,0.8,pyramidkv,3,1.9704433497536946,0.8975903614457831,1.0,1,1,6,0.4058626359425205,5.0,397
qmsum,0.8,pyramidkv,4,3.3707865168539324,0.7471910112359551,0.9242579324462641,1,1,8,0.4058660441434404,6.0,393
qmsum,0.8,pyramidkv,5,1.0582010582010581,0.7440476190476191,0.8664085188770572,1,1,29,0.3810522157444663,5.0,417
qmsum,0.8,pyramidkv,6,1.1976047904191618,0.9431818181818182,0.9887218045112782,1,1,2,0.4048502514224925,5.0,395
qmsum,0.8,pyramidkv,7,2.4844720496894412,0.875,0.9655172413793104,1,1,7,0.43658662456946584,5.0,422
qmsum,0.8,pyramidkv,8,3.703703703703704,0.8448275862068966,0.9457221711131555,1,1,12,0.3712137483653938,4.0,405
qmsum,0.8,pyramidkv,9,6.024096385542169,0.27741935483870966,0.7033985581874357,0,1,15,0.3970585219273482,5.0,408
qmsum,0.8,pyramidkv,10,1.01010101010101,0.8611111111111112,0.9250814332247557,1,1,15,0.3728267998837571,4.0,424
qmsum,0.8,pyramidkv,11,1.2048192771084338,0.875,0.9655172413793104,1,1,7,0.43658662456946584,5.0,422
qmsum,0.8,pyramidkv,12,5.2631578947368425,0.9389312977099237,0.9655688622754491,1,1,3,0.4328488106202999,6.0,411
qmsum,0.8,pyramidkv,13,7.291666666666667,0.7530864197530864,1.0,1,1,21,0.42063458682958654,8.0,405
qmsum,0.8,pyramidkv,14,19.35483870967742,0.23668639053254437,0.7651821862348178,0,1,0,0.4222557438363302,7.0,416
qmsum,0.8,pyramidkv,15,15.261044176706825,0.5483870967741935,0.7656108597285067,1,1,44,0.40927513117298964,6.0,407
qmsum,0.8,pyramidkv,16,13.872832369942198,0.27741935483870966,0.7033985581874357,0,1,15,0.3970585219273482,5.0,408
qmsum,0.8,pyramidkv,17,1.8691588785046724,0.8611111111111112,0.9250814332247557,1,1,15,0.3728267998837571,4.0,424
qmsum,0.8,pyramidkv,18,4.347826086956522,0.9444444444444444,1.0,1,1,0,0.41452775931827596,7.0,404
qmsum,0.8,pyramidkv,19,3.0000000000000004,0.875,0.9655172413793104,1,1,7,0.43658662456946584,5.0,422
qmsum,0.8,pyramidkv,20,3.2608695652173907,0.8098159509202454,0.8931068931068931,1,1,22,0.3983753423635908,6.0,404
qmsum,0.8,pyramidkv,21,2.1621621621621623,0.9117647058823529,0.9924487594390508,1,1,3,0.42226293881863525,5.0,419
qmsum,0.8,pyramidkv,22,1.197604790419162,0.7440476190476191,0.8664085188770572,1,1,29,0.3810522157444663,5.0,417
qmsum,0.8,pyramidkv,23,4.25531914893617,0.8975903614457831,1.0,1,1,6,0.4058626359425205,5.0,397
qmsum,0.8,pyramidkv,24,15.286624203821656,0.2345679012345679,0.5699588477366255,0,0,20,0.40884926052147746,6.0,416
qmsum,0.8,pyramidkv,25,3.428571428571429,0.9333333333333333,0.9881081081081081,1,1,2,0.41464911721819386,5.0,412
qmsum,0.8,pyramidkv,26,6.0606060606060606,0.8098159509202454,0.8931068931068931,1,1,22,0.3983753423635908,6.0,404
qmsum,0.8,pyramidkv,27,0.0,0.9431818181818182,0.9887218045112782,1,1,2,0.4048502514224925,5.0,395
qmsum,0.8,pyramidkv,28,3.7209302325581395,0.7891891891891892,0.8872377622377622,1,1,9,0.4195031376144059,6.0,404
qmsum,0.8,pyramidkv,29,23.111111111111114,0.27741935483870966,0.7033985581874357,0,1,15,0.3970585219273482,5.0,408
qmsum,0.8,pyramidkv,30,0.0,0.9192546583850931,1.0,1,1,0,0.4113372776459944,6.0,407
qmsum,0.8,pyramidkv,31,8.333333333333332,0.3496932515337423,0.6954206602768903,1,1,1,0.426153137151654,5.0,400
qmsum,0.8,pyramidkv,32,4.225352112676056,0.935064935064935,0.9859437751004017,1,1,3,0.4173221805368938,6.0,420
qmsum,0.8,pyramidkv,33,7.650273224043715,0.9389312977099237,0.9655688622754491,1,1,3,0.4328488106202999,6.0,411
qmsum,0.8,pyramidkv,34,3.896103896103896,0.8681318681318682,0.9587719298245614,1,1,12,0.3818456786979584,5.0,387
qmsum,0.8,pyramidkv,35,3.4482758620689653,0.8098159509202454,0.8931068931068931,1,1,22,0.3983753423635908,6.0,404
qmsum,0.8,pyramidkv,36,3.0769230769230775,0.8098159509202454,0.8931068931068931,1,1,22,0.3983753423635908,6.0,404
qmsum,0.8,pyramidkv,37,4.545454545454546,0.3496932515337423,0.6954206602768903,1,1,1,0.426153137151654,5.0,400
qmsum,0.8,pyramidkv,38,5.128205128205128,0.7530864197530864,1.0,1,1,21,0.42063458682958654,8.0,405
qmsum,0.8,pyramidkv,39,4.694835680751173,0.9192546583850931,1.0,1,1,0,0.4113372776459944,6.0,407
qmsum,0.8,pyramidkv,40,7.920792079207921,0.7471910112359551,0.9242579324462641,1,1,8,0.4058660441434404,6.0,393
qmsum,0.8,pyramidkv,41,0.0,0.9389312977099237,0.9655688622754491,1,1,3,0.4328488106202999,6.0,411
qmsum,0.8,pyramidkv,42,2.2727272727272725,0.9444444444444444,1.0,1,1,0,0.41452775931827596,7.0,404
qmsum,0.8,pyramidkv,43,9.574468085106384,0.48554913294797686,0.9226006191950464,1,1,23,0.4045272024240253,5.0,402
qmsum,0.8,pyramidkv,44,2.877697841726619,0.8681318681318682,0.9587719298245614,1,1,12,0.3818456786979584,5.0,387
qmsum,0.8,pyramidkv,45,12.658227848101266,0.5536723163841808,0.8057482656095144,1,1,11,0.4141578844305449,6.0,394
qmsum,0.8,pyramidkv,46,8.465608465608467,0.5536723163841808,0.8057482656095144,1,1,11,0.4141578844305449,6.0,394
qmsum,0.8,pyramidkv,47,2.285714285714286,0.702247191011236,0.9301270417422868,1,1,7,0.40744978485012956,5.0,404
qmsum,0.8,pyramidkv,48,1.1627906976744187,0.9444444444444444,1.0,1,1,0,0.41452775931827596,7.0,404
qmsum,0.8,pyramidkv,49,1.1494252873563218,0.9389312977099237,0.9655688622754491,1,1,3,0.4328488106202999,6.0,411
qmsum,0.8,adakv,0,6.329113924050632,0.702247191011236,0.9301270417422868,1,1,7,0.40744978485012956,5.0,404
qmsum,0.8,adakv,1,0.0,0.9192546583850931,1.0,1,1,0,0.4113372776459944,6.0,407
qmsum,0.8,adakv,2,4.137931034482759,0.9119496855345912,0.9883474576271186,1,1,2,0.38683000676272195,5.0,411
qmsum,0.8,adakv,3,1.9704433497536946,0.8975903614457831,1.0,1,1,6,0.4058626359425205,5.0,397
qmsum,0.8,adakv,4,3.3707865168539324,0.7471910112359551,0.9242579324462641,1,1,8,0.4058660441434404,6.0,393
qmsum,0.8,adakv,5,1.0582010582010581,0.7440476190476191,0.8664085188770572,1,1,29,0.3810522157444663,5.0,417
qmsum,0.8,adakv,6,1.1976047904191618,0.9431818181818182,0.9887218045112782,1,1,2,0.4048502514224925,5.0,395
qmsum,0.8,adakv,7,2.4844720496894412,0.875,0.9655172413793104,1,1,7,0.43658662456946584,5.0,422
qmsum,0.8,adakv,8,3.703703703703704,0.8448275862068966,0.9457221711131555,1,1,12,0.3712137483653938,4.0,405
qmsum,0.8,adakv,9,6.024096385542169,0.27741935483870966,0.7033985581874357,0,1,15,0.3970585219273482,5.0,408
qmsum,0.8,adakv,10,1.01010101010101,0.8611111111111112,0.9250814332247557,1,1,15,0.3728267998837571,4.0,424
qmsum,0.8,adakv,11,1.2048192771084338,0.875,0.9655172413793104,1,1,7,0.43658662456946584,5.0,422
qmsum,0.8,adakv,12,5.2631578947368425,0.9389312977099237,0.9655688622754491,1,1,3,0.4328488106202999,6.0,411
qmsum,0.8,adakv,13,7.291666666666667,0.7530864197530864,1.0,1,1,21,0.42063458682958654,8.0,405
qmsum,0.8,adakv,14,19.35483870967742,0.23668639053254437,0.7651821862348178,0,1,0,0.4222557438363302,7.0,416
qmsum,0.8,adakv,15,15.261044176706825,0.5483870967741935,0.7656108597285067,1,1,44,0.40927513117298964,6.0,407
qmsum,0.8,adakv,16,13.872832369942198,0.27741935483870966,0.7033985581874357,0,1,15,0.3970585219273482,5.0,408
qmsum,0.8,adakv,17,1.8691588785046724,0.8611111111111112,0.9250814332247557,1,1,15,0.3728267998837571,4.0,424
qmsum,0.8,adakv,18,4.347826086956522,0.9444444444444444,1.0,1,1,0,0.41452775931827596,7.0,404
qmsum,0.8,adakv,19,3.0000000000000004,0.875,0.9655172413793104,1,1,7,0.43658662456946584,5.0,422
qmsum,0.8,adakv,20,3.2608695652173907,0.8098159509202454,0.8931068931068931,1,1,22,0.3983753423635908,6.0,404
qmsum,0.8,adakv,21,2.1621621621621623,0.9117647058823529,0.9924487594390508,1,1,3,0.42226293881863525,5.0,419
qmsum,0.8,adakv,22,1.197604790419162,0.7440476190476191,0.8664085188770572,1,1,29,0.3810522157444663,5.0,417
qmsum,0.8,adakv,23,4.25531914893617,0.8975903614457831,1.0,1,1,6,0.4058626359425205,5.0,397
qmsum,0.8,adakv,24,15.286624203821656,0.2345679012345679,0.5699588477366255,0,0,20,0.40884926052147746,6.0,416
qmsum,0.8,adakv,25,3.428571428571429,0.9333333333333333,0.9881081081081081,1,1,2,0.41464911721819386,5.0,412
qmsum,0.8,adakv,26,6.0606060606060606,0.8098159509202454,0.8931068931068931,1,1,22,0.3983753423635908,6.0,404
qmsum,0.8,adakv,27,0.0,0.9431818181818182,0.9887218045112782,1,1,2,0.4048502514224925,5.0,395
qmsum,0.8,adakv,28,3.7209302325581395,0.7891891891891892,0.8872377622377622,1,1,9,0.4195031376144059,6.0,404
qmsum,0.8,adakv,29,23.111111111111114,0.27741935483870966,0.7033985581874357,0,1,15,0.3970585219273482,5.0,408
qmsum,0.8,adakv,30,0.0,0.9192546583850931,1.0,1,1,0,0.4113372776459944,6.0,407
qmsum,0.8,adakv,31,8.333333333333332,0.3496932515337423,0.6954206602768903,1,1,1,0.426153137151654,5.0,400
qmsum,0.8,adakv,32,4.225352112676056,0.935064935064935,0.9859437751004017,1,1,3,0.4173221805368938,6.0,420
qmsum,0.8,adakv,33,7.650273224043715,0.9389312977099237,0.9655688622754491,1,1,3,0.4328488106202999,6.0,411
qmsum,0.8,adakv,34,3.896103896103896,0.8681318681318682,0.9587719298245614,1,1,12,0.3818456786979584,5.0,387
qmsum,0.8,adakv,35,3.4482758620689653,0.8098159509202454,0.8931068931068931,1,1,22,0.3983753423635908,6.0,404
qmsum,0.8,adakv,36,3.0769230769230775,0.8098159509202454,0.8931068931068931,1,1,22,0.3983753423635908,6.0,404
qmsum,0.8,adakv,37,4.545454545454546,0.3496932515337423,0.6954206602768903,1,1,1,0.426153137151654,5.0,400
qmsum,0.8,adakv,38,5.128205128205128,0.7530864197530864,1.0,1,1,21,0.42063458682958654,8.0,405
qmsum,0.8,adakv,39,4.694835680751173,0.9192546583850931,1.0,1,1,0,0.4113372776459944,6.0,407
qmsum,0.8,adakv,40,7.920792079207921,0.7471910112359551,0.9242579324462641,1,1,8,0.4058660441434404,6.0,393
qmsum,0.8,adakv,41,0.0,0.9389312977099237,0.9655688622754491,1,1,3,0.4328488106202999,6.0,411
qmsum,0.8,adakv,42,2.2727272727272725,0.9444444444444444,1.0,1,1,0,0.41452775931827596,7.0,404
qmsum,0.8,adakv,43,9.574468085106384,0.48554913294797686,0.9226006191950464,1,1,23,0.4045272024240253,5.0,402
qmsum,0.8,adakv,44,2.877697841726619,0.8681318681318682,0.9587719298245614,1,1,12,0.3818456786979584,5.0,387
qmsum,0.8,adakv,45,12.658227848101266,0.5536723163841808,0.8057482656095144,1,1,11,0.4141578844305449,6.0,394
qmsum,0.8,adakv,46,8.465608465608467,0.5536723163841808,0.8057482656095144,1,1,11,0.4141578844305449,6.0,394
qmsum,0.8,adakv,47,2.285714285714286,0.702247191011236,0.9301270417422868,1,1,7,0.40744978485012956,5.0,404
qmsum,0.8,adakv,48,1.1627906976744187,0.9444444444444444,1.0,1,1,0,0.41452775931827596,7.0,404
qmsum,0.8,adakv,49,1.1494252873563218,0.9389312977099237,0.9655688622754491,1,1,3,0.4328488106202999,6.0,411
qmsum,0.8,ours,0,7.792207792207792,0.0,0.3888888888888889,0,0,,0.4617332275151454,7.0,497
qmsum,0.8,ours,1,13.471502590673575,0.03636363636363636,0.43768400392541706,0,0,55,0.46376116246746124,7.0,499
qmsum,0.8,ours,2,8.510638297872342,0.05042016806722689,0.4582278481012658,0,0,61,0.4949934780885807,7.0,497
qmsum,0.8,ours,3,11.347517730496454,0.024096385542168676,0.43315508021390375,0,0,10,0.4730736290346424,9.0,499
qmsum,0.8,ours,4,4.166666666666667,0.032,0.4371859296482412,0,0,70,0.45608263374017777,7.0,499
qmsum,0.8,ours,5,3.2432432432432425,0.007246376811594203,0.32222222222222224,0,0,100,0.499616974477968,9.0,500
qmsum,0.8,ours,6,7.51173708920188,0.5084745762711864,0.7255460588793922,1,1,27,0.5140227303138855,9.0,498
qmsum,0.8,ours,7,3.680981595092024,0.0875,0.5124875124875125,0,0,36,0.5012158866702254,7.0,500
qmsum,0.8,ours,8,7.142857142857142,0.18446601941747573,0.6367583212735166,0,0,34,0.481678676112722,7.0,500
qmsum,0.8,ours,9,10.0,0.041237113402061855,0.36688311688311687,0,0,5,0.46509612063377775,6.0,499
qmsum,0.8,ours,10,8.187134502923977,0.023255813953488372,0.591321897073663,0,0,8,0.47128844120343644,7.0,497
qmsum,0.8,ours,11,5.9523809523809526,0.0875,0.5124875124875125,0,0,36,0.5012158866702254,7.0,500
qmsum,0.8,ours,12,13.592233009708737,0.045454545454545456,0.5281933256616801,0,0,18,0.4913451449633854,8.0,499
qmsum,0.8,ours,13,8.917197452229301,0.0,0.24484181568088034,0,0,,0.47703920009560186,9.0,500
qmsum,0.8,ours,14,19.35483870967742,0.28488372093023256,0.6301775147928994,0,0,15,0.4749740322203613,6.0,496
qmsum,0.8,ours,15,16.0,0.046242774566473986,0.3913840513290559,0,0,74,0.46961842613777044,7.0,500
qmsum,0.8,ours,16,12.598425196850393,0.041237113402061855,0.36688311688311687,0,0,5,0.46509612063377775,6.0,499
qmsum,0.8,ours,17,17.11229946524064,0.023255813953488372,0.591321897073663,0,0,8,0.47128844120343644,7.0,497
qmsum,0.8,ours,18,4.901960784313726,0.19653179190751446,0.7070610687022901,0,1,22,0.4685831730472115,8.0,499
qmsum,0.8,ours,19,8.91089108910891,0.0875,0.5124875124875125,0,0,36,0.5012158866702254,7.0,500
qmsum,0.8,ours,20,13.333333333333334,0.0,0.23091603053435114,0,0,,0.4769067240357051,6.0,496
qmsum,0.8,ours,21,9.852216748768473,0.6568047337278107,0.9183864915572233,1,1,18,0.45410389052260763,5.0,500
qmsum,0.8,ours,22,2.45398773006135,0.007246376811594203,0.32222222222222224,0,0,100,0.499616974477968,9.0,500
qmsum,0.8,ours,23,9.523809523809526,0.024096385542168676,0.43315508021390375,0,0,10,0.4730736290346424,9.0,499
qmsum,0.8,ours,24,16.75392670157068,0.034482758620689655,0.4107946026986507,0,0,4,0.4709899858488434,8.0,500
qmsum,0.8,ours,25,3.592814371257485,0.3236994219653179,0.7240704500978473,1,1,17,0.46754525501440974,6.0,500
qmsum,0.8,ours,26,16.766467065868266,0.0,0.23091603053435114,0,0,,0.4769067240357051,6.0,496
qmsum,0.8,ours,27,9.70873786407767,0.5084745762711864,0.7255460588793922,1,1,27,0.5140227303138855,9.0,498
qmsum,0.8,ours,28,4.8543689320388355,0.06470588235294118,0.5380859375,0,0,26,0.468288139401715,6.0,497
qmsum,0.8,ours,29,23.463687150837988,0.041237113402061855,0.36688311688311687,0,0,5,0.46509612063377775,6.0,499
qmsum,0.8,ours,30,13.157894736842108,0.03636363636363636,0.43768400392541706,0,0,55,0.46376116246746124,7.0,499
qmsum,0.8,ours,31,7.317073170731707,0.1901840490797546,0.6808134394341291,0,0,36,0.4554234496884627,6.0,500
qmsum,0.8,ours,32,9.142857142857142,0.12643678160919541,0.6308139534883721,0,0,18,0.47221438555851347,11.0,500
qmsum,0.8,ours,33,14.07035175879397,0.045454545454545456,0.5281933256616801,0,0,18,0.4913451449633854,8.0,499
qmsum,0.8,ours,34,4.026845637583893,0.015384615384615385,0.2608187134502924,0,0,19,0.492562775958323,8.0,500
qmsum,0.8,ours,35,12.727272727272728,0.0,0.23091603053435114,0,0,,0.4769067240357051,6.0,496
qmsum,0.8,ours,36,16.793893129770993,0.0,0.23091603053435114,0,0,,0.4769067240357051,6.0,496
qmsum,0.8,ours,37,8.139534883720929,0.1901840490797546,0.6808134394341291,0,0,36,0.4554234496884627,6.0,500
qmsum,0.8,ours,38,10.000000000000002,0.0,0.24484181568088034,0,0,,0.47703920009560186,9.0,500
qmsum,0.8,ours,39,16.800000000000004,0.03636363636363636,0.43768400392541706,0,0,55,0.46376116246746124,7.0,499
qmsum,0.8,ours,40,8.333333333333332,0.032,0.4371859296482412,0,0,70,0.45608263374017777,7.0,499
qmsum,0.8,ours,41,10.75268817204301,0.045454545454545456,0.5281933256616801,0,0,18,0.4913451449633854,8.0,499
qmsum,0.8,ours,42,5.1020408163265305,0.19653179190751446,0.7070610687022901,0,1,22,0.4685831730472115,8.0,499
qmsum,0.8,ours,43,6.829268292682928,0.03954802259887006,0.508130081300813,0,0,92,0.4732575315156577,7.0,498
qmsum,0.8,ours,44,4.477611940298508,0.015384615384615385,0.2608187134502924,0,0,19,0.492562775958323,8.0,500
qmsum,0.8,ours,45,16.037735849056602,0.07333333333333333,0.40904079382579933,0,0,15,0.4689226685992371,6.0,499
qmsum,0.8,ours,46,10.975609756097562,0.07333333333333333,0.40904079382579933,0,0,15,0.4689226685992371,6.0,499
qmsum,0.8,ours,47,0.0,0.0,0.3888888888888889,0,0,,0.4617332275151454,7.0,497
qmsum,0.8,ours,48,7.291666666666666,0.19653179190751446,0.7070610687022901,0,1,22,0.4685831730472115,8.0,499
qmsum,0.8,ours,49,10.526315789473685,0.045454545454545456,0.5281933256616801,0,0,18,0.4913451449633854,8.0,499
gov_report,0.8,streaming,0,16.64050235478807,0.0440251572327044,0.3920863309352518,0,0,58,15.355527223146714,1474.0,500
gov_report,0.8,streaming,1,13.20049813200498,0.018867924528301886,0.40555058191584603,0,0,107,16.071097131895275,1615.0,500
gov_report,0.8,streaming,2,11.161387631975867,0.014492753623188406,0.377212389380531,0,0,73,22.628302438707095,3201.0,500
gov_report,0.8,streaming,3,13.518197573656845,0.052980132450331126,0.4420955882352941,0,0,2,22.628302438707095,3201.0,500
gov_report,0.8,streaming,4,12.436548223350254,0.0,0.3052959501557632,0,0,,20.485510359008007,2623.0,500
gov_report,0.8,streaming,5,13.753581661891118,0.0,0.3381818181818182,0,0,,22.509912933878613,3167.0,500
gov_report,0.8,streaming,6,14.826021180030255,0.007246376811594203,0.3936269915651359,0,0,130,19.873200628331574,2469.0,500
gov_report,0.8,streaming,7,12.627986348122866,0.028368794326241134,0.35774647887323946,0,0,23,22.628302438707095,3201.0,500
gov_report,0.8,streaming,8,12.106537530266344,0.00641025641025641,0.37124060150375937,0,0,27,19.424729948015422,2359.0,500
gov_report,0.8,streaming,9,14.678899082568805,0.03546099290780142,0.4099009900990099,0,0,14,22.628302438707095,3201.0,500
gov_report,0.8,streaming,10,12.765957446808512,0.0,0.31496062992125984,0,0,,16.41170816310608,1684.0,500
gov_report,0.8,streaming,11,18.740399385560675,0.014925373134328358,0.361587982832618,0,0,98,14.442722548642317,1304.0,500
gov_report,0.8,streaming,12,12.429378531073446,0.007575757575757576,0.32189349112426036,0,0,44,15.654782440755072,1532.0,500
gov_report,0.8,streaming,13,11.653543307086613,0.014084507042253521,0.36,0,0,7,20.575133693358545,2646.0,500
gov_report,0.8,streaming,14,15.77981651376147,0.032,0.4514038876889849,0,0,22,15.893149656727001,1579.0,500
gov_report,0.8,streaming,15,24.316109422492403,0.0136986301369863,0.2870275791624106,0,0,1,10.679723258594665,713.0,500
gov_report,0.8,streaming,16,14.393939393939393,0.006289308176100629,0.3843447669305189,0,0,69,9.610432526979924,578.0,500
gov_report,0.8,streaming,17,13.279132791327914,0.013422818791946308,0.281648675171737,0,0,10,10.22704647671586,654.0,500
gov_report,0.8,streaming,18,13.503649635036496,0.024193548387096774,0.38559814169570267,0,0,10,13.770991271275717,1186.0,500
gov_report,0.8,streaming,19,14.23076923076923,0.0064516129032258064,0.26859903381642514,0,0,67,17.239029585304433,1858.0,500
gov_report,0.8,streaming,20,16.721311475409838,0.014925373134328358,0.36555891238670696,0,0,6,21.45600380129461,2878.0,500
gov_report,0.8,streaming,21,13.404825737265416,0.007352941176470588,0.30912659470068693,0,0,36,19.93289119082427,2484.0,500
gov_report,0.8,streaming,22,13.728549141965676,0.0,0.3641488162344983,0,0,,19.876622483546974,2470.0,500
gov_report,0.8,streaming,23,14.263565891472869,0.007142857142857143,0.30048780487804877,0,0,34,12.377734088405736,958.0,500
gov_report,0.8,streaming,24,13.424657534246572,0.006578947368421052,0.33239962651727356,0,0,29,14.54758455606012,1323.0,500
gov_report,0.8,streaming,25,20.284697508896798,0.0,0.3433962264150943,0,0,,18.22262793320088,2076.0,500
gov_report,0.8,streaming,26,13.253012048192769,0.04938271604938271,0.5142332415059688,0,0,53,20.83670094361756,2714.0,500
gov_report,0.8,streaming,27,12.0617110799439,0.015037593984962405,0.31407563025210083,0,0,67,19.79313421109178,2449.0,500
gov_report,0.8,streaming,28,14.095744680851062,0.0,0.2550921435499515,0,0,,17.562236199998168,1928.0,500
gov_report,0.8,streaming,29,20.036429872495447,0.0,0.30990415335463256,0,0,,14.171808503738003,1256.0,500
gov_report,0.8,streaming,30,9.549071618037134,0.0,0.25853658536585367,0,0,,22.495158042189598,3163.0,500
gov_report,0.8,streaming,31,11.15335868187579,0.0,0.23671013039117353,0,0,,14.42914454710602,1302.0,500
gov_report,0.8,streaming,32,19.124797406807133,0.031496062992125984,0.42217484008528783,0,0,2,16.33842557916193,1669.0,500
gov_report,0.8,streaming,33,9.414758269720101,0.039735099337748346,0.4609015639374425,0,0,1,16.115835101479423,1624.0,500
gov_report,0.8,streaming,34,15.918958031837915,0.02531645569620253,0.3339130434782609,0,0,11,22.1314270497851,3062.0,500
gov_report,0.8,streaming,35,15.384615384615385,0.0,0.3472727272727273,0,0,,21.125341970582234,2790.0,500
gov_report,0.8,streaming,36,17.297297297297295,0.013157894736842105,0.3512014787430684,0,0,26,13.660168844181225,1167.0,500
gov_report,0.8,streaming,37,18.42105263157895,0.0547945205479452,0.4837251356238698,0,0,2,18.04173212297619,2035.0,500
gov_report,0.8,streaming,38,15.835777126099707,0.07051282051282051,0.4657650042265427,0,0,32,22.628302438707095,3201.0,500
gov_report,0.8,streaming,39,14.232209737827715,0.0,0.29338103756708406,0,0,,9.298627841046775,541.0,500
gov_report,0.8,streaming,40,11.011904761904761,0.0,0.3262752646775746,0,0,,21.14918699190869,2796.0,500
gov_report,0.8,streaming,41,14.76510067114094,0.0,0.3720136518771331,0,0,,17.231139335033827,1856.0,500
gov_report,0.8,streaming,42,13.243243243243244,0.013157894736842105,0.2750217580504787,0,0,43,16.73655178017772,1751.0,500
gov_report,0.8,streaming,43,14.983713355048861,0.0,0.2561436672967864,0,0,,22.628302438707095,3201.0,500
gov_report,0.8,streaming,44,13.309982486865149,0.014388489208633094,0.3370110330992979,0,0,65,16.431194302989827,1688.0,500
gov_report,0.8,streaming,45,18.64139020537125,0.015151515151515152,0.28661749209694415,0,0,32,22.628302438707095,3201.0,500
gov_report,0.8,streaming,46,13.540197461212975,0.01282051282051282,0.373109243697479,0,0,24,14.423598287024177,1301.0,500
gov_report,0.8,streaming,47,15.66265060240964,0.016666666666666666,0.3104294478527607,0,0,15,11.50792728039921,828.0,500
gov_report,0.8,streaming,48,15.146299483648882,0.0,0.28353948620361563,0,0,,16.772601313453517,1759.0,500
gov_report,0.8,streaming,49,14.75128644939966,0.0,0.25502008032128515,0,0,,14.573407171567066,1328.0,500
gov_report,0.8,h2o,0,11.042944785276074,0.8228571428571428,0.9419831223628692,1,1,8,0.40433439122071735,5.0,401
gov_report,0.8,h2o,1,17.68368617683686,0.06918238993710692,0.5228699551569507,0,0,8,0.41058958029541015,5.0,406
gov_report,0.8,h2o,2,19.04761904761905,0.4645161290322581,0.7449947312961012,1,1,9,0.41340637968301397,5.0,440
gov_report,0.8,h2o,3,12.406015037593985,0.05660377358490566,0.47058823529411764,0,0,25,0.40768135938962363,5.0,397
gov_report,0.8,h2o,4,10.880829015544041,0.13043478260869565,0.5485232067510548,0,0,10,0.3997643187392948,4.0,415
gov_report,0.8,h2o,5,12.536728697355533,0.06716417910447761,0.46853823814133594,0,0,41,0.40483119029785053,4.0,408
gov_report,0.8,h2o,6,12.816691505216097,0.02,0.4604255319148936,0,0,15,0.39602049516877114,4.0,433
gov_report,0.8,h2o,7,21.31979695431472,0.24324324324324326,0.5488029465930019,0,0,29,0.40878384532635903,5.0,389
gov_report,0.8,h2o,8,13.3492252681764,0.022727272727272728,0.4431137724550898,0,0,35,0.4032582209722253,5.0,414
gov_report,0.8,h2o,9,15.030674846625766,0.7465753424657534,0.9490740740740741,1,1,8,0.4102491849977983,5.0,421
gov_report,0.8,h2o,10,14.469453376205788,0.04225352112676056,0.5492537313432836,0,0,72,0.40559581493238506,5.0,404
gov_report,0.8,h2o,11,21.05263157894737,0.01282051282051282,0.43208661417322836,0,0,72,0.4088983691394002,5.0,397
gov_report,0.8,h2o,12,14.207650273224044,0.03773584905660377,0.45314009661835747,0,0,70,0.3996828825735629,4.0,416
gov_report,0.8,h2o,13,14.756671899529042,0.020689655172413793,0.3713389121338912,0,0,28,0.40054143020660216,5.0,416
gov_report,0.8,h2o,14,15.636363636363635,0.047619047619047616,0.5344295991778006,0,0,61,0.4156508357816501,6.0,405
gov_report,0.8,h2o,15,24.929178470254957,0.5748502994011976,0.7815356489945156,1,1,17,0.38812370750164304,5.0,400
gov_report,0.8,h2o,16,13.144329896907218,0.0410958904109589,0.3446019629225736,0,0,9,0.4013201136241882,4.0,400
gov_report,0.8,h2o,17,17.333333333333336,0.0064516129032258064,0.2842003853564547,0,0,59,0.41240627640592425,5.0,400
gov_report,0.8,h2o,18,19.813084112149532,0.02608695652173913,0.43366093366093367,0,0,53,0.4066666170651386,4.0,395
gov_report,0.8,h2o,19,20.948616600790515,0.11188811188811189,0.44379391100702575,0,0,22,0.3978285215760097,4.0,408
gov_report,0.8,h2o,20,10.223642172523963,0.8547486033519553,0.9428284854563691,1,1,4,0.4076318600296485,4.0,407
gov_report,0.8,h2o,21,10.796221322537113,0.024390243902439025,0.44823906083244397,0,0,13,0.4079225317185874,5.0,399
gov_report,0.8,h2o,22,7.738095238095238,0.47368421052631576,0.6750261233019854,1,1,72,0.40264969959077507,4.0,416
gov_report,0.8,h2o,23,22.35649546827794,0.3625,0.8079150579150579,1,1,1,0.41011826843579374,5.0,402
gov_report,0.8,h2o,24,15.510204081632653,0.033112582781456956,0.4093886462882096,0,0,28,0.3920213816600472,4.0,381
gov_report,0.8,h2o,25,19.52054794520548,0.5574712643678161,0.8613199665831245,1,1,12,0.41247449032876227,5.0,402
gov_report,0.8,h2o,26,14.803625377643506,0.03773584905660377,0.3870967741935484,0,0,52,0.4042534319868615,5.0,411
gov_report,0.8,h2o,27,12.027972027972028,0.6111111111111112,0.9459193706981318,1,1,9,0.40067263913220996,4.0,416
gov_report,0.8,h2o,28,15.059445178335535,0.034482758620689655,0.427394438722966,0,0,45,0.40501259106154797,4.0,403
gov_report,0.8,h2o,29,12.589928057553957,0.02158273381294964,0.4214876033057851,0,0,45,0.41383977865770694,6.0,405
gov_report,0.8,h2o,30,10.296010296010296,0.03592814371257485,0.3900452488687783,0,0,57,0.406764893145039,5.0,424
gov_report,0.8,h2o,31,10.498687664041995,0.017391304347826087,0.3416075650118203,0,0,6,0.4104460285899743,6.0,398
gov_report,0.8,h2o,32,11.092436974789916,0.37719298245614036,0.5126903553299492,1,1,66,0.3970079936073269,6.0,447
gov_report,0.8,h2o,33,16.897856242118536,0.1728395061728395,0.595260663507109,0,0,39,0.4063971835566944,5.0,395
gov_report,0.8,h2o,34,13.411078717201166,0.07792207792207792,0.39165009940357853,0,0,22,0.4099919751291953,5.0,398
gov_report,0.8,h2o,35,14.006514657980457,0.031007751937984496,0.41591928251121074,0,0,30,0.40518869184211076,4.0,391
gov_report,0.8,h2o,36,25.85751978891821,0.7650273224043715,0.9051724137931034,1,1,0,0.42278513154751957,6.0,405
gov_report,0.8,h2o,37,17.91767554479419,0.020202020202020204,0.42592592592592593,0,0,50,0.4110265987799971,4.0,404
gov_report,0.8,h2o,38,21.08345534407028,0.06832298136645963,0.5257475083056479,0,0,25,0.40447952926010744,5.0,403
gov_report,0.8,h2o,39,18.317757009345794,0.05660377358490566,0.43139097744360905,0,0,38,0.40411320454468264,5.0,387
gov_report,0.8,h2o,40,12.519561815336463,0.6021505376344086,0.9405940594059405,1,1,5,0.3943402780128976,5.0,435
gov_report,0.8,h2o,41,19.480519480519483,0.18421052631578946,0.5877106045589693,0,0,60,0.40986457571842966,4.0,408
gov_report,0.8,h2o,42,14.516129032258062,0.006369426751592357,0.38411819021237303,0,0,131,0.4075696596361277,4.0,393
gov_report,0.8,h2o,43,20.13422818791946,0.35526315789473684,0.7900723888314375,1,1,25,0.3845792742181382,5.0,415
gov_report,0.8,h2o,44,15.41038525963149,0.06790123456790123,0.5357458075904677,0,0,15,0.41150469783205085,5.0,403
gov_report,0.8,h2o,45,16.13394216133942,0.25949367088607594,0.609478672985782,0,0,32,0.3942111119175587,4.0,417
gov_report,0.8,h2o,46,11.533052039381154,0.012345679012345678,0.37635467980295567,0,0,36,0.40687620758385556,6.0,403
gov_report,0.8,h2o,47,20.19914651493599,0.18787878787878787,0.5966697502312673,0,0,21,0.39941240352059054,4.0,391
gov_report,0.8,h2o,48,20.512820512820515,0.057692307692307696,0.4813780260707635,0,0,53,0.406833466405717,4.0,398
gov_report,0.8,h2o,49,18.02721088435374,0.047619047619047616,0.3832153690596562,0,0,28,0.41135897132632215,4.0,394
gov_report,0.8,snapkv,0,11.475409836065573,0.45901639344262296,0.8021164021164021,1,1,30,0.7513718106011532,14.0,387
gov_report,0.8,snapkv,1,12.432432432432435,0.056179775280898875,0.38284839203675347,0,0,26,0.7447990945558127,13.0,428
gov_report,0.8,snapkv,2,13.43065693430657,0.7625,0.953551912568306,1,1,7,0.760044953996403,16.0,450
gov_report,0.8,snapkv,3,11.904761904761903,0.8058823529411765,0.9372419488026424,1,1,14,0.7262647448373816,14.0,422
gov_report,0.8,snapkv,4,14.102564102564102,0.007518796992481203,0.3041575492341357,0,0,11,0.7515332037583115,17.0,412
gov_report,0.8,snapkv,5,11.560693641618496,0.44366197183098594,0.9293478260869565,1,1,40,0.7428618254721668,14.0,443
gov_report,0.8,snapkv,6,21.333333333333332,0.048484848484848485,0.523892267593397,0,0,0,0.7370142900606681,14.0,436
gov_report,0.8,snapkv,7,12.892561983471074,0.7528735632183908,0.9058927000879508,1,1,18,0.8442685562083754,26.0,377
gov_report,0.8,snapkv,8,18.95734597156398,0.43646408839779005,0.8811438784629133,1,1,6,0.7592623519645104,18.0,409
gov_report,0.8,snapkv,9,23.318385650224215,0.4457831325301205,0.8607954545454546,1,1,1,0.7621475409351374,16.0,449
gov_report,0.8,snapkv,10,15.847860538827257,0.8653846153846154,1.0,1,1,0,0.7764935503925122,13.0,408
gov_report,0.8,snapkv,11,22.089552238805965,0.1464968152866242,0.5738188976377953,0,0,60,0.7572644803911891,14.0,394
gov_report,0.8,snapkv,12,16.10738255033557,0.3,0.724202626641651,0,1,17,0.7752671297057961,13.0,410
gov_report,0.8,snapkv,13,11.17824773413897,0.6428571428571429,0.8687615526802218,1,1,14,0.7684958135768021,17.0,404
gov_report,0.8,snapkv,14,0.0,0.9183673469387755,0.9899497487437185,1,1,3,0.7578426804907347,14.0,401
gov_report,0.8,snapkv,15,37.82234957020057,0.4124293785310734,0.7634099616858238,1,1,34,0.7342379220341243,11.0,410
gov_report,0.8,snapkv,16,11.838790931989925,0.0064516129032258064,0.29417670682730923,0,0,98,0.745090528115098,12.0,408
gov_report,0.8,snapkv,17,0.9933774834437087,0.9744897959183674,0.9735182849936949,1,1,4,0.8032026049219236,15.0,416
gov_report,0.8,snapkv,18,22.975517890772128,0.09803921568627451,0.5940298507462687,0,0,58,0.737289894604384,13.0,400
gov_report,0.8,snapkv,19,19.00990099009901,0.03496503496503497,0.35224586288416077,0,0,6,0.7296128495127773,17.0,395
gov_report,0.8,snapkv,20,0.814663951120163,0.0,0.9069212410501193,0,1,,0.7409198740010466,20.0,403
gov_report,0.8,snapkv,21,3.0136986301369864,0.8269230769230769,0.8482384823848238,1,1,16,0.7848643605007829,18.0,436
gov_report,0.8,snapkv,22,19.202363367799112,0.21084337349397592,0.6957279860505667,0,0,25,0.7591478552839577,20.0,428
gov_report,0.8,snapkv,23,0.0,0.9795918367346939,1.0,1,1,0,0.7402930299512138,12.0,403
gov_report,0.8,snapkv,24,6.571428571428571,0.8582089552238806,1.0,1,1,0,0.713466480152012,10.0,378
gov_report,0.8,snapkv,25,12.851405622489962,0.03896103896103896,0.42857142857142855,0,0,0,0.7841439981062017,17.0,385
gov_report,0.8,snapkv,26,14.264036418816389,0.013245033112582781,0.3076923076923077,0,0,1,0.767613288470012,16.0,432
gov_report,0.8,snapkv,27,10.848400556328233,0.6496350364963503,0.9442755825734549,1,1,1,0.7676628215021348,15.0,405
gov_report,0.8,snapkv,28,10.480349344978167,0.0,0.1716101694915254,0,0,,0.7444053131571157,19.0,422
gov_report,0.8,snapkv,29,1.4218009478672986,0.0,0.9234567901234568,0,1,,0.7392486144167807,17.0,418
gov_report,0.8,snapkv,30,8.409986859395532,0.028169014084507043,0.4235403151065802,0,0,0,0.752351978383715,16.0,450
gov_report,0.8,snapkv,31,0.0,0.90625,0.996996996996997,1,1,1,0.7211688666597671,16.0,415
gov_report,0.8,snapkv,32,10.829103214890017,0.494949494949495,0.9104308390022676,1,1,1,0.7364899890819813,16.0,365
gov_report,0.8,snapkv,33,0.0,0.9791666666666666,1.0,1,1,0,0.7351739221462503,16.0,388
gov_report,0.8,snapkv,34,13.832853025936597,0.036585365853658534,0.36465116279069765,0,0,4,0.764967709766346,18.0,388
gov_report,0.8,snapkv,35,13.636363636363635,0.8648648648648649,0.9709193245778611,1,1,5,0.7714211116642918,19.0,397
gov_report,0.8,snapkv,36,16.02209944751381,0.04,0.3135593220338983,0,0,1,0.7858082291506892,12.0,409
gov_report,0.8,snapkv,37,21.78649237472767,0.034013605442176874,0.4238052299368801,0,0,106,0.7883879497505372,14.0,408
gov_report,0.8,snapkv,38,12.593703148425787,0.8901098901098901,0.9838420107719928,1,1,6,0.7210126885787912,16.0,422
gov_report,0.8,snapkv,39,0.5037783375314862,0.0,0.0,0,0,,0.764562040230203,12.0,372
gov_report,0.8,snapkv,40,11.866859623733719,0.5454545454545454,0.81871921182266,1,1,2,0.975123595674931,27.0,452
gov_report,0.8,snapkv,41,5.9171597633136095,0.9322916666666666,0.8411214953271028,1,1,12,0.7499125195096514,15.0,394
gov_report,0.8,snapkv,42,0.0,0.90625,0.996996996996997,1,1,1,0.7474874730106672,16.0,405
gov_report,0.8,snapkv,43,22.727272727272727,0.23636363636363636,0.6187845303867403,0,0,12,0.7583323549460126,18.0,409
gov_report,0.8,snapkv,44,3.8793103448275863,0.9162303664921466,0.7707423580786026,1,1,15,0.7395650176350518,13.0,445
gov_report,0.8,snapkv,45,0.0,0.9791666666666666,1.0,1,1,0,0.7391640067407151,13.0,434
gov_report,0.8,snapkv,46,0.0,0.9183673469387755,0.9899497487437185,1,1,3,0.7357468858453621,12.0,396
gov_report,0.8,snapkv,47,0.0,0.9791666666666666,1.0,1,1,0,0.7604566115799041,15.0,380
gov_report,0.8,snapkv,48,19.19191919191919,0.03680981595092025,0.44505494505494503,0,0,92,0.7680719561850234,17.0,405
gov_report,0.8,snapkv,49,7.191780821917808,0.9395973154362416,1.0,1,1,0,0.7425481535036598,15.0,378
gov_report,0.8,pyramidkv,0,11.042944785276074,0.8228571428571428,0.9419831223628692,1,1,8,0.40460310720561316,5.0,402
gov_report,0.8,pyramidkv,1,17.68368617683686,0.06918238993710692,0.5228699551569507,0,0,8,0.41058958029541015,5.0,410
gov_report,0.8,pyramidkv,2,19.316493313521544,0.5316455696202531,0.780564263322884,1,1,9,0.41340637968301397,5.0,442
gov_report,0.8,pyramidkv,3,12.274368231046932,0.7037037037037037,0.9117021276595745,1,1,1,0.40780401148656914,5.0,402
gov_report,0.8,pyramidkv,4,10.880829015544041,0.13043478260869565,0.5485232067510548,0,0,10,0.399917004909609,4.0,417
gov_report,0.8,pyramidkv,5,12.536728697355533,0.06716417910447761,0.46853823814133594,0,0,41,0.40495602824217686,4.0,410
gov_report,0.8,pyramidkv,6,14.847161572052403,0.4451219512195122,0.907563025210084,1,1,8,0.3961842066360131,4.0,434
gov_report,0.8,pyramidkv,7,21.453287197231834,0.015384615384615385,0.367032967032967,0,0,26,0.40878384532635903,5.0,393
gov_report,0.8,pyramidkv,8,13.3492252681764,0.022727272727272728,0.4431137724550898,0,0,35,0.4034264669638885,5.0,418
gov_report,0.8,pyramidkv,9,15.030674846625766,0.7465753424657534,0.9490740740740741,1,1,8,0.4102491849977983,5.0,423
gov_report,0.8,pyramidkv,10,14.469453376205788,0.04225352112676056,0.5492537313432836,0,0,72,0.4058302082480886,5.0,406
gov_report,0.8,pyramidkv,11,21.05263157894737,0.01282051282051282,0.43208661417322836,0,0,72,0.4094989439630404,5.0,399
gov_report,0.8,pyramidkv,12,14.207650273224044,0.03773584905660377,0.45314009661835747,0,0,70,0.3996828825735629,4.0,418
gov_report,0.8,pyramidkv,13,14.756671899529042,0.020689655172413793,0.3713389121338912,0,0,28,0.40054143020660216,5.0,420
gov_report,0.8,pyramidkv,14,13.026819923371647,0.0,0.38443396226415094,0,0,,0.4156508357816501,6.0,406
gov_report,0.8,pyramidkv,15,24.929178470254957,0.5748502994011976,0.7815356489945156,1,1,17,0.38812370750164304,5.0,403
gov_report,0.8,pyramidkv,16,13.144329896907218,0.0410958904109589,0.3446019629225736,0,0,9,0.40201106378943136,4.0,404
gov_report,0.8,pyramidkv,17,17.333333333333336,0.0064516129032258064,0.2842003853564547,0,0,59,0.41240627640592425,5.0,404
gov_report,0.8,pyramidkv,18,19.813084112149532,0.02608695652173913,0.43366093366093367,0,0,53,0.4063343345210991,4.0,398
gov_report,0.8,pyramidkv,19,20.948616600790515,0.11188811188811189,0.44379391100702575,0,0,22,0.39847794834172034,4.0,412
gov_report,0.8,pyramidkv,20,10.223642172523963,0.8547486033519553,0.9428284854563691,1,1,4,0.4077682949940433,4.0,408
gov_report,0.8,pyramidkv,21,10.796221322537113,0.024390243902439025,0.44823906083244397,0,0,13,0.40776449196849046,5.0,403
gov_report,0.8,pyramidkv,22,7.738095238095238,0.47368421052631576,0.6750261233019854,1,1,72,0.40264969959077507,4.0,418
gov_report,0.8,pyramidkv,23,17.824773413897283,0.20121951219512196,0.51953125,0,0,7,0.4105260758274708,5.0,406
gov_report,0.8,pyramidkv,24,15.510204081632653,0.033112582781456956,0.4093886462882096,0,0,28,0.3920213816600472,4.0,385
gov_report,0.8,pyramidkv,25,19.36619718309859,0.0880503144654088,0.6032315978456014,0,0,43,0.41228745676219813,5.0,404
gov_report,0.8,pyramidkv,26,14.803625377643506,0.03773584905660377,0.3870967741935484,0,0,52,0.4042534319868615,5.0,415
gov_report,0.8,pyramidkv,27,12.027972027972028,0.6111111111111112,0.9459193706981318,1,1,9,0.40099886343662167,4.0,419
gov_report,0.8,pyramidkv,28,14.96062992125984,0.040268456375838924,0.3866279069767442,0,0,21,0.4048073973869494,4.0,407
gov_report,0.8,pyramidkv,29,9.041591320072333,0.8758169934640523,0.9206008583690987,1,1,12,0.41383977865770694,6.0,406
gov_report,0.8,pyramidkv,30,9.113924050632912,0.022598870056497175,0.3900414937759336,0,0,52,0.406764893145039,5.0,425
gov_report,0.8,pyramidkv,31,8.579088471849866,0.32,0.812743823146944,1,1,6,0.4107456352667868,6.0,401
gov_report,0.8,pyramidkv,32,11.092436974789916,0.37719298245614036,0.5126903553299492,1,1,66,0.3972496359627156,6.0,448
gov_report,0.8,pyramidkv,33,16.897856242118536,0.1728395061728395,0.595260663507109,0,0,39,0.4063971835566944,5.0,397
gov_report,0.8,pyramidkv,34,13.411078717201166,0.07792207792207792,0.39165009940357853,0,0,22,0.4101194917950608,5.0,401
gov_report,0.8,pyramidkv,35,14.006514657980457,0.031007751937984496,0.41591928251121074,0,0,30,0.40518869184211076,4.0,393
gov_report,0.8,pyramidkv,36,25.85751978891821,0.7650273224043715,0.9051724137931034,1,1,0,0.42278513154751957,6.0,408
gov_report,0.8,pyramidkv,37,17.91767554479419,0.020202020202020204,0.42592592592592593,0,0,50,0.41121797234816465,4.0,409
gov_report,0.8,pyramidkv,38,21.08345534407028,0.06832298136645963,0.5257475083056479,0,0,25,0.40472669326417765,5.0,405
gov_report,0.8,pyramidkv,39,16.28787878787879,0.07692307692307693,0.446311858076564,0,0,38,0.40411320454468264,5.0,391
gov_report,0.8,pyramidkv,40,12.519561815336463,0.6021505376344086,0.9405940594059405,1,1,5,0.3943402780128976,5.0,436
gov_report,0.8,pyramidkv,41,22.894168466522675,0.15789473684210525,0.5391658189216684,0,0,6,0.40986457571842966,4.0,411
gov_report,0.8,pyramidkv,42,13.774834437086096,0.07228915662650602,0.41601392515230634,0,0,41,0.40734515187701936,4.0,398
gov_report,0.8,pyramidkv,43,20.13422818791946,0.35526315789473684,0.7900723888314375,1,1,25,0.3845792742181382,5.0,418
gov_report,0.8,pyramidkv,44,15.254237288135592,0.07096774193548387,0.5609065155807366,0,0,15,0.4117351805524279,5.0,404
gov_report,0.8,pyramidkv,45,16.13394216133942,0.25949367088607594,0.609478672985782,0,0,32,0.3942111119175587,4.0,419
gov_report,0.8,pyramidkv,46,11.54929577464789,0.018518518518518517,0.38258317025440314,0,0,31,0.40657345314803567,6.0,407
gov_report,0.8,pyramidkv,47,19.676945668135094,0.037037037037037035,0.3625668449197861,0,0,21,0.399897071779641,4.0,396
gov_report,0.8,pyramidkv,48,20.512820512820515,0.057692307692307696,0.4813780260707635,0,0,53,0.406833466405717,4.0,399
gov_report,0.8,pyramidkv,49,18.02721088435374,0.047619047619047616,0.3898989898989899,0,0,28,0.4104783111316288,4.0,398
gov_report,0.8,adakv,0,11.042944785276074,0.8228571428571428,0.9419831223628692,1,1,8,0.40460310720561316,5.0,402
gov_report,0.8,adakv,1,17.68368617683686,0.06918238993710692,0.5228699551569507,0,0,8,0.41058958029541015,5.0,410
gov_report,0.8,adakv,2,19.316493313521544,0.5316455696202531,0.780564263322884,1,1,9,0.41340637968301397,5.0,442
gov_report,0.8,adakv,3,12.274368231046932,0.7037037037037037,0.9117021276595745,1,1,1,0.40780401148656914,5.0,402
gov_report,0.8,adakv,4,10.880829015544041,0.13043478260869565,0.5485232067510548,0,0,10,0.399917004909609,4.0,417
gov_report,0.8,adakv,5,12.536728697355533,0.06716417910447761,0.46853823814133594,0,0,41,0.40495602824217686,4.0,410
gov_report,0.8,adakv,6,14.847161572052403,0.4451219512195122,0.907563025210084,1,1,8,0.3961842066360131,4.0,434
gov_report,0.8,adakv,7,21.453287197231834,0.015384615384615385,0.367032967032967,0,0,26,0.40878384532635903,5.0,393
gov_report,0.8,adakv,8,13.3492252681764,0.022727272727272728,0.4431137724550898,0,0,35,0.4034264669638885,5.0,418
gov_report,0.8,adakv,9,15.030674846625766,0.7465753424657534,0.9490740740740741,1,1,8,0.4102491849977983,5.0,423
gov_report,0.8,adakv,10,14.469453376205788,0.04225352112676056,0.5492537313432836,0,0,72,0.4058302082480886,5.0,406
gov_report,0.8,adakv,11,21.05263157894737,0.01282051282051282,0.43208661417322836,0,0,72,0.4094989439630404,5.0,399
gov_report,0.8,adakv,12,14.207650273224044,0.03773584905660377,0.45314009661835747,0,0,70,0.3996828825735629,4.0,418
gov_report,0.8,adakv,13,14.756671899529042,0.020689655172413793,0.3713389121338912,0,0,28,0.40054143020660216,5.0,420
gov_report,0.8,adakv,14,13.026819923371647,0.0,0.38443396226415094,0,0,,0.4156508357816501,6.0,406
gov_report,0.8,adakv,15,24.929178470254957,0.5748502994011976,0.7815356489945156,1,1,17,0.38812370750164304,5.0,403
gov_report,0.8,adakv,16,13.144329896907218,0.0410958904109589,0.3446019629225736,0,0,9,0.40201106378943136,4.0,404
gov_report,0.8,adakv,17,17.333333333333336,0.0064516129032258064,0.2842003853564547,0,0,59,0.41240627640592425,5.0,404
gov_report,0.8,adakv,18,19.813084112149532,0.02608695652173913,0.43366093366093367,0,0,53,0.4063343345210991,4.0,398
gov_report,0.8,adakv,19,20.948616600790515,0.11188811188811189,0.44379391100702575,0,0,22,0.39847794834172034,4.0,412
gov_report,0.8,adakv,20,10.223642172523963,0.8547486033519553,0.9428284854563691,1,1,4,0.4077682949940433,4.0,408
gov_report,0.8,adakv,21,10.796221322537113,0.024390243902439025,0.44823906083244397,0,0,13,0.40776449196849046,5.0,403
gov_report,0.8,adakv,22,7.738095238095238,0.47368421052631576,0.6750261233019854,1,1,72,0.40264969959077507,4.0,418
gov_report,0.8,adakv,23,17.824773413897283,0.20121951219512196,0.51953125,0,0,7,0.4105260758274708,5.0,406
gov_report,0.8,adakv,24,15.510204081632653,0.033112582781456956,0.4093886462882096,0,0,28,0.3920213816600472,4.0,385
gov_report,0.8,adakv,25,19.36619718309859,0.0880503144654088,0.6032315978456014,0,0,43,0.41228745676219813,5.0,404
gov_report,0.8,adakv,26,14.803625377643506,0.03773584905660377,0.3870967741935484,0,0,52,0.4042534319868615,5.0,415
gov_report,0.8,adakv,27,12.027972027972028,0.6111111111111112,0.9459193706981318,1,1,9,0.40099886343662167,4.0,419
gov_report,0.8,adakv,28,14.96062992125984,0.040268456375838924,0.3866279069767442,0,0,21,0.4048073973869494,4.0,407
gov_report,0.8,adakv,29,9.041591320072333,0.8758169934640523,0.9206008583690987,1,1,12,0.41383977865770694,6.0,406
gov_report,0.8,adakv,30,9.113924050632912,0.022598870056497175,0.3900414937759336,0,0,52,0.406764893145039,5.0,425
gov_report,0.8,adakv,31,8.579088471849866,0.32,0.812743823146944,1,1,6,0.4107456352667868,6.0,401
gov_report,0.8,adakv,32,11.092436974789916,0.37719298245614036,0.5126903553299492,1,1,66,0.3972496359627156,6.0,448
gov_report,0.8,adakv,33,16.897856242118536,0.1728395061728395,0.595260663507109,0,0,39,0.4063971835566944,5.0,397
gov_report,0.8,adakv,34,13.411078717201166,0.07792207792207792,0.39165009940357853,0,0,22,0.4101194917950608,5.0,401
gov_report,0.8,adakv,35,14.006514657980457,0.031007751937984496,0.41591928251121074,0,0,30,0.40518869184211076,4.0,393
gov_report,0.8,adakv,36,25.85751978891821,0.7650273224043715,0.9051724137931034,1,1,0,0.42278513154751957,6.0,408
gov_report,0.8,adakv,37,17.91767554479419,0.020202020202020204,0.42592592592592593,0,0,50,0.41121797234816465,4.0,409
gov_report,0.8,adakv,38,21.08345534407028,0.06832298136645963,0.5257475083056479,0,0,25,0.40472669326417765,5.0,405
gov_report,0.8,adakv,39,16.28787878787879,0.07692307692307693,0.446311858076564,0,0,38,0.40411320454468264,5.0,391
gov_report,0.8,adakv,40,12.519561815336463,0.6021505376344086,0.9405940594059405,1,1,5,0.3943402780128976,5.0,436
gov_report,0.8,adakv,41,22.894168466522675,0.15789473684210525,0.5391658189216684,0,0,6,0.40986457571842966,4.0,411
gov_report,0.8,adakv,42,13.774834437086096,0.07228915662650602,0.41601392515230634,0,0,41,0.40734515187701936,4.0,398
gov_report,0.8,adakv,43,20.13422818791946,0.35526315789473684,0.7900723888314375,1,1,25,0.3845792742181382,5.0,418
gov_report,0.8,adakv,44,15.254237288135592,0.07096774193548387,0.5609065155807366,0,0,15,0.4117351805524279,5.0,404
gov_report,0.8,adakv,45,16.13394216133942,0.25949367088607594,0.609478672985782,0,0,32,0.3942111119175587,4.0,419
gov_report,0.8,adakv,46,11.54929577464789,0.018518518518518517,0.38258317025440314,0,0,31,0.40657345314803567,6.0,407
gov_report,0.8,adakv,47,19.676945668135094,0.037037037037037035,0.3625668449197861,0,0,21,0.399897071779641,4.0,396
gov_report,0.8,adakv,48,20.512820512820515,0.057692307692307696,0.4813780260707635,0,0,53,0.406833466405717,4.0,399
gov_report,0.8,adakv,49,18.02721088435374,0.047619047619047616,0.3898989898989899,0,0,28,0.4104783111316288,4.0,398
gov_report,0.8,ours,0,15.384615384615385,0.0070921985815602835,0.29901423877327493,0,0,34,0.43564864939101855,5.0,492
gov_report,0.8,ours,1,13.2334581772784,0.0718954248366013,0.5462962962962963,0,0,20,0.44199307410739425,5.0,499
gov_report,0.8,ours,2,13.095238095238093,0.007042253521126761,0.2639198218262806,0,0,4,0.45487409037399446,6.0,497
gov_report,0.8,ours,3,12.79707495429616,0.12903225806451613,0.5836065573770491,0,0,17,0.43681566734614913,5.0,499
gov_report,0.8,ours,4,12.871287128712872,0.00641025641025641,0.3648528099910794,0,0,17,0.4316320730604756,6.0,491
gov_report,0.8,ours,5,12.487804878048783,0.0,0.2834170854271357,0,0,,0.437250192979053,6.0,494
gov_report,0.8,ours,6,15.151515151515152,0.014492753623188406,0.4986149584487535,0,0,25,0.4528557231297169,6.0,497
gov_report,0.8,ours,7,11.97411003236246,0.5414364640883977,0.8780487804878049,1,1,30,0.44655263200813433,6.0,500
gov_report,0.8,ours,8,11.435523114355233,0.0,0.28225806451612906,0,0,,0.4483645516759361,6.0,498
gov_report,0.8,ours,9,12.669683257918551,0.006535947712418301,0.3011049723756906,0,0,14,0.43852955395743287,6.0,496
gov_report,0.8,ours,10,13.72549019607843,0.0,0.48808290155440415,0,0,,0.4623552412634482,6.0,498
gov_report,0.8,ours,11,17.1875,0.0078125,0.4126794258373206,0,0,2,0.4437742460506507,5.0,500
gov_report,0.8,ours,12,14.697406340057634,0.0,0.2858837485172005,0,0,,0.44522890871071497,5.0,492
gov_report,0.8,ours,13,11.912225705329153,0.007194244604316547,0.3308890925756187,0,0,63,0.4415064256927764,6.0,500
gov_report,0.8,ours,14,15.526802218114605,0.0,0.3465665236051502,0,0,,0.44965276900209294,6.0,495
gov_report,0.8,ours,15,24.404761904761905,0.0,0.2635416666666667,0,0,,0.4468831875714531,5.0,498
gov_report,0.8,ours,16,12.895069532237674,0.013245033112582781,0.2857142857142857,0,0,78,0.4452502137394515,4.0,491
gov_report,0.8,ours,17,12.61744966442953,0.013513513513513514,0.3103448275862069,0,0,14,0.4461319860555259,6.0,497
gov_report,0.8,ours,18,18.867924528301888,0.030612244897959183,0.4492753623188406,0,0,34,0.45761687741592827,6.0,500
gov_report,0.8,ours,19,18.32358674463937,0.0136986301369863,0.3067484662576687,0,0,102,0.44911871481218557,5.0,499
gov_report,0.8,ours,20,15.458937198067632,0.04827586206896552,0.4646840148698885,0,0,23,0.4400472052577963,5.0,496
gov_report,0.8,ours,21,15.523932729624837,0.006493506493506494,0.3546971027216857,0,0,90,0.4389725260722668,5.0,498
gov_report,0.8,ours,22,14.50617283950617,0.03125,0.3943820224719101,0,0,13,0.43707553617662614,5.0,494
gov_report,0.8,ours,23,17.35159817351598,0.026490066225165563,0.36679174484052535,0,0,71,0.4400352399763604,5.0,497
gov_report,0.8,ours,24,14.69387755102041,0.006535947712418301,0.34282807731434384,0,0,10,0.4246483560701717,4.0,496
gov_report,0.8,ours,25,18.827708703374775,0.04081632653061224,0.39233038348082594,0,0,36,0.44883301450516366,6.0,499
gov_report,0.8,ours,26,13.313161875945537,0.03048780487804878,0.5239410681399632,0,0,20,0.4519333955163383,6.0,500
gov_report,0.8,ours,27,14.509246088193455,0.096,0.5042527339003645,0,0,22,0.44475350155844706,6.0,490
gov_report,0.8,ours,28,12.287581699346404,0.0,0.30545774647887325,0,0,,0.43488250504329146,6.0,496
gov_report,0.8,ours,29,22.300884955752213,0.013071895424836602,0.3789778206364513,0,0,13,0.43896494472547404,5.0,489
gov_report,0.8,ours,30,11.413748378728924,0.012658227848101266,0.40372670807453415,0,0,38,0.4391942799092226,6.0,500
gov_report,0.8,ours,31,14.177215189873419,0.0,0.30412371134020616,0,0,,0.4340468983173475,5.0,497
gov_report,0.8,ours,32,14.07035175879397,0.0,0.35144927536231885,0,0,,0.4455273177946537,6.0,479
gov_report,0.8,ours,33,13.131313131313133,0.0,0.3166351606805293,0,0,,0.43294951567342876,5.0,496
gov_report,0.8,ours,34,19.738751814223516,0.16049382716049382,0.56,0,0,2,0.45622272745654135,6.0,492
gov_report,0.8,ours,35,13.953488372093023,0.006097560975609756,0.28734622144112476,0,0,76,0.4271114811699199,5.0,496
gov_report,0.8,ours,36,18.51851851851852,0.023809523809523808,0.41841004184100417,0,0,0,0.461592117221786,6.0,499
gov_report,0.8,ours,37,17.27272727272727,0.06299212598425197,0.44676409185803756,0,0,94,0.4582771285743294,6.0,500
gov_report,0.8,ours,38,16.519174041297934,0.038461538461538464,0.46847635726795095,0,0,10,0.44137120084891274,6.0,491
gov_report,0.8,ours,39,13.559322033898304,0.08783783783783784,0.5814393939393939,0,0,13,0.44332002210291366,7.0,489
gov_report,0.8,ours,40,16.279069767441857,0.0,0.39684014869888473,0,0,,0.4307078827417358,5.0,497
gov_report,0.8,ours,41,15.077605321507761,0.014814814814814815,0.3533260632497274,0,0,34,0.466764375865208,5.0,495
gov_report,0.8,ours,42,16.886543535620056,0.05917159763313609,0.3803680981595092,0,0,7,0.43556217210207837,5.0,497
gov_report,0.8,ours,43,20.8,0.0,0.4280821917808219,0,0,,0.4431803192788591,5.0,499
gov_report,0.8,ours,44,13.286713286713287,0.014598540145985401,0.4405010438413361,0,0,55,0.4504702505608985,5.0,496
gov_report,0.8,ours,45,19.195046439628484,0.041379310344827586,0.3564356435643564,0,0,6,0.4386435746276493,6.0,496
gov_report,0.8,ours,46,19.718309859154928,0.03125,0.42160278745644597,0,0,58,0.4363706324763367,5.0,496
gov_report,0.8,ours,47,19.555555555555557,0.015384615384615385,0.24018475750577367,0,0,19,0.4197473678025953,5.0,490
gov_report,0.8,ours,48,15.798922800718133,0.0078125,0.41854934601664684,0,0,74,0.44774127790883655,5.0,496
gov_report,0.8,ours,49,18.867924528301888,0.09929078014184398,0.4312938816449348,0,0,21,0.44271488089674155,5.0,494
qmsum,0.2,streaming,0,5.925925925925926,0.0072992700729927005,0.23754345307068367,0,0,20,26.617293453559125,4425.0,500
qmsum,0.2,streaming,1,11.518324607329845,0.012121212121212121,0.35942028985507246,0,0,78,32.400500534092544,6560.0,500
qmsum,0.2,streaming,2,6.024096385542169,0.006535947712418301,0.3785140562248996,0,0,18,44.62250544605369,12443.0,500
qmsum,0.2,streaming,3,11.111111111111112,0.0,0.3327272727272727,0,0,,39.986398426337985,9992.0,500
qmsum,0.2,streaming,4,6.4,0.0,0.15045592705167174,0,0,,35.885150641729865,8046.0,500
qmsum,0.2,streaming,5,5.0761421319796955,0.012345679012345678,0.4160337552742616,0,0,56,45.26190700601117,12801.0,500
qmsum,0.2,streaming,6,11.956521739130435,0.02702702702702703,0.30306345733041573,0,0,10,45.26190700601117,12801.0,500
qmsum,0.2,streaming,7,3.9215686274509802,0.012903225806451613,0.3597989949748744,0,0,24,45.26190700601117,12801.0,500
qmsum,0.2,streaming,8,5.988023952095808,0.006289308176100629,0.4682752457551385,0,0,66,45.26190700601117,12801.0,500
qmsum,0.2,streaming,9,3.448275862068966,0.0,0.23355263157894737,0,0,,25.774413024938386,4149.0,500
qmsum,0.2,streaming,10,6.185567010309277,0.01948051948051948,0.41750227894257064,0,0,38,45.26190700601117,12801.0,500
qmsum,0.2,streaming,11,6.329113924050632,0.012903225806451613,0.3597989949748744,0,0,24,45.26190700601117,12801.0,500
qmsum,0.2,streaming,12,11.38211382113821,0.023529411764705882,0.46308186195826645,0,0,28,40.7921572466064,10397.0,500
qmsum,0.2,streaming,13,6.7114093959731544,0.00980392156862745,0.22589928057553957,0,0,19,40.731709280549616,10368.0,500
qmsum,0.2,streaming,14,13.496932515337424,0.0,0.22801788375558868,0,0,,39.32470204188773,9664.0,500
qmsum,0.2,streaming,15,15.74074074074074,0.006289308176100629,0.2800387596899225,0,0,44,34.44090987300646,7413.0,500
qmsum,0.2,streaming,16,14.634146341463417,0.0,0.23355263157894737,0,0,,25.774413024938386,4149.0,500
qmsum,0.2,streaming,17,7.619047619047619,0.01948051948051948,0.41750227894257064,0,0,38,45.26190700601117,12801.0,500
qmsum,0.2,streaming,18,6.779661016949152,0.013513513513513514,0.2635135135135135,0,0,21,44.19013519847672,12203.0,500
qmsum,0.2,streaming,19,8.333333333333332,0.012903225806451613,0.3597989949748744,0,0,24,45.26190700601117,12801.0,500
qmsum,0.2,streaming,20,9.16030534351145,0.011494252873563218,0.26411960132890366,0,0,28,41.291938430225066,10654.0,500
qmsum,0.2,streaming,21,10.999999999999998,0.0,0.26220614828209765,0,0,,45.26190700601117,12801.0,500
qmsum,0.2,streaming,22,4.571428571428571,0.012345679012345678,0.4160337552742616,0,0,56,45.26190700601117,12801.0,500
qmsum,0.2,streaming,23,8.955223880597012,0.0,0.3327272727272727,0,0,,39.986398426337985,9992.0,500
qmsum,0.2,streaming,24,16.379310344827587,0.0,0.30728709394205445,0,0,,29.044522512988586,5270.0,500
qmsum,0.2,streaming,25,5.633802816901408,0.014598540145985401,0.31585081585081587,0,0,16,29.26623283767186,5352.0,500
qmsum,0.2,streaming,26,12.359550561797752,0.011494252873563218,0.26411960132890366,0,0,28,41.291938430225066,10654.0,500
qmsum,0.2,streaming,27,11.299435028248588,0.02702702702702703,0.30306345733041573,0,0,10,45.26190700601117,12801.0,500
qmsum,0.2,streaming,28,8.780487804878048,0.018404907975460124,0.3209764918625678,0,0,46,37.294935152515826,8692.0,500
qmsum,0.2,streaming,29,13.714285714285715,0.0,0.23355263157894737,0,0,,25.774413024938386,4149.0,500
qmsum,0.2,streaming,30,14.159292035398233,0.012121212121212121,0.35942028985507246,0,0,78,32.400500534092544,6560.0,500
qmsum,0.2,streaming,31,7.18562874251497,0.012903225806451613,0.45254833040421794,0,0,53,45.26190700601117,12801.0,500
qmsum,0.2,streaming,32,10.21897810218978,0.0,0.30069124423963134,0,0,,44.26827302616516,12245.0,500
qmsum,0.2,streaming,33,11.715481171548117,0.023529411764705882,0.46308186195826645,0,0,28,40.7921572466064,10397.0,500
qmsum,0.2,streaming,34,4.878048780487805,0.0,0.30352045670789723,0,0,,37.90852494833963,8981.0,500
qmsum,0.2,streaming,35,8.264462809917356,0.011494252873563218,0.26411960132890366,0,0,28,41.291938430225066,10654.0,500
qmsum,0.2,streaming,36,11.267605633802818,0.011494252873563218,0.26411960132890366,0,0,28,41.291938430225066,10654.0,500
qmsum,0.2,streaming,37,10.285714285714286,0.012903225806451613,0.45254833040421794,0,0,53,45.26190700601117,12801.0,500
qmsum,0.2,streaming,38,7.894736842105263,0.00980392156862745,0.22589928057553957,0,0,19,40.731709280549616,10368.0,500
qmsum,0.2,streaming,39,16.935483870967744,0.012121212121212121,0.35942028985507246,0,0,78,32.400500534092544,6560.0,500
qmsum,0.2,streaming,40,9.395973154362416,0.0,0.15045592705167174,0,0,,35.885150641729865,8046.0,500
qmsum,0.2,streaming,41,8.849557522123893,0.023529411764705882,0.46308186195826645,0,0,28,40.7921572466064,10397.0,500
qmsum,0.2,streaming,42,8.284023668639053,0.013513513513513514,0.2635135135135135,0,0,21,44.19013519847672,12203.0,500
qmsum,0.2,streaming,43,10.687022900763358,0.0,0.18307692307692308,0,0,,35.735921330768456,7981.0,500
qmsum,0.2,streaming,44,4.026845637583892,0.0,0.30352045670789723,0,0,,37.90852494833963,8981.0,500
qmsum,0.2,streaming,45,11.981566820276496,0.0,0.2614942528735632,0,0,,32.15960499542382,6461.0,500
qmsum,0.2,streaming,46,9.467455621301776,0.0,0.2614942528735632,0,0,,32.15960499542382,6461.0,500
qmsum,0.2,streaming,47,6.578947368421054,0.0072992700729927005,0.23754345307068367,0,0,20,26.617293453559125,4425.0,500
qmsum,0.2,streaming,48,4.848484848484849,0.013513513513513514,0.2635135135135135,0,0,21,44.19013519847672,12203.0,500
qmsum,0.2,streaming,49,6.956521739130435,0.023529411764705882,0.46308186195826645,0,0,28,40.7921572466064,10397.0,500
qmsum,0.2,h2o,0,1.6666666666666667,0.8656716417910447,0.9304229195088677,1,1,14,0.8873695530325245,35.0,128
qmsum,0.2,h2o,1,1.1764705882352942,0.8873239436619719,0.9498031496062992,1,1,11,0.8848759186363098,33.0,125
qmsum,0.2,h2o,2,2.3391812865497075,0.9090909090909091,0.9455555555555556,1,1,10,0.7124633885356539,43.0,125
qmsum,0.2,h2o,3,5.741626794258373,0.8054054054054054,0.9261744966442953,1,1,22,0.8631548153815294,32.0,113
qmsum,0.2,h2o,4,2.4096385542168672,0.9230769230769231,0.9465737514518002,1,1,4,0.8399306937276984,34.0,111
qmsum,0.2,h2o,5,1.0050251256281406,0.8850574712643678,0.9478764478764479,1,1,7,0.6750904651988975,32.0,136
qmsum,0.2,h2o,6,5.797101449275363,0.0,0.25842696629213485,0,0,,0.7192604825344833,34.0,111
qmsum,0.2,h2o,7,1.3157894736842106,0.8622754491017964,0.9215686274509803,1,1,18,0.8406866158822661,33.0,117
qmsum,0.2,h2o,8,1.3333333333333333,0.9277777777777778,0.989935956084172,1,1,3,0.6892090653322247,32.0,109
qmsum,0.2,h2o,9,1.4492753623188406,0.946969696969697,0.9665492957746479,1,1,3,0.8600847794000148,28.0,121
qmsum,0.2,h2o,10,0.0,0.9081081081081082,0.9890219560878244,1,1,3,0.7112337590975574,28.0,123
qmsum,0.2,h2o,11,1.2738853503184713,0.8622754491017964,0.9215686274509803,1,1,18,0.8406866158822661,33.0,117
qmsum,0.2,h2o,12,9.95475113122172,0.7903225806451613,0.9577221742881795,1,1,7,0.8750067617674072,41.0,99
qmsum,0.2,h2o,13,3.1578947368421053,0.8950617283950617,0.9616613418530351,1,1,5,0.879611321555927,33.0,120
qmsum,0.2,h2o,14,1.9417475728155338,0.9156626506024096,0.9706666666666667,1,1,9,0.8512806723830468,31.0,117
qmsum,0.2,h2o,15,4.545454545454546,0.0,0.0,0,0,,0.9037617739036616,36.0,120
qmsum,0.2,h2o,16,2.7586206896551726,0.946969696969697,0.9665492957746479,1,1,3,0.8600847794000148,28.0,121
qmsum,0.2,h2o,17,4.926108374384236,0.9081081081081082,0.9890219560878244,1,1,3,0.7112337590975574,28.0,123
qmsum,0.2,h2o,18,1.1049723756906076,0.9391891891891891,0.9791666666666666,1,1,3,0.9072073613719128,44.0,97
qmsum,0.2,h2o,19,2.094240837696335,0.8622754491017964,0.9215686274509803,1,1,18,0.8406866158822661,33.0,117
qmsum,0.2,h2o,20,2.380952380952381,0.9090909090909091,0.952443857331572,1,1,7,0.9053831149510365,43.0,106
qmsum,0.2,h2o,21,3.75586854460094,0.907608695652174,0.9728308501314636,1,1,9,0.8769936591365176,38.0,97
qmsum,0.2,h2o,22,0.0,0.8850574712643678,0.9478764478764479,1,1,7,0.6750904651988975,32.0,136
qmsum,0.2,h2o,23,5.154639175257731,0.8054054054054054,0.9261744966442953,1,1,22,0.8631548153815294,32.0,113
qmsum,0.2,h2o,24,2.0408163265306127,0.0,0.0,0,0,,0.8671519682195394,36.0,111
qmsum,0.2,h2o,25,0.0,0.9125,0.9682539682539683,1,1,5,0.9029874673566974,34.0,124
qmsum,0.2,h2o,26,2.7906976744186043,0.9090909090909091,0.952443857331572,1,1,7,0.9053831149510365,43.0,106
qmsum,0.2,h2o,27,3.225806451612903,0.0,0.25842696629213485,0,0,,0.7192604825344833,34.0,111
qmsum,0.2,h2o,28,1.8779342723004695,0.923469387755102,0.96,1,1,8,0.8936234181592033,44.0,128
qmsum,0.2,h2o,29,1.0152284263959392,0.946969696969697,0.9665492957746479,1,1,3,0.8600847794000148,28.0,121
qmsum,0.2,h2o,30,0.9756097560975608,0.8873239436619719,0.9498031496062992,1,1,11,0.8848759186363098,33.0,125
qmsum,0.2,h2o,31,2.631578947368421,0.898876404494382,0.9492988133764833,1,1,9,0.8589955396068336,58.0,105
qmsum,0.2,h2o,32,5.747126436781609,0.8342541436464088,0.9568671963677639,1,1,7,0.8509977165395194,31.0,122
qmsum,0.2,h2o,33,7.476635514018691,0.7903225806451613,0.9577221742881795,1,1,7,0.8750067617674072,41.0,99
qmsum,0.2,h2o,34,2.325581395348837,0.7934782608695652,0.9692570452604612,1,1,7,0.7844426316659905,34.0,119
qmsum,0.2,h2o,35,1.2658227848101267,0.9090909090909091,0.952443857331572,1,1,7,0.9053831149510365,43.0,106
qmsum,0.2,h2o,36,4.4692737430167595,0.9090909090909091,0.952443857331572,1,1,7,0.9053831149510365,43.0,106
qmsum,0.2,h2o,37,2.5,0.898876404494382,0.9492988133764833,1,1,9,0.8589955396068336,58.0,105
qmsum,0.2,h2o,38,4.1450777202072535,0.8950617283950617,0.9616613418530351,1,1,5,0.879611321555927,33.0,120
qmsum,0.2,h2o,39,2.6431718061674006,0.8873239436619719,0.9498031496062992,1,1,11,0.8848759186363098,33.0,125
qmsum,0.2,h2o,40,4.2105263157894735,0.9230769230769231,0.9465737514518002,1,1,4,0.8399306937276984,34.0,111
qmsum,0.2,h2o,41,3.9800995024875623,0.7903225806451613,0.9577221742881795,1,1,7,0.8750067617674072,41.0,99
qmsum,0.2,h2o,42,1.1560693641618496,0.9391891891891891,0.9791666666666666,1,1,3,0.9072073613719128,44.0,97
qmsum,0.2,h2o,43,0.0,0.9085365853658537,0.9481981981981982,1,1,10,0.8513160451091203,40.0,121
qmsum,0.2,h2o,44,1.2738853503184713,0.7934782608695652,0.9692570452604612,1,1,7,0.7844426316659905,34.0,119
qmsum,0.2,h2o,45,1.8779342723004695,0.9127906976744186,0.9433701657458563,1,1,8,0.9166497364177336,40.0,103
qmsum,0.2,h2o,46,1.2121212121212122,0.9127906976744186,0.9433701657458563,1,1,8,0.9166497364177336,40.0,103
qmsum,0.2,h2o,47,2.9197080291970803,0.8656716417910447,0.9304229195088677,1,1,14,0.8873695530325245,35.0,128
qmsum,0.2,h2o,48,0.0,0.9391891891891891,0.9791666666666666,1,1,3,0.9072073613719128,44.0,97
qmsum,0.2,h2o,49,0.975609756097561,0.7903225806451613,0.9577221742881795,1,1,7,0.8750067617674072,41.0,99
qmsum,0.2,snapkv,0,0.0,0.0,0.0,0,0,,1.7127058744471324,79.0,139
qmsum,0.2,snapkv,1,0.0,0.0,0.0,0,0,,1.7880622733397677,77.0,125
qmsum,0.2,snapkv,2,1.6949152542372885,0.9595959595959596,0.9588014981273408,1,1,7,1.6068278318286855,85.0,139
qmsum,0.2,snapkv,3,0.0,0.0,0.0,0,0,,1.6639470832016654,86.0,105
qmsum,0.2,snapkv,4,1.5037593984962405,0.9696969696969697,1.0,1,1,0,1.6067062719772218,97.0,118
qmsum,0.2,snapkv,5,0.0,0.0,0.0,0,0,,1.6539865932540416,76.0,170
qmsum,0.2,snapkv,6,0.0,0.0,0.0,0,0,,1.6698141394730486,102.0,101
qmsum,0.2,snapkv,7,0.0,0.9545454545454546,0.9809322033898306,1,1,5,1.615640147888611,83.0,115
qmsum,0.2,snapkv,8,0.0,0.0,0.0,0,0,,1.6691099170769066,88.0,128
qmsum,0.2,snapkv,9,5.0,0.0,0.0,0,0,,1.5224796380332386,58.0,131
qmsum,0.2,snapkv,10,0.0,0.9595959595959596,0.9691358024691358,1,1,7,1.7145331202031884,92.0,160
qmsum,0.2,snapkv,11,1.1627906976744187,0.9545454545454546,0.9809322033898306,1,1,5,1.615640147888611,83.0,115
qmsum,0.2,snapkv,12,4.464285714285714,0.9797979797979798,0.9989969909729187,1,1,1,1.6177152868034055,84.0,131
qmsum,0.2,snapkv,13,0.0,0.0,0.0,0,0,,1.5714028863783036,77.0,132
qmsum,0.2,snapkv,14,2.631578947368421,0.0,0.0,0,0,,1.6078671700866003,71.0,149
qmsum,0.2,snapkv,15,8.290155440414509,0.8511904761904762,0.8811111111111111,1,1,19,1.7513441583239768,100.0,138
qmsum,0.2,snapkv,16,4.25531914893617,0.0,0.0,0,0,,1.5224796380332386,58.0,131
qmsum,0.2,snapkv,17,2.985074626865672,0.9595959595959596,0.9691358024691358,1,1,7,1.7145331202031884,92.0,160
qmsum,0.2,snapkv,18,0.0,0.0,0.0,0,0,,1.6144639038629307,72.0,104
qmsum,0.2,snapkv,19,1.9417475728155338,0.9545454545454546,0.9809322033898306,1,1,5,1.615640147888611,83.0,115
qmsum,0.2,snapkv,20,0.0,0.9306930693069307,0.9774436090225563,1,1,5,1.591836613988633,79.0,112
qmsum,0.2,snapkv,21,0.0,0.0,0.0,0,0,,1.5265461888613423,73.0,132
qmsum,0.2,snapkv,22,0.0,0.0,0.0,0,0,,1.6539865932540416,76.0,170
qmsum,0.2,snapkv,23,3.1746031746031744,0.0,0.0,0,0,,1.6639470832016654,86.0,105
qmsum,0.2,snapkv,24,0.0,0.0,0.0,0,0,,1.6835914668738032,54.0,141
qmsum,0.2,snapkv,25,5.88235294117647,0.9696969696969697,0.9368932038834952,1,1,5,1.7138504906929324,90.0,136
qmsum,0.2,snapkv,26,0.9803921568627451,0.9306930693069307,0.9774436090225563,1,1,5,1.591836613988633,79.0,112
qmsum,0.2,snapkv,27,0.0,0.0,0.0,0,0,,1.6698141394730486,102.0,101
qmsum,0.2,snapkv,28,0.0,0.0,0.0,0,0,,1.7161504908034564,90.0,130
qmsum,0.2,snapkv,29,0.0,0.0,0.0,0,0,,1.5224796380332386,58.0,131
qmsum,0.2,snapkv,30,0.0,0.0,0.0,0,0,,1.7880622733397677,77.0,125
qmsum,0.2,snapkv,31,0.0,0.9595959595959596,0.9769307923771314,1,1,4,1.5231831501006823,80.0,99
qmsum,0.2,snapkv,32,0.0,0.0,0.0,0,0,,1.6096835667164267,69.0,136
qmsum,0.2,snapkv,33,1.8433179723502304,0.9797979797979798,0.9989969909729187,1,1,1,1.6177152868034055,84.0,131
qmsum,0.2,snapkv,34,0.0,0.98989898989899,0.9984917043740573,1,1,1,1.7300681956953792,102.0,107
qmsum,0.2,snapkv,35,0.0,0.9306930693069307,0.9774436090225563,1,1,5,1.591836613988633,79.0,112
qmsum,0.2,snapkv,36,0.0,0.9306930693069307,0.9774436090225563,1,1,5,1.591836613988633,79.0,112
qmsum,0.2,snapkv,37,0.8403361344537816,0.9595959595959596,0.9769307923771314,1,1,4,1.5231831501006823,80.0,99
qmsum,0.2,snapkv,38,0.0,0.0,0.0,0,0,,1.5714028863783036,77.0,132
qmsum,0.2,snapkv,39,0.0,0.0,0.0,0,0,,1.7880622733397677,77.0,125
qmsum,0.2,snapkv,40,3.821656050955414,0.9696969696969697,1.0,1,1,0,1.6067062719772218,97.0,118
qmsum,0.2,snapkv,41,1.96078431372549,0.9797979797979798,0.9989969909729187,1,1,1,1.6177152868034055,84.0,131
qmsum,0.2,snapkv,42,0.0,0.0,0.0,0,0,,1.6144639038629307,72.0,104
qmsum,0.2,snapkv,43,0.0,0.0,0.0,0,0,,1.7015299137057596,118.0,99
qmsum,0.2,snapkv,44,0.0,0.98989898989899,0.9984917043740573,1,1,1,1.7300681956953792,102.0,107
qmsum,0.2,snapkv,45,0.0,0.0,0.0,0,0,,1.666525085571315,75.0,90
qmsum,0.2,snapkv,46,0.0,0.0,0.0,0,0,,1.666525085571315,75.0,90
qmsum,0.2,snapkv,47,0.0,0.0,0.0,0,0,,1.7127058744471324,79.0,139
qmsum,0.2,snapkv,48,0.0,0.0,0.0,0,0,,1.6144639038629307,72.0,104
qmsum,0.2,snapkv,49,0.0,0.9797979797979798,0.9989969909729187,1,1,1,1.6177152868034055,84.0,131
qmsum,0.2,pyramidkv,0,2.8368794326241136,0.9156626506024096,0.981651376146789,1,1,3,0.8931081314297583,35.0,139
qmsum,0.2,pyramidkv,1,1.1764705882352942,0.8873239436619719,0.9498031496062992,1,1,11,0.8950001154227496,33.0,135
qmsum,0.2,pyramidkv,2,2.3391812865497075,0.9272727272727272,0.958109559613319,1,1,7,0.7162278378189153,43.0,137
qmsum,0.2,pyramidkv,3,2.6548672566371683,0.9065934065934066,0.9862204724409449,1,1,2,0.8648982204544203,32.0,122
qmsum,0.2,pyramidkv,4,1.0204081632653061,0.8895705521472392,0.9097127222982216,1,1,13,0.8441859637530218,34.0,122
qmsum,0.2,pyramidkv,5,1.0050251256281406,0.8850574712643678,0.9478764478764479,1,1,7,0.6777531928500916,32.0,148
qmsum,0.2,pyramidkv,6,0.0,0.949438202247191,1.0,1,1,0,0.7221413836644063,34.0,121
qmsum,0.2,pyramidkv,7,0.0,0.0,0.7773279352226721,0,1,,0.8429450500472979,33.0,131
qmsum,0.2,pyramidkv,8,1.3986013986013988,0.949438202247191,1.0,1,1,0,0.693262350793953,32.0,121
qmsum,0.2,pyramidkv,9,1.3157894736842104,0.9432624113475178,0.9803108808290155,1,1,3,0.8655125617980957,28.0,130
qmsum,0.2,pyramidkv,10,0.0,0.949438202247191,1.0,1,1,0,0.7136214565173674,28.0,134
qmsum,0.2,pyramidkv,11,6.25,0.0,0.7773279352226721,0,1,,0.8429450500472979,33.0,131
qmsum,0.2,pyramidkv,12,8.510638297872342,0.7551020408163265,0.8325952170062002,1,1,7,0.8787456512451172,41.0,112
qmsum,0.2,pyramidkv,13,0.0,0.949685534591195,0.9839679358717435,1,1,3,0.8835003379389558,33.0,133
qmsum,0.2,pyramidkv,14,1.9417475728155338,0.9156626506024096,0.9706666666666667,1,1,9,0.856655040087661,31.0,131
qmsum,0.2,pyramidkv,15,6.382978723404256,0.0,0.021505376344086023,0,0,,0.9104538568273476,36.0,133
qmsum,0.2,pyramidkv,16,2.5157232704402515,0.9432624113475178,0.9803108808290155,1,1,3,0.8655125617980957,28.0,130
qmsum,0.2,pyramidkv,17,1.0526315789473684,0.949438202247191,1.0,1,1,0,0.7136214565173674,28.0,134
qmsum,0.2,pyramidkv,18,3.0769230769230766,0.0,0.0,0,0,,0.911089293110122,44.0,112
qmsum,0.2,pyramidkv,19,6.0606060606060606,0.0,0.7773279352226721,0,1,,0.8429450500472979,33.0,131
qmsum,0.2,pyramidkv,20,6.25,0.0,0.0,0,0,,0.9077870007768103,43.0,118
qmsum,0.2,pyramidkv,21,0.0,0.0,0.0,0,0,,0.8800546702480061,38.0,111
qmsum,0.2,pyramidkv,22,0.0,0.8850574712643678,0.9478764478764479,1,1,7,0.6777531928500916,32.0,148
qmsum,0.2,pyramidkv,23,1.8957345971563981,0.9065934065934066,0.9862204724409449,1,1,2,0.8648982204544203,32.0,122
qmsum,0.2,pyramidkv,24,2.0408163265306127,0.0,0.0,0,0,,0.8693583933041936,36.0,121
qmsum,0.2,pyramidkv,25,2.0,0.9104477611940298,0.966933867735471,1,1,9,0.9102845899762703,34.0,136
qmsum,0.2,pyramidkv,26,3.6036036036036037,0.0,0.0,0,0,,0.9077870007768103,43.0,118
qmsum,0.2,pyramidkv,27,0.0,0.949438202247191,1.0,1,1,0,0.7221413836644063,34.0,121
qmsum,0.2,pyramidkv,28,0.9803921568627451,0.9325842696629213,0.9879182156133829,1,1,3,0.8980243861260627,44.0,140
qmsum,0.2,pyramidkv,29,2.843601895734597,0.9432624113475178,0.9803108808290155,1,1,3,0.8655125617980957,28.0,130
qmsum,0.2,pyramidkv,30,0.9756097560975608,0.8873239436619719,0.9498031496062992,1,1,11,0.8950001154227496,33.0,135
qmsum,0.2,pyramidkv,31,2.3391812865497075,0.949438202247191,1.0,1,1,0,0.8621930641630362,58.0,120
qmsum,0.2,pyramidkv,32,5.128205128205128,0.0,0.0,0,0,,0.8567608833312989,31.0,136
qmsum,0.2,pyramidkv,33,7.017543859649122,0.7551020408163265,0.8325952170062002,1,1,7,0.8787456512451172,41.0,112
qmsum,0.2,pyramidkv,34,0.0,0.8315789473684211,0.9528023598820059,1,1,7,0.7970013522398941,34.0,130
qmsum,0.2,pyramidkv,35,3.703703703703704,0.0,0.0,0,0,,0.9077870007768103,43.0,118
qmsum,0.2,pyramidkv,36,2.666666666666667,0.0,0.0,0,0,,0.9077870007768103,43.0,118
qmsum,0.2,pyramidkv,37,2.2346368715083798,0.949438202247191,1.0,1,1,0,0.8621930641630362,58.0,120
qmsum,0.2,pyramidkv,38,0.0,0.949685534591195,0.9839679358717435,1,1,3,0.8835003379389558,33.0,133
qmsum,0.2,pyramidkv,39,2.6431718061674006,0.8873239436619719,0.9498031496062992,1,1,11,0.8950001154227496,33.0,135
qmsum,0.2,pyramidkv,40,8.18181818181818,0.8895705521472392,0.9097127222982216,1,1,13,0.8441859637530218,34.0,122
qmsum,0.2,pyramidkv,41,5.5813953488372094,0.7551020408163265,0.8325952170062002,1,1,7,0.8787456512451172,41.0,112
qmsum,0.2,pyramidkv,42,0.0,0.0,0.0,0,0,,0.911089293110122,44.0,112
qmsum,0.2,pyramidkv,43,2.395209580838323,0.9113924050632911,0.949238578680203,1,1,10,0.855993332766794,40.0,130
qmsum,0.2,pyramidkv,44,2.1505376344086025,0.8315789473684211,0.9528023598820059,1,1,7,0.7970013522398941,34.0,130
qmsum,0.2,pyramidkv,45,1.8779342723004695,0.9127906976744186,0.9433701657458563,1,1,8,0.9223374366760254,40.0,113
qmsum,0.2,pyramidkv,46,1.2121212121212122,0.9127906976744186,0.9433701657458563,1,1,8,0.9223374366760254,40.0,113
qmsum,0.2,pyramidkv,47,2.5316455696202533,0.9156626506024096,0.981651376146789,1,1,3,0.8931081314297583,35.0,139
qmsum,0.2,pyramidkv,48,3.7735849056603774,0.0,0.0,0,0,,0.911089293110122,44.0,112
qmsum,0.2,pyramidkv,49,3.65296803652968,0.7551020408163265,0.8325952170062002,1,1,7,0.8787456512451172,41.0,112
qmsum,0.2,adakv,0,2.8368794326241136,0.9156626506024096,0.981651376146789,1,1,3,0.8931081314297583,35.0,139
qmsum,0.2,adakv,1,1.1764705882352942,0.8873239436619719,0.9498031496062992,1,1,11,0.8950001154227496,33.0,135
qmsum,0.2,adakv,2,2.3391812865497075,0.9272727272727272,0.958109559613319,1,1,7,0.7162278378189153,43.0,137
qmsum,0.2,adakv,3,2.6548672566371683,0.9065934065934066,0.9862204724409449,1,1,2,0.8648982204544203,32.0,122
qmsum,0.2,adakv,4,1.0204081632653061,0.8895705521472392,0.9097127222982216,1,1,13,0.8441859637530218,34.0,122
qmsum,0.2,adakv,5,1.0050251256281406,0.8850574712643678,0.9478764478764479,1,1,7,0.6777531928500916,32.0,148
qmsum,0.2,adakv,6,0.0,0.949438202247191,1.0,1,1,0,0.7221413836644063,34.0,121
qmsum,0.2,adakv,7,0.0,0.0,0.7773279352226721,0,1,,0.8429450500472979,33.0,131
qmsum,0.2,adakv,8,1.3986013986013988,0.949438202247191,1.0,1,1,0,0.693262350793953,32.0,121
qmsum,0.2,adakv,9,1.3157894736842104,0.9432624113475178,0.9803108808290155,1,1,3,0.8657726321344206,28.0,130
qmsum,0.2,adakv,10,0.0,0.949438202247191,1.0,1,1,0,0.7136214565173674,28.0,134
qmsum,0.2,adakv,11,6.25,0.0,0.7773279352226721,0,1,,0.8429450500472979,33.0,131
qmsum,0.2,adakv,12,8.510638297872342,0.7551020408163265,0.8325952170062002,1,1,7,0.8790109683261165,41.0,112
qmsum,0.2,adakv,13,0.0,0.949685534591195,0.9839679358717435,1,1,3,0.8835003379389558,33.0,133
qmsum,0.2,adakv,14,1.9417475728155338,0.9156626506024096,0.9706666666666667,1,1,9,0.856655040087661,31.0,131
qmsum,0.2,adakv,15,6.382978723404256,0.0,0.021505376344086023,0,0,,0.9104538568273476,36.0,133
qmsum,0.2,adakv,16,2.5157232704402515,0.9432624113475178,0.9803108808290155,1,1,3,0.8657726321344206,28.0,130
qmsum,0.2,adakv,17,1.0526315789473684,0.949438202247191,1.0,1,1,0,0.7136214565173674,28.0,134
qmsum,0.2,adakv,18,3.0769230769230766,0.0,0.0,0,0,,0.911089293110122,44.0,112
qmsum,0.2,adakv,19,6.0606060606060606,0.0,0.7773279352226721,0,1,,0.8429450500472979,33.0,131
qmsum,0.2,adakv,20,6.25,0.0,0.0,0,0,,0.9077870007768103,43.0,118
qmsum,0.2,adakv,21,0.0,0.0,0.0,0,0,,0.8800546702480061,38.0,111
qmsum,0.2,adakv,22,0.0,0.8850574712643678,0.9478764478764479,1,1,7,0.6777531928500916,32.0,148
qmsum,0.2,adakv,23,1.8957345971563981,0.9065934065934066,0.9862204724409449,1,1,2,0.8648982204544203,32.0,122
qmsum,0.2,adakv,24,2.0408163265306127,0.0,0.0,0,0,,0.8693583933041936,36.0,121
qmsum,0.2,adakv,25,2.0,0.9104477611940298,0.966933867735471,1,1,9,0.9102845899762703,34.0,136
qmsum,0.2,adakv,26,3.6036036036036037,0.0,0.0,0,0,,0.9077870007768103,43.0,118
qmsum,0.2,adakv,27,0.0,0.949438202247191,1.0,1,1,0,0.7221413836644063,34.0,121
qmsum,0.2,adakv,28,0.9803921568627451,0.9325842696629213,0.9879182156133829,1,1,3,0.8980243861260627,44.0,140
qmsum,0.2,adakv,29,2.843601895734597,0.9432624113475178,0.9803108808290155,1,1,3,0.8657726321344206,28.0,130
qmsum,0.2,adakv,30,0.9756097560975608,0.8873239436619719,0.9498031496062992,1,1,11,0.8950001154227496,33.0,135
qmsum,0.2,adakv,31,2.3391812865497075,0.949438202247191,1.0,1,1,0,0.8621930641630362,58.0,120
qmsum,0.2,adakv,32,4.733727810650888,0.8922155688622755,0.9589867310012062,1,1,7,0.8569388540874858,31.0,136
qmsum,0.2,adakv,33,7.017543859649122,0.7551020408163265,0.8325952170062002,1,1,7,0.8790109683261165,41.0,112
qmsum,0.2,adakv,34,0.0,0.8315789473684211,0.9528023598820059,1,1,7,0.7970013522398941,34.0,130
qmsum,0.2,adakv,35,3.703703703703704,0.0,0.0,0,0,,0.9077870007768103,43.0,118
qmsum,0.2,adakv,36,2.666666666666667,0.0,0.0,0,0,,0.9077870007768103,43.0,118
qmsum,0.2,adakv,37,2.2346368715083798,0.949438202247191,1.0,1,1,0,0.8621930641630362,58.0,120
qmsum,0.2,adakv,38,0.0,0.949685534591195,0.9839679358717435,1,1,3,0.8835003379389558,33.0,133
qmsum,0.2,adakv,39,2.6431718061674006,0.8873239436619719,0.9498031496062992,1,1,11,0.8950001154227496,33.0,135
qmsum,0.2,adakv,40,8.18181818181818,0.8895705521472392,0.9097127222982216,1,1,13,0.8441859637530218,34.0,122
qmsum,0.2,adakv,41,5.5813953488372094,0.7551020408163265,0.8325952170062002,1,1,7,0.8790109683261165,41.0,112
qmsum,0.2,adakv,42,0.0,0.0,0.0,0,0,,0.911089293110122,44.0,112
qmsum,0.2,adakv,43,2.395209580838323,0.9113924050632911,0.949238578680203,1,1,10,0.855993332766794,40.0,130
qmsum,0.2,adakv,44,2.1505376344086025,0.8315789473684211,0.9528023598820059,1,1,7,0.7970013522398941,34.0,130
qmsum,0.2,adakv,45,1.8779342723004695,0.9127906976744186,0.9433701657458563,1,1,8,0.9226628455357248,40.0,113
qmsum,0.2,adakv,46,1.2121212121212122,0.9127906976744186,0.9433701657458563,1,1,8,0.9226628455357248,40.0,113
qmsum,0.2,adakv,47,2.5316455696202533,0.9156626506024096,0.981651376146789,1,1,3,0.8931081314297583,35.0,139
qmsum,0.2,adakv,48,3.7735849056603774,0.0,0.0,0,0,,0.911089293110122,44.0,112
qmsum,0.2,adakv,49,3.65296803652968,0.7551020408163265,0.8325952170062002,1,1,7,0.8790109683261165,41.0,112
qmsum,0.2,ours,0,2.2598870056497176,0.7513513513513513,0.9487179487179487,1,1,25,1.7350057577645823,155.0,230
qmsum,0.2,ours,1,0.0,0.9310344827586207,0.976913730255164,1,1,4,1.5471744224713022,105.0,215
qmsum,0.2,ours,2,10.945273631840797,0.7978723404255319,0.9624134520276953,1,1,8,1.4426547096083477,156.0,229
qmsum,0.2,ours,3,11.872146118721458,0.7341040462427746,0.8904382470119522,1,1,16,2.3089613672385783,450.0,212
qmsum,0.2,ours,4,1.0204081632653061,0.8957055214723927,0.9483695652173914,1,1,9,1.765736136813581,164.0,231
qmsum,0.2,ours,5,1.5873015873015872,0.7830188679245284,0.8734402852049911,1,1,13,1.6452821678525815,174.0,221
qmsum,0.2,ours,6,3.1746031746031735,0.9343434343434344,0.963258785942492,1,1,3,1.5018560486235897,134.0,198
qmsum,0.2,ours,7,4.371584699453552,0.08571428571428572,0.3841754051477598,0,0,136,1.8047983664940486,222.0,208
qmsum,0.2,ours,8,5.88235294117647,0.0,0.708,0,1,,1.3823463026511655,70.0,233
qmsum,0.2,ours,9,2.2988505747126435,0.850828729281768,0.936,1,1,12,1.5758417275554433,100.0,207
qmsum,0.2,ours,10,4.830917874396136,0.7692307692307693,0.861671469740634,1,1,30,1.6066035493114037,163.0,229
qmsum,0.2,ours,11,4.25531914893617,0.08571428571428572,0.3841754051477598,0,0,136,1.8047983664940486,222.0,208
qmsum,0.2,ours,12,11.363636363636363,0.7421052631578947,0.9054852320675105,1,1,25,2.095152258783309,297.0,216
qmsum,0.2,ours,13,10.714285714285715,0.19230769230769232,0.5757162346521146,0,0,13,1.914269188647006,229.0,216
qmsum,0.2,ours,14,16.74418604651163,0.5428571428571428,0.9073514602215509,1,1,19,1.5782674667665775,115.0,234
qmsum,0.2,ours,15,11.023622047244094,0.1206896551724138,0.6260869565217392,0,0,10,1.7450791768673146,132.0,233
qmsum,0.2,ours,16,3.314917127071823,0.850828729281768,0.936,1,1,12,1.5758417275554433,100.0,207
qmsum,0.2,ours,17,7.174887892376682,0.7692307692307693,0.861671469740634,1,1,30,1.6066035493114037,163.0,229
qmsum,0.2,ours,18,1.932367149758454,0.9080459770114943,0.9651741293532339,1,1,8,1.5064845439080752,103.0,205
qmsum,0.2,ours,19,8.108108108108109,0.08571428571428572,0.3841754051477598,0,0,136,1.8047983664940486,222.0,208
qmsum,0.2,ours,20,3.278688524590164,0.8765432098765432,0.951063829787234,1,1,6,1.6058712853124093,127.0,229
qmsum,0.2,ours,21,2.666666666666667,0.14285714285714285,0.723404255319149,0,1,4,2.1412150020930154,308.0,231
qmsum,0.2,ours,22,1.9230769230769231,0.7830188679245284,0.8734402852049911,1,1,13,1.6452821678525815,174.0,221
qmsum,0.2,ours,23,10.784313725490197,0.7341040462427746,0.8904382470119522,1,1,16,2.3089613672385783,450.0,212
qmsum,0.2,ours,24,3.65296803652968,0.8795180722891566,0.9832635983263598,1,1,2,1.679848311853881,164.0,229
qmsum,0.2,ours,25,4.444444444444445,0.9285714285714286,0.9919517102615694,1,1,2,1.8246261790343545,145.0,221
qmsum,0.2,ours,26,4.3478260869565215,0.8765432098765432,0.951063829787234,1,1,6,1.6058712853124093,127.0,229
qmsum,0.2,ours,27,2.1978021978021975,0.9343434343434344,0.963258785942492,1,1,3,1.5018560486235897,134.0,198
qmsum,0.2,ours,28,2.8368794326241136,0.7956989247311828,0.8943661971830986,1,1,13,2.091522086870924,198.0,235
qmsum,0.2,ours,29,3.4334763948497855,0.850828729281768,0.936,1,1,12,1.5758417275554433,100.0,207
qmsum,0.2,ours,30,0.0,0.9310344827586207,0.976913730255164,1,1,4,1.5471744224713022,105.0,215
qmsum,0.2,ours,31,1.0101010101010102,0.9395604395604396,1.0,1,1,0,2.3651760403354776,366.0,228
qmsum,0.2,ours,32,6.741573033707865,0.4431818181818182,0.7786259541984732,1,1,19,1.8228755498774318,210.0,246
qmsum,0.2,ours,33,11.673151750972762,0.7421052631578947,0.9054852320675105,1,1,25,2.095152258783309,297.0,216
qmsum,0.2,ours,34,2.051282051282051,0.9325842696629213,0.9871194379391101,1,1,3,1.5809244712310915,130.0,213
qmsum,0.2,ours,35,3.4682080924855496,0.8765432098765432,0.951063829787234,1,1,6,1.6058712853124093,127.0,229
qmsum,0.2,ours,36,2.0618556701030926,0.8765432098765432,0.951063829787234,1,1,6,1.6058712853124093,127.0,229
qmsum,0.2,ours,37,3.8834951456310685,0.9395604395604396,1.0,1,1,0,2.3651760403354776,366.0,228
qmsum,0.2,ours,38,11.695906432748536,0.19230769230769232,0.5757162346521146,0,0,13,1.914269188647006,229.0,216
qmsum,0.2,ours,39,5.02092050209205,0.9310344827586207,0.976913730255164,1,1,4,1.5471744224713022,105.0,215
qmsum,0.2,ours,40,8.18181818181818,0.8957055214723927,0.9483695652173914,1,1,9,1.765736136813581,164.0,231
qmsum,0.2,ours,41,9.01639344262295,0.7421052631578947,0.9054852320675105,1,1,25,2.095152258783309,297.0,216
qmsum,0.2,ours,42,0.0,0.9080459770114943,0.9651741293532339,1,1,8,1.5064845439080752,103.0,205
qmsum,0.2,ours,43,0.0,0.8902439024390244,0.8778877887788779,1,1,7,2.265675470821365,231.0,215
qmsum,0.2,ours,44,1.1111111111111114,0.9325842696629213,0.9871194379391101,1,1,3,1.5809244712310915,130.0,213
qmsum,0.2,ours,45,6.956521739130435,0.8602150537634409,0.966789667896679,1,1,10,1.8792490431824886,146.0,220
qmsum,0.2,ours,46,3.296703296703296,0.8602150537634409,0.966789667896679,1,1,10,1.8792490431824886,146.0,220
qmsum,0.2,ours,47,2.0618556701030926,0.7513513513513513,0.9487179487179487,1,1,25,1.7350057577645823,155.0,230
qmsum,0.2,ours,48,2.0512820512820515,0.9080459770114943,0.9651741293532339,1,1,8,1.5064845439080752,103.0,205
qmsum,0.2,ours,49,5.645161290322581,0.7421052631578947,0.9054852320675105,1,1,25,2.095152258783309,297.0,216
gov_report,0.2,streaming,0,16.25,0.037267080745341616,0.3527803099361896,0,0,81,30.705835783446418,5891.0,500
gov_report,0.2,streaming,1,18.272841051314142,0.01948051948051948,0.46745562130177515,0,0,29,32.14965321524874,6457.0,500
gov_report,0.2,streaming,2,10.447761194029848,0.013793103448275862,0.29901960784313725,0,0,48,45.26190700601117,12801.0,500
gov_report,0.2,streaming,3,13.26352530541012,0.006493506493506494,0.3972222222222222,0,0,13,45.26190700601117,12801.0,500
gov_report,0.2,streaming,4,12.787723785166241,0.015267175572519083,0.38762886597938145,0,0,18,40.965155747722335,10486.0,500
gov_report,0.2,streaming,5,12.44019138755981,0.03184713375796178,0.3809090909090909,0,0,35,45.01448902091078,12662.0,500
gov_report,0.2,streaming,6,16.7427701674277,0.0,0.357487922705314,0,0,,39.74639820465793,9873.0,500
gov_report,0.2,streaming,7,13.993174061433447,0.021897810218978103,0.4192932187201528,0,0,32,45.26190700601117,12801.0,500
gov_report,0.2,streaming,8,9.394313967861558,0.006993006993006993,0.25353535353535356,0,0,66,38.85563137831465,9433.0,500
gov_report,0.2,streaming,9,14.135338345864662,0.033112582781456956,0.3377609108159393,0,0,16,45.26190700601117,12801.0,500
gov_report,0.2,streaming,10,11.80327868852459,0.0,0.2549707602339181,0,0,,32.82341022197119,6733.0,500
gov_report,0.2,streaming,11,14.26448736998514,0.012987012987012988,0.36826347305389223,0,0,61,28.879892742362987,5211.0,500
gov_report,0.2,streaming,12,11.436541143654114,0.02054794520547945,0.2861771058315335,0,0,65,31.304445454251436,6123.0,500
gov_report,0.2,streaming,13,13.65079365079365,0.02962962962962963,0.33011789924973206,0,0,0,41.14442796526698,10578.0,500
gov_report,0.2,streaming,14,12.681159420289854,0.007246376811594203,0.3643410852713178,0,0,48,31.781255327700762,6311.0,500
gov_report,0.2,streaming,15,18.120805369127517,0.1282051282051282,0.5273573923166472,0,0,2,21.348175449671558,2846.0,500
gov_report,0.2,streaming,16,9.06801007556675,0.0,0.29924559932942163,0,0,,19.233320586085526,2309.0,500
gov_report,0.2,streaming,17,11.78082191780822,0.035211267605633804,0.3390639923591213,0,0,7,20.446239425360044,2611.0,500
gov_report,0.2,streaming,18,13.80597014925373,0.017699115044247787,0.3730769230769231,0,0,16,27.550685845714757,4741.0,500
gov_report,0.2,streaming,19,16.184971098265898,0.1411042944785276,0.5277777777777778,0,0,33,34.478053066436004,7429.0,500
gov_report,0.2,streaming,20,13.65079365079365,0.012658227848101266,0.37316017316017314,0,0,25,42.91759613062896,11509.0,500
gov_report,0.2,streaming,21,12.057667103538662,0.01282051282051282,0.39098436062557496,0,0,65,39.8717936364116,9933.0,500
gov_report,0.2,streaming,22,14.947683109118087,0.006622516556291391,0.37037037037037035,0,0,101,39.75927525744132,9877.0,500
gov_report,0.2,streaming,23,17.257318952234208,0.013422818791946308,0.38802889576883387,0,0,22,24.752222537172358,3828.0,500
gov_report,0.2,streaming,24,14.088397790055248,0.1917808219178082,0.6062992125984252,0,0,50,29.08966118789608,5287.0,500
gov_report,0.2,streaming,25,13.693693693693692,0.013793103448275862,0.4435946462715105,0,0,69,36.4452497622976,8301.0,500
gov_report,0.2,streaming,26,15.08295625942685,0.006211180124223602,0.34218009478672984,0,0,28,41.67147904459028,10852.0,500
gov_report,0.2,streaming,27,12.859097127222983,0.012987012987012988,0.42882882882882883,0,0,67,39.58424070399532,9792.0,500
gov_report,0.2,streaming,28,12.15323645970938,0.0,0.2709677419354839,0,0,,35.1199137228303,7707.0,500
gov_report,0.2,streaming,29,14.207650273224044,0.0,0.23372465314834578,0,0,,28.35207896301863,5021.0,500
gov_report,0.2,streaming,30,9.043927648578812,0.0,0.2589991220368745,0,0,,44.98675724476977,12647.0,500
gov_report,0.2,streaming,31,9.056603773584907,0.0457516339869281,0.4964249233912155,0,0,31,28.86659656226277,5205.0,500
gov_report,0.2,streaming,32,10.281923714759536,0.00847457627118644,0.4606413994169096,0,0,44,32.67684505407648,6673.0,500
gov_report,0.2,streaming,33,13.554987212276215,0.039473684210526314,0.308263695450325,0,0,21,32.239112085985106,6493.0,500
gov_report,0.2,streaming,34,14.771048744460858,0.0273972602739726,0.3981762917933131,0,0,2,44.26827302616516,12245.0,500
gov_report,0.2,streaming,35,13.72854914196568,0.006329113924050633,0.36142484795829716,0,0,9,42.25636133250118,11157.0,500
gov_report,0.2,streaming,36,18.32460732984293,0.011560693641618497,0.3697334479793637,0,0,29,27.329109196293707,4665.0,500
gov_report,0.2,streaming,37,17.672413793103445,0.013245033112582781,0.42493638676844786,0,0,46,36.08346119389447,8137.0,500
gov_report,0.2,streaming,38,14.746543778801843,0.030534351145038167,0.5699530516431925,0,0,14,45.26190700601117,12801.0,500
gov_report,0.2,streaming,39,13.83399209486166,0.015748031496062992,0.2840646651270208,0,0,21,18.59722667965162,2161.0,500
gov_report,0.2,streaming,40,11.970802919708028,0.0,0.24859287054409004,0,0,,42.29648122962243,11180.0,500
gov_report,0.2,streaming,41,13.063063063063062,0.023255813953488372,0.41394825646794153,0,0,73,34.4576309475111,7419.0,500
gov_report,0.2,streaming,42,13.079019073569484,0.006802721088435374,0.27162790697674416,0,0,8,33.468316516673795,6999.0,500
gov_report,0.2,streaming,43,15.54054054054054,0.015151515151515152,0.3035143769968051,0,0,59,45.26190700601117,12801.0,500
gov_report,0.2,streaming,44,16.551724137931036,0.00684931506849315,0.4146100691016782,0,0,15,32.86238250174042,6749.0,500
gov_report,0.2,streaming,45,11.464968152866243,0.016129032258064516,0.26344086021505375,0,0,24,45.26190700601117,12801.0,500
gov_report,0.2,streaming,46,12.622720897615707,0.0,0.3092608326253186,0,0,,28.855508365385532,5201.0,500
gov_report,0.2,streaming,47,23.133235724743773,0.09701492537313433,0.42727272727272725,0,0,13,23.008880191850626,3307.0,500
gov_report,0.2,streaming,48,14.711033274956216,0.021739130434782608,0.436950146627566,0,0,27,33.55235038381939,7033.0,500
gov_report,0.2,streaming,49,8.073394495412845,0.0,0.3205521472392638,0,0,,29.146805186480965,5309.0,500
gov_report,0.2,h2o,0,11.075949367088606,0.7978723404255319,0.9406952965235174,1,1,1,0.8973864304966594,46.0,116
gov_report,0.2,h2o,1,2.083333333333333,0.5592105263157895,0.8877005347593583,1,1,8,0.913572199276915,44.0,127
gov_report,0.2,h2o,2,9.927007299270073,0.9230769230769231,0.9640552995391705,1,1,6,0.982351892929195,75.0,127
gov_report,0.2,h2o,3,3.9215686274509802,0.9191919191919192,0.9744525547445255,1,1,3,0.9809248456758913,44.0,129
gov_report,0.2,h2o,4,0.3003003003003003,0.0,0.8589341692789969,0,1,,0.839652352130362,27.0,114
gov_report,0.2,h2o,5,2.5500910746812386,0.979381443298969,0.9824263038548753,1,1,3,0.8892804711578911,46.0,119
gov_report,0.2,h2o,6,13.946587537091986,0.8888888888888888,1.0,1,1,0,0.8370814818629821,36.0,131
gov_report,0.2,h2o,7,0.0,0.98989898989899,0.9983240223463687,1,1,1,0.9373693296359908,43.0,110
gov_report,0.2,h2o,8,11.166253101736972,0.54375,0.838150289017341,1,1,40,0.8688825781879468,32.0,110
gov_report,0.2,h2o,9,14.177978883861236,0.8579234972677595,0.947008547008547,1,1,11,0.8348190180876975,33.0,113
gov_report,0.2,h2o,10,9.30232558139535,0.8279569892473119,0.9387755102040817,1,1,10,0.7993365739222629,33.0,127
gov_report,0.2,h2o,11,4.979253112033195,0.8928571428571429,0.928897586431833,1,1,20,0.9116062388344853,36.0,118
gov_report,0.2,h2o,12,0.2557544757033248,0.98989898989899,0.9974853310980721,1,1,1,0.9484759605142358,29.0,111
gov_report,0.2,h2o,13,20.09273570324575,0.9470588235294117,0.9863013698630136,1,1,3,0.9626381421612542,44.0,78
gov_report,0.2,h2o,14,12.451361867704279,0.7216494845360825,0.9257990867579908,1,1,10,0.901479835520193,36.0,118
gov_report,0.2,h2o,15,13.571428571428573,0.8936170212765957,1.0,1,1,0,0.9130792522191664,27.0,114
gov_report,0.2,h2o,16,3.4993270524899063,0.924812030075188,1.0,1,1,0,0.8885299512716311,29.0,118
gov_report,0.2,h2o,17,3.7410071942446046,0.924812030075188,1.0,1,1,0,0.9711552697204358,37.0,108
gov_report,0.2,h2o,18,9.62962962962963,0.9393939393939394,0.9730496453900709,1,1,3,1.0006407418058687,37.0,99
gov_report,0.2,h2o,19,4.127579737335835,0.9336734693877551,0.9755656108597285,1,1,8,1.0303121778916207,40.0,121
gov_report,0.2,h2o,20,13.945578231292515,0.9285714285714286,0.989517819706499,1,1,1,0.8773158132083433,47.0,110
gov_report,0.2,h2o,21,1.7341040462427744,0.9538461538461539,0.978562421185372,1,1,2,0.8849037340795087,36.0,140
gov_report,0.2,h2o,22,0.0,0.0,0.9554455445544554,0,1,,0.9693892533665219,40.0,115
gov_report,0.2,h2o,23,14.37308868501529,0.6534090909090909,0.9210992907801419,1,1,38,0.8622935707779618,30.0,109
gov_report,0.2,h2o,24,0.0,0.9393939393939394,0.9662921348314607,1,1,2,0.9197034710711315,54.0,111
gov_report,0.2,h2o,25,15.714285714285714,0.851063829787234,0.9658203125,1,1,11,0.9135363183229279,35.0,95
gov_report,0.2,h2o,26,6.0882800608828,0.7349397590361446,0.8725,1,1,15,0.9218823652397786,60.0,114
gov_report,0.2,h2o,27,6.8181818181818175,0.8775510204081632,0.9938271604938271,1,1,0,1.0137150281756653,52.0,114
gov_report,0.2,h2o,28,4.354136429608127,0.0,0.05572755417956656,0,0,,0.8694379534643232,36.0,107
gov_report,0.2,h2o,29,6.797853309481215,0.949438202247191,1.0,1,1,0,0.8551041855664534,36.0,118
gov_report,0.2,h2o,30,4.6814044213263974,0.8932584269662921,0.9610604805302403,1,1,0,0.952103107946855,51.0,145
gov_report,0.2,h2o,31,0.5494505494505495,0.23333333333333334,0.8305597579425114,0,1,4,0.8077558198330818,28.0,111
gov_report,0.2,h2o,32,9.025270758122742,0.7459016393442623,0.770739064856712,1,1,21,0.8585414110711781,37.0,82
gov_report,0.2,h2o,33,11.349306431273645,0.7964071856287425,0.9221238938053097,1,1,17,0.8793041865475213,37.0,108
gov_report,0.2,h2o,34,18.335684062059237,0.9005524861878453,0.9769736842105263,1,1,3,0.8994493212200029,36.0,97
gov_report,0.2,h2o,35,0.7155635062611808,0.9393939393939394,0.955,1,1,3,0.8943386959857478,35.0,107
gov_report,0.2,h2o,36,17.31843575418994,0.8654970760233918,0.9587534372135655,1,1,8,0.9085490525471818,41.0,120
gov_report,0.2,h2o,37,17.16937354988399,0.6956521739130435,0.8966630785791173,1,1,11,0.8928746751585092,34.0,112
gov_report,0.2,h2o,38,1.824817518248175,0.0,0.7868131868131868,0,1,,0.9080762727613035,45.0,120
gov_report,0.2,h2o,39,5.577689243027889,0.9259259259259259,0.9793388429752066,1,1,3,0.9122259221536297,37.0,93
gov_report,0.2,h2o,40,7.443365695792881,0.8876404494382022,0.9545014520813165,1,1,5,0.9225172708915337,49.0,116
gov_report,0.2,h2o,41,10.191082802547772,0.7419354838709677,0.8757396449704142,1,1,33,0.9242111133667508,47.0,96
gov_report,0.2,h2o,42,13.165266106442578,0.4,0.8184615384615385,1,1,12,0.8542614049673899,36.0,110
gov_report,0.2,h2o,43,1.384083044982699,0.8951048951048951,0.9302631578947368,1,1,5,0.9757598485244527,37.0,80
gov_report,0.2,h2o,44,16.29881154499151,0.8137931034482758,0.943030303030303,1,1,0,0.9020488974360955,42.0,127
gov_report,0.2,h2o,45,0.0,0.0,0.9359605911330049,0,1,,0.937716289383318,50.0,94
gov_report,0.2,h2o,46,10.574018126888216,0.72,0.9324894514767933,1,1,17,0.8250496769329146,29.0,118
gov_report,0.2,h2o,47,6.260296540362438,0.7878787878787878,0.8992537313432836,1,1,8,0.849971636219822,23.0,98
gov_report,0.2,h2o,48,6.049149338374291,0.75,0.9922178988326849,1,1,3,0.8973632986663198,42.0,122
gov_report,0.2,h2o,49,18.612521150592215,0.8242424242424242,0.997093023255814,1,1,1,0.8860378207928518,41.0,112
gov_report,0.2,snapkv,0,1.2024048096192386,0.0,0.0,0,0,,1.5266192618243457,63.0,118
gov_report,0.2,snapkv,1,7.017543859649124,0.058823529411764705,0.2653061224489796,0,0,15,1.5967777135557286,82.0,121
gov_report,0.2,snapkv,2,0.0,0.0,0.0,0,0,,1.5835258131565,62.0,145
gov_report,0.2,snapkv,3,2.112676056338028,0.9696969696969697,1.0,1,1,0,1.4905453707346465,69.0,152
gov_report,0.2,snapkv,4,0.0,0.0,0.0,0,0,,1.5620232498527793,76.0,104
gov_report,0.2,snapkv,5,0.0,0.0,0.0,0,0,,1.5910302381640562,85.0,130
gov_report,0.2,snapkv,6,0.7504690431519699,0.0,0.0,0,0,,1.650904204232559,113.0,169
gov_report,0.2,snapkv,7,6.484641638225256,0.9545454545454546,1.0,1,1,0,1.7242229990525146,78.0,106
gov_report,0.2,snapkv,8,1.7341040462427748,0.42857142857142855,0.918918918918919,1,1,0,1.6748965182326836,92.0,133
gov_report,0.2,snapkv,9,0.0,0.0,0.9899497487437185,0,1,,1.5256282766565634,81.0,148
gov_report,0.2,snapkv,10,0.39603960396039595,0.0,0.0,0,0,,1.5934495390058137,111.0,106
gov_report,0.2,snapkv,11,0.75046904315197,0.0,0.0,0,0,,1.6217399368682097,70.0,115
gov_report,0.2,snapkv,12,6.258890469416785,0.9493670886075949,1.0,1,1,0,1.9474445390330206,223.0,130
gov_report,0.2,snapkv,13,2.8213166144200623,0.9575757575757575,0.9978401727861771,1,1,0,1.4729981305190922,64.0,105
gov_report,0.2,snapkv,14,0.0,0.0,0.0,0,0,,1.683249007586789,115.0,128
gov_report,0.2,snapkv,15,0.0,0.0,0.9899497487437185,0,1,,1.5843500912451793,63.0,134
gov_report,0.2,snapkv,16,0.6125574272588056,0.0,0.0,0,0,,1.6120548522066003,55.0,143
gov_report,0.2,snapkv,17,0.6611570247933884,0.0,0.0,0,0,,1.5866460165376033,59.0,113
gov_report,0.2,snapkv,18,0.0,0.9797979797979798,0.9992464204973625,1,1,1,1.3081559569182506,44.0,95
gov_report,0.2,snapkv,19,0.0,0.0,0.9899497487437185,0,1,,1.5831279136099305,79.0,103
gov_report,0.2,snapkv,20,0.0,0.0,0.0,0,0,,1.5391783930669731,73.0,149
gov_report,0.2,snapkv,21,0.0,0.0,0.0,0,0,,1.5766888812797433,70.0,144
gov_report,0.2,snapkv,22,0.0,0.0,0.0,0,0,,1.5986765272005048,76.0,124
gov_report,0.2,snapkv,23,0.3875968992248062,0.0,0.0,0,0,,1.585449125625383,71.0,112
gov_report,0.2,snapkv,24,3.2828282828282824,0.9696969696969697,0.9985632183908046,1,1,2,1.7128176974699267,84.0,105
gov_report,0.2,snapkv,25,7.720588235294118,0.9493670886075949,1.0,1,1,0,1.5294624601886035,76.0,91
gov_report,0.2,snapkv,26,0.0,0.0,0.9899497487437185,0,1,,1.653068317758489,77.0,156
gov_report,0.2,snapkv,27,8.266666666666666,0.8870056497175142,0.9464701318851824,1,1,11,1.6046187126021088,73.0,91
gov_report,0.2,snapkv,28,1.574803149606299,0.631578947368421,1.0,1,1,0,1.668873870199795,71.0,124
gov_report,0.2,snapkv,29,0.0,0.0,0.9899497487437185,0,1,,1.4423186224154039,50.0,117
gov_report,0.2,snapkv,30,6.287787182587666,0.9646464646464646,0.9721913236929922,1,1,5,1.5558915352015543,70.0,201
gov_report,0.2,snapkv,31,0.0,0.0,0.0,0,0,,1.5843037588571391,73.0,149
gov_report,0.2,snapkv,32,0.0,0.0,0.0,0,0,,1.6172964994144214,75.0,109
gov_report,0.2,snapkv,33,0.0,0.0,0.0,0,0,,1.592338822534285,68.0,102
gov_report,0.2,snapkv,34,17.64705882352941,0.8321678321678322,0.9538934426229508,1,1,6,1.5949040366574778,87.0,119
gov_report,0.2,snapkv,35,0.0,0.0,0.9949494949494949,0,1,,1.5284078365945741,67.0,100
gov_report,0.2,snapkv,36,4.255319148936169,0.0,0.0,0,0,,1.4993106180098361,65.0,116
gov_report,0.2,snapkv,37,0.0,0.9791666666666666,1.0,1,1,0,1.5488438470846504,65.0,123
gov_report,0.2,snapkv,38,4.790419161676647,0.9595959595959596,0.9848790322580645,1,1,1,1.6298993635478003,96.0,114
gov_report,0.2,snapkv,39,0.5037783375314862,0.0,0.0,0,0,,1.4721314199862696,53.0,102
gov_report,0.2,snapkv,40,0.0,0.0,0.5714285714285714,0,0,,1.698699164146937,84.0,196
gov_report,0.2,snapkv,41,0.0,0.9795918367346939,1.0,1,1,0,1.581213615091552,116.0,112
gov_report,0.2,snapkv,42,0.0,0.0,0.0,0,0,,1.6717939471473688,92.0,119
gov_report,0.2,snapkv,43,2.1978021978021975,0.0,0.08333333333333333,0,0,,1.524389734341593,77.0,107
gov_report,0.2,snapkv,44,0.8791208791208791,0.0,0.0,0,0,,1.5145002864700396,55.0,131
gov_report,0.2,snapkv,45,0.0,0.0,0.0,0,0,,1.5511498038060445,73.0,124
gov_report,0.2,snapkv,46,0.0,0.0,0.0,0,0,,1.5573954207507372,68.0,118
gov_report,0.2,snapkv,47,0.0,0.9791666666666666,1.0,1,1,0,1.71489819960619,83.0,118
gov_report,0.2,snapkv,48,0.0,0.0,0.0,0,0,,1.6537723671990274,80.0,120
gov_report,0.2,snapkv,49,0.6163328197226503,0.9848484848484849,0.9944071588366891,1,1,2,1.6622923299676273,78.0,107
gov_report,0.2,pyramidkv,0,11.075949367088606,0.7978723404255319,0.9457436856875585,1,1,1,0.9062225796353934,46.0,126
gov_report,0.2,pyramidkv,1,11.543287327478042,0.8373493975903614,0.9519071310116086,1,1,12,0.9199329495087777,44.0,141
gov_report,0.2,pyramidkv,2,13.843888070692193,0.807909604519774,0.9276985743380856,1,1,12,0.9842854041084155,75.0,139
gov_report,0.2,pyramidkv,3,3.9215686274509802,0.9191919191919192,0.9744525547445255,1,1,3,0.9856187712759685,44.0,140
gov_report,0.2,pyramidkv,4,0.3003003003003003,0.0,0.8589341692789969,0,1,,0.849416473703325,41.0,124
gov_report,0.2,pyramidkv,5,2.5500910746812386,0.979381443298969,0.9824263038548753,1,1,3,0.892020497733974,46.0,129
gov_report,0.2,pyramidkv,6,16.983894582723284,0.8888888888888888,1.0,1,1,0,0.8446606599389027,36.0,145
gov_report,0.2,pyramidkv,7,0.0,0.98989898989899,0.9983240223463687,1,1,1,0.9400742228654964,43.0,123
gov_report,0.2,pyramidkv,8,12.771084337349398,0.5480225988700564,0.832427536231884,1,1,55,0.8737539135118065,32.0,123
gov_report,0.2,pyramidkv,9,14.414414414414415,0.8324324324324325,0.9401785714285714,1,1,11,0.8347740859895422,33.0,126
gov_report,0.2,pyramidkv,10,9.30232558139535,0.8279569892473119,0.9387755102040817,1,1,10,0.8038470834222741,33.0,135
gov_report,0.2,pyramidkv,11,12.213740458015266,0.6423841059602649,0.8838334946757018,1,1,1,0.9242690440124981,36.0,132
gov_report,0.2,pyramidkv,12,0.2557544757033248,0.98989898989899,0.9974853310980721,1,1,1,0.9589830838672266,29.0,123
gov_report,0.2,pyramidkv,13,20.09273570324575,0.9470588235294117,0.9863013698630136,1,1,3,0.969641850882449,44.0,91
gov_report,0.2,pyramidkv,14,10.080645161290324,0.7160493827160493,0.8970588235294118,1,1,14,0.9054694277389903,36.0,128
gov_report,0.2,pyramidkv,15,13.571428571428573,0.8936170212765957,1.0,1,1,0,0.9154228698971871,27.0,123
gov_report,0.2,pyramidkv,16,3.4993270524899063,0.924812030075188,1.0,1,1,0,0.9225568771362305,29.0,131
gov_report,0.2,pyramidkv,17,3.7410071942446046,0.924812030075188,1.0,1,1,0,1.001011347230011,37.0,121
gov_report,0.2,pyramidkv,18,9.285714285714286,0.8352941176470589,0.9757225433526011,1,1,0,1.024431324005127,40.0,108
gov_report,0.2,pyramidkv,19,4.127579737335835,0.9336734693877551,0.9755656108597285,1,1,8,1.0340505068800228,40.0,132
gov_report,0.2,pyramidkv,20,5.263157894736842,0.8625,0.9787644787644788,1,1,4,0.881110668182373,47.0,122
gov_report,0.2,pyramidkv,21,7.507507507507507,0.02564102564102564,0.5665584415584416,0,0,13,0.8892590522766113,36.0,153
gov_report,0.2,pyramidkv,22,0.0,0.0,0.9554455445544554,0,1,,0.9754191398620605,40.0,129
gov_report,0.2,pyramidkv,23,7.131782945736434,0.9027027027027027,0.9767441860465116,1,1,4,0.8724323149525105,30.0,121
gov_report,0.2,pyramidkv,24,3.2640949554896146,0.923728813559322,0.9633204633204633,1,1,5,0.9330517190104266,54.0,122
gov_report,0.2,pyramidkv,25,15.714285714285714,0.851063829787234,0.9658203125,1,1,11,0.9265356757705883,35.0,108
gov_report,0.2,pyramidkv,26,6.0882800608828,0.7349397590361446,0.8725,1,1,15,0.9286907916988341,60.0,127
gov_report,0.2,pyramidkv,27,12.26158038147139,0.8988095238095238,0.9408766564729868,1,1,11,1.0176914506392427,52.0,128
gov_report,0.2,pyramidkv,28,12.580231065468547,0.8659217877094972,0.9341050756901158,1,1,15,0.8718963376562545,36.0,116
gov_report,0.2,pyramidkv,29,3.211009174311927,0.36363636363636365,0.9249146757679181,1,1,0,0.8734977722167969,36.0,131
gov_report,0.2,pyramidkv,30,6.476683937823833,0.7529411764705882,0.9584103512014788,1,1,0,0.9559113753926307,51.0,157
gov_report,0.2,pyramidkv,31,0.5494505494505495,0.23333333333333334,0.8305597579425114,0,1,4,0.8158431053161621,28.0,122
gov_report,0.2,pyramidkv,32,2.456140350877193,0.7027027027027027,0.6021505376344086,1,1,21,0.866305822984647,37.0,94
gov_report,0.2,pyramidkv,33,13.468869123252858,0.4276729559748428,0.8605539637058262,1,1,19,0.8918040275573731,37.0,119
gov_report,0.2,pyramidkv,34,11.223021582733814,0.7861635220125787,0.9287169042769857,1,1,12,0.902472972869873,36.0,110
gov_report,0.2,pyramidkv,35,0.7155635062611808,0.9393939393939394,0.955,1,1,3,0.9021574974060058,35.0,119
gov_report,0.2,pyramidkv,36,17.31843575418994,0.8654970760233918,0.9587534372135655,1,1,8,0.9159323360480682,41.0,128
gov_report,0.2,pyramidkv,37,17.16937354988399,0.6956521739130435,0.8966630785791173,1,1,11,0.8986525068983662,34.0,126
gov_report,0.2,pyramidkv,38,1.824817518248175,0.0,0.7868131868131868,0,1,,0.9099614175418728,45.0,133
gov_report,0.2,pyramidkv,39,5.577689243027889,0.9259259259259259,0.9793388429752066,1,1,3,0.958282467756726,37.0,102
gov_report,0.2,pyramidkv,40,7.443365695792881,0.8876404494382022,0.9545014520813165,1,1,5,0.9267145155418233,49.0,130
gov_report,0.2,pyramidkv,41,10.191082802547772,0.7419354838709677,0.8757396449704142,1,1,33,0.939501837752691,47.0,108
gov_report,0.2,pyramidkv,42,13.783783783783784,0.7443181818181818,0.8673036093418259,1,1,15,0.8568027692752404,36.0,123
gov_report,0.2,pyramidkv,43,7.523510971786834,0.8333333333333334,0.8926886792452831,1,1,21,0.9818170006269507,37.0,93
gov_report,0.2,pyramidkv,44,16.243654822335024,0.8367346938775511,0.9766666666666667,1,1,0,0.9085758552349145,42.0,135
gov_report,0.2,pyramidkv,45,0.0,0.9508196721311475,0.9720558882235529,1,1,1,0.9408456049157814,50.0,107
gov_report,0.2,pyramidkv,46,10.574018126888216,0.72,0.9324894514767933,1,1,17,0.8364011185660976,31.0,129
gov_report,0.2,pyramidkv,47,6.260296540362438,0.7878787878787878,0.8992537313432836,1,1,8,0.8841461738673002,26.0,113
gov_report,0.2,pyramidkv,48,1.938610662358643,0.8895027624309392,0.9246575342465754,1,1,19,0.899644926396012,42.0,130
gov_report,0.2,pyramidkv,49,6.050420168067227,0.9444444444444444,1.0,1,1,0,0.8954891083518215,41.0,123
gov_report,0.2,adakv,0,11.075949367088606,0.7978723404255319,0.9457436856875585,1,1,1,0.9062225796353934,46.0,126
gov_report,0.2,adakv,1,11.543287327478042,0.8373493975903614,0.9519071310116086,1,1,12,0.9199329495087777,44.0,141
gov_report,0.2,adakv,2,13.843888070692193,0.807909604519774,0.9276985743380856,1,1,12,0.9842854041084155,75.0,139
gov_report,0.2,adakv,3,3.9215686274509802,0.9191919191919192,0.9744525547445255,1,1,3,0.9856187712759685,44.0,140
gov_report,0.2,adakv,4,0.3003003003003003,0.0,0.8589341692789969,0,1,,0.849416473703325,41.0,124
gov_report,0.2,adakv,5,2.5500910746812386,0.979381443298969,0.9824263038548753,1,1,3,0.892020497733974,46.0,129
gov_report,0.2,adakv,6,16.983894582723284,0.8888888888888888,1.0,1,1,0,0.8446606599389027,36.0,145
gov_report,0.2,adakv,7,0.0,0.98989898989899,0.9983240223463687,1,1,1,0.9400742228654964,43.0,123
gov_report,0.2,adakv,8,12.771084337349398,0.5480225988700564,0.832427536231884,1,1,55,0.8737539135118065,32.0,123
gov_report,0.2,adakv,9,14.414414414414415,0.8324324324324325,0.9401785714285714,1,1,11,0.8347740859895422,33.0,126
gov_report,0.2,adakv,10,9.30232558139535,0.8279569892473119,0.9387755102040817,1,1,10,0.8038470834222741,33.0,135
gov_report,0.2,adakv,11,12.213740458015266,0.6423841059602649,0.8838334946757018,1,1,1,0.9242690440124981,36.0,132
gov_report,0.2,adakv,12,0.2557544757033248,0.98989898989899,0.9974853310980721,1,1,1,0.9589830838672266,29.0,123
gov_report,0.2,adakv,13,20.09273570324575,0.9470588235294117,0.9863013698630136,1,1,3,0.969641850882449,44.0,91
gov_report,0.2,adakv,14,10.080645161290324,0.7160493827160493,0.8970588235294118,1,1,14,0.9054694277389903,36.0,128
gov_report,0.2,adakv,15,13.571428571428573,0.8936170212765957,1.0,1,1,0,0.9154228698971871,27.0,123
gov_report,0.2,adakv,16,3.4993270524899063,0.924812030075188,1.0,1,1,0,0.9227876941260472,29.0,131
gov_report,0.2,adakv,17,3.7410071942446046,0.924812030075188,1.0,1,1,0,1.001011347230011,37.0,121
gov_report,0.2,adakv,18,9.285714285714286,0.8352941176470589,0.9757225433526011,1,1,0,1.0205150006409327,40.0,108
gov_report,0.2,adakv,19,4.127579737335835,0.9336734693877551,0.9755656108597285,1,1,8,1.0340505068800228,40.0,132
gov_report,0.2,adakv,20,5.263157894736842,0.8625,0.9787644787644788,1,1,4,0.8803553709618009,47.0,122
gov_report,0.2,adakv,21,7.507507507507507,0.02564102564102564,0.5665584415584416,0,0,13,0.8893925787043295,36.0,153
gov_report,0.2,adakv,22,0.0,0.0,0.9554455445544554,0,1,,0.9747269359438975,40.0,129
gov_report,0.2,adakv,23,7.131782945736434,0.9027027027027027,0.9767441860465116,1,1,4,0.8724323149525105,30.0,121
gov_report,0.2,adakv,24,3.2640949554896146,0.923728813559322,0.9633204633204633,1,1,5,0.9330517190104266,54.0,122
gov_report,0.2,adakv,25,15.714285714285714,0.851063829787234,0.9658203125,1,1,11,0.9265356757705883,35.0,108
gov_report,0.2,adakv,26,6.0882800608828,0.7349397590361446,0.8725,1,1,15,0.9286907916988341,60.0,127
gov_report,0.2,adakv,27,12.26158038147139,0.8988095238095238,0.9408766564729868,1,1,11,1.0176914506392427,52.0,128
gov_report,0.2,adakv,28,12.580231065468547,0.8659217877094972,0.9341050756901158,1,1,15,0.8718963376562545,36.0,116
gov_report,0.2,adakv,29,3.211009174311927,0.36363636363636365,0.9249146757679181,1,1,0,0.8726936454053391,36.0,131
gov_report,0.2,adakv,30,6.476683937823833,0.7529411764705882,0.9584103512014788,1,1,0,0.9559113753926307,51.0,157
gov_report,0.2,adakv,31,0.5494505494505495,0.23333333333333334,0.8305597579425114,0,1,4,0.8162880309869355,28.0,122
gov_report,0.2,adakv,32,2.456140350877193,0.7027027027027027,0.6021505376344086,1,1,21,0.866305822984647,37.0,94
gov_report,0.2,adakv,33,14.917825537294565,0.4267515923566879,0.88,1,1,11,0.8918708620220257,37.0,119
gov_report,0.2,adakv,34,11.223021582733814,0.7861635220125787,0.9287169042769857,1,1,12,0.9024247076224231,36.0,110
gov_report,0.2,adakv,35,0.7155635062611808,0.9393939393939394,0.955,1,1,3,0.9022633271773847,35.0,119
gov_report,0.2,adakv,36,17.31843575418994,0.8654970760233918,0.9587534372135655,1,1,8,0.9159323360480682,41.0,128
gov_report,0.2,adakv,37,17.16937354988399,0.6956521739130435,0.8966630785791173,1,1,11,0.8986525068983662,34.0,126
gov_report,0.2,adakv,38,1.824817518248175,0.0,0.7868131868131868,0,1,,0.9099614175418728,45.0,133
gov_report,0.2,adakv,39,5.577689243027889,0.9259259259259259,0.9793388429752066,1,1,3,0.958282467756726,37.0,102
gov_report,0.2,adakv,40,7.443365695792881,0.8876404494382022,0.9545014520813165,1,1,5,0.9267145155418233,49.0,130
gov_report,0.2,adakv,41,10.191082802547772,0.7419354838709677,0.8757396449704142,1,1,33,0.939501837752691,47.0,108
gov_report,0.2,adakv,42,13.783783783783784,0.7443181818181818,0.8673036093418259,1,1,15,0.8568027692752404,36.0,123
gov_report,0.2,adakv,43,7.523510971786834,0.8333333333333334,0.8926886792452831,1,1,21,0.9818170006269507,37.0,93
gov_report,0.2,adakv,44,16.243654822335024,0.8367346938775511,0.9766666666666667,1,1,0,0.9085758552349145,42.0,135
gov_report,0.2,adakv,45,0.0,0.9508196721311475,0.9720558882235529,1,1,1,0.9408456049157814,50.0,107
gov_report,0.2,adakv,46,10.574018126888216,0.72,0.9324894514767933,1,1,17,0.8364011185660976,31.0,129
gov_report,0.2,adakv,47,6.260296540362438,0.7878787878787878,0.8992537313432836,1,1,8,0.8841461738673002,26.0,113
gov_report,0.2,adakv,48,1.938610662358643,0.8895027624309392,0.9246575342465754,1,1,19,0.899644926396012,42.0,130
gov_report,0.2,adakv,49,6.050420168067227,0.9444444444444444,1.0,1,1,0,0.8954891083518215,41.0,123
gov_report,0.2,ours,0,18.354430379746837,0.06329113924050633,0.45564516129032256,0,0,6,4.029124869567673,723.0,234
gov_report,0.2,ours,1,16.983523447401776,0.04861111111111111,0.510184287099903,0,0,4,2.28173649931813,213.0,246
gov_report,0.2,ours,2,1.9834710743801651,0.9230769230769231,1.0,1,1,0,1.891943169195393,231.0,203
gov_report,0.2,ours,3,4.2105263157894735,0.898989898989899,0.8961352657004831,1,1,17,1.6417053438860483,194.0,232
gov_report,0.2,ours,4,2.3703703703703702,0.0,0.7581699346405228,0,1,,3.4894308747642873,488.0,251
gov_report,0.2,ours,5,12.583412774070544,0.1419753086419753,0.5757071547420965,0,0,18,2.134249855243339,180.0,267
gov_report,0.2,ours,6,28.44444444444445,0.0379746835443038,0.5009469696969697,0,0,4,2.2124163202163873,285.0,269
gov_report,0.2,ours,7,8.445297504798464,0.3023255813953488,0.8065630397236615,1,1,1,1.7314186217694203,129.0,222
gov_report,0.2,ours,8,8.695652173913045,0.8434343434343434,0.8918032786885246,1,1,23,3.469676085491181,601.0,226
gov_report,0.2,ours,9,10.191082802547772,0.01639344262295082,0.3233890214797136,0,0,103,2.0650790404259145,199.0,207
gov_report,0.2,ours,10,9.076682316118937,0.7754010695187166,0.9035004730368968,1,1,3,1.9289901277255197,155.0,235
gov_report,0.2,ours,11,8.995502248875562,0.7758620689655172,0.9189873417721519,1,1,1,1.5853428874455058,126.0,237
gov_report,0.2,ours,12,1.24804992199688,0.8936170212765957,0.9952,1,1,0,2.9717434781982344,327.0,216
gov_report,0.2,ours,13,8.737864077669903,0.031746031746031744,0.2913816689466484,0,0,1,1.7349757774534516,180.0,176
gov_report,0.2,ours,14,13.503649635036496,0.014388489208633094,0.4157187176835574,0,0,31,2.7056878640665087,343.0,234
gov_report,0.2,ours,15,8.945686900958465,0.9661016949152542,0.9965714285714286,1,1,1,2.264340635430015,132.0,242
gov_report,0.2,ours,16,7.510431154381085,0.21518987341772153,0.6709558823529411,0,0,16,2.403333938692266,139.0,236
gov_report,0.2,ours,17,12.30366492146597,0.8288770053475936,0.9401309635173059,1,1,1,2.3126900452218737,170.0,192
gov_report,0.2,ours,18,6.6783831282952555,0.7945945945945946,0.9247743229689067,1,1,1,1.6296369190217086,89.0,211
gov_report,0.2,ours,19,11.789473684210527,0.8771929824561403,1.0,1,1,3,2.358726406298896,267.0,245
gov_report,0.2,ours,20,12.05211726384365,0.058823529411764705,0.4893162393162393,0,0,6,3.426815403796771,529.0,234
gov_report,0.2,ours,21,20.50632911392405,0.028901734104046242,0.46943573667711597,0,0,2,2.596220077986639,200.0,261
gov_report,0.2,ours,22,0.0,0.9333333333333333,1.0,1,1,0,2.9044860404244996,417.0,191
gov_report,0.2,ours,23,8.780487804878048,0.8955223880597015,0.927960927960928,1,1,9,1.8756564142287793,134.0,217
gov_report,0.2,ours,24,11.984021304926765,0.12154696132596685,0.5183639398998331,0,0,90,3.088288799896117,320.0,197
gov_report,0.2,ours,25,12.23021582733813,0.013422818791946308,0.4725050916496945,0,0,87,2.441795411602128,338.0,218
gov_report,0.2,ours,26,11.916264090177133,0.008928571428571428,0.26956521739130435,0,0,41,1.9531165617184083,222.0,229
gov_report,0.2,ours,27,6.077348066298343,0.8136645962732919,0.8248730964467005,1,1,22,2.308834365202674,151.0,196
gov_report,0.2,ours,28,12.129380053908358,0.7769230769230769,1.0,1,1,0,1.879853985143804,154.0,233
gov_report,0.2,ours,29,12.667946257197697,0.8818897637795275,0.9384236453201971,1,1,10,2.1779912995681854,181.0,235
gov_report,0.2,ours,30,4.573170731707317,0.0,0.6806083650190115,0,0,,3.2410959034774702,483.0,294
gov_report,0.2,ours,31,12.830188679245284,0.22448979591836735,0.6622889305816135,0,0,19,2.3249006986834715,293.0,229
gov_report,0.2,ours,32,1.1385199240986716,0.9333333333333333,1.0,1,1,0,1.8181384468104973,161.0,118
gov_report,0.2,ours,33,16.100628930817614,0.054878048780487805,0.43064369900271987,0,0,56,3.861693855020701,615.0,245
gov_report,0.2,ours,34,10.857142857142858,0.7005988023952096,0.8520653218059558,1,1,11,1.8804924780125347,249.0,221
gov_report,0.2,ours,35,0.2898550724637681,0.9846938775510204,0.9972324723247232,1,1,2,3.426389729748191,440.0,264
gov_report,0.2,ours,36,14.899713467048711,0.07142857142857142,0.46745562130177515,0,0,19,2.183652698468756,198.0,250
gov_report,0.2,ours,37,5.275779376498802,0.9375,0.9697732997481109,1,1,4,1.9445172116513454,138.0,229
gov_report,0.2,ours,38,15.317919075144507,0.07100591715976332,0.5788655788655789,0,0,9,2.6686348388416334,355.0,255
gov_report,0.2,ours,39,7.604562737642584,0.8633879781420765,0.9938712972420838,1,1,0,2.1068543455389093,121.0,206
gov_report,0.2,ours,40,0.3663003663003663,0.9587628865979382,0.9484126984126984,1,1,3,1.9180399873753595,243.0,222
gov_report,0.2,ours,41,10.714285714285712,0.2152777777777778,0.6230677764565993,0,0,11,3.3832962170379823,542.0,212
gov_report,0.2,ours,42,14.504881450488144,0.08333333333333333,0.42776523702031605,0,0,8,2.909713594472134,406.0,252
gov_report,0.2,ours,43,17.283950617283953,0.8791208791208791,0.9588400374181478,1,1,11,1.262946549691848,61.0,192
gov_report,0.2,ours,44,16.580310880829014,0.12837837837837837,0.6995391705069124,0,0,39,2.614174787450867,291.0,237
gov_report,0.2,ours,45,11.076923076923077,0.7515923566878981,0.9473197781885397,1,1,8,2.400862047583378,228.0,184
gov_report,0.2,ours,46,18.234442836468883,0.06944444444444445,0.494716618635927,0,0,23,3.204525038892123,299.0,224
gov_report,0.2,ours,47,4.683195592286501,0.8457142857142858,0.9098240469208211,1,1,26,4.043304964463199,511.0,240
gov_report,0.2,ours,48,2.8753993610223643,0.8978494623655914,0.921832884097035,1,1,18,2.339960527868903,218.0,261
gov_report,0.2,ours,49,8.013937282229964,0.8954248366013072,0.9708835341365462,1,1,6,1.7092966736549735,125.0,211
