method,sample_idx,variant,score,word_rep,char_rep,collapsed,prediction
ours,0,baseline,7.282913165266107,0.4054726368159204,0.5850657615613067,True,"The team is discussing the design of a new remote control device. The goal is to create a sleek, stylish, and functional product that is unique and user-friendly. They are considering a design that is similar to the latest generation of phones, which have fewer physical buttons and rely more on a touchscreen interface. The team is also considering the battery life of the remote control, as it is an important factor for users. They want to ensure that the remote control is easy to use and that the user experience is intuitive. The team is also considering the target market and the features that would make the remote control stand out from existing products. They are aiming to create a product that is both innovative and practical, with a focus on usability and design. The discussion also touches on the importance of a clear user interface and the need for a functional yet aesthetically pleasing design. The team is also considering the production costs and the target profit margin, which is set at 50 million euros. They are aiming to sell the remote control for 25 euros each, with a production cost of 12.5 euros. The team is also considering the marketing strategy and how to position the product in the market. They are looking for a design that is not only functional but also appealing to a wide range of users. The discussion highlights the importance of a user-centered design approach and the need to balance innovation with practicality. The team is also considering the potential for the product to be successful in the international market. They are aiming to create a product that is both innovative and practical, with a focus on usability and design. The discussion also touches on the importance of a clear user interface and the need for a functional yet aesthetically pleasing design. The team is also considering the production costs and the target profit margin, which is set at 50 million euros. They are aiming to sell the remote control for 25 euros each, with a production cost of 12.5 euros. The team is also considering the marketing strategy and how to position the product in the market. They are looking for a design that is not only functional but also appealing to a wide range of users. The discussion highlights the importance of a user-centered design approach and the need to balance innovation with practicality."
ours,0,sink4,9.80392156862745,0.02083333333333337,0.17317487266553477,False,"The team is discussing the design of a new remote control. The goal is to create a sleek, stylish, and functional device that is different from existing models. They are considering a menu-based interface, reducing the number of physical buttons, and focusing on user-friendliness. The remote should be original, with a high battery life, and not too complicated for new users. The team is also considering the design of the remote control, aiming for a modern, minimalist look that is both functional and aesthetically pleasing. They plan to finalize the design and move on to the next steps."
ours,1,baseline,7.909604519774012,0.34635416666666663,0.5391187050359711,True,"The team is discussing the design and implementation of a new remote control device, focusing on the following key points:

1. **Product Design and Features**:
   - The new remote control is a small, round, and inexpensive device.
   - It features a scroll wheel and a button for navigation.
   - The device is designed to be compatible with a laptop and a game controller (like a PlayStation or Xbox).

2. **Technical Specifications**:
   - The device uses a standard battery (not a kinetic battery).
   - The chip used in the device depends on whether a scroll wheel is included or not.
     - If a scroll wheel is included, a ""regular"" chip is used.
     - If a scroll wheel is not included, a ""simple"" chip is used.
   - The device is designed to be small and lightweight, with a rubber around the edges for a better grip.

3. **Design and User Experience**:
   - The device is designed to be intuitive and easy to use, with a ""touch"" button for navigation.
   - The team is considering the use of a joystick or a game controller for better navigation.
   - The device is designed to be compatible with both a laptop and a game controller.

4. **Project Management and Team Collaboration**:
   - The team is working on a ""detailed design"" meeting, which will be held in 30 minutes.
   - The team is working on a ""design"" and ""implementation"" plan, with the goal of completing the project in one hour.
   - The team is also considering the use of a ""remote control"" for the device, which is a small, round, and inexpensive device.

5. **Marketing and Sales**:
   - The team is focusing on the ""marketing"" and ""sales"" aspects of the project.
   - The device is designed to be a ""marketing"" and ""sales"" tool, with the goal of being ""easy to use"" and ""cost-effective"".
   - The team is also considering the use of a ""remote control"" for the device, which is a small, round, and inexpensive device.

6. **Team Collaboration and Communication**:
   - The team is working on a ""design"" and ""implementation"" plan, with the goal of completing the project in one hour.
   - The team is also focusing on the ""marketing"" and ""sales"" aspects of the project.
   - The team is also considering the use of a ""remote control"" for the device,"
ours,1,sink4,11.702127659574465,0.03164556962025311,0.24224224224224222,False,"The meeting discussed the design of a new remote control device, focusing on its interface, functionality, and cost. Key points included:

- **Design Concept**: The remote control should be small, user-friendly, and resemble a joystick or game controller for ease of use.
- **Interface**: The device should have a simple, intuitive interface, possibly with a touchscreen or buttons for basic functions.
- **Cost**: The design should be affordable, using a standard battery and a simple chip to keep costs low.
- **Functionality**: The remote should be easy to use, with a compact size and a design that is both functional and aesthetically pleasing.
- **Target Audience**: The device is intended for younger users, emphasizing simplicity and ease of use.
- **Final Steps**: The team agreed to finalize the design and prepare for the next meeting, where detailed design work would begin.

The meeting concluded with a plan to finalize the design and ensure it meets the project's requirements and budget."
ours,2,baseline,5.714285714285714,0.1029411764705882,0.43095667870036103,False,"The conversation between Professor C and their team members discusses the planning and execution of a research project, focusing on the development of a belief network and the integration of formalization efforts. Key points include:

1. **Project Goals and Team Dynamics**:  
   - The team is working on a project involving a belief network and formalization efforts.  
   - There is a discussion about the need for a pragmatic approach, balancing theoretical rigor with practical implementation.  
   - The team is considering the inclusion of a new doctoral student, Eva, who will join the project in the fall.  

2. **Research and Collaboration**:  
   - The team is exploring the use of a belief network to model complex systems, with a focus on formalization and technical analysis.  
   - There is a mention of a potential collaboration with a German AI center (DFKI) and a research institute in Geneva, with plans to formalize the project’s goals.  

3. **Challenges and Decisions**:  
   - The team is discussing the importance of balancing theoretical and practical work, with a need to finalize the belief network’s structure and ensure it aligns with broader formalization efforts.  
   - A new doctoral student, Eva, is expected to join the project, and the team is planning to involve her in the belief network work.  

4. **Future Plans**:  
   - The team plans to finalize the belief network’s design and address technical questions related to its implementation.  
   - There is a mention of an upcoming meeting with Ellen to discuss image schemas and their relevance to the project.  
   - The team is also considering a collaboration with a bank in Geneva, which has ties to a research institute in Switzerland.  

5. **Team Collaboration and Feedback**:  
   - The discussion emphasizes the importance of clear communication and shared goals, with the team aiming to resolve technical and conceptual challenges.  
   - The team is open to feedback and is planning to formalize their approach to ensure the project’s success.  

The conversation highlights the collaborative nature of the project, the need for pragmatic problem-solving, and the integration of new members and external collaborations."
ours,2,sink4,5.07936507936508,0.04100946372239744,0.33409926470588236,False,"**Summary:**

In a discussion about the ongoing research and academic projects, the group is focusing on the formalization of knowledge and the development of a belief-net system. The conversation touches on several key points:

1. **Formalization and Belief-Net System**: The group is working on a project to formalize knowledge, aiming to create a belief-net system that can be applied in both academic and practical contexts. This involves collaboration between researchers and students, with a focus on building a structured framework for knowledge representation.

2. **Research and Collaboration**: The team is discussing the importance of balancing theoretical rigor with practical implementation. While some members are committed to strict formalism, others are pragmatic, emphasizing the need for flexibility and real-world applicability.

3. **PhD Students and Projects**: There is mention of a new doctoral student joining the project, likely in the coming weeks. The group is also considering the inclusion of a student who is interested in a research project on image schemas, which could be relevant to their work.

4. **Academic and Research Opportunities**: The discussion includes plans for a talk by a student (Ami) at a research institution in Geneva, which is connected to the group’s work. There is also a mention of a take-home final exam for a student, highlighting the academic challenges and deadlines.

5. **Collaboration and Planning**: The group is planning to finalize the belief-net project and explore its integration with other efforts in formalization. They are also considering the inclusion of a new student and are open to adjusting their approach based on feedback and collaboration.

6. **Academic and Professional Networks**: The conversation touches on the importance of interdisciplinary collaboration, with references to institutions like DFKI (German AI Institute) and EPFL (Swiss research institute), emphasizing the value of international partnerships.

The discussion reflects a blend of theoretical and practical goals, with a focus on advancing research while maintaining a balance between academic rigor and real-world application."
ours,3,baseline,14.634146341463417,0.13855421686746983,0.3673851921274601,False,"The meeting concluded with a discussion about the project's presentation and the design of the product. The team reviewed the slides, which were initially blank but later added content. They discussed the product's design, comparing it to a ""happy face"" and noting that it looked like a tongue from a previous design. The team considered the product's functionality and the need for a more innovative design. They also discussed the importance of marketing and the product's potential success, with some members expressing skepticism about its marketability. The meeting ended with a decision to proceed with the project and a plan to finalize the presentation. The team acknowledged the challenges of the project and the need for further refinement. The discussion highlighted the importance of collaboration and the need for a more polished presentation. The meeting concluded with a decision to move forward with the project and a plan to finalize the presentation. The team agreed to review the slides and make any necessary adjustments before the final presentation."
ours,3,sink4,13.414634146341461,0.018181818181818188,0.2573099415204678,False,"The meeting concluded with a discussion on the project's presentation and design. The team reviewed the slides, which were initially blank but later became more detailed. The project manager noted that the slides were not well-designed and that the team needed to focus on improving the presentation. The industrial designer mentioned that the design was a bit complex, while the marketing team felt it was too simple. They discussed the product's potential and the need for better marketing. The team also talked about the importance of user experience and the need for a more engaging design. The meeting ended with a plan to finalize the presentation and move forward with the project."
ours,4,baseline,6.0060060060060065,0.11206896551724133,0.40667267808836793,False,"The team is discussing the design of a new remote control device that incorporates speech recognition and a user-friendly interface. The goal is to create a product that is both functional and aesthetically appealing, with a focus on incorporating trends in design and materials. Key points from the discussion include:

1. **User Interface and Product Evaluation**: The Industrial Designer and Project Manager are collaborating to develop a prototype using modeling clay. The Industrial Designer is responsible for the user interface design, while the Project Manager will oversee the product evaluation.

2. **Trends and Materials**: The team is considering using materials like rubber or titanium to create a product that is both functional and visually appealing. The idea of making the device ""spongy"" or ""fruit-like"" is being explored, with a focus on making it ""fancy"" and appealing to consumers.

3. **Functionality and Features**: The device should include a speech recognition feature and a minimalistic design with a small number of buttons. The team is also considering the use of an LCD screen to display information, as well as the use of a single or dual battery system.

4. **Design and Aesthetics**: The team is discussing the importance of a ""fancy"" design that stands out in the market. They are considering the use of colors and materials that reflect current trends, such as a ""fruit and vegetable"" theme.

5. **Product Development**: The team is planning to explore two design options: one that uses a titanium-like material and another that is spongy and ""fruit-like."" They are also considering the use of a modeling clay prototype to test the design.

6. **Market and Consumer Appeal**: The team is emphasizing the importance of creating a product that is not only functional but also visually appealing and aligned with current trends. They are also considering the durability and practicality of the product, ensuring it meets the needs of consumers.

In summary, the team is working on a remote control device that combines speech recognition, a user-friendly interface, and a design that is both functional and aesthetically pleasing, with a focus on incorporating current trends and materials."
ours,4,sink4,6.756756756756757,0.015037593984962405,0.20236686390532543,False,"The team is discussing the design and development of a new product, focusing on user interface design, product evaluation, and the integration of features like speech recognition, buttons, and themes inspired by fruits and vegetables. They are considering the use of materials like rubber and titanium, and exploring the possibility of making the product spongy or shaped like fruits. The team is also discussing the importance of a user-friendly design, the inclusion of a display screen, and the balance between functionality and aesthetics. They are deciding on the final design and are planning to work on a prototype using modeling clay. The discussion highlights the need to follow current trends and ensure the product is both practical and visually appealing. The team agrees to proceed with the design and will meet again in thirty minutes."
ours,5,baseline,5.825242718446601,0.06326034063260344,0.426917510853835,False,"The discussion revolves around the development and evaluation of a neural network model for speech recognition, with a focus on improving performance through various techniques and considerations. The team is exploring the use of a neural network (MLP) to enhance the accuracy of their speech recognition system. They are considering whether to integrate the MLP into their existing framework, acknowledging that if it doesn't provide significant improvements, they might not use it. The conversation touches on the challenges of training and optimizing the model, with a focus on resource constraints and the need to balance performance with computational efficiency.

Key points discussed include:

1. **Neural Network Integration**: The team is evaluating whether to incorporate a neural network (MLP) into their system. If the MLP proves beneficial, they might use it; otherwise, they may not. The discussion highlights the importance of testing and validating the MLP's effectiveness before full integration.

2. **Training and Optimization**: There is a focus on training the model with a limited dataset and optimizing it for performance. The team is concerned about computational resources (CPU and memory) and the need to balance model complexity with efficiency.

3. **Collaboration and Feedback**: The team is working with other researchers (e.g., Sunil) who are exploring multi-band neural networks and other architectures. They are considering combining their work with existing systems to improve results, but they are cautious about overfitting and the need for careful evaluation.

4. **Evaluation and Testing**: The team is testing the model on various datasets and is looking for ways to improve its accuracy. They are also discussing the importance of evaluating the model's performance and ensuring it meets the required standards.

5. **Challenges and Constraints**: The team is aware of the limitations of their current setup, including memory and computational constraints. They are exploring ways to optimize the model without overcomplicating the system.

6. **Future Work**: The discussion ends with a focus on continuing to refine the model, testing new ideas, and ensuring that the system is both effective and efficient. The team is also considering the integration of new features and the need to stay aligned with the broader research goals.

In summary, the conversation highlights the ongoing efforts to improve a speech recognition system using neural networks, with a focus on balancing performance, resource usage, and collaboration with other researchers. The team is methodically evaluating the potential of the MLP and is open to integrating it if it proves beneficial, while also addressing technical challenges and constraints."
ours,5,sink4,7.6923076923076925,0.07017543859649122,0.39660876757650954,False,"The discussion revolves around the development and evaluation of a neural network model for speech recognition, with a focus on improving performance through various techniques and addressing challenges related to computational resources and training data. Key points include:

1. **Neural Network Evaluation**: The team is exploring the use of a neural network (MLP) to enhance speech recognition performance. They consider whether to implement it, given that it might not be necessary if the MLP does not significantly improve results.

2. **Training and Data**: The team is working on training the model with a focus on optimizing features and reducing computational load. They are considering using a neural network for tasks like speaker diarization and are evaluating its effectiveness in improving results.

3. **Resource Constraints**: There is a discussion about the limitations of computational resources (CPU and memory) and the need to balance training efforts with practical constraints. The team acknowledges that while neural networks can be powerful, they must be used judiciously due to resource limitations.

4. **Collaboration and Feedback**: The team is collaborating with others (e.g., OGI) and is considering integrating their features and models. They are also discussing the importance of testing and refining models, as well as the need for continuous improvement and feedback.

5. **Future Work**: The team is exploring new approaches, such as multi-band systems and belief networks, to enhance performance. They are also considering how to integrate these improvements into their existing framework while ensuring efficiency and accuracy.

6. **Challenges and Solutions**: The team is addressing challenges like memory management, computational efficiency, and the need for iterative improvements. They are also discussing the importance of testing and validating models through experiments and feedback.

7. **Team Collaboration**: The discussion highlights the collaborative nature of the project, with team members contributing ideas and resources. There is a focus on ensuring that the model is both effective and efficient, even under resource constraints.

In summary, the team is working on refining a neural network-based speech recognition system, balancing performance improvements with practical considerations, and collaborating to overcome technical and resource-related challenges."
ours,6,baseline,8.0,0.07100591715976334,0.2520325203252033,False,"The discussion centered around the development of a belief network (or ""belief-net"") for natural language processing, with a focus on integrating XML data and discourse analysis. The team discussed the importance of using XML for structured data and the potential to leverage existing corpora for training models. They considered the challenges of handling discourse annotations and the need for a flexible, modular approach to processing data. The conversation also touched on the practical aspects of implementing and testing the system, with a focus on ensuring it can handle complex tasks like navigating to specific locations, such as the ""Powder Tower,"" which is a historical site in Heidelberg. The team acknowledged the need for collaboration and the use of existing resources to streamline development. They also discussed the importance of testing and refining the system, with the goal of making it adaptable and user-friendly. The discussion concluded with a plan to continue working on the project, with a focus on integrating XML data and improving the system's ability to handle real-world tasks."
ours,6,sink4,6.467661691542288,0.07235142118863047,0.382,False,"The discussion revolves around the development of a belief network (or Bayesian network) for natural language processing, specifically focusing on XML data and discourse analysis. The team is exploring ways to leverage existing tools and data to build a system that can process and analyze discourse, with a focus on XML-based data and discourse annotations. Key points include:

1. **XML and Discourse Analysis**: The team is considering using XML for structuring data, particularly for discourse analysis. They are evaluating whether to use existing XML libraries or build their own, with a focus on integrating discourse annotations (e.g., from the MATE project) to improve the system's ability to understand and process complex text.

2. **Belief Networks**: The goal is to develop a belief network that can learn from data and make probabilistic inferences. The team is discussing how to design this network, with a focus on using existing tools and data to avoid reinventing the wheel. They are also considering whether to use pre-existing corpora or generate their own.

3. **Time Frame and Deliverables**: The project is not under a strict timeline, but the team is aiming to complete a prototype within a few days. They plan to start with a basic version of the belief network and iteratively improve it.

4. **Technical Challenges**: The team is addressing challenges such as handling XML data, integrating discourse annotations, and ensuring the system can process and analyze text in a way that mimics human understanding. They are also discussing the importance of using real-world data and annotations to train the network.

5. **Navigation System Example**: The discussion includes a metaphor about a navigation system that might misdirect users (e.g., taking them to the wrong address instead of the correct entrance to a building), highlighting the need for accurate and context-aware systems.

6. **Collaboration and Next Steps**: The team is planning to collaborate on the project, with specific tasks assigned to individuals. They aim to present their progress and ideas in the next meeting, focusing on features and the structure of the belief network.

In summary, the team is working on a project to develop a belief network for natural language processing, leveraging XML data and discourse analysis, with a focus on accuracy, integration of existing tools, and iterative development. They are addressing technical challenges and planning next steps for collaboration and testing."
ours,7,baseline,1.8518518518518516,0.06896551724137934,0.36869793950021923,False,"The Welsh Government has announced a new childcare and early education initiative, the **Childcare and Early Years (Wales) Scheme**, which aims to provide **30 hours of free childcare per week** for working parents in eligible areas. The scheme is designed to support working families, particularly those in disadvantaged communities, by offering **10 hours of free early education** per week, in addition to the **30 hours of free childcare**. The initiative is part of a broader effort to improve access to quality childcare and support parents in balancing work and family life.

### Key Points of the Scheme:
1. **Eligibility**: 
   - Parents must work at least 16 hours per week.
   - The child must be **3 years old or older**.
   - The child must be **eligible for the 10-hour early education** (e.g., through the **Flying Start** or **Team Around the Family** model).

2. **Structure**:
   - **30 hours of free childcare** per week for eligible families.
   - **10 hours of free early education** per week, which is **free for all children** in Wales, regardless of income.
   - The **10-hour early education** is **free for all children**, while the **30-hour childcare** is **free for eligible families**.

3. **Funding and Support**:
   - The scheme is **funded by the Welsh Government**.
   - The **£4.50 per hour** rate is intended to be **affordable** for families.
   - The **quality of childcare** is a key focus, with an emphasis on **registered and inspected providers** to ensure standards.

4. **Impact on Child Development**:
   - The scheme is designed to **accelerate child development** for children who can access it.
   - It aims to **reduce the gap in educational outcomes** between children born in different months (e.g., summer-born vs. Michaelmas-born), by providing **more consistent childcare**.

5. **Integration with UK Tax-Free Childcare**:
   - The Welsh Government is **considering integration** with the **UK’s tax-free childcare** scheme, which is available across the UK.
   - Parents who are eligible for the UK scheme may also be eligible for the Welsh childcare offer, but the **payment structure** is currently **different** (direct payments from local government to providers, not through a parental account).

6. **Challenges and Consider"
ours,7,sink4,3.0150753768844223,0.029126213592232997,0.30014858841010406,False,"The Welsh Government has announced a new childcare offer aimed at supporting working families, with a focus on providing 30 hours of free childcare per week for eligible families. The scheme is designed to be affordable and accessible, with a £4.50 per hour rate, and is intended to support child development and reduce the burden on working parents. The offer is part of a broader strategy to improve childcare quality and accessibility, with a focus on registered inspected providers. The government has also considered integrating the scheme with the UK's tax-free childcare offer, but has opted for a different approach to ensure affordability and simplicity. The scheme is being piloted in various areas, including Gwynedd, where it is being combined with the Team Around the Family approach. The government acknowledges the importance of addressing the needs of disadvantaged families and has emphasized the need for clear communication to ensure parents understand the benefits of the scheme. The offer is also being evaluated for its impact on child development and work participation, with early evidence suggesting positive outcomes for families. The government is committed to ensuring that the scheme is accessible and beneficial for all eligible families, while also considering the integration of the scheme with other support measures."
ours,8,baseline,5.333333333333333,0.013333333333333308,0.24310520939734426,False,"The conversation discusses the development and evaluation of a hybrid speech recognition system, focusing on the use of a neural network (MLP) and the decision to adapt it using either alignments from the SRI (Speech Recognition Interface) system or through embedded training. The team is considering whether to use the existing alignments or train the MLP from scratch. They mention the importance of evaluating the MLP's performance on a task like the OGI (Ohio State University) numbers task to determine if embedded training improves results. They also discuss the impact of different training methods, such as using gender-dependent training and the number of hidden units in the neural network. The discussion highlights the trade-off between training time and performance, with the team deciding to start with a smaller network (2,000 hidden units) for testing. The conversation ends with a reference to ""Uncle Bernie's Rule"" and the decision to continue the discussion later."
ours,8,sink4,4.0,0.0331125827814569,0.27169421487603307,False,"The conversation discusses the development and evaluation of a hybrid speech recognition system, focusing on the use of a neural network (MLP) and the importance of testing its performance before full training. The team is considering whether to use alignments from the SRI (Speech Recognition Interface) system or to perform embedded training. They mention the error rate improvements and the need for a sanity check on the MLP's outputs. The discussion also touches on the differences between the Cambridge system and their own system, particularly in terms of feature sets and training methods. They discuss the potential benefits of embedded training and the choice of hidden unit size in the neural network. The conversation ends with a decision to start with a smaller network and the importance of testing before full training. The key points include the comparison of systems, the role of alignments, and the trade-offs between training data and model performance."
ours,9,baseline,8.383233532934131,0.039735099337748325,0.296875,False,"The team is discussing the design of a universal remote control that can perform multiple functions, such as changing channels, adjusting volume, and navigating through a menu. They are considering the number of buttons and the complexity of the interface. The discussion revolves around the need for a simple and intuitive interface that can handle common tasks like changing channels and adjusting volume, while also considering the complexity of more advanced features like recording sequences of actions or navigating through a menu. The team is also discussing the importance of a user-friendly design that can be adapted to different user needs and preferences. They are considering the use of a single button for common actions and the inclusion of features like a ""go back"" button and a history function to enhance the user experience. The discussion ends with a decision to meet again in thirty minutes to finalize the design and technical specifications."
ours,9,sink4,6.299212598425196,0.010101010101010055,0.16178736517719572,False,"The team is discussing the design of a universal remote control with specific functions such as changing channels, adjusting volume, and potentially more complex actions like navigating to specific channels or recording sequences of actions. They are considering the user interface and user experience, including features like a ""go back"" button, history tracking, and the ability to record sequences of actions. The discussion also touches on the importance of user requirements and the need to balance functionality with simplicity. The team plans to meet again in thirty minutes to refine their ideas and work on the technical aspects of the project."
ours,10,baseline,5.665722379603399,0.05899705014749268,0.3682974559686888,False,"The discussion revolves around the setup and management of a speech recognition project, with a focus on improving the system's ability to handle overlapping speech in a conference setting. Key points include:

1. **Microphone Selection and Setup**:  
   - The team is discussing the choice of microphones for a speech recognition system. They consider both **lapel microphones** (worn on the collar) and **handheld microphones** (wireless, with a transmitter and receiver).  
   - **Lapel microphones** are deemed less ideal due to potential noise and interference, while **handheld microphones** are considered more practical for wireless use, though they require a compatible receiver.  
   - There is a discussion about whether to use a **wireless microphone** that can connect to the existing system or to wire it manually.  

2. **Overlapping Speech Handling**:  
   - The team is exploring **echo cancellation** and **spectroanalysis** to address overlapping speech in meetings. This involves analyzing and separating overlapping conversations to improve clarity.  
   - A **meta-meeting** is proposed where transcribers discuss their findings and observations about the data, ensuring better collaboration and documentation.  

3. **Project and Collaboration**:  
   - A graduate student (Espen Eriksen) is working on a project involving **echo cancellation** and **speech segmentation**. He is collaborating with **Dave Gelbart** and **Dan Ellis** to improve the system’s ability to handle overlapping speech.  
   - The team is also planning to **record and analyze data** to refine the system’s performance.  

4. **Logistics and Meetings**:  
   - A **Fiscus visit** is scheduled, with a focus on **room engineering**, **transcription processes**, and **standardization of transcription protocols**.  
   - A **meta-meeting** is proposed to involve transcribers in discussing their work, ensuring transparency and shared insights.  

5. **Technical and Logistical Considerations**:  
   - The team is evaluating **wireless microphones** and their compatibility with existing equipment.  
   - There is a discussion about **organizing meetings** and ensuring clear communication in large groups to minimize overlap and improve clarity.  

**Key Takeaways**:  
- The project aims to enhance speech recognition systems by addressing overlapping speech through **echo cancellation**, **spectroanalysis**, and **data-driven improvements**.  
- Collaboration and documentation (via meta-meetings) are emphasized to ensure effective teamwork and progress"
ours,10,sink4,8.799999999999999,0.04366812227074235,0.3674863387978142,False,"The meeting began with a discussion about the need for a wireless microphone system for the team. The group considered using a hand-held microphone, but there was some debate about whether a lapel microphone was better. The team decided to use a lapel microphone for its reliability and ease of use, despite the hand-held microphone's potential for better sound quality. They also discussed the possibility of using a wireless system, but it was noted that a transmitter would be required to pair with a receiver.

The team then moved on to discuss the idea of having transcribers talk about the data they were working on, which would help in refining the transcription process. They also considered the possibility of having a separate meeting where transcribers could discuss their observations and insights, which would be recorded for future reference.

The meeting also touched on the upcoming visit of John Fiscus, who would be presenting on acoustic engineering and transcription standards. The team planned to have three parts to his presentation, covering room engineering, transcription processes, and transcription standards.

The discussion concluded with a plan to have transcribers meet separately to discuss their work, which would be recorded. The team also considered the possibility of having a live demonstration of the wireless microphone system. The meeting ended with a decision to proceed with the digitization of the data and a break for lunch."
ours,11,baseline,3.0395136778115504,0.06896551724137934,0.36869793950021923,False,"The Welsh Government has announced a new childcare and early education initiative, the **Childcare and Early Years (Wales) Scheme**, which aims to provide **30 hours of free childcare per week** for working parents in eligible areas. The scheme is designed to support working families, particularly those in disadvantaged communities, by offering **10 hours of free early education** per week, in addition to the **30 hours of free childcare**. The initiative is part of a broader effort to improve access to quality childcare and support parents in balancing work and family life.

### Key Points of the Scheme:
1. **Eligibility**: 
   - Parents must work at least 16 hours per week.
   - The child must be **3 years old or older**.
   - The child must be **eligible for the 10-hour early education** (e.g., through the **Flying Start** or **Team Around the Family** model).

2. **Structure**:
   - **30 hours of free childcare** per week for eligible families.
   - **10 hours of free early education** per week, which is **free for all children** in Wales, regardless of income.
   - The **10-hour early education** is **free for all children**, while the **30-hour childcare** is **free for eligible families**.

3. **Funding and Support**:
   - The scheme is **funded by the Welsh Government**.
   - The **£4.50 per hour** rate is intended to be **affordable** for families.
   - The **quality of childcare** is a key focus, with an emphasis on **registered and inspected providers** to ensure standards.

4. **Impact on Child Development**:
   - The scheme is designed to **accelerate child development** for children who can access it.
   - It aims to **reduce the gap in educational outcomes** between children born in different months (e.g., summer-born vs. Michaelmas-born), by providing **more consistent childcare**.

5. **Integration with UK Tax-Free Childcare**:
   - The Welsh Government is **considering integration** with the **UK’s tax-free childcare** scheme, which is available across the UK.
   - Parents who are eligible for the UK scheme may also be eligible for the Welsh childcare offer, but the **payment structure** is currently **different** (direct payments from local government to providers, not through a parental account).

6. **Challenges and Consider"
ours,11,sink4,4.901960784313725,0.029126213592232997,0.30014858841010406,False,"The Welsh Government has announced a new childcare offer aimed at supporting working families, with a focus on providing 30 hours of free childcare per week for eligible families. The scheme is designed to be affordable and accessible, with a £4.50 per hour rate, and is intended to support child development and reduce the burden on working parents. The offer is part of a broader strategy to improve childcare quality and accessibility, with a focus on registered inspected providers. The government has also considered integrating the scheme with the UK's tax-free childcare offer, but has opted for a different approach to ensure affordability and simplicity. The scheme is being piloted in various areas, including Gwynedd, where it is being combined with the Team Around the Family approach. The government acknowledges the importance of addressing the needs of disadvantaged families and has emphasized the need for clear communication to ensure parents understand the benefits of the scheme. The offer is also being evaluated for its impact on child development and work participation, with early evidence suggesting positive outcomes for families. The government is committed to ensuring that the scheme is accessible and beneficial for all eligible families, while also considering the integration of the scheme with other support measures."
ours,12,baseline,7.048458149779736,0.10327455919395467,0.4341228719467062,False,"The Welsh Government has been working to ensure that children and families are supported during the pandemic, with a focus on childcare, social care, and the legal system. Key points from the session include:

1. **Childcare and Social Care**: The government has introduced a **coronavirus childcare assistance scheme** to support critical workers and vulnerable families. This scheme allows free access to childcare for children aged 0–5. While the scheme is in its early stages, it has shown some traction, with nearly 1,500 children accessing it in the week prior to the session. However, many childcare providers are still struggling with funding and are falling between the cracks of the system. The government is working to address this by exploring a **bespoke grant package** for those in need, but progress has been slow.

2. **Social Care and Vulnerable Children**: The government has emphasized the importance of **social care** and ensuring that vulnerable children and their families are supported. This includes maintaining contact with social workers and providing the necessary technology to facilitate communication. The government has also highlighted the need for **uniform access to technology** for all vulnerable children.

3. **Family Courts and Child Arrangement Orders**: The **family courts** have been operating virtually, with more complex cases being postponed. The **president of the family division** has issued guidance on compliance with child arrangement orders, and the Welsh Government has provided guidance on staying at home and away from others. The **Children and Family Court Advisory and Support Service (CAFCASS)** is operating remotely, with no major issues reported.

4. **Legal and Social Services**: The **Children and Family Court Advisory and Support Service (CAFCASS)** is operating remotely, with no major issues reported. The government has also emphasized the importance of **social distancing** and **contact tracing** in protecting vulnerable children.

5. **Future Plans and Support**: The government is working to ensure that **childcare and social care services** are resilient and can continue to support families during and after the pandemic. This includes exploring **funding solutions** for childcare providers and ensuring that **vulnerable children** are not left behind.

In conclusion, the Welsh Government is focused on **supporting children and families** through the pandemic, with a strong emphasis on **social care, childcare, and legal support**. The government is working to ensure that all vulnerable children and families are supported, and that the **legal and social systems** are adapted to meet the challenges of the pandemic."
ours,12,sink4,8.396946564885495,0.005319148936170248,0.22830336200156376,False,"The committee met to discuss various issues related to children's services, including the impact of the pandemic on childcare, social care, and family courts. Key points included:

1. **Childcare Sector**: The Welsh Government has guaranteed funding for three months and is working to address the double funding issue. Some childcare providers are falling between the cracks and not receiving support, with calls for a bespoke scheme to help those in need.

2. **Social Care**: The government is ensuring that vulnerable children and their families have access to necessary support, including technology for communication with social workers. The focus is on maintaining contact and support during the pandemic.

3. **Family Courts**: Many hearings are being held virtually, with complex cases postponed. Guidance has been issued to ensure compliance with child arrangement orders, and CAFCASS is operating remotely.

4. **Children's Services**: The committee emphasized the importance of children's services in the recovery plan, with a focus on ensuring that support is available for key workers and vulnerable children.

The meeting concluded with a resolution to proceed in private, highlighting the continued importance of children's welfare in the work of the Welsh Parliament."
ours,13,baseline,10.050251256281406,0.029761904761904767,0.3010156971375808,False,"The meeting concluded with a positive and productive discussion about the project, with the team reflecting on the process of working individually and then coming together for a meeting. They emphasized the value of regular meetings and the importance of creativity and collaboration. The team discussed the design of a remote control device shaped like a banana, which would have a vibrating feature. They acknowledged the challenges of time management and the need for flexibility in the design process. The team also considered the potential for a patent on their innovative product. The meeting ended with a discussion about the importance of communication and teamwork, and the team expressed satisfaction with the outcome of the project. The meeting was described as productive, with the team feeling that they had achieved their goals within the budget and time constraints. The discussion also touched on the need for further improvements and the potential for future projects. The team expressed a sense of accomplishment and shared a positive outlook for the project's success."
ours,13,sink4,11.818181818181818,0.02659574468085102,0.28502024291497974,False,"The meeting concluded with a positive and productive discussion about the project. The team felt that the process of working individually and then coming together for a meeting was effective. They emphasized the importance of regular meetings to ensure everyone stayed on track and didn't get sidetracked. The team appreciated the use of a whiteboard and digital pens for collaboration, which allowed for real-time input and creativity. 

The project was deemed successful, with the team agreeing that the final product, a remote control shaped like a banana that vibrates, was a novel and innovative idea. They acknowledged the challenges of time constraints and the need to balance creativity with practicality. The team also discussed the importance of clear communication and the value of feedback during the project. 

The meeting ended with a sense of accomplishment, and the team expressed their satisfaction with the outcome. They agreed to continue working on the project and to consider patenting the idea. The meeting was productive, and the team felt that they had achieved their goals within the budget. The discussion highlighted the importance of teamwork, creativity, and effective communication in the development process."
ours,14,baseline,11.659192825112106,0.04371584699453557,0.21381886087768442,False,"The team is discussing the design of a new product, a remote control with a spinning wheel and a touchscreen interface. The goal is to create a device that is both functional and aesthetically appealing, with a focus on usability and trendiness. The remote control will have a rubber case on one side and a plastic or titanium body on the other. The design includes a touchscreen with a spinning wheel for navigation, and the buttons will be made of rubber for a tactile feel. The color scheme will incorporate the company's colors (yellow, grey, black) and vegetable-themed colors like orange and green. The device will use a simple battery instead of solar power due to the rubber material constraint. The team is also considering voice recognition and an LCD screen with a spinning wheel for interaction. The final design will be minimalist, with a curved side and a flat side that can be flipped open. The team is working on the prototype using modeling clay and will consult with a personal coach for additional guidance. The project is on schedule for the next meeting."
ours,14,sink4,8.08080808080808,0.04884318766066842,0.37480438184663534,False,"The team is discussing the design of a new product, likely a remote control device with a spinning wheel interface, incorporating features like a touchscreen, voice recognition, and a customizable rubber case. The discussion revolves around the following key points:

1. **Product Concept**: The team is considering a remote control with a spinning wheel interface, similar to an iPod, but with a unique design. The device would have a rubber case, a touchscreen, and a spinning wheel for navigation.

2. **Material and Design**: The case is made of rubber, with the edges or corners covered in rubber for a trendy look. The buttons are rubber, and the device is designed to be customizable in color, with a focus on vegetable-themed colors (e.g., green, orange, purple) to match the brand's aesthetic.

3. **Technology and Features**:
   - **Touchscreen**: The device includes a touchscreen for interaction.
   - **Voice Recognition**: The team is considering integrating voice recognition for user interaction.
   - **Spinning Wheel**: A spinning wheel is included for navigation, which can be used in conjunction with the touchscreen.
   - **Battery**: A simple battery is preferred over a kinetic energy source due to cost and reliability concerns.

4. **Color Scheme**: The team is discussing the use of vegetable-themed colors (green, orange, purple) for the device, with buttons in the company's standard colors to maintain brand consistency.

5. **User Interface and Usability**: The design emphasizes a minimalist look, with the device having a curved side and a flat side that can be flipped open. The interface is designed to be intuitive, with a touchscreen and spinning wheel for navigation.

6. **Prototype Development**: The Industrial Designer will work on the look and feel, the User Interface Designer on the UI, and the Marketing Expert on product evaluation. The team will collaborate to create a prototype using modeling clay and will receive further instructions from their personal coach.

7. **Challenges and Considerations**:
   - **Material Choice**: Rubber is chosen for the case and buttons for a tactile and stylish feel.
   - **Cost and Usability**: The team is balancing cost considerations with the inclusion of advanced features like the touchscreen and voice recognition.
   - **User Experience**: The design aims to be user-friendly, with a focus on simplicity and intuitive interaction.

The discussion concludes with the team agreeing on the product concept, design elements, and next steps for development and prototyping."
ours,15,baseline,10.682492581602373,0.15771812080536918,0.4160387513455328,False,"The meeting focused on the design and functionality of a new remote control device, with the goal of creating a user-friendly, intuitive, and aesthetically pleasing interface. Key points discussed include:

1. **Material and Design**: The remote should be made of hard plastic, with rubbery buttons for a better grip and feel. The design should be simple, not too heavy, and with a clean, modern look.

2. **User Interface**: The remote should have a simple and intuitive interface, with clear buttons and a layout that is easy to navigate. The design should be consistent with other devices, and the buttons should be clearly labeled.

3. **Functionality**: The remote should be able to communicate with the television or other devices using a universal method, such as infrared beams. This would allow the remote to work with a variety of devices, including different brands and models.

4. **Customization and Features**: The remote should allow for customization, such as the ability to change the color of the buttons or the front of the device. It should also be able to work with a variety of devices, including those that are made in different countries, such as China.

5. **Marketing and Design**: The remote should be marketed as a trendy and stylish product, with a design that appeals to a wide range of users. The design should be simple and modern, with a focus on usability and aesthetics.

6. **Technical Considerations**: The remote should be designed with technical considerations in mind, such as the use of standard electrical cables and a universal method of communication with the television or other devices.

In summary, the meeting focused on the design and functionality of a new remote control device, with the goal of creating a user-friendly, intuitive, and aesthetically pleasing interface that is also functional and customizable."
ours,15,sink4,12.328767123287669,0.057613168724279795,0.30478087649402386,False,"The meeting discussed the design and functionality of a new universal remote control for televisions and other devices. Key points included:

- **Material**: The remote should be made of hard plastic, with rubbery buttons. It should not be too heavy.
- **Buttons**: The buttons should be made in such a way that they do not come off, and they should be precise and not too small or too large.
- **Design**: The remote should have a universal design that works with all brands of televisions and devices. It should be able to transmit signals via infrared beams.
- **User Interface**: The remote should have a simple and intuitive user interface, with clear buttons and a design that is easy to use.
- **Fronts**: The remote should have customizable fronts, which can be changed to suit different preferences or target markets. The standard front should be neutral (e.g., black or silver), but customizable options should be available.
- **Marketing**: The remote should be marketed as a trendy and versatile product, with options for different colors and designs to appeal to different customer segments.
- **Technical Design**: The remote should be designed with technical precision, ensuring that it works reliably with a wide range of devices.
- **Website**: The team discussed the company's website and how to access it for further information or updates.

The meeting concluded with plans to finalize the design and functionality of the remote, with a follow-up meeting scheduled for thirty minutes later."
ours,16,baseline,13.793103448275861,0.039735099337748325,0.296875,False,"The team is discussing the design of a universal remote control that can perform multiple functions, such as changing channels, adjusting volume, and navigating through a menu. They are considering the number of buttons and the complexity of the interface. The discussion revolves around the need for a simple and intuitive interface that can handle common tasks like changing channels and adjusting volume, while also considering the complexity of more advanced features like recording sequences of actions or navigating through a menu. The team is also discussing the importance of a user-friendly design that can be adapted to different user needs and preferences. They are considering the use of a single button for common actions and the inclusion of features like a ""go back"" button and a history function to enhance the user experience. The discussion ends with a decision to meet again in thirty minutes to finalize the design and technical specifications."
ours,16,sink4,13.432835820895525,0.010101010101010055,0.16178736517719572,False,"The team is discussing the design of a universal remote control with specific functions such as changing channels, adjusting volume, and potentially more complex actions like navigating to specific channels or recording sequences of actions. They are considering the user interface and user experience, including features like a ""go back"" button, history tracking, and the ability to record sequences of actions. The discussion also touches on the importance of user requirements and the need to balance functionality with simplicity. The team plans to meet again in thirty minutes to refine their ideas and work on the technical aspects of the project."
ours,17,baseline,8.130081300813009,0.05899705014749268,0.3682974559686888,False,"The discussion revolves around the setup and management of a speech recognition project, with a focus on improving the system's ability to handle overlapping speech in a conference setting. Key points include:

1. **Microphone Selection and Setup**:  
   - The team is discussing the choice of microphones for a speech recognition system. They consider both **lapel microphones** (worn on the collar) and **handheld microphones** (wireless, with a transmitter and receiver).  
   - **Lapel microphones** are deemed less ideal due to potential noise and interference, while **handheld microphones** are considered more practical for wireless use, though they require a compatible receiver.  
   - There is a discussion about whether to use a **wireless microphone** that can connect to the existing system or to wire it manually.  

2. **Overlapping Speech Handling**:  
   - The team is exploring **echo cancellation** and **spectroanalysis** to address overlapping speech in meetings. This involves analyzing and separating overlapping conversations to improve clarity.  
   - A **meta-meeting** is proposed where transcribers discuss their findings and observations about the data, ensuring better collaboration and documentation.  

3. **Project and Collaboration**:  
   - A graduate student (Espen Eriksen) is working on a project involving **echo cancellation** and **speech segmentation**. He is collaborating with **Dave Gelbart** and **Dan Ellis** to improve the system’s ability to handle overlapping speech.  
   - The team is also planning to **record and analyze data** to refine the system’s performance.  

4. **Logistics and Meetings**:  
   - A **Fiscus visit** is scheduled, with a focus on **room engineering**, **transcription processes**, and **standardization of transcription protocols**.  
   - A **meta-meeting** is proposed to involve transcribers in discussing their work, ensuring transparency and shared insights.  

5. **Technical and Logistical Considerations**:  
   - The team is evaluating **wireless microphones** and their compatibility with existing equipment.  
   - There is a discussion about **organizing meetings** and ensuring clear communication in large groups to minimize overlap and improve clarity.  

**Key Takeaways**:  
- The project aims to enhance speech recognition systems by addressing overlapping speech through **echo cancellation**, **spectroanalysis**, and **data-driven improvements**.  
- Collaboration and documentation (via meta-meetings) are emphasized to ensure effective teamwork and progress"
ours,17,sink4,11.278195488721805,0.04366812227074235,0.3674863387978142,False,"The meeting began with a discussion about the need for a wireless microphone system for the team. The group considered using a hand-held microphone, but there was some debate about whether a lapel microphone was better. The team decided to use a lapel microphone for its reliability and ease of use, despite the hand-held microphone's potential for better sound quality. They also discussed the possibility of using a wireless system, but it was noted that a transmitter would be required to pair with a receiver.

The team then moved on to discuss the idea of having transcribers talk about the data they were working on, which would help in refining the transcription process. They also considered the possibility of having a separate meeting where transcribers could discuss their observations and insights, which would be recorded for future reference.

The meeting also touched on the upcoming visit of John Fiscus, who would be presenting on acoustic engineering and transcription standards. The team planned to have three parts to his presentation, covering room engineering, transcription processes, and transcription standards.

The discussion concluded with a plan to have transcribers meet separately to discuss their work, which would be recorded. The team also considered the possibility of having a live demonstration of the wireless microphone system. The meeting ended with a decision to proceed with the digitization of the data and a break for lunch."
ours,18,baseline,5.517241379310345,0.05514705882352944,0.41316526610644255,False,"**Summary of the Meeting:**

The meeting focused on discussing the **SMARTboard** and its potential as a tool for **digital sketching** in a **project management** environment. Key points discussed include:

1. **SMARTboard as a Digital Sketching Tool**:  
   - The **SMARTboard** was considered for its ability to **digitize sketches**, allowing for **real-time collaboration** and **interactive whiteboarding**.  
   - It was **useful for drawing and sharing ideas** in a team setting, especially for **designers and project managers**.  
   - However, **cost and reliability** were concerns, as the **SMARTboard** is **expensive** and **prone to malfunctions**.  

2. **Project Management Tools**:  
   - The **SMARTboard** was compared to **traditional whiteboards** and **laptops** for **digital sketching**.  
   - While the **laptop** is **cost-effective** for **basic tasks**, the **SMARTboard** offers **real-time collaboration** and **digital integration**, making it **ideal for creative teams**.  
   - The **laptop** was criticized for **lack of precision** and **inconvenience** for **sketching**.  

3. **Team Collaboration and Workflow**:  
   - The **SMARTboard** allows for **instant sharing of ideas** and **real-time feedback**, which is **beneficial for brainstorming sessions**.  
   - However, **technical issues** (e.g., **malfunctioning SMARTboard**) could **hinder its use**.  
   - The **team agreed** that the **SMARTboard** is **useful for creative tasks** but **not for routine documentation**.  

4. **Cost and Practicality**:  
   - The **SMARTboard** is **expensive** and **requires maintenance**, making it a **premium tool** for **designers**.  
   - The **laptop** was deemed **more practical** for **daily tasks** but **less effective** for **creative sketching**.  

5. **Future Considerations**:  
   - The **team discussed** the **need for a graphics program** on the **laptop** to enhance **digital sketching**.  
   - The **SMARTboard** was **not universally adopted** due to **cost and reliability** concerns.  
   - The **project manager** emphasized the **importance of a clear, shared workspace** for"
ours,18,sink4,9.836065573770492,0.0,0.2027833001988072,False,"**Summary:**

The conversation revolves around a team discussing the usefulness of a digital drawing tablet and a SMARTboard in a project setting. The team is evaluating whether these tools are worth the investment, considering factors like cost, functionality, and practicality. The discussion highlights the pros and cons of each tool, with the Industrial Designer and Project Manager expressing concerns about the cost and practicality of the SMARTboard, while the Marketing and User Interface team members emphasize its potential benefits for collaboration and design work. The conversation also touches on the need for a shared digital workspace and the importance of clear communication with stakeholders. Ultimately, the team agrees that while the tools are useful, they must be justified by their value and practicality in the project context. The discussion ends with a decision to proceed with the tools, despite the challenges, and a mention of the project's end and the need to finalize the report."
ours,19,baseline,4.958677685950414,0.06896551724137934,0.36869793950021923,False,"The Welsh Government has announced a new childcare and early education initiative, the **Childcare and Early Years (Wales) Scheme**, which aims to provide **30 hours of free childcare per week** for working parents in eligible areas. The scheme is designed to support working families, particularly those in disadvantaged communities, by offering **10 hours of free early education** per week, in addition to the **30 hours of free childcare**. The initiative is part of a broader effort to improve access to quality childcare and support parents in balancing work and family life.

### Key Points of the Scheme:
1. **Eligibility**: 
   - Parents must work at least 16 hours per week.
   - The child must be **3 years old or older**.
   - The child must be **eligible for the 10-hour early education** (e.g., through the **Flying Start** or **Team Around the Family** model).

2. **Structure**:
   - **30 hours of free childcare** per week for eligible families.
   - **10 hours of free early education** per week, which is **free for all children** in Wales, regardless of income.
   - The **10-hour early education** is **free for all children**, while the **30-hour childcare** is **free for eligible families**.

3. **Funding and Support**:
   - The scheme is **funded by the Welsh Government**.
   - The **£4.50 per hour** rate is intended to be **affordable** for families.
   - The **quality of childcare** is a key focus, with an emphasis on **registered and inspected providers** to ensure standards.

4. **Impact on Child Development**:
   - The scheme is designed to **accelerate child development** for children who can access it.
   - It aims to **reduce the gap in educational outcomes** between children born in different months (e.g., summer-born vs. Michaelmas-born), by providing **more consistent childcare**.

5. **Integration with UK Tax-Free Childcare**:
   - The Welsh Government is **considering integration** with the **UK’s tax-free childcare** scheme, which is available across the UK.
   - Parents who are eligible for the UK scheme may also be eligible for the Welsh childcare offer, but the **payment structure** is currently **different** (direct payments from local government to providers, not through a parental account).

6. **Challenges and Consider"
ours,19,sink4,8.403361344537814,0.029126213592232997,0.30014858841010406,False,"The Welsh Government has announced a new childcare offer aimed at supporting working families, with a focus on providing 30 hours of free childcare per week for eligible families. The scheme is designed to be affordable and accessible, with a £4.50 per hour rate, and is intended to support child development and reduce the burden on working parents. The offer is part of a broader strategy to improve childcare quality and accessibility, with a focus on registered inspected providers. The government has also considered integrating the scheme with the UK's tax-free childcare offer, but has opted for a different approach to ensure affordability and simplicity. The scheme is being piloted in various areas, including Gwynedd, where it is being combined with the Team Around the Family approach. The government acknowledges the importance of addressing the needs of disadvantaged families and has emphasized the need for clear communication to ensure parents understand the benefits of the scheme. The offer is also being evaluated for its impact on child development and work participation, with early evidence suggesting positive outcomes for families. The government is committed to ensuring that the scheme is accessible and beneficial for all eligible families, while also considering the integration of the scheme with other support measures."
ours,20,baseline,10.38961038961039,0.016949152542372836,0.2394557823129252,False,"The team is discussing the development of a new product, focusing on the design and marketing of a device that combines a hand dynamo and a battery. They are considering whether to include both or just one, and are evaluating the budget and project timeline. The discussion involves the project manager, marketing team, and industrial designer. They are also discussing the importance of creativity, team collaboration, and the need for a celebration if the project is successful. The team is considering the use of a whiteboard and digital pens for presentations, and they are evaluating the product's features and design. The conversation ends with a decision to proceed with the project and a plan to celebrate if it meets expectations."
ours,20,sink4,11.1731843575419,0.0066225165562914245,0.26583592938733125,False,"The meeting concluded with a discussion on the project's progress and next steps. The team agreed to adjust the design to include a hand dynamo and a battery for the party, ensuring the project stays within budget. They also discussed the importance of creativity and teamwork, with the Industrial Designer suggesting a more creative approach to the design. The Marketing team emphasized the need for a whiteboard and digital pens for better collaboration. The Project Manager highlighted the importance of meeting deadlines and staying within budget. The team decided to focus on the key features and finalize the design, ensuring it meets the project's goals. The meeting ended with a plan to celebrate the successful completion of the project, with the Project Manager proposing a celebration. The team expressed confidence in their ability to deliver the project on time and within budget, and they agreed to continue working together to achieve their objectives."
ours,21,baseline,8.310249307479225,0.014409221902017322,0.3051815585475316,False,"The following is a summary of the key points and discussions from the parliamentary session:

1. **Long-Term Care and Profit Concerns**:  
   - **Hon. Patty Hajdu** (Minister of Health) emphasized that long-term care is a provincial and territorial responsibility, with the federal government supporting provinces and territories. She reiterated the government's commitment to ensuring seniors age with dignity and safety.  
   - **Ms. Jenny Kwan** (NDP) questioned the federal government's role in long-term care, particularly the for-profit model. She asked if the government would commit to removing profit from long-term care.  
   - **Hon. Hajdu** acknowledged the need for reform but emphasized that the federal government is working with provinces and territories to ensure care for seniors.  

2. **Tourism and Fisheries Sector Impact**:  
   - **Mrs. Marilne Gill** (BQ) criticized the government for prioritizing the Liberal Party’s financial support over vulnerable sectors like tourism and fishing. She highlighted the economic impact of the pandemic on her riding and questioned the fairness of the emergency wage subsidy.  
   - **Hon. Bill Morneau** (Minister of Finance) defended the approach, stating that the government is using consistent criteria to support all sectors, including specific measures for the fishing industry.  

3. **PPE Shortages and Supply Chain Issues**:  
   - **Mrs. Tamara Jansen** (CPC) raised concerns about the shortage of N95 masks and the impact of Chinese mask manufacturers being nationalized. She questioned if orders had been canceled due to this.  
   - **Hon. Anita Anand** (Minister of Public Services and Procurement) explained that the government is diversifying supply chains and working with international suppliers, including 3M in the U.S. She also noted that over 40 flights have brought masks to Canada.  

4. **Climate Change and Pandemic Response**:  
   - **Hon. Hajdu** addressed climate change as a global challenge, emphasizing the need for international cooperation and domestic industry retooling.  
   - **The Acting Chair** (Mr. Bruce Stanton) concluded the session, thanking members for their contributions and adjourning the committee until noon the next day.  

**Key Themes**:  
- **Long-term care reform** and the role of federal vs. provincial governments.  
- **Economic support** for vulnerable sectors (tourism, fishing) versus political party funding.  
- **PPE shortages**"
ours,21,sink4,0.0,0.0,0.0,False,The committee is adjourned.
ours,22,baseline,3.5897435897435894,0.06326034063260344,0.426917510853835,False,"The discussion revolves around the development and evaluation of a neural network model for speech recognition, with a focus on improving performance through various techniques and considerations. The team is exploring the use of a neural network (MLP) to enhance the accuracy of their speech recognition system. They are considering whether to integrate the MLP into their existing framework, acknowledging that if it doesn't provide significant improvements, they might not use it. The conversation touches on the challenges of training and optimizing the model, with a focus on resource constraints and the need to balance performance with computational efficiency.

Key points discussed include:

1. **Neural Network Integration**: The team is evaluating whether to incorporate a neural network (MLP) into their system. If the MLP proves beneficial, they might use it; otherwise, they may not. The discussion highlights the importance of testing and validating the MLP's effectiveness before full integration.

2. **Training and Optimization**: There is a focus on training the model with a limited dataset and optimizing it for performance. The team is concerned about computational resources (CPU and memory) and the need to balance model complexity with efficiency.

3. **Collaboration and Feedback**: The team is working with other researchers (e.g., Sunil) who are exploring multi-band neural networks and other architectures. They are considering combining their work with existing systems to improve results, but they are cautious about overfitting and the need for careful evaluation.

4. **Evaluation and Testing**: The team is testing the model on various datasets and is looking for ways to improve its accuracy. They are also discussing the importance of evaluating the model's performance and ensuring it meets the required standards.

5. **Challenges and Constraints**: The team is aware of the limitations of their current setup, including memory and computational constraints. They are exploring ways to optimize the model without overcomplicating the system.

6. **Future Work**: The discussion ends with a focus on continuing to refine the model, testing new ideas, and ensuring that the system is both effective and efficient. The team is also considering the integration of new features and the need to stay aligned with the broader research goals.

In summary, the conversation highlights the ongoing efforts to improve a speech recognition system using neural networks, with a focus on balancing performance, resource usage, and collaboration with other researchers. The team is methodically evaluating the potential of the MLP and is open to integrating it if it proves beneficial, while also addressing technical challenges and constraints."
ours,22,sink4,4.678362573099416,0.07017543859649122,0.39660876757650954,False,"The discussion revolves around the development and evaluation of a neural network model for speech recognition, with a focus on improving performance through various techniques and addressing challenges related to computational resources and training data. Key points include:

1. **Neural Network Evaluation**: The team is exploring the use of a neural network (MLP) to enhance speech recognition performance. They consider whether to implement it, given that it might not be necessary if the MLP does not significantly improve results.

2. **Training and Data**: The team is working on training the model with a focus on optimizing features and reducing computational load. They are considering using a neural network for tasks like speaker diarization and are evaluating its effectiveness in improving results.

3. **Resource Constraints**: There is a discussion about the limitations of computational resources (CPU and memory) and the need to balance training efforts with practical constraints. The team acknowledges that while neural networks can be powerful, they must be used judiciously due to resource limitations.

4. **Collaboration and Feedback**: The team is collaborating with others (e.g., OGI) and is considering integrating their features and models. They are also discussing the importance of testing and refining models, as well as the need for continuous improvement and feedback.

5. **Future Work**: The team is exploring new approaches, such as multi-band systems and belief networks, to enhance performance. They are also considering how to integrate these improvements into their existing framework while ensuring efficiency and accuracy.

6. **Challenges and Solutions**: The team is addressing challenges like memory management, computational efficiency, and the need for iterative improvements. They are also discussing the importance of testing and validating models through experiments and feedback.

7. **Team Collaboration**: The discussion highlights the collaborative nature of the project, with team members contributing ideas and resources. There is a focus on ensuring that the model is both effective and efficient, even under resource constraints.

In summary, the team is working on refining a neural network-based speech recognition system, balancing performance improvements with practical considerations, and collaborating to overcome technical and resource-related challenges."
ours,23,baseline,6.315789473684211,0.13855421686746983,0.3673851921274601,False,"The meeting concluded with a discussion about the project's presentation and the design of the product. The team reviewed the slides, which were initially blank but later added content. They discussed the product's design, comparing it to a ""happy face"" and noting that it looked like a tongue from a previous design. The team considered the product's functionality and the need for a more innovative design. They also discussed the importance of marketing and the product's potential success, with some members expressing skepticism about its marketability. The meeting ended with a decision to proceed with the project and a plan to finalize the presentation. The team acknowledged the challenges of the project and the need for further refinement. The discussion highlighted the importance of collaboration and the need for a more polished presentation. The meeting concluded with a decision to move forward with the project and a plan to finalize the presentation. The team agreed to review the slides and make any necessary adjustments before the final presentation."
ours,23,sink4,13.422818791946305,0.018181818181818188,0.2573099415204678,False,"The meeting concluded with a discussion on the project's presentation and design. The team reviewed the slides, which were initially blank but later became more detailed. The project manager noted that the slides were not well-designed and that the team needed to focus on improving the presentation. The industrial designer mentioned that the design was a bit complex, while the marketing team felt it was too simple. They discussed the product's potential and the need for better marketing. The team also talked about the importance of user experience and the need for a more engaging design. The meeting ended with a plan to finalize the presentation and move forward with the project."
ours,24,baseline,18.181818181818183,0.0,0.14918414918414924,False,"The project manager, industrial designer, and marketing team discussed the design and features of a new product. They decided to use a regular chip and a joystick, but later changed their mind and opted for push-buttons and a normal color. They also discussed the project evaluation and the importance of teamwork and communication. The final decision was to proceed with the project, and they all agreed that it was a good decision."
ours,24,sink4,14.545454545454547,0.0,0.21699819168173595,False,"The project team is discussing the design and pricing of a new product, focusing on the use of a regular chip instead of an advanced one, and the removal of a joystick in favor of buttons. They are considering changes to the product's design, including the color of the buttons and the placement of the controls. The team is also discussing the project's evaluation and the overall design process, emphasizing the importance of teamwork and creativity. The discussion concludes with a decision to proceed with the changes and a plan to finalize the product."
ours,25,baseline,6.185567010309278,0.1262626262626263,0.38926174496644295,False,"The team is discussing the design and features of a new remote control device, focusing on the user interface, battery life, and the inclusion of a touch screen. They are considering a plastic-based design with a touch screen interface, which would be cost-effective and aesthetically pleasing. The team is also discussing the inclusion of a voice recognition feature and a simple paging function. They are considering the use of a touch screen with customizable skins and a focus on the user experience, including the placement of essential functions like volume, channel selection, and on/off controls. The team is also discussing the battery life and the need for a simple, intuitive interface that is easy to use and visually appealing. They are considering the inclusion of a logo or company motto on the device and are discussing the design of the touch screen interface. The team is also considering the use of a touch screen that automatically turns on when the device is powered on and goes into a sleep mode to conserve battery life. The discussion concludes with a decision to proceed with the touch screen design and to focus on the key features that will enhance the user experience."
ours,25,sink4,3.7453183520599254,0.029090909090909056,0.31468144044321333,False,"The team is discussing the design and features of a new remote control device, focusing on the user interface, battery life, and overall design. Key points include:

1. **User Interface**: The team agrees on a touch screen interface with a simple, intuitive design. The touch screen will have basic functions like channel selection, volume control, and on/off, with additional features like a paging function. The interface should be aesthetically pleasing, incorporating the company's branding (e.g., a logo or motto).

2. **Battery Life**: The team is considering using new, long-lasting lithium batteries. They are also exploring the possibility of a rechargeable battery to reduce costs and environmental impact.

3. **Design and Aesthetics**: The remote control should be made of high-quality, recycled plastic to align with the company's sustainability goals. The design should be simple and user-friendly, with a focus on functionality and ease of use.

4. **Voice Recognition**: The team is considering integrating voice recognition for certain functions, though this feature is not essential for the basic operations of the remote control.

5. **Additional Features**: The team is open to the idea of allowing users to customize the interface (e.g., skins or themes) for the touch screen, but this is not a priority at this stage.

6. **Final Decisions**: The team agrees to proceed with a touch screen interface, a long-lasting battery, and a simple, aesthetically pleasing design. They also decide to focus on the core functions and avoid overcomplicating the device.

The discussion concludes with a plan to move forward with the design and development of the remote control, ensuring it meets the needs of the target market while maintaining a balance between functionality, aesthetics, and cost."
ours,26,baseline,13.930348258706468,0.016949152542372836,0.2394557823129252,False,"The team is discussing the development of a new product, focusing on the design and marketing of a device that combines a hand dynamo and a battery. They are considering whether to include both or just one, and are evaluating the budget and project timeline. The discussion involves the project manager, marketing team, and industrial designer. They are also discussing the importance of creativity, team collaboration, and the need for a celebration if the project is successful. The team is considering the use of a whiteboard and digital pens for presentations, and they are evaluating the product's features and design. The conversation ends with a decision to proceed with the project and a plan to celebrate if it meets expectations."
ours,26,sink4,14.159292035398233,0.0066225165562914245,0.26583592938733125,False,"The meeting concluded with a discussion on the project's progress and next steps. The team agreed to adjust the design to include a hand dynamo and a battery for the party, ensuring the project stays within budget. They also discussed the importance of creativity and teamwork, with the Industrial Designer suggesting a more creative approach to the design. The Marketing team emphasized the need for a whiteboard and digital pens for better collaboration. The Project Manager highlighted the importance of meeting deadlines and staying within budget. The team decided to focus on the key features and finalize the design, ensuring it meets the project's goals. The meeting ended with a plan to celebrate the successful completion of the project, with the Project Manager proposing a celebration. The team expressed confidence in their ability to deliver the project on time and within budget, and they agreed to continue working together to achieve their objectives."
ours,27,baseline,8.290155440414507,0.07100591715976334,0.2520325203252033,False,"The discussion centered around the development of a belief network (or ""belief-net"") for natural language processing, with a focus on integrating XML data and discourse analysis. The team discussed the importance of using XML for structured data and the potential to leverage existing corpora for training models. They considered the challenges of handling discourse annotations and the need for a flexible, modular approach to processing data. The conversation also touched on the practical aspects of implementing and testing the system, with a focus on ensuring it can handle complex tasks like navigating to specific locations, such as the ""Powder Tower,"" which is a historical site in Heidelberg. The team acknowledged the need for collaboration and the use of existing resources to streamline development. They also discussed the importance of testing and refining the system, with the goal of making it adaptable and user-friendly. The discussion concluded with a plan to continue working on the project, with a focus on integrating XML data and improving the system's ability to handle real-world tasks."
ours,27,sink4,6.075949367088607,0.07235142118863047,0.382,False,"The discussion revolves around the development of a belief network (or Bayesian network) for natural language processing, specifically focusing on XML data and discourse analysis. The team is exploring ways to leverage existing tools and data to build a system that can process and analyze discourse, with a focus on XML-based data and discourse annotations. Key points include:

1. **XML and Discourse Analysis**: The team is considering using XML for structuring data, particularly for discourse analysis. They are evaluating whether to use existing XML libraries or build their own, with a focus on integrating discourse annotations (e.g., from the MATE project) to improve the system's ability to understand and process complex text.

2. **Belief Networks**: The goal is to develop a belief network that can learn from data and make probabilistic inferences. The team is discussing how to design this network, with a focus on using existing tools and data to avoid reinventing the wheel. They are also considering whether to use pre-existing corpora or generate their own.

3. **Time Frame and Deliverables**: The project is not under a strict timeline, but the team is aiming to complete a prototype within a few days. They plan to start with a basic version of the belief network and iteratively improve it.

4. **Technical Challenges**: The team is addressing challenges such as handling XML data, integrating discourse annotations, and ensuring the system can process and analyze text in a way that mimics human understanding. They are also discussing the importance of using real-world data and annotations to train the network.

5. **Navigation System Example**: The discussion includes a metaphor about a navigation system that might misdirect users (e.g., taking them to the wrong address instead of the correct entrance to a building), highlighting the need for accurate and context-aware systems.

6. **Collaboration and Next Steps**: The team is planning to collaborate on the project, with specific tasks assigned to individuals. They aim to present their progress and ideas in the next meeting, focusing on features and the structure of the belief network.

In summary, the team is working on a project to develop a belief network for natural language processing, leveraging XML data and discourse analysis, with a focus on accuracy, integration of existing tools, and iterative development. They are addressing technical challenges and planning next steps for collaboration and testing."
ours,28,baseline,6.172839506172839,0.03870967741935483,0.30571161048689144,False,"**Summary of the Meeting:**

The team discussed the development of a new remote control with voice recognition and a user-friendly interface, targeting the 15–35 age group. Key points included:

1. **Voice Recognition and Remote Control Integration**:  
   - The team considered incorporating voice recognition to allow users to say ""I want to watch Channel 1"" instead of using buttons. This would make the remote more intuitive and reduce the need for physical buttons.  
   - However, they acknowledged the challenge of ensuring the remote is close enough to the user for voice commands to be recognized accurately.  

2. **User Interface Design**:  
   - The remote should be simple, with only essential buttons (e.g., major functions) and a ""menu"" button for navigation.  
   - A **beeper button** on the TV could help locate the remote if it’s lost.  

3. **Target Audience**:  
   - The product is aimed at the 15–35 age group, emphasizing a modern, trendy, and easy-to-use design.  

4. **Technical and Marketing Considerations**:  
   - The remote should be **separate from the TV** (e.g., a two-part pack: one for the TV, one for the remote).  
   - Marketing emphasized the importance of **voice recognition** for convenience, though they acknowledged potential issues with noise or distance affecting accuracy.  

5. **Next Steps**:  
   - Complete the **questionnaire** and **summary** by email.  
   - Prepare **PowerPoint presentations** for the project documents.  
   - After lunch, the team will have 30 minutes to work on the **components concept**.  

6. **Challenges and Solutions**:  
   - **Voice recognition accuracy**: Ensure the remote is close to the user.  
   - **Remote placement**: A beeper button on the TV could help locate the remote.  
   - **User experience**: Simplify the interface with minimal buttons and intuitive voice commands.  

**Conclusion**: The team agreed to focus on a **simple, intuitive remote control** with voice recognition, targeting younger users, while ensuring usability and reliability. The project will proceed with a **user-centric design** and **technical feasibility** checks."
ours,28,sink4,6.896551724137931,0.04597701149425293,0.26102941176470584,False,"The team is discussing the design of a remote control for a television that incorporates voice recognition technology. The goal is to make the remote more intuitive and user-friendly, particularly for the 15-35 age group. Key points include:

1. **Voice Recognition Integration**: The team is considering integrating voice recognition into the remote control to allow users to say things like ""I want to watch channel 1"" instead of using buttons. This would make the remote more convenient and modern.

2. **User Interface Design**: The remote should be simple and easy to use, with only the essential buttons (major functions) and a menu button. Voice recognition could be an optional feature, but it should be integrated in a way that enhances usability without complicating the interface.

3. **Remote Control Placement**: The remote should be kept close to the user, as voice recognition might not be effective from a distance. The team is also considering a beeper button on the TV to help locate the remote if it's lost.

4. **Design Considerations**: The remote should be trendy and appealing to younger users. The team is also discussing the possibility of a two-part remote that attaches to the TV, making it easier to find and use.

5. **Next Steps**: The team plans to finalize the design specifications, complete a questionnaire, and prepare a summary. They will also have a lunch break and continue working on the project after lunch.

The discussion highlights the importance of balancing functionality, user experience, and design to create a remote control that is both practical and appealing to the target demographic."
ours,29,baseline,15.929203539823005,0.039735099337748325,0.296875,False,"The team is discussing the design of a universal remote control that can perform multiple functions, such as changing channels, adjusting volume, and navigating through a menu. They are considering the number of buttons and the complexity of the interface. The discussion revolves around the need for a simple and intuitive interface that can handle common tasks like changing channels and adjusting volume, while also considering the complexity of more advanced features like recording sequences of actions or navigating through a menu. The team is also discussing the importance of a user-friendly design that can be adapted to different user needs and preferences. They are considering the use of a single button for common actions and the inclusion of features like a ""go back"" button and a history function to enhance the user experience. The discussion ends with a decision to meet again in thirty minutes to finalize the design and technical specifications."
ours,29,sink4,13.978494623655916,0.010101010101010055,0.16178736517719572,False,"The team is discussing the design of a universal remote control with specific functions such as changing channels, adjusting volume, and potentially more complex actions like navigating to specific channels or recording sequences of actions. They are considering the user interface and user experience, including features like a ""go back"" button, history tracking, and the ability to record sequences of actions. The discussion also touches on the importance of user requirements and the need to balance functionality with simplicity. The team plans to meet again in thirty minutes to refine their ideas and work on the technical aspects of the project."
adakv,0,baseline,5.405405405405405,0.05670103092783507,0.27847049044056527,False,"The team is discussing the design of a new remote control device, focusing on making it more user-friendly, stylish, and functional. They aim to create a remote control that is sleek, modern, and intuitive, with a design that is both functional and aesthetically pleasing. The discussion highlights the need for a remote control that is not overly complicated, with a minimalist design that avoids unnecessary buttons, similar to the sleek and stylish designs of modern smartphones. The team is considering a menu-based interface or a touchscreen interface that allows users to navigate through options without the need for physical buttons. They also discuss the importance of battery life and the need for a design that is easy to use for a wide range of users, including those who may not be familiar with the technology. The team is also considering the inclusion of features that are unique to this remote control, such as a long battery life, while ensuring that the device remains compatible with existing technologies and user expectations. The discussion concludes with the team agreeing on the direction of the project and the need to finalize the design and specifications for the remote control."
adakv,0,sink4,8.0,0.0,0.15671641791044777,False,"The team is discussing the design of a new remote control for a product, focusing on making it sleek, stylish, and user-friendly. They aim to differentiate it from existing models by incorporating a menu-based interface, reducing the number of physical buttons, and using a touchscreen for functionality. The remote should be intuitive, with a focus on user experience, and avoid unnecessary complexity. The team also considers features like battery life and the need for a learning curve, ensuring the product is accessible to a wide range of users. The discussion highlights the importance of balancing innovation with usability, ensuring the remote control is both modern and functional. The meeting concludes with a plan to move forward with the design, with specific instructions for the team to follow."
adakv,1,baseline,8.88888888888889,0.04280155642023342,0.4113924050632911,False,"The meeting concluded with the team agreeing on the following key points for the new remote control device:

1. **Design and Functionality**:  
   - The remote control should be **small, round**, and **similar to a PlayStation controller**.  
   - It should have **scroll buttons** (for navigation) and **joystick** functionality for better control.  
   - The **shape** should be **ergonomic**, with **rubberized** buttons and a **curved** design for comfort.  

2. **Battery and Cost**:  
   - A **standard battery** will be used, as **kinetic batteries** are too expensive.  
   - The **cost** is a concern, but the team agreed that the **basic design** is **feasible** and **cost-effective**.  

3. **User Interface and Experience**:  
   - The **screen** (LCD) will be **small** and **integrated** into the device.  
   - The **user interface** should be **simple**, with **buttons** for navigation and **scrolling**.  
   - The **design** should be **modern**, **compact**, and **user-friendly** for **younger users**.  

4. **Project Timeline**:  
   - The team agreed to **finalize the design** and **prepare the prototype** for the **next meeting** (detailed design phase).  
   - The **next meeting** will focus on **refining the design** and ensuring all components (battery, LCD, scroll, joystick) are **compatible** and **cost-effective**.  

5. **Key Decisions**:  
   - **No kinetic battery** (too expensive).  
   - **Standard battery** for simplicity and cost.  
   - **Scroll and joystick** for navigation and control.  
   - **Ergonomic design** with **rubberized buttons** and a **curved** shape.  

The team emphasized the importance of **user-friendly design** and **cost efficiency**, while ensuring the device is **modern** and **accessible** for younger users. The **next step** is to **finalize the design** and **prepare the prototype** for the **detailed design meeting**."
adakv,1,sink4,8.60215053763441,0.03816793893129766,0.3076463560334528,False,"The meeting discussed the design and development of a new remote control device, focusing on its functionality, cost, and user interface. Key points included:

1. **Design and Functionality**: The team considered a remote control with a scroll wheel and joystick-like functionality, similar to a PlayStation controller. The device needed to be small, intuitive, and user-friendly, with a curved design for better ergonomics.

2. **User Interface**: The remote control should have a simple, intuitive interface with buttons and a scroll wheel. The design needed to be easy to use, with a focus on ease of operation and minimal complexity.

3. **Cost and Components**: The team discussed using a normal battery and a regular chip, avoiding more expensive options like kinetic energy or advanced chips. The cost was a key consideration, with the goal of keeping the device affordable.

4. **Form Factor**: The remote control was to be small and compact, possibly resembling a phone or a joystick. The design needed to be practical and functional, with a focus on usability and user experience.

5. **Market Considerations**: The device was targeted at younger users, emphasizing simplicity and ease of use. The team also considered the importance of the device's appearance and how it would fit into the user's lifestyle.

6. **Next Steps**: The team agreed to finalize the design and components within the next meeting, with a focus on ensuring the device is both functional and cost-effective.

The meeting concluded with a plan to move forward with the design, ensuring that the remote control meets the needs of its target audience while remaining affordable and user-friendly."
adakv,2,baseline,5.5096418732782375,0.07967032967032972,0.4005636070853462,False,"The conversation between the professors and students discusses the planning and organization of a research project involving formalization and academic work, including discussions about theses, research topics, and collaborations. Key points include:

1. **Research Project and Formalization**: The group is working on a project that involves formalizing concepts, with a focus on belief networks and logical structures. They aim to build a system that can analyze and model complex ideas, drawing on both theoretical and practical aspects of computer science and philosophy.

2. **Thesis and Research**: There is a mention of a doctoral student, Eva, who is joining the project, and discussions about her potential thesis topic. The group is considering whether to formalize the project as a separate effort or integrate it with larger initiatives.

3. **Collaborations and Meetings**: The team is planning to collaborate with institutions in Germany and Switzerland, including the German AI Center (DFKI) and a research institute in Geneva. There is a discussion about potential meetings or visits to these locations.

4. **Academic and Research Planning**: The group is discussing the structure of their work, with a focus on ensuring that the project is both technically sound and aligned with broader academic goals. They are also considering the inclusion of a doctoral student in computer science, who will be joining the project.

5. **Challenges and Decisions**: The team is navigating the balance between theoretical rigor and practical implementation, with a focus on ensuring that their work is both innovative and grounded in real-world applications. They are also discussing the importance of collaboration and the need for clear communication and planning to ensure the project's success.

6. **Academic and Professional Networks**: The conversation highlights the importance of connecting with other researchers and institutions to enhance the project's impact and reach. There is a mention of potential collaborations with universities in Germany and Switzerland, emphasizing the international aspect of the research.

7. **Research and Development**: The group is committed to exploring new ideas and ensuring that their work is both technically and conceptually robust, with a focus on making their findings accessible and applicable to real-world problems. The discussion also touches on the challenges of balancing theoretical and practical aspects of their research."
adakv,2,sink4,6.504065040650407,0.06217616580310881,0.3697113483590352,False,"The conversation between Professor C and their team discusses the planning and execution of a research project involving formalization and belief-net analysis. Key points include:

1. **Project Goals**: The team is working on a project that involves formalizing a belief-net system, which is a complex task requiring both theoretical and practical implementation. The goal is to build a system that can analyze and model belief systems, possibly with applications in AI or computer science.

2. **Team Dynamics**: The team includes members like Robert (a student), Ami (a doctoral student), and others. Robert is described as having a strong commitment to a particular theory, even if it means working within a limited framework. The team is also considering whether to formalize the belief-net system as a separate project or integrate it with a larger effort on formalization.

3. **Research and Collaboration**: The team is discussing potential collaborations, including a doctoral student named Eva, who is joining the project. There is also mention of a student named Ami, who is invited to consult with a bank in Geneva, which has ties to a research institute there. The team is considering a visit to Switzerland for collaboration.

4. **Challenges and Deadlines**: The team is working on a project with a tight deadline, with the belief-net analysis expected to be completed by the end of the semester. There is a mention of a final exam (take-home final) for a student, which adds to the workload.

5. **Technical and Philosophical Considerations**: The discussion touches on the balance between theoretical rigor (purism) and practical implementation. The team is also considering the formalization of concepts, which is a key part of the project.

6. **Future Steps**: The team plans to finalize the belief-net analysis and determine whether it will be a separate project or integrated with the larger formalization effort. They also plan to discuss the project with Ellen, who is working on image schemas, and to organize a reading group for students.

7. **Collaboration and Communication**: The team emphasizes the importance of collaboration and communication, especially with international partners in Switzerland and Germany. There is a mention of potential meetings in Geneva and Zurich, highlighting the international nature of the project.

The conversation reflects a structured yet dynamic approach to research, balancing theoretical and practical aspects, with a focus on collaboration and clear communication."
adakv,3,baseline,12.903225806451612,0.07103825136612019,0.3694581280788177,False,"The meeting concluded with a discussion on the project's presentation and the challenges faced during the design and marketing process. The team reviewed the prototype, which was initially simple but required refinement. They discussed the importance of user feedback and the need for a more polished presentation. The project manager emphasized the need for a clear and professional approach to the final presentation, while the industrial designer and marketing team highlighted the importance of a functional and visually appealing design. The team acknowledged the need for a more structured and engaging presentation, with the marketing team suggesting the inclusion of a more professional background and the use of a consistent design language. The project manager noted the importance of aligning the presentation with the product's core features and the need for a clear message. The team agreed to finalize the presentation and move forward with the final report, incorporating the feedback received. The meeting ended with a decision to celebrate the successful completion of the project, with the team expressing a sense of accomplishment and the need to maintain a professional and engaging presentation style."
adakv,3,sink4,9.45945945945946,0.050909090909090904,0.3621483375959079,False,"The meeting concluded with a discussion on the project's final presentation and the team's reflections on the design and marketing strategies. Key points included:

1. **Design and Marketing Feedback**:  
   - The team discussed the product's design, noting that it looked like a ""happy face"" and was a ""huge disaster"" if not refined.  
   - Marketing emphasized the need for a more polished, professional look, while the Industrial Designer highlighted the importance of simplicity and avoiding unnecessary complexity.  
   - The team agreed that the product's design should focus on functionality and clarity, avoiding overly flashy elements.  

2. **Project Evaluation**:  
   - The project was evaluated based on technical feasibility and user feedback, with the Industrial Designer questioning the value of the design phase.  
   - Marketing stressed the importance of aligning the product's design with its functional purpose, avoiding overcomplication.  

3. **Team Collaboration**:  
   - The team acknowledged the challenges of balancing creativity with practicality, especially in a fast-paced, internet-driven environment.  
   - The Industrial Designer and Marketing team debated the role of ""filler words"" and the need for concise, meaningful communication.  

4. **Final Steps**:  
   - The project evaluation was documented, with the Project Manager preparing a final report.  
   - The team agreed to end the meeting, with a light-hearted note about celebrating the completion of the project.  

5. **Reflections on Technology and Trends**:  
   - The team reflected on the evolution of technology, noting the internet's ubiquity and its impact on communication and design.  
   - The discussion highlighted the importance of staying grounded in practicality while embracing innovation.  

The meeting ended with a sense of accomplishment, though the team acknowledged the need for further refinement and a focus on clarity in future projects."
adakv,4,baseline,4.411764705882352,0.05882352941176472,0.44488977955911824,False,"**Summary of the Meeting:**

The team is discussing the design and development of a new remote control device, focusing on **user interface design**, **product evaluation**, and **trend analysis**. The key points discussed include:

1. **Product Features and Design:**
   - The remote control should have **speech recognition** and **buttons** with **themes like fruits or vegetables**.
   - The design should be **fancy**, **spongy**, and **titanium-like** to align with current trends.
   - The remote should be **sustainable**, using **rubber** or **titanium** materials.
   - The device should have **a curved shape** and **a spongy, fruity-like texture**.

2. **Trend Analysis:**
   - The team agrees that the remote control should be **fancy** and **modern**, as it is a **novel concept** that **others may not have**.
   - The **spongy, fruity-like** design is a **trend** that could make the product **marketable**.
   - The **titanium smell** and **curved shape** are considered to be **fancy** and **modern**.

3. **User Experience and Functionality:**
   - The remote should have **minimal buttons** and **clear output** to show what actions are being taken.
   - The team is considering **two options**: a **spongy, fruity-like** design or a **titanium-like** design.
   - The **LCD screen** is to be included, but the team is open to **simpler designs** with fewer buttons.

4. **Marketing and Development:**
   - The team is **exploring** the **titanium and spongy** options for the remote's **material and texture**.
   - The **remote control** is expected to be **user-friendly**, **modern**, and **fancy**, with a **curved shape** and **spongy texture**.
   - The **marketing** team is **interested** in the **fancy** and **modern** design to **stand out** in the market.

5. **Conclusion:**
   - The team agrees that the **remote control** should be **fancy**, **modern**, and **sustainable**, with a **titanium or spongy** design.
   - The **next step** is to **explore** the **two"
adakv,4,sink4,7.518796992481203,0.017094017094017144,0.20639147802929425,False,"The team is working on a new remote control product, focusing on user interface design, product evaluation, and prototype development using modeling clay. The goal is to create a remote control that follows current trends, incorporating features like a speech recognizer, buttons, and a unique design. The team is considering materials and shapes, with discussions around using titanium or spongy materials, and incorporating a fruit-like design. They are also exploring the use of LCD screens and the importance of a user-friendly interface. The team is deciding on the final design and features, ensuring the product is both functional and trendy. The meeting concludes with a plan to explore the two options and finalize the design in the next meeting."
adakv,5,baseline,7.142857142857142,0.03529411764705881,0.2661431064572426,False,"The conversation between Professor D and the students discusses the development and evaluation of a neural network model for speech recognition, focusing on improving performance through various techniques such as using multiple models (MLPs) and feature extraction. The discussion highlights the challenges of training and testing models, the importance of feature selection, and the need for continuous improvement through experimentation. The team is considering integrating new methods, such as multi-band networks and dependency arrows between sub-bands, to enhance the system's accuracy. They also discuss the limitations of current models and the need for further research and testing. The conversation touches on the importance of training data, the role of different training targets, and the potential for combining multiple features and models to achieve better results. The team is also discussing the use of a Linux machine for running experiments and the need for collaboration and testing to refine their approach. The conversation ends with a note about the battery life of the devices and the plan to continue working on the project."
adakv,5,sink4,6.06060606060606,0.03428571428571425,0.28125,False,"The discussion revolves around the development and evaluation of a neural network model for speech recognition, specifically focusing on improving the performance of a system using a combination of traditional methods and neural networks. The team is exploring ways to enhance the system by integrating neural networks with existing features and models, such as the Multi-Band (MB) system. They are considering the use of a multi-band neural network structure, where the arrows between sub-bands are bidirectional rather than unidirectional, to better model asynchronous interactions. The team is also discussing the importance of training data, training targets, and the need for further refinement of the system. They acknowledge the challenges of limited time and resources, and the potential for collaboration with other researchers to improve the system. The conversation touches on the use of a Linux machine for running experiments and the importance of testing and iterating on the model to achieve better results. The discussion concludes with a note on the need for continued improvement and the possibility of combining different approaches to enhance the system's performance."
adakv,6,baseline,10.572687224669602,0.03535353535353536,0.26796875,False,"The discussion revolves around the development of a belief-net system for natural language processing, with a focus on integrating XML data and leveraging existing tools to enhance the system's capabilities. The team is exploring the use of XML for annotating discourse and discourse acts, drawing from projects like Michael's work in MATE. They consider using existing packages, such as SmartKom, to annotate data and build a framework for processing discourse annotations. The goal is to create a system that can handle tasks like navigation, where the system would guide users to specific locations, such as the Powder-Tower, by understanding context and intent. The team is also discussing the importance of using XML for data representation and the need to extract features from annotated data to improve the system's performance. They acknowledge the challenges of integrating different tools and the importance of collaboration to ensure the system can adapt to real-world scenarios, such as navigating to a specific address rather than just the geometric center of a building. The meeting concludes with a plan to review the system and discuss the next steps, including the use of XML for data formatting and the potential for future improvements in the system's capabilities."
adakv,6,sink4,8.040201005025125,0.02409638554216864,0.2281334535617674,False,"The discussion revolves around the development of a belief-net system for natural language processing, with a focus on integrating XML data and leveraging existing tools like SmartKom. The group discusses the importance of using annotated data, such as discourse annotations, to train models that can understand and generate human-like responses. They consider the possibility of using existing packages like MATE for annotation and the need for a standardized format (e.g., XML) to structure the data. The team plans to collaborate on selecting and testing a belief-net package, with the goal of creating a system that can handle tasks like navigation and provide more accurate, context-aware responses. They also touch on challenges like handling ambiguous data and the need for a shared understanding of the system's capabilities. The conversation highlights the importance of iterative development, using real-world examples like the Powder-Tower to illustrate the practical applications of their work. The team agrees to proceed with the project, with plans to test and refine the system in the coming weeks."
adakv,7,baseline,2.564102564102564,0.09523809523809523,0.4342883128694861,False,"The Welsh Government has introduced a new childcare and early education scheme, the **Childcare and Early Education (Wales) Act 2023**, which aims to provide **30 hours of free childcare per week** for eligible families. The scheme is designed to support working parents by offering **10 hours of early education** and **20 hours of childcare** per week, with the **30-hour offer** being available to families with children aged 3 to 5 years. The **10-hour early education** is available to all children, while the **30-hour childcare** is targeted at families with one parent working, or where one parent is on incapacity benefit.

### Key Features of the Scheme:
1. **Eligibility**: 
   - Families with one parent working or on incapacity benefit.
   - Children aged 3 to 5 years.
   - The **10-hour early education** is available to all children, while the **30-hour childcare** is available to eligible families.

2. **Funding and Cost**:
   - The **£4.50 per hour** rate is set to ensure affordability.
   - The **30-hour offer** is more generous than the **10-hour early education**.
   - The **£4.50 per hour** is intended to cover the cost of the childcare, with the **£6,000 minimum wage cap** and **£100,000 cap** on total funding.

3. **Quality and Workforce**:
   - The scheme emphasizes **quality childcare**, with a focus on **registered inspected providers**.
   - There is a push to **increase qualifications and training** for childcare staff to ensure high-quality care.
   - The **Team Around the Family** model is being tested in pilot areas like Gwynedd, where **registered providers** are working with families to ensure a **holistic approach** to child development.

4. **Integration with Other Policies**:
   - The scheme is being **integrated with the UK’s tax-free childcare offer**, which is available to all parents in the UK.
   - The Welsh Government is working to ensure that parents are **aware of both the Welsh and UK childcare offers**, and that providers are informed of the **tax-free childcare** option.

5. **Disadvantaged Families**:
   - The scheme is designed to **support disadvantaged families**, with a focus on **early education** and **child development**."
adakv,7,sink4,1.5228426395939085,0.11876484560570066,0.4775137111517368,False,"The Welsh Government has introduced a new childcare scheme aimed at supporting working parents and improving child development. The scheme, known as the ""Childcare Offer,"" provides 30 hours of free childcare per week for eligible families, with the goal of ensuring that all children have access to high-quality, registered childcare. The scheme is designed to support parents who are working, particularly those in disadvantaged families, and to promote child development through early education and care.

Key aspects of the scheme include:

1. **Eligibility**: The scheme is available to families where one parent is working, and the child is under the age of five. Eligibility is based on the child's birthdate, with the offer available from the term after the child's third birthday.

2. **Quality of Care**: The Welsh Government emphasizes the importance of high-quality childcare, with a focus on registered and inspected providers. The scheme aims to ensure that childcare providers are well-qualified and trained, with a focus on child development and education.

3. **Integration with Other Support**: The scheme is designed to work in conjunction with other support measures, such as the ""Flying Start"" program, which provides early education and support for young children. The Welsh Government is also working to integrate the childcare offer with the UK's tax-free childcare scheme, which is available across the UK.

4. **Affordability and Cost**: The scheme is funded through a combination of public and private funding, with the Welsh Government aiming to ensure that the cost is affordable for families. The scheme includes a £4.50 per hour rate for childcare, which is considered affordable for most families.

5. **Child Development**: The scheme is designed to support child development by providing access to high-quality childcare and early education. The Welsh Government is working to ensure that the scheme supports the development of children in a way that is consistent with broader educational and social goals.

6. **Parental Support**: The scheme is intended to support parents in balancing work and family life, with the goal of ensuring that parents have the flexibility to work while their children receive high-quality care. The Welsh Government is also working to ensure that parents are aware of the available support and how to access it.

The scheme is part of a broader effort to improve childcare and early education in Wales, with the goal of ensuring that all children have access to high-quality care and education that supports their development and well-being. The Welsh Government is also working to address the challenges of affordability, quality, and accessibility in the childcare sector."
adakv,8,baseline,6.956521739130435,0.0,0.21639784946236562,False,"The conversation discusses the performance of different machine learning models, specifically comparing a hybrid system and an embedded training approach for improving speech recognition. The participants are evaluating the effectiveness of using alignments from the Cambridge system versus training their own model. They discuss the importance of feature sets, hidden unit sizes, and training data. The conversation touches on the challenges of training neural networks, the impact of different training methods, and the trade-offs between model complexity and performance. They also discuss the number of hidden units and training data required for optimal results. The conversation ends with a decision to start with a smaller model for testing."
adakv,8,sink4,6.329113924050632,0.018750000000000044,0.24649859943977592,False,"The conversation discusses the performance of a neural network model, specifically a hybrid system combining a speech recognition system with a recurrent neural network (RNN) for improving accuracy. The participants are evaluating whether to use the existing system or train the model from scratch. They discuss the potential benefits of embedded training versus using pre-aligned data. They also talk about the number of hidden units in the neural network, with the consensus being that a two-thousand hidden unit network is a reasonable choice, as it offers a balance between performance and training time. The conversation also touches on the importance of training data and the impact of different feature sets on model performance. The discussion highlights the trade-offs between model complexity and computational efficiency, with the group deciding to start with a two-thousand hidden unit network for testing. The conversation ends with a reference to ""Uncle Bernie's Rule,"" a guideline for determining the appropriate size of neural networks based on training data."
adakv,9,baseline,6.083650190114068,0.14559386973180077,0.4323863636363636,False,"The discussion revolves around the design and functionality of a universal remote control that can perform multiple actions, such as changing channels, adjusting volume, and recording user actions. The team is considering the features and usability of the remote control, with a focus on user interface design, marketing, and project management.

Key points from the discussion include:

1. **Remote Control Functionality**: The remote control should be able to handle multiple actions, such as changing channels, adjusting volume, and recording user actions. The team is considering the number of buttons and the complexity of the interface.

2. **User Interface Design**: The team is discussing the need for a simple and intuitive interface. They are considering features like a ""back"" button, a history of previous actions, and the ability to record user actions for later use.

3. **Marketing and User Experience**: The team is discussing how the remote control can be marketed to users, emphasizing the need for a user-friendly design that meets the needs of different users, including left-handed and right-handed users.

4. **Project Management**: The team is planning to meet again in thirty minutes to discuss the implementation of the remote control, focusing on the technical aspects and user requirements.

5. **Technical Considerations**: The team is considering the technical feasibility of the remote control, including the number of buttons, the complexity of the interface, and the integration of features like history and recording.

In summary, the discussion is about designing a universal remote control that is user-friendly, efficient, and capable of handling multiple functions, with a focus on usability, marketing, and project management."
adakv,9,sink4,10.169491525423728,0.0,0.14984227129337535,False,"The discussion revolves around the design and functionality of a universal remote control with multiple buttons and features. The team is considering the number of buttons, the types of actions (e.g., changing channels, adjusting volume, recording sequences), and the user interface for a remote control. They also discuss the importance of user requirements, the need for a simple and intuitive design, and the possibility of integrating features like history tracking, undo functionality, and compatibility with different devices. The meeting concludes with a plan to meet again in thirty minutes to refine the ideas and specifications."
adakv,10,baseline,8.602150537634408,0.05660377358490565,0.2766393442622951,False,"The meeting is about discussing the setup and use of a wireless microphone system for a conference or event, with a focus on echo cancellation and transcription of overlapping speech. The group is considering using a wireless microphone that can be passed around to multiple people, with the goal of improving the quality of audio recordings. They are also discussing the possibility of having transcribers participate in a meeting to discuss the data they are collecting, which could lead to a meta-meeting to analyze the results. The meeting is scheduled for the next day, and there are plans to have a guest speaker, John Fiscus, who will present on topics related to acoustic engineering and transcription standards. The group is also discussing the use of a wireless microphone system, with some concerns about the need for a receiver and the potential for interference. The conversation ends with a discussion about the structure of the meeting and the need for a recording."
adakv,10,sink4,10.344827586206897,0.0,0.22522522522522526,False,"The meeting is discussing the setup and use of wireless microphones for a conference or event, with a focus on echo cancellation and the use of a hand-held microphone. The group is considering whether to use a lapel microphone or a hand-held one, with the latter being more convenient for passing around. They also discuss the need for a receiver and potential issues with interference. The conversation touches on the importance of having a dedicated channel for the microphone to avoid overlap in speech, and the idea of having transcribers discuss their findings in a separate meeting to share insights. There is also a mention of a planned meeting with John Fiscus, who will present on acoustic engineering and transcription standards. The discussion concludes with a decision to proceed with the digital microphone setup and a plan for a follow-up meeting to discuss the project further."
adakv,11,baseline,3.785488958990536,0.09523809523809523,0.4342883128694861,False,"The Welsh Government has introduced a new childcare and early education scheme, the **Childcare and Early Education (Wales) Act 2023**, which aims to provide **30 hours of free childcare per week** for eligible families. The scheme is designed to support working parents by offering **10 hours of early education** and **20 hours of childcare** per week, with the **30-hour offer** being available to families with children aged 3 to 5 years. The **10-hour early education** is available to all children, while the **30-hour childcare** is targeted at families with one parent working, or where one parent is on incapacity benefit.

### Key Features of the Scheme:
1. **Eligibility**: 
   - Families with one parent working or on incapacity benefit.
   - Children aged 3 to 5 years.
   - The **10-hour early education** is available to all children, while the **30-hour childcare** is available to eligible families.

2. **Funding and Cost**:
   - The **£4.50 per hour** rate is set to ensure affordability.
   - The **30-hour offer** is more generous than the **10-hour early education**.
   - The **£4.50 per hour** is intended to cover the cost of the childcare, with the **£6,000 minimum wage cap** and **£100,000 cap** on total funding.

3. **Quality and Workforce**:
   - The scheme emphasizes **quality childcare**, with a focus on **registered inspected providers**.
   - There is a push to **increase qualifications and training** for childcare staff to ensure high-quality care.
   - The **Team Around the Family** model is being tested in pilot areas like Gwynedd, where **registered providers** are working with families to ensure a **holistic approach** to child development.

4. **Integration with Other Policies**:
   - The scheme is being **integrated with the UK’s tax-free childcare offer**, which is available to all parents in the UK.
   - The Welsh Government is working to ensure that parents are **aware of both the Welsh and UK childcare offers**, and that providers are informed of the **tax-free childcare** option.

5. **Disadvantaged Families**:
   - The scheme is designed to **support disadvantaged families**, with a focus on **early education** and **child development**."
adakv,11,sink4,3.508771929824561,0.11876484560570066,0.4775137111517368,False,"The Welsh Government has introduced a new childcare scheme aimed at supporting working parents and improving child development. The scheme, known as the ""Childcare Offer,"" provides 30 hours of free childcare per week for eligible families, with the goal of ensuring that all children have access to high-quality, registered childcare. The scheme is designed to support parents who are working, particularly those in disadvantaged families, and to promote child development through early education and care.

Key aspects of the scheme include:

1. **Eligibility**: The scheme is available to families where one parent is working, and the child is under the age of five. Eligibility is based on the child's birthdate, with the offer available from the term after the child's third birthday.

2. **Quality of Care**: The Welsh Government emphasizes the importance of high-quality childcare, with a focus on registered and inspected providers. The scheme aims to ensure that childcare providers are well-qualified and trained, with a focus on child development and education.

3. **Integration with Other Support**: The scheme is designed to work in conjunction with other support measures, such as the ""Flying Start"" program, which provides early education and support for young children. The Welsh Government is also working to integrate the childcare offer with the UK's tax-free childcare scheme, which is available across the UK.

4. **Affordability and Cost**: The scheme is funded through a combination of public and private funding, with the Welsh Government aiming to ensure that the cost is affordable for families. The scheme includes a £4.50 per hour rate for childcare, which is considered affordable for most families.

5. **Child Development**: The scheme is designed to support child development by providing access to high-quality childcare and early education. The Welsh Government is working to ensure that the scheme supports the development of children in a way that is consistent with broader educational and social goals.

6. **Parental Support**: The scheme is intended to support parents in balancing work and family life, with the goal of ensuring that parents have the flexibility to work while their children receive high-quality care. The Welsh Government is also working to ensure that parents are aware of the available support and how to access it.

The scheme is part of a broader effort to improve childcare and early education in Wales, with the goal of ensuring that all children have access to high-quality care and education that supports their development and well-being. The Welsh Government is also working to address the challenges of affordability, quality, and accessibility in the childcare sector."
adakv,12,baseline,8.470588235294118,0.031746031746031744,0.35552193645990926,False,"The committee heard from Julie Morgan (Minister for Children, Schools and Families) and Nicola Edwards (Director of Children's Services, Welsh Government) on the impact of the coronavirus pandemic on children's social care and education in Wales. Key points included:

1. **Children's Social Care**:  
   - Assessments for child protection and safeguarding continue, with a focus on vulnerable children, including young carers.  
   - The Welsh Government has not relaxed regulations for children's social care, but efforts are being made to ensure that assessments and support are maintained.  
   - The **Coronavirus Childcare Assistance Scheme** has been introduced to support critical workers and families with vulnerable children, offering free childcare for children aged 0–5.  

2. **Childcare Sector**:  
   - Many childcare providers are struggling due to reduced demand and financial strain.  
   - The **Childcare Offer** (a three-month funding guarantee) and the **UK Government's Job Retention Scheme** are being used to support providers, but there are challenges in accessing dual funding for staff.  
   - The **Economic Resilience Fund** and **Small Business Rate Relief** are also being explored to help childcare settings.  
   - A **bespoke support package** is being sought for providers falling between the cracks, with the Welsh Government working with the Treasury and the voluntary sector to address the issue.  

3. **Family Courts**:  
   - Family court hearings are largely virtual, with complex cases postponed.  
   - The **Children and Family Court Advisory and Support Service (CAFCASS)** is operating remotely, with no major issues reported.  
   - Guidance has been issued to ensure compliance with child arrangement orders, with flexibility for cases involving vulnerable children.  

4. **Technology and Support**:  
   - Ensuring access to technology for vulnerable children to maintain contact with social workers and key workers is a priority.  
   - The Welsh Government is working to ensure that all children, especially those in need of support, have the necessary tools to stay connected.  

5. **Conclusion**:  
   - The committee emphasized the importance of children's rights and the need for continued support for vulnerable children and families during the pandemic.  
   - The Welsh Government is working to address the challenges faced by the childcare sector and ensure that children's needs are met, even in the face of unprecedented circumstances.  

The session concluded with a commitment to continue supporting children and families, with a focus on safeguarding, education, and the long-term"
adakv,12,sink4,9.523809523809522,0.03144654088050314,0.37006427915518825,False,"The committee heard from Julie Morgan, the Minister for Children, Young People and Families, and Nicola Edwards, the Welsh Government’s Minister for Economy, about the impact of the coronavirus pandemic on children's services and the measures being taken to support them. Key points included:

1. **Children's Social Care**: The Welsh Government has maintained its commitment to children's social care, with assessments continuing for child protection and safeguarding concerns. Personal visits and support for vulnerable children are being prioritized, with efforts to ensure that children's needs are met despite the challenges posed by the pandemic.

2. **Childcare Sector**: The childcare sector has been significantly affected, with many providers struggling due to reduced demand and financial constraints. The government has introduced a coronavirus childcare assistance scheme to support critical workers and vulnerable children, but challenges remain in ensuring that all providers receive adequate support. There is a need for a bespoke grant package to support those falling between the cracks.

3. **Technology and Support**: Efforts are being made to ensure that vulnerable children and families have access to the necessary technology to maintain contact with social workers and other key workers. The government is also working to address the challenges of remote hearings and the execution of child arrangement orders in the family courts.

4. **Family Courts**: The family courts have adapted to the pandemic by moving many hearings online, with complex cases being postponed. Guidance has been issued to ensure compliance with child arrangement orders, and the Welsh Government has provided support for families in navigating these challenges.

5. **Future Plans**: The government is working to address the long-term impacts of the pandemic on children's services, including the recovery of the childcare sector and the continuation of support for vulnerable children and families.

The committee concluded that children's needs remain a priority, and the government is committed to ensuring that support continues to be provided in the face of ongoing challenges."
adakv,13,baseline,8.23529411764706,0.0,0.23122765196662698,False,"The meeting concluded with a positive and productive discussion about the banana-shaped remote control device, which was designed to be a creative and innovative solution for remote control applications. The team discussed the features of the product, including its ability to vibrate and its unique shape, which was inspired by a banana. They considered the product's design, functionality, and cost, and decided that it was within budget. The team also discussed the importance of collaboration and communication during the development process, and they acknowledged the challenges of working under time constraints. The meeting ended with a decision to proceed with the project and to complete the final questionnaire and meeting summary. The team expressed satisfaction with the outcome of the meeting and the progress made on the project."
adakv,13,sink4,13.861386138613863,0.01764705882352946,0.28401826484018267,False,"The meeting concluded with a positive evaluation of the project, highlighting the successful collaboration between the team members. The project was completed within budget, and the team felt that the process of working individually and then coming together for a meeting was effective. The team appreciated the use of the whiteboard and digital pens for brainstorming, which allowed for more dynamic and interactive discussions. The project manager acknowledged the value of the meeting in fostering creativity and ensuring that all team members had the opportunity to contribute their ideas. The team also discussed the potential for a patent on the remote control design, which was seen as a novel and innovative solution. The meeting ended with a sense of accomplishment and a commitment to continuing the project with the remaining time. The team expressed satisfaction with the outcome and the process, and the project manager thanked the team for their hard work and collaboration. The meeting was productive, and the team felt that they had achieved their goals within the given constraints."
adakv,14,baseline,11.428571428571429,0.05238095238095242,0.2747426761678543,False,"The team is discussing the design of a new remote control device with a focus on integrating a spinning wheel, a touchscreen, and voice recognition. The device is intended to be a sleek, minimalist, and functional product with a vegetable-themed aesthetic. The team is considering using rubber for the case and buttons, with a curved design that can be flipped open. They are also exploring the use of advanced integrated circuits (ICs) and a simple battery as a power source, rather than kinetic energy. The device will feature a touchscreen with a spinning wheel for interaction, and the color scheme will incorporate vegetable colors like yellow, green, and red. The team is also considering the use of a curved, rubber case with a flat back for a modern look. The design is meant to be both aesthetically pleasing and user-friendly, with a focus on simplicity and functionality. The project is being divided into tasks: the Industrial Designer will handle the look and feel, the User Interface Designer will work on the user interface, and the Marketing Expert will focus on product evaluation. The team is also considering the use of modeling clay to create a prototype. The discussion ends with a plan to finalize the design and move forward with the prototype."
adakv,14,sink4,10.045662100456621,0.05524861878453036,0.34372294372294376,False,"The team is discussing the design of a new product, a remote control device with a spinning wheel and a screen, incorporating features like voice recognition, a curved rubber case, and vegetable-themed colors. They are considering using rubber for the case and buttons, with a focus on usability, aesthetics, and cost. The team is also discussing the use of advanced integrated circuits (ICs) and the inclusion of a spinning wheel for interaction. They are finalizing the design elements, including the color scheme and the placement of the spinning wheel and screen. The project is on track, and the team is preparing for the next meeting. The discussion covers the product's features, materials, and design aspects, with a focus on making the device both functional and visually appealing. The team is also considering the use of vegetable-themed colors and the integration of voice recognition technology. The final design includes a rubber case, a curved surface, and a screen with a spinning wheel, all while keeping the product affordable and user-friendly. The team is ensuring that the product meets the company's branding and functional requirements."
adakv,15,baseline,11.078717201166178,0.08637873754152825,0.37161084529505584,False,"The meeting concluded with a discussion on the design and functionality of a universal remote control for television and DVD sets. Key points included:

1. **Material and Design**: The remote should be made of plastic with rubbery buttons. It should not be too heavy and should have a universal design that works with all brands of televisions and DVD players.

2. **Remote Control Technology**: The remote should use infrared beams to communicate with the television and DVD set. This technology is standard and should be compatible with all devices.

3. **User Interface and Buttons**: The remote should have a simple, intuitive design with buttons that are easy to press. The buttons should be placed in a way that is easy to use, and the remote should be designed to work with all types of televisions and DVD players.

4. **Aesthetic and Customization**: The remote should have a standard, neutral color (like black and silver) to appeal to a wide audience. However, the team also considered the possibility of offering customizable front covers (like pink for children's rooms) to make the remote more trendy and appealing to different users.

5. **Market and Marketing**: The remote should be marketed as a universal device that works with all brands. The team discussed the importance of making the remote accessible and user-friendly, with a focus on simplicity and functionality.

6. **Technical and Design Considerations**: The remote should be designed to fit the television and DVD set it is intended for. The team also discussed the need for a consistent design language across all products, ensuring that the remote is both functional and aesthetically pleasing.

7. **Future Considerations**: The team agreed to continue discussing the design and functionality of the remote in the next meeting, with a focus on the technical and user experience aspects of the product."
adakv,15,sink4,10.089020771513352,0.07958477508650519,0.32454251883745966,False,"The meeting discussed the design and functionality of a new remote control for a television and DVD player. Key points included:

1. **Material and Design**: The remote should be made of plastic, with rubbery buttons. It should not be too heavy and should have a secure fit to prevent the buttons from loosening over time.

2. **Remote Functionality**: The remote should use infrared signals to communicate with the television and DVD player. It needs to be a universal remote that works with various brands and models, including those made in China.

3. **User Interface and Buttons**: The remote should have a simple, intuitive interface with clearly labeled buttons. The design should be user-friendly, with a focus on ease of use and functionality.

4. **Aesthetic and Customization**: The remote should have customizable front panels (covers) that can be changed to match different themes or preferences. The standard front should be neutral (e.g., black or silver), but users should be able to choose more colorful or trendy options.

5. **Market Considerations**: The remote should be designed to appeal to a broad audience, including younger users who may prefer more colorful options. The design should be versatile enough to fit different television and DVD player models.

6. **Technical Specifications**: The remote should be compatible with a wide range of devices, including those manufactured in China. The design should be practical and durable, with a focus on user experience and reliability.

7. **Project Management**: The team agreed to continue discussing the design and functionality of the remote in the next meeting, focusing on specific details such as button placement, material choices, and user interface elements.

The meeting concluded with a plan to finalize the design and move forward with the development of the remote control."
adakv,16,baseline,10.37037037037037,0.14559386973180077,0.4323863636363636,False,"The discussion revolves around the design and functionality of a universal remote control that can perform multiple actions, such as changing channels, adjusting volume, and recording user actions. The team is considering the features and usability of the remote control, with a focus on user interface design, marketing, and project management.

Key points from the discussion include:

1. **Remote Control Functionality**: The remote control should be able to handle multiple actions, such as changing channels, adjusting volume, and recording user actions. The team is considering the number of buttons and the complexity of the interface.

2. **User Interface Design**: The team is discussing the need for a simple and intuitive interface. They are considering features like a ""back"" button, a history of previous actions, and the ability to record user actions for later use.

3. **Marketing and User Experience**: The team is discussing how the remote control can be marketed to users, emphasizing the need for a user-friendly design that meets the needs of different users, including left-handed and right-handed users.

4. **Project Management**: The team is planning to meet again in thirty minutes to discuss the implementation of the remote control, focusing on the technical aspects and user requirements.

5. **Technical Considerations**: The team is considering the technical feasibility of the remote control, including the number of buttons, the complexity of the interface, and the integration of features like history and recording.

In summary, the discussion is about designing a universal remote control that is user-friendly, efficient, and capable of handling multiple functions, with a focus on usability, marketing, and project management."
adakv,16,sink4,17.6,0.0,0.14984227129337535,False,"The discussion revolves around the design and functionality of a universal remote control with multiple buttons and features. The team is considering the number of buttons, the types of actions (e.g., changing channels, adjusting volume, recording sequences), and the user interface for a remote control. They also discuss the importance of user requirements, the need for a simple and intuitive design, and the possibility of integrating features like history tracking, undo functionality, and compatibility with different devices. The meeting concludes with a plan to meet again in thirty minutes to refine the ideas and specifications."
adakv,17,baseline,11.881188118811883,0.05660377358490565,0.2766393442622951,False,"The meeting is about discussing the setup and use of a wireless microphone system for a conference or event, with a focus on echo cancellation and transcription of overlapping speech. The group is considering using a wireless microphone that can be passed around to multiple people, with the goal of improving the quality of audio recordings. They are also discussing the possibility of having transcribers participate in a meeting to discuss the data they are collecting, which could lead to a meta-meeting to analyze the results. The meeting is scheduled for the next day, and there are plans to have a guest speaker, John Fiscus, who will present on topics related to acoustic engineering and transcription standards. The group is also discussing the use of a wireless microphone system, with some concerns about the need for a receiver and the potential for interference. The conversation ends with a discussion about the structure of the meeting and the need for a recording."
adakv,17,sink4,11.578947368421051,0.0,0.22522522522522526,False,"The meeting is discussing the setup and use of wireless microphones for a conference or event, with a focus on echo cancellation and the use of a hand-held microphone. The group is considering whether to use a lapel microphone or a hand-held one, with the latter being more convenient for passing around. They also discuss the need for a receiver and potential issues with interference. The conversation touches on the importance of having a dedicated channel for the microphone to avoid overlap in speech, and the idea of having transcribers discuss their findings in a separate meeting to share insights. There is also a mention of a planned meeting with John Fiscus, who will present on acoustic engineering and transcription standards. The discussion concludes with a decision to proceed with the digital microphone setup and a plan for a follow-up meeting to discuss the project further."
adakv,18,baseline,6.030150753768844,0.07999999999999996,0.3426008968609865,False,"The meeting concluded with a discussion about the usefulness of a digital whiteboard and its potential for sketching and collaboration. The team agreed that while the device is expensive, it offers benefits for drawing and sharing ideas. They discussed the need for a shared folder for saving work and the importance of ensuring the whiteboard functions correctly. The team also talked about the project's end report and the need to present it to the manager, who is also the accountant. They mentioned the importance of clear communication and the challenges of working with the whiteboard, including potential issues with the device's functionality. The meeting ended with a decision to proceed with the project and the need to finalize the presentation. The team also discussed the importance of a clear and effective title for their end document, with the idea of using a catchy slogan. The conversation highlighted the need for collaboration and the challenges of working with technology, as well as the importance of clear communication and project management in ensuring the successful completion of the project."
adakv,18,sink4,7.317073170731707,0.0,0.21804511278195493,False,"The meeting concluded with a discussion about the usefulness of a digital whiteboard and its potential for sketching and collaboration. The team agreed that while the device is expensive, it could be beneficial for drawing and sharing ideas. They discussed the need for a shared folder to store their work and the importance of ensuring the whiteboard functions correctly. The team also mentioned the need to prepare a final report and address the manager's concerns about the project's timeline and deliverables. They decided to proceed with the digital whiteboard as a tool for collaboration and idea sharing, despite its high cost. The meeting ended with a plan to finalize the project and prepare for the next steps, with the team expressing a sense of accomplishment and readiness to move forward."
adakv,19,baseline,5.698005698005698,0.09523809523809523,0.4342883128694861,False,"The Welsh Government has introduced a new childcare and early education scheme, the **Childcare and Early Education (Wales) Act 2023**, which aims to provide **30 hours of free childcare per week** for eligible families. The scheme is designed to support working parents by offering **10 hours of early education** and **20 hours of childcare** per week, with the **30-hour offer** being available to families with children aged 3 to 5 years. The **10-hour early education** is available to all children, while the **30-hour childcare** is targeted at families with one parent working, or where one parent is on incapacity benefit.

### Key Features of the Scheme:
1. **Eligibility**: 
   - Families with one parent working or on incapacity benefit.
   - Children aged 3 to 5 years.
   - The **10-hour early education** is available to all children, while the **30-hour childcare** is available to eligible families.

2. **Funding and Cost**:
   - The **£4.50 per hour** rate is set to ensure affordability.
   - The **30-hour offer** is more generous than the **10-hour early education**.
   - The **£4.50 per hour** is intended to cover the cost of the childcare, with the **£6,000 minimum wage cap** and **£100,000 cap** on total funding.

3. **Quality and Workforce**:
   - The scheme emphasizes **quality childcare**, with a focus on **registered inspected providers**.
   - There is a push to **increase qualifications and training** for childcare staff to ensure high-quality care.
   - The **Team Around the Family** model is being tested in pilot areas like Gwynedd, where **registered providers** are working with families to ensure a **holistic approach** to child development.

4. **Integration with Other Policies**:
   - The scheme is being **integrated with the UK’s tax-free childcare offer**, which is available to all parents in the UK.
   - The Welsh Government is working to ensure that parents are **aware of both the Welsh and UK childcare offers**, and that providers are informed of the **tax-free childcare** option.

5. **Disadvantaged Families**:
   - The scheme is designed to **support disadvantaged families**, with a focus on **early education** and **child development**."
adakv,19,sink4,5.542725173210162,0.11876484560570066,0.4775137111517368,False,"The Welsh Government has introduced a new childcare scheme aimed at supporting working parents and improving child development. The scheme, known as the ""Childcare Offer,"" provides 30 hours of free childcare per week for eligible families, with the goal of ensuring that all children have access to high-quality, registered childcare. The scheme is designed to support parents who are working, particularly those in disadvantaged families, and to promote child development through early education and care.

Key aspects of the scheme include:

1. **Eligibility**: The scheme is available to families where one parent is working, and the child is under the age of five. Eligibility is based on the child's birthdate, with the offer available from the term after the child's third birthday.

2. **Quality of Care**: The Welsh Government emphasizes the importance of high-quality childcare, with a focus on registered and inspected providers. The scheme aims to ensure that childcare providers are well-qualified and trained, with a focus on child development and education.

3. **Integration with Other Support**: The scheme is designed to work in conjunction with other support measures, such as the ""Flying Start"" program, which provides early education and support for young children. The Welsh Government is also working to integrate the childcare offer with the UK's tax-free childcare scheme, which is available across the UK.

4. **Affordability and Cost**: The scheme is funded through a combination of public and private funding, with the Welsh Government aiming to ensure that the cost is affordable for families. The scheme includes a £4.50 per hour rate for childcare, which is considered affordable for most families.

5. **Child Development**: The scheme is designed to support child development by providing access to high-quality childcare and early education. The Welsh Government is working to ensure that the scheme supports the development of children in a way that is consistent with broader educational and social goals.

6. **Parental Support**: The scheme is intended to support parents in balancing work and family life, with the goal of ensuring that parents have the flexibility to work while their children receive high-quality care. The Welsh Government is also working to ensure that parents are aware of the available support and how to access it.

The scheme is part of a broader effort to improve childcare and early education in Wales, with the goal of ensuring that all children have access to high-quality care and education that supports their development and well-being. The Welsh Government is also working to address the challenges of affordability, quality, and accessibility in the childcare sector."
adakv,20,baseline,11.940298507462686,0.010752688172043001,0.1934369602763385,False,"The team has completed the project on time and within budget, and the product design has been finalized. The team is now planning to celebrate with a dinner at an Italian restaurant. The project was successful, and the team is excited about the new features and innovations they've implemented, such as the hand dynamo, battery, and new materials. They discussed the importance of teamwork and creativity, and the project manager emphasized the need for a celebration to mark their achievement. The team is looking forward to the upcoming celebration and the future of their project."
adakv,20,sink4,11.235955056179774,0.04313725490196074,0.3877032520325203,False,"**Project Meeting Summary:**

**Project Name:** Hand Dynamo + Battery Power Pack  
**Team:** Industrial Designer, Project Manager, Marketing, User Interface, and Industrial Designer  

**Key Points Discussed:**

1. **Product Features:**  
   - The team discussed adding a **hand dynamo** and a **battery** to the product for power.  
   - A **battery** was initially considered, but the team decided to **remove one** to stay within budget.  
   - A **hand dynamo** was retained for its **fancy design** and **energy efficiency**.  

2. **Design and Functionality:**  
   - The **hand dynamo** was highlighted as a **unique feature** that adds **sustainability** and **innovation**.  
   - The team agreed to **remove one battery** to ensure the product remains **cost-effective** and **eco-friendly**.  

3. **Team Collaboration:**  
   - The team emphasized the importance of **creativity** and **teamwork**.  
   - The **Industrial Designer** suggested **speech recognition** and **location finding** as potential features.  
   - The **User Interface** team proposed **digital pens** and **whiteboards** for better collaboration.  

4. **Project Evaluation:**  
   - The **Project Manager** confirmed that the project is **on track** and **within budget**.  
   - The **Marketing** team praised the **team’s creativity** and **execution**.  
   - The **Industrial Designer** noted the **strong team dynamics** and **innovative ideas**.  

5. **Next Steps:**  
   - The team agreed to **finalize the design** and **move forward** with the **hand dynamo** and **battery** features.  
   - A **celebration** was planned to mark the project’s success, with a **budget check** confirmed to be **within limits**.  

**Conclusion:**  
The team successfully **adjusted the product design** to balance **functionality**, **sustainability**, and **budget**, while maintaining a **creative and collaborative** environment. The project is **on track** for a **successful launch**."
adakv,21,baseline,12.435233160621761,0.07792207792207795,0.279835390946502,False,"The government is committed to ensuring that long-term care homes in Canada provide high-quality, safe, and dignified care for seniors, and that the focus remains on the well-being of residents rather than on profit. The government has been working with provinces and territories to address the challenges posed by the pandemic and to ensure that all seniors can age with dignity and safety. While the for-profit model in long-term care has been a concern, the government is working to reform the system to prioritize the care of seniors over profit. The government is also working to ensure that all Canadians, including those in the tourism and fishing industries, are supported through emergency programs and that the economy is resilient in the face of the pandemic. The government is also working to address the shortage of personal protective equipment (PPE) and to ensure that Canadians have access to the necessary supplies to protect themselves and their communities."
adakv,21,sink4,0.0,0.0,0.0,False,The committee is adjourned.
adakv,22,baseline,3.448275862068966,0.03529411764705881,0.2661431064572426,False,"The conversation between Professor D and the students discusses the development and evaluation of a neural network model for speech recognition, focusing on improving performance through various techniques such as using multiple models (MLPs) and feature extraction. The discussion highlights the challenges of training and testing models, the importance of feature selection, and the need for continuous improvement through experimentation. The team is considering integrating new methods, such as multi-band networks and dependency arrows between sub-bands, to enhance the system's accuracy. They also discuss the limitations of current models and the need for further research and testing. The conversation touches on the importance of training data, the role of different training targets, and the potential for combining multiple features and models to achieve better results. The team is also discussing the use of a Linux machine for running experiments and the need for collaboration and testing to refine their approach. The conversation ends with a note about the battery life of the devices and the plan to continue working on the project."
adakv,22,sink4,4.545454545454546,0.03428571428571425,0.28125,False,"The discussion revolves around the development and evaluation of a neural network model for speech recognition, specifically focusing on improving the performance of a system using a combination of traditional methods and neural networks. The team is exploring ways to enhance the system by integrating neural networks with existing features and models, such as the Multi-Band (MB) system. They are considering the use of a multi-band neural network structure, where the arrows between sub-bands are bidirectional rather than unidirectional, to better model asynchronous interactions. The team is also discussing the importance of training data, training targets, and the need for further refinement of the system. They acknowledge the challenges of limited time and resources, and the potential for collaboration with other researchers to improve the system. The conversation touches on the use of a Linux machine for running experiments and the importance of testing and iterating on the model to achieve better results. The discussion concludes with a note on the need for continued improvement and the possibility of combining different approaches to enhance the system's performance."
adakv,23,baseline,5.940594059405941,0.07103825136612019,0.3694581280788177,False,"The meeting concluded with a discussion on the project's presentation and the challenges faced during the design and marketing process. The team reviewed the prototype, which was initially simple but required refinement. They discussed the importance of user feedback and the need for a more polished presentation. The project manager emphasized the need for a clear and professional approach to the final presentation, while the industrial designer and marketing team highlighted the importance of a functional and visually appealing design. The team acknowledged the need for a more structured and engaging presentation, with the marketing team suggesting the inclusion of a more professional background and the use of a consistent design language. The project manager noted the importance of aligning the presentation with the product's core features and the need for a clear message. The team agreed to finalize the presentation and move forward with the final report, incorporating the feedback received. The meeting ended with a decision to celebrate the successful completion of the project, with the team expressing a sense of accomplishment and the need to maintain a professional and engaging presentation style."
adakv,23,sink4,5.6939501779359425,0.050909090909090904,0.3621483375959079,False,"The meeting concluded with a discussion on the project's final presentation and the team's reflections on the design and marketing strategies. Key points included:

1. **Design and Marketing Feedback**:  
   - The team discussed the product's design, noting that it looked like a ""happy face"" and was a ""huge disaster"" if not refined.  
   - Marketing emphasized the need for a more polished, professional look, while the Industrial Designer highlighted the importance of simplicity and avoiding unnecessary complexity.  
   - The team agreed that the product's design should focus on functionality and clarity, avoiding overly flashy elements.  

2. **Project Evaluation**:  
   - The project was evaluated based on technical feasibility and user feedback, with the Industrial Designer questioning the value of the design phase.  
   - Marketing stressed the importance of aligning the product's design with its functional purpose, avoiding overcomplication.  

3. **Team Collaboration**:  
   - The team acknowledged the challenges of balancing creativity with practicality, especially in a fast-paced, internet-driven environment.  
   - The Industrial Designer and Marketing team debated the role of ""filler words"" and the need for concise, meaningful communication.  

4. **Final Steps**:  
   - The project evaluation was documented, with the Project Manager preparing a final report.  
   - The team agreed to end the meeting, with a light-hearted note about celebrating the completion of the project.  

5. **Reflections on Technology and Trends**:  
   - The team reflected on the evolution of technology, noting the internet's ubiquity and its impact on communication and design.  
   - The discussion highlighted the importance of staying grounded in practicality while embracing innovation.  

The meeting ended with a sense of accomplishment, though the team acknowledged the need for further refinement and a focus on clarity in future projects."
adakv,24,baseline,11.18421052631579,0.13962264150943393,0.5385826771653544,False,"The team discussed the design and features of a new device, focusing on the following key points:

1. **Device Features and Design**:
   - The device has a **standard color** (not special or colored).
   - It has **buttons** (not a joystick) for control.
   - The **L_C_D_** (a special display) is **not** included, and the **joystick** is **removed**.
   - The **button layout** is **standard**, with **no special color** or **special buttons**.
   - The **price** is **12.5 Euros**, which is **acceptable** for the features provided.

2. **User Interface and Experience**:
   - The **button layout** is **recognizable** and **simple**.
   - The **screen** is **standard**, and the **color** is **not special**.
   - The **device** is **simple to use**, with **no special features** or **advanced functions**.

3. **Project Evaluation**:
   - The **team** agreed that the **device is functional** and **acceptable** for the **price**.
   - The **design** is **simple**, **practical**, and **user-friendly**.
   - The **team** felt that the **project was well-managed**, with **good communication** and **team collaboration**.
   - The **device** is **not** a **high-end** or **advanced** product, but it is **sufficient** for the **intended use**.

4. **Conclusion**:
   - The **device** is **acceptable** as a **basic** or **standard** product.
   - The **team** agreed that the **price** is **reasonable** for the **features** provided.
   - The **design** is **simple**, **practical**, and **functional**, with **no unnecessary features**.

In summary, the team decided that the **device is acceptable** as a **basic** or **standard** product, with **no special features** or **advanced functions**. The **price** is **reasonable**, and the **design** is **simple** and **functional**. The **project** was **well-managed**, and the **team** felt that the **device is acceptable** for the **intended use**."
adakv,24,sink4,20.224719101123597,0.01980198019801982,0.23466257668711654,False,"The project team discussed the design and functionality of a new product, focusing on the user interface, industrial design, and marketing aspects. They considered various features such as the use of a joystick, buttons, and color schemes, and evaluated the cost and usability of the product. The team also discussed the importance of user experience, team collaboration, and the overall design process. They concluded that the product is ready for evaluation and that the price is acceptable. The discussion highlighted the need for a clear and intuitive design, as well as the importance of user feedback and team coordination in the development process."
adakv,25,baseline,3.64963503649635,0.0505050505050505,0.4145299145299145,False,"The team is discussing the design and features of a new remote control device, focusing on the following key points:

1. **Design and Materials**:  
   - The remote control will be made of **plastic**, with a **touch screen interface**.  
   - The **battery** will be a **lithium battery** that lasts **20 years**, with a **docking base** for charging.  
   - The **remote control** will have **basic functions** (e.g., channel, volume, on/off) on the **touch screen**, with **additional features** (e.g., voice recognition, paging) as optional or secondary.  

2. **User Interface (UI)**:  
   - The **touch screen** will have a **simple, aesthetic design** with **company colors** (e.g., black and red).  
   - The **boot-up screen** will display the **logo or motto**, and the **interface** will be **customizable** (e.g., ""skin"" options for the touch screen).  
   - The **remote control** will **automatically turn on** when touched, with a **sleep mode** to conserve battery life.  

3. **Marketing and Features**:  
   - The device will be marketed as a **""fashionable""** and **modern** remote control, with a **focus on design and usability**.  
   - The **voice recognition** feature will be optional, and the **paging function** will be a simple button for emitting a **beep**.  
   - The **battery** will be **rechargeable**, and the **docking base** will be included for convenience.  

4. **Project Management**:  
   - The **project manager** (PM) will oversee the **design and development** of the remote control, ensuring **cost-effectiveness** and **user-friendly features**.  
   - The **industrial designer** (ID) will focus on the **aesthetic and physical design**, while the **user interface (UI) designer** will handle the **touch screen and software**.  
   - The **marketing team** will handle the **branding and promotion**, emphasizing the **fashionable and tech-savvy** aspects of the product.  

5. **Key Decisions**:  
   - The **touch screen** will be the **primary interface**, with **basic functions** on the screen and **optional features** (e.g., voice recognition, paging) as"
adakv,25,sink4,4.081632653061225,0.0658307210031348,0.35455794777828675,False,"The team is discussing the design and features of a new remote control device, focusing on the following key points:

1. **Design and Materials**:  
   - The remote control will be made of **plastic**, with a focus on **recycled materials** to reduce environmental impact.  
   - The **touch screen** will be the primary interface, with **basic functions** (e.g., on/off, channel, volume) placed on the screen for easy access.  
   - The **battery** will be a **lithium battery** with a **20-year lifespan**, though this may not be feasible for the initial release. A **rechargeable battery** is considered for future iterations.  

2. **User Interface (UI)**:  
   - The **touch screen** will have a **simple, intuitive design** with a **logo or company branding** on the boot-up screen.  
   - The UI will be **customizable** (e.g., ""skins"") to allow users to personalize the interface.  
   - The remote will **automatically power on** when touched, with a **sleep mode** to conserve battery life.  

3. **Functionality**:  
   - The remote will include **voice recognition** for advanced features (e.g., paging, commands).  
   - A **simple button** will be included for basic functions like paging, even if voice recognition is not fully implemented.  
   - The remote will be **compatible with the device** (e.g., a PDA or smartphone) for seamless integration.  

4. **Market and Aesthetics**:  
   - The design will emphasize **fashion and modern aesthetics**, with a **black and red color scheme**.  
   - The remote will be **targeted at a younger demographic**, with a focus on **sleek, user-friendly design**.  

5. **Development and Testing**:  
   - The team will prioritize **user testing** to ensure the remote is **intuitive and functional**.  
   - The **touch screen** and **battery technology** will be tested for durability and performance.  

6. **Final Decisions**:  
   - The remote will be **plastic-based** with a **touch screen** and **basic functions** for simplicity.  
   - The **logo** will appear on the boot-up screen, and the **UI** will be **customizable** for future updates.  

The project is moving forward with a **plastic remote control** featuring"
adakv,26,baseline,13.259668508287294,0.010752688172043001,0.1934369602763385,False,"The team has completed the project on time and within budget, and the product design has been finalized. The team is now planning to celebrate with a dinner at an Italian restaurant. The project was successful, and the team is excited about the new features and innovations they've implemented, such as the hand dynamo, battery, and new materials. They discussed the importance of teamwork and creativity, and the project manager emphasized the need for a celebration to mark their achievement. The team is looking forward to the upcoming celebration and the future of their project."
adakv,26,sink4,12.101910828025478,0.04313725490196074,0.3877032520325203,False,"**Project Meeting Summary:**

**Project Name:** Hand Dynamo + Battery Power Pack  
**Team:** Industrial Designer, Project Manager, Marketing, User Interface, and Industrial Designer  

**Key Points Discussed:**

1. **Product Features:**  
   - The team discussed adding a **hand dynamo** and a **battery** to the product for power.  
   - A **battery** was initially considered, but the team decided to **remove one** to stay within budget.  
   - A **hand dynamo** was retained for its **fancy design** and **energy efficiency**.  

2. **Design and Functionality:**  
   - The **hand dynamo** was highlighted as a **unique feature** that adds **sustainability** and **innovation**.  
   - The team agreed to **remove one battery** to ensure the product remains **cost-effective** and **eco-friendly**.  

3. **Team Collaboration:**  
   - The team emphasized the importance of **creativity** and **teamwork**.  
   - The **Industrial Designer** suggested **speech recognition** and **location finding** as potential features.  
   - The **User Interface** team proposed **digital pens** and **whiteboards** for better collaboration.  

4. **Project Evaluation:**  
   - The **Project Manager** confirmed that the project is **on track** and **within budget**.  
   - The **Marketing** team praised the **team’s creativity** and **execution**.  
   - The **Industrial Designer** noted the **strong team dynamics** and **innovative ideas**.  

5. **Next Steps:**  
   - The team agreed to **finalize the design** and **move forward** with the **hand dynamo** and **battery** features.  
   - A **celebration** was planned to mark the project’s success, with a **budget check** confirmed to be **within limits**.  

**Conclusion:**  
The team successfully **adjusted the product design** to balance **functionality**, **sustainability**, and **budget**, while maintaining a **creative and collaborative** environment. The project is **on track** for a **successful launch**."
adakv,27,baseline,8.181818181818182,0.03535353535353536,0.26796875,False,"The discussion revolves around the development of a belief-net system for natural language processing, with a focus on integrating XML data and leveraging existing tools to enhance the system's capabilities. The team is exploring the use of XML for annotating discourse and discourse acts, drawing from projects like Michael's work in MATE. They consider using existing packages, such as SmartKom, to annotate data and build a framework for processing discourse annotations. The goal is to create a system that can handle tasks like navigation, where the system would guide users to specific locations, such as the Powder-Tower, by understanding context and intent. The team is also discussing the importance of using XML for data representation and the need to extract features from annotated data to improve the system's performance. They acknowledge the challenges of integrating different tools and the importance of collaboration to ensure the system can adapt to real-world scenarios, such as navigating to a specific address rather than just the geometric center of a building. The meeting concludes with a plan to review the system and discuss the next steps, including the use of XML for data formatting and the potential for future improvements in the system's capabilities."
adakv,27,sink4,7.291666666666667,0.02409638554216864,0.2281334535617674,False,"The discussion revolves around the development of a belief-net system for natural language processing, with a focus on integrating XML data and leveraging existing tools like SmartKom. The group discusses the importance of using annotated data, such as discourse annotations, to train models that can understand and generate human-like responses. They consider the possibility of using existing packages like MATE for annotation and the need for a standardized format (e.g., XML) to structure the data. The team plans to collaborate on selecting and testing a belief-net package, with the goal of creating a system that can handle tasks like navigation and provide more accurate, context-aware responses. They also touch on challenges like handling ambiguous data and the need for a shared understanding of the system's capabilities. The conversation highlights the importance of iterative development, using real-world examples like the Powder-Tower to illustrate the practical applications of their work. The team agrees to proceed with the project, with plans to test and refine the system in the coming weeks."
adakv,28,baseline,7.239819004524888,0.037634408602150504,0.24394463667820065,False,"The discussion revolves around the development of a new remote control for a television that incorporates voice recognition technology, with the goal of making it more user-friendly and intuitive. The team is considering integrating voice recognition to allow users to control the TV without needing a physical remote, which could simplify the user experience. However, there are concerns about the effectiveness of voice recognition from a distance and the need for a physical remote to ensure accuracy. The team is also discussing the design of the remote control, with the idea of having a beeper button to help locate it if it's lost. The remote control would be targeted at the 15-35 age group, emphasizing simplicity and ease of use with a few key buttons and an optional voice recognition feature. The team is also discussing the need for a questionnaire and summary document to be completed and shared, as well as the next steps for the project, including a lunch break and subsequent work sessions. The conversation highlights the importance of balancing technology with user experience and ensuring the product meets the needs of its target audience."
adakv,28,sink4,7.87878787878788,0.03870967741935483,0.3205912334352702,False,"The meeting concluded with a discussion on the features and design considerations for the new remote control and television interface. Key points included:

1. **Voice Recognition**: The team discussed the potential of integrating voice recognition into the remote control to allow users to interact with the television without physical buttons. This would enable users to say commands like ""Watch Channel 5"" instead of using the remote's buttons. However, there were concerns about the remote's placement and the need for a beeper button to help locate it if it's lost.

2. **Remote Control Design**: The remote control was considered to be kept close to the user for better voice recognition accuracy, especially when the user is near the television. The team also discussed the possibility of a beeper button that would alert the user to the remote's location if it's misplaced.

3. **User Interface and Design**: The team emphasized the importance of a simple and intuitive user interface, with only the essential buttons and a menu button. Voice recognition was proposed as an optional feature to enhance usability.

4. **Target Audience**: The product was aimed at the 15-35 age group, focusing on simplicity and ease of use. The design needed to be both functional and trendy to appeal to this demographic.

5. **Technical and Functional Requirements**: The team agreed that the product should have a balance of technical requirements and user-friendly features. They also discussed the need for a questionnaire and summary document to be completed and shared for further development.

6. **Next Steps**: The team planned to review the components concept and prepare for the next meeting after lunch. They also discussed the need to finalize the PowerPoint presentations and ensure they are included in the project documents.

The meeting ended with a plan to continue the discussion on the components concept and to prepare for the next steps in the project."
adakv,29,baseline,15.527950310559005,0.14559386973180077,0.4323863636363636,False,"The discussion revolves around the design and functionality of a universal remote control that can perform multiple actions, such as changing channels, adjusting volume, and recording user actions. The team is considering the features and usability of the remote control, with a focus on user interface design, marketing, and project management.

Key points from the discussion include:

1. **Remote Control Functionality**: The remote control should be able to handle multiple actions, such as changing channels, adjusting volume, and recording user actions. The team is considering the number of buttons and the complexity of the interface.

2. **User Interface Design**: The team is discussing the need for a simple and intuitive interface. They are considering features like a ""back"" button, a history of previous actions, and the ability to record user actions for later use.

3. **Marketing and User Experience**: The team is discussing how the remote control can be marketed to users, emphasizing the need for a user-friendly design that meets the needs of different users, including left-handed and right-handed users.

4. **Project Management**: The team is planning to meet again in thirty minutes to discuss the implementation of the remote control, focusing on the technical aspects and user requirements.

5. **Technical Considerations**: The team is considering the technical feasibility of the remote control, including the number of buttons, the complexity of the interface, and the integration of features like history and recording.

In summary, the discussion is about designing a universal remote control that is user-friendly, efficient, and capable of handling multiple functions, with a focus on usability, marketing, and project management."
adakv,29,sink4,19.2090395480226,0.0,0.14984227129337535,False,"The discussion revolves around the design and functionality of a universal remote control with multiple buttons and features. The team is considering the number of buttons, the types of actions (e.g., changing channels, adjusting volume, recording sequences), and the user interface for a remote control. They also discuss the importance of user requirements, the need for a simple and intuitive design, and the possibility of integrating features like history tracking, undo functionality, and compatibility with different devices. The meeting concludes with a plan to meet again in thirty minutes to refine the ideas and specifications."
